id_cliente,mes,reclamos,consultas,nps_promedio
CLI00002,2023-06-01,0,0,65.3
CLI00002,2024-04-01,0,0,19.1
CLI00002,2024-11-01,0,1,45.8
CLI00002,2025-02-01,0,2,-15.3
CLI00003,2024-10-01,0,1,36.9
CLI00004,2025-01-01,1,0,-79.6
CLI00004,2025-02-01,2,0,-40.9
CLI00004,2025-10-01,0,1,39.7
CLI00005,2025-03-01,2,1,-8.3
CLI00005,2025-04-01,0,1,13.3
CLI00005,2025-05-01,0,1,25.6
CLI00005,2025-08-01,1,0,35.7
CLI00006,2023-07-01,0,0,31.1
CLI00006,2024-05-01,2,0,43.9
CLI00006,2024-07-01,4,0,-47.5
CLI00006,2024-11-01,0,0,70.6
CLI00006,2025-11-01,1,0,29.3
CLI00007,2025-04-01,1,2,54.1
CLI00008,2024-05-01,3,0,-11.8
CLI00008,2024-07-01,1,1,-11.4
CLI00008,2024-08-01,3,0,-10.4
CLI00009,2024-09-01,1,0,19.6
CLI00010,2023-10-01,0,1,57.3
CLI00010,2025-08-01,1,0,68.1
CLI00011,2023-03-01,0,3,32.9
CLI00011,2024-11-01,0,0,32.5
CLI00011,2025-03-01,1,0,0.2
CLI00011,2025-05-01,4,1,25.6
CLI00011,2025-08-01,0,1,31.1
CLI00012,2025-06-01,3,1,-16.9
CLI00012,2025-08-01,0,1,-27.6
CLI00014,2023-12-01,0,1,38.2
CLI00015,2024-12-01,3,1,-20.9
CLI00015,2025-03-01,3,1,2.5
CLI00015,2025-08-01,0,2,41.5
CLI00016,2024-07-01,5,1,-27.3
CLI00016,2024-10-01,4,1,-9.2
CLI00017,2025-06-01,0,1,39.5
CLI00017,2025-11-01,1,1,65.6
CLI00018,2025-10-01,0,0,74.8
CLI00019,2023-10-01,0,0,5.3
CLI00019,2025-01-01,3,1,-13.3
CLI00019,2025-02-01,2,0,47.4
CLI00019,2025-03-01,3,1,-62.0
CLI00020,2025-03-01,0,0,91.6
CLI00020,2025-08-01,0,0,-24.7
CLI00023,2025-05-01,4,1,29.8
CLI00023,2025-06-01,1,0,-11.3
CLI00024,2025-04-01,0,1,6.7
CLI00026,2023-11-01,0,1,74.7
CLI00027,2024-05-01,2,0,-8.6
CLI00027,2024-07-01,3,0,22.3
CLI00028,2024-12-01,1,1,-29.2
CLI00028,2025-03-01,0,1,5.7
CLI00028,2025-12-01,1,1,50.9
CLI00029,2025-05-01,1,0,-38.2
CLI00031,2024-11-01,0,2,36.8
CLI00032,2025-01-01,1,1,-3.4
CLI00033,2023-09-01,0,0,50.8
CLI00033,2024-02-01,1,1,17.9
CLI00033,2024-06-01,0,1,50.9
CLI00033,2025-05-01,0,1,-5.2
CLI00034,2024-01-01,0,0,56.3
CLI00034,2024-07-01,2,4,58.8
CLI00034,2025-01-01,1,2,-11.7
CLI00035,2025-10-01,0,0,34.2
CLI00036,2023-06-01,0,0,64.2
CLI00036,2023-08-01,0,0,49.3
CLI00036,2024-01-01,0,0,24.8
CLI00036,2024-05-01,0,1,52.6
CLI00036,2024-09-01,0,0,51.3
CLI00036,2024-12-01,0,1,13.4
CLI00036,2025-03-01,0,1,-10.8
CLI00036,2025-04-01,2,1,-12.1
CLI00037,2024-03-01,1,1,-39.8
CLI00037,2024-04-01,1,1,-51.4
CLI00037,2024-10-01,0,0,100.0
CLI00038,2022-09-01,1,0,9.8
CLI00038,2022-12-01,0,0,44.1
CLI00038,2023-05-01,0,3,33.3
CLI00038,2024-09-01,4,0,1.7
CLI00038,2024-10-01,1,1,-8.1
CLI00038,2024-11-01,2,1,-8.0
CLI00039,2023-09-01,2,2,-6.2
CLI00039,2023-10-01,1,2,-0.0
CLI00039,2025-10-01,0,0,50.9
CLI00041,2024-09-01,0,0,99.6
CLI00041,2024-12-01,2,0,-11.2
CLI00041,2025-09-01,0,0,43.6
CLI00042,2024-02-01,0,1,-6.2
CLI00043,2022-12-01,0,1,34.1
CLI00043,2024-08-01,1,2,20.0
CLI00043,2024-10-01,0,0,-24.7
CLI00043,2025-01-01,0,0,82.0
CLI00043,2025-04-01,0,1,27.7
CLI00044,2025-06-01,1,0,-13.4
CLI00044,2025-07-01,2,2,-18.2
CLI00045,2023-07-01,0,1,33.8
CLI00045,2024-09-01,4,2,-18.4
CLI00045,2024-11-01,0,0,53.2
CLI00046,2024-02-01,0,2,34.9
CLI00046,2025-04-01,0,1,-9.5
CLI00046,2025-06-01,5,1,44.5
CLI00046,2025-10-01,0,0,66.2
CLI00047,2025-02-01,2,1,27.0
CLI00047,2025-03-01,1,0,26.5
CLI00047,2025-09-01,0,2,30.3
CLI00048,2023-01-01,1,0,43.2
CLI00048,2024-09-01,0,1,5.0
CLI00051,2022-10-01,0,2,42.8
CLI00051,2024-02-01,0,0,56.2
CLI00051,2024-11-01,0,1,33.4
CLI00051,2025-05-01,1,1,-30.7
CLI00051,2025-09-01,0,2,43.4
CLI00052,2024-03-01,0,0,41.5
CLI00053,2023-05-01,1,0,35.2
CLI00053,2025-04-01,1,1,-40.3
CLI00054,2025-07-01,2,0,-27.1
CLI00054,2025-08-01,1,1,-26.1
CLI00054,2025-09-01,1,1,-1.0
CLI00055,2025-05-01,2,0,32.9
CLI00055,2025-07-01,0,1,48.2
CLI00056,2025-06-01,1,1,54.9
CLI00057,2023-02-01,0,3,69.5
CLI00057,2024-12-01,0,1,-48.2
CLI00059,2024-01-01,0,1,30.4
CLI00060,2023-04-01,2,2,-4.3
CLI00060,2024-10-01,0,0,45.3
CLI00060,2025-07-01,2,2,-13.6
CLI00061,2025-03-01,0,2,37.7
CLI00062,2023-08-01,0,0,71.2
CLI00062,2025-06-01,2,2,-48.8
CLI00064,2024-02-01,0,1,49.6
CLI00064,2025-01-01,0,0,-43.7
CLI00064,2025-09-01,0,0,54.3
CLI00065,2023-07-01,2,1,-33.3
CLI00065,2023-08-01,1,0,-11.5
CLI00065,2025-03-01,1,0,59.1
CLI00065,2025-04-01,0,1,36.1
CLI00066,2023-05-01,0,0,31.3
CLI00066,2024-08-01,1,0,60.4
CLI00066,2024-10-01,0,0,66.7
CLI00066,2025-03-01,1,0,-2.2
CLI00066,2025-04-01,3,1,24.5
CLI00066,2025-06-01,2,0,39.3
CLI00067,2023-01-01,0,0,69.0
CLI00067,2024-07-01,1,0,34.0
CLI00067,2024-08-01,1,1,100.0
CLI00067,2025-04-01,0,2,-30.1
CLI00069,2023-06-01,0,0,21.8
CLI00069,2023-07-01,0,1,52.6
CLI00069,2024-01-01,0,4,53.1
CLI00069,2024-04-01,0,2,32.2
CLI00070,2023-07-01,1,0,36.0
CLI00070,2024-02-01,3,2,46.3
CLI00070,2025-10-01,0,0,62.6
CLI00073,2023-05-01,2,1,56.2
CLI00073,2023-10-01,0,0,22.0
CLI00074,2023-03-01,1,0,47.8
CLI00074,2024-12-01,0,1,51.0
CLI00074,2025-02-01,3,1,-21.3
CLI00075,2022-05-01,0,0,64.7
CLI00075,2022-09-01,0,0,48.3
CLI00075,2025-07-01,2,1,11.6
CLI00075,2025-08-01,2,1,-9.6
CLI00077,2023-08-01,0,1,-18.3
CLI00077,2023-12-01,0,0,64.2
CLI00077,2024-01-01,0,1,62.4
CLI00077,2025-04-01,0,0,33.1
CLI00078,2023-08-01,1,1,32.6
CLI00078,2025-03-01,3,1,-66.6
CLI00078,2025-11-01,1,0,83.7
CLI00079,2024-03-01,2,0,37.0
CLI00080,2025-01-01,0,0,-13.4
CLI00081,2025-03-01,1,1,-24.7
CLI00081,2025-04-01,0,0,-32.7
CLI00081,2025-05-01,2,1,-52.4
CLI00082,2023-04-01,0,0,5.1
CLI00082,2024-07-01,0,0,45.3
CLI00083,2025-01-01,1,1,41.0
CLI00083,2025-08-01,0,1,24.9
CLI00085,2024-06-01,0,2,40.9
CLI00085,2024-08-01,0,0,42.5
CLI00085,2024-09-01,0,0,54.4
CLI00085,2025-03-01,1,0,29.3
CLI00085,2025-10-01,0,0,80.4
CLI00086,2025-06-01,3,0,-29.3
CLI00086,2025-07-01,2,0,-31.2
CLI00086,2025-08-01,1,2,-12.6
CLI00087,2022-07-01,0,1,52.6
CLI00087,2023-07-01,0,1,27.9
CLI00087,2023-12-01,0,1,11.4
CLI00087,2025-03-01,0,1,75.1
CLI00087,2025-04-01,0,1,54.6
CLI00088,2024-12-01,0,1,36.4
CLI00088,2025-04-01,1,4,38.7
CLI00089,2023-04-01,0,0,61.0
CLI00089,2025-01-01,4,1,-24.3
CLI00089,2025-03-01,0,1,-42.5
CLI00089,2025-04-01,1,1,-17.2
CLI00090,2025-03-01,3,0,22.9
CLI00091,2022-08-01,0,0,60.3
CLI00091,2023-05-01,0,2,90.9
CLI00091,2023-11-01,0,2,73.0
CLI00091,2024-03-01,2,1,16.3
CLI00091,2024-06-01,1,0,33.8
CLI00091,2025-01-01,2,0,-56.6
CLI00092,2023-06-01,0,1,43.8
CLI00093,2023-08-01,2,0,15.4
CLI00093,2023-09-01,2,0,-74.7
CLI00093,2023-10-01,2,1,32.0
CLI00093,2024-03-01,0,1,38.3
CLI00093,2024-08-01,0,1,44.7
CLI00094,2025-09-01,2,0,-14.1
CLI00095,2024-06-01,0,1,-1.0
CLI00095,2024-09-01,1,2,-90.8
CLI00096,2022-07-01,0,1,-31.8
CLI00096,2022-12-01,0,2,52.8
CLI00096,2024-10-01,2,2,25.4
CLI00097,2023-12-01,3,0,-8.0
CLI00097,2024-06-01,0,1,22.6
CLI00098,2023-03-01,0,0,29.5
CLI00098,2024-07-01,0,1,65.0
CLI00098,2025-02-01,0,2,30.2
CLI00098,2025-10-01,0,0,64.8
CLI00099,2024-04-01,0,0,43.7
CLI00099,2025-05-01,0,2,-18.1
CLI00099,2025-06-01,2,2,-41.5
CLI00102,2025-02-01,1,0,46.4
CLI00102,2025-04-01,1,2,12.7
CLI00103,2024-04-01,0,0,60.8
CLI00103,2025-05-01,1,0,-36.1
CLI00103,2025-10-01,1,0,15.0
CLI00104,2024-01-01,0,1,84.8
CLI00104,2025-10-01,0,1,53.9
CLI00106,2025-04-01,2,0,-92.2
CLI00106,2025-12-01,0,1,55.5
CLI00107,2024-01-01,0,0,55.6
CLI00107,2024-03-01,0,0,-52.3
CLI00107,2024-06-01,0,0,-25.3
CLI00107,2025-10-01,0,1,25.7
CLI00108,2024-02-01,0,0,26.7
CLI00108,2024-03-01,0,0,35.3
CLI00108,2024-05-01,0,0,20.6
CLI00108,2024-06-01,0,1,67.3
CLI00108,2025-04-01,0,0,-39.5
CLI00108,2025-05-01,0,0,11.3
CLI00108,2025-06-01,0,1,50.9
CLI00108,2025-11-01,0,0,100.0
CLI00109,2023-02-01,0,1,-14.1
CLI00109,2023-03-01,0,0,35.5
CLI00110,2024-06-01,0,2,26.0
CLI00111,2024-04-01,0,1,18.1
CLI00111,2024-12-01,2,0,-7.9
CLI00111,2025-02-01,0,0,33.0
CLI00112,2023-12-01,1,0,68.1
CLI00112,2024-04-01,6,1,-28.8
CLI00112,2024-06-01,0,3,13.7
CLI00112,2024-11-01,0,1,42.6
CLI00113,2024-04-01,0,0,48.1
CLI00113,2024-05-01,2,0,-39.8
CLI00113,2024-07-01,2,1,4.4
CLI00113,2025-02-01,1,3,82.8
CLI00114,2023-10-01,0,1,58.2
CLI00114,2024-02-01,0,1,13.9
CLI00114,2024-04-01,2,1,-12.4
CLI00114,2025-02-01,0,0,-3.4
CLI00115,2023-11-01,0,0,46.9
CLI00115,2024-08-01,2,0,-47.6
CLI00115,2024-09-01,0,0,38.1
CLI00115,2024-11-01,2,1,25.3
CLI00115,2025-09-01,1,1,31.6
CLI00116,2024-02-01,2,0,-42.6
CLI00116,2024-09-01,0,1,43.7
CLI00117,2023-05-01,0,2,65.2
CLI00117,2024-05-01,0,0,31.7
CLI00117,2025-04-01,3,0,11.7
CLI00117,2025-05-01,1,0,-32.3
CLI00117,2025-08-01,0,0,55.6
CLI00118,2025-03-01,0,0,27.0
CLI00119,2024-04-01,0,0,40.7
CLI00120,2025-06-01,0,3,-13.2
CLI00121,2024-09-01,0,2,10.8
CLI00122,2024-12-01,3,0,-2.5
CLI00122,2025-02-01,3,1,-3.2
CLI00122,2025-12-01,0,0,70.9
CLI00123,2023-05-01,0,1,73.7
CLI00123,2023-12-01,0,0,-63.5
CLI00123,2024-02-01,1,0,5.6
CLI00123,2024-06-01,0,0,53.1
CLI00123,2024-12-01,0,0,100.0
CLI00123,2025-04-01,0,1,42.4
CLI00124,2023-12-01,0,0,22.2
CLI00124,2024-05-01,1,0,100.0
CLI00124,2025-01-01,1,0,-26.9
CLI00124,2025-08-01,0,1,53.5
CLI00124,2025-11-01,0,0,57.7
CLI00125,2022-11-01,0,2,44.1
CLI00125,2023-09-01,0,1,61.2
CLI00125,2025-07-01,0,0,72.8
CLI00126,2024-02-01,3,0,55.8
CLI00126,2024-04-01,1,0,40.9
CLI00126,2025-01-01,0,0,5.8
CLI00127,2023-04-01,0,1,44.5
CLI00127,2023-09-01,0,0,7.9
CLI00127,2024-09-01,2,1,-53.5
CLI00128,2023-02-01,0,0,31.2
CLI00128,2023-07-01,0,0,59.2
CLI00128,2024-02-01,0,1,-3.3
CLI00128,2024-03-01,3,0,8.2
CLI00128,2024-12-01,0,2,7.2
CLI00129,2025-04-01,0,1,24.8
CLI00130,2022-12-01,0,1,15.1
CLI00130,2023-10-01,1,1,57.5
CLI00131,2023-01-01,1,0,69.8
CLI00131,2024-11-01,0,0,70.0
CLI00131,2025-01-01,0,1,57.3
CLI00133,2024-05-01,4,3,6.6
CLI00134,2024-03-01,1,1,17.1
CLI00135,2024-04-01,0,0,83.8
CLI00135,2024-06-01,1,0,-18.0
CLI00135,2025-08-01,0,0,73.3
CLI00136,2025-05-01,1,2,-47.5
CLI00136,2025-08-01,2,2,-58.5
CLI00137,2023-12-01,1,0,93.7
CLI00137,2024-09-01,1,2,81.0
CLI00137,2024-10-01,0,0,4.5
CLI00137,2025-05-01,1,1,53.9
CLI00138,2024-04-01,0,0,91.2
CLI00138,2024-05-01,0,0,36.3
CLI00138,2025-04-01,2,1,11.8
CLI00138,2025-06-01,2,0,2.6
CLI00139,2024-09-01,2,0,82.2
CLI00139,2025-06-01,0,0,50.1
CLI00139,2025-12-01,0,0,45.8
CLI00140,2024-12-01,1,1,14.0
CLI00140,2025-04-01,0,0,51.6
CLI00141,2023-12-01,1,0,43.8
CLI00141,2024-03-01,1,2,31.0
CLI00141,2025-06-01,2,1,-26.8
CLI00141,2025-07-01,2,1,-14.1
CLI00142,2024-07-01,2,3,-9.8
CLI00142,2025-03-01,0,1,56.5
CLI00142,2025-09-01,0,1,82.2
CLI00142,2025-12-01,0,0,4.9
CLI00143,2023-04-01,0,2,52.1
CLI00143,2023-09-01,0,2,41.4
CLI00143,2025-03-01,2,3,62.3
CLI00144,2025-01-01,0,1,71.8
CLI00145,2025-04-01,1,0,43.2
CLI00146,2024-06-01,0,1,88.4
CLI00146,2024-11-01,0,1,74.8
CLI00147,2024-02-01,0,1,42.5
CLI00149,2025-07-01,1,4,0.5
CLI00149,2025-12-01,0,0,48.4
CLI00150,2023-12-01,0,0,79.6
CLI00150,2024-01-01,0,0,63.6
CLI00150,2024-03-01,0,1,-31.6
CLI00150,2024-12-01,1,0,4.3
CLI00150,2025-02-01,4,0,9.5
CLI00151,2023-09-01,0,0,44.1
CLI00151,2024-04-01,1,2,-42.0
CLI00152,2025-01-01,0,0,20.5
CLI00152,2025-04-01,0,1,47.9
CLI00153,2022-11-01,2,2,31.5
CLI00154,2023-02-01,0,0,72.1
CLI00154,2023-05-01,0,2,39.8
CLI00154,2025-03-01,1,0,38.4
CLI00154,2025-04-01,0,1,34.9
CLI00155,2024-03-01,0,0,89.0
CLI00155,2025-03-01,5,2,-8.5
CLI00155,2025-07-01,0,2,41.6
CLI00155,2025-10-01,0,0,65.9
CLI00156,2024-03-01,0,1,40.7
CLI00156,2025-02-01,1,1,-54.8
CLI00157,2024-04-01,0,0,34.0
CLI00158,2024-11-01,0,1,56.1
CLI00158,2025-02-01,1,2,8.1
CLI00158,2025-03-01,0,0,-27.2
CLI00159,2025-07-01,0,2,-19.0
CLI00159,2025-08-01,1,0,-54.4
CLI00160,2023-03-01,1,1,36.5
CLI00160,2025-03-01,0,0,27.0
CLI00160,2025-10-01,0,1,29.9
CLI00161,2023-08-01,2,0,58.6
CLI00161,2025-04-01,0,0,-0.4
CLI00161,2025-07-01,3,1,-10.5
CLI00162,2024-07-01,0,0,19.4
CLI00162,2025-06-01,0,1,-8.1
CLI00163,2022-12-01,1,0,78.7
CLI00163,2024-01-01,0,3,50.1
CLI00163,2024-03-01,2,0,11.4
CLI00164,2024-08-01,1,2,73.3
CLI00164,2024-09-01,0,1,6.2
CLI00164,2024-10-01,1,1,43.7
CLI00164,2025-06-01,1,2,-29.0
CLI00165,2024-12-01,3,1,-28.3
CLI00166,2023-12-01,0,2,7.5
CLI00166,2025-01-01,3,0,10.5
CLI00167,2023-06-01,0,1,56.3
CLI00167,2023-10-01,0,0,72.1
CLI00167,2025-01-01,4,0,15.5
CLI00167,2025-03-01,2,0,-10.5
CLI00168,2023-03-01,0,1,45.1
CLI00168,2024-10-01,2,0,-66.5
CLI00169,2023-05-01,0,0,100.0
CLI00169,2023-07-01,0,1,37.8
CLI00169,2023-08-01,0,0,26.3
CLI00169,2024-02-01,0,0,12.3
CLI00169,2024-03-01,1,0,-24.8
CLI00171,2023-11-01,0,0,59.2
CLI00171,2025-01-01,2,2,-6.0
CLI00171,2025-02-01,3,0,-53.3
CLI00171,2025-12-01,0,0,51.7
CLI00172,2023-06-01,1,3,36.6
CLI00172,2025-04-01,0,2,11.4
CLI00172,2025-11-01,0,1,18.4
CLI00173,2024-02-01,1,3,27.7
CLI00173,2024-05-01,1,0,68.0
CLI00174,2024-08-01,3,1,8.6
CLI00174,2024-09-01,2,1,-49.7
CLI00174,2024-10-01,2,1,-25.6
CLI00174,2025-06-01,0,1,33.1
CLI00175,2024-08-01,2,2,-26.2
CLI00175,2025-03-01,0,0,60.0
CLI00177,2025-03-01,0,1,52.9
CLI00177,2025-08-01,4,1,-4.2
CLI00178,2025-02-01,2,0,-13.9
CLI00178,2025-05-01,3,0,0.9
CLI00179,2025-05-01,2,1,64.4
CLI00180,2023-01-01,2,0,21.0
CLI00180,2023-04-01,0,0,39.7
CLI00180,2023-06-01,0,1,14.8
CLI00180,2024-04-01,0,0,33.3
CLI00180,2024-09-01,0,0,25.1
CLI00181,2025-10-01,0,3,53.7
CLI00182,2025-02-01,2,2,-15.9
CLI00183,2025-08-01,2,1,17.2
CLI00184,2022-09-01,0,2,40.9
CLI00184,2023-07-01,0,1,21.4
CLI00184,2023-12-01,0,3,-32.2
CLI00184,2025-01-01,0,0,60.4
CLI00184,2025-05-01,0,1,39.6
CLI00185,2024-03-01,0,1,72.8
CLI00186,2023-09-01,0,2,100.0
CLI00186,2024-02-01,0,1,44.2
CLI00186,2025-06-01,2,1,16.2
CLI00187,2024-02-01,0,1,68.0
CLI00187,2024-05-01,1,0,81.4
CLI00187,2024-09-01,1,0,36.0
CLI00188,2024-03-01,0,1,74.8
CLI00188,2024-06-01,0,0,75.0
CLI00188,2024-10-01,2,0,19.3
CLI00188,2025-01-01,2,2,-49.8
CLI00189,2024-09-01,1,0,42.1
CLI00189,2024-10-01,1,0,96.4
CLI00189,2025-07-01,0,0,-53.4
CLI00189,2025-12-01,0,0,35.7
CLI00190,2023-02-01,1,1,47.4
CLI00190,2024-01-01,1,2,-27.3
CLI00190,2024-02-01,2,3,34.6
CLI00191,2025-03-01,8,4,-19.9
CLI00192,2024-11-01,1,2,10.5
CLI00192,2024-12-01,1,1,-88.2
CLI00192,2025-02-01,2,0,-48.9
CLI00192,2025-06-01,0,0,36.8
CLI00192,2025-09-01,1,1,50.8
CLI00193,2024-11-01,0,0,30.4
CLI00193,2025-05-01,0,3,-0.4
CLI00193,2025-08-01,0,0,-14.4
CLI00194,2023-09-01,0,0,44.9
CLI00194,2024-12-01,1,1,69.0
CLI00194,2025-05-01,1,1,3.2
CLI00194,2025-06-01,1,2,-50.9
CLI00194,2025-11-01,0,1,74.0
CLI00195,2023-03-01,0,2,73.3
CLI00195,2024-05-01,0,0,55.5
CLI00195,2025-01-01,0,0,15.9
CLI00196,2022-10-01,1,1,31.9
CLI00196,2024-01-01,0,0,81.6
CLI00196,2024-04-01,0,0,11.3
CLI00197,2025-10-01,0,0,45.0
CLI00198,2023-03-01,0,0,4.0
CLI00198,2025-02-01,1,0,-12.5
CLI00198,2025-07-01,0,0,53.1
CLI00199,2024-10-01,1,0,4.0
CLI00199,2025-04-01,4,1,36.6
CLI00199,2025-06-01,4,0,-27.2
CLI00200,2024-01-01,0,0,80.7
CLI00200,2024-11-01,2,2,-32.1
CLI00200,2025-12-01,1,0,67.6
CLI00201,2025-06-01,0,1,-21.8
CLI00201,2025-08-01,2,1,22.3
CLI00202,2024-09-01,0,2,-12.1
CLI00202,2025-06-01,1,1,33.5
CLI00202,2025-09-01,0,0,19.8
CLI00203,2023-11-01,3,1,39.8
CLI00203,2023-12-01,1,2,-14.2
CLI00203,2024-04-01,0,1,70.2
CLI00204,2023-03-01,0,1,-100.0
CLI00204,2023-05-01,3,0,-52.7
CLI00204,2025-10-01,0,0,77.4
CLI00205,2023-01-01,0,0,27.0
CLI00206,2024-01-01,1,2,1.6
CLI00206,2024-05-01,0,0,12.4
CLI00207,2024-06-01,0,1,28.5
CLI00208,2025-05-01,0,1,38.7
CLI00208,2025-08-01,5,0,-41.1
CLI00209,2023-04-01,0,1,56.6
CLI00209,2024-10-01,1,0,50.4
CLI00210,2022-11-01,1,0,48.2
CLI00210,2023-12-01,1,0,13.3
CLI00210,2024-12-01,0,0,2.9
CLI00210,2025-02-01,0,1,-5.5
CLI00211,2022-06-01,0,1,47.5
CLI00211,2023-07-01,0,0,-5.5
CLI00211,2023-11-01,0,0,25.9
CLI00212,2024-02-01,0,0,-4.2
CLI00212,2024-03-01,0,0,61.8
CLI00212,2024-04-01,3,2,7.2
CLI00212,2024-12-01,0,0,42.9
CLI00212,2025-06-01,1,0,47.7
CLI00212,2025-12-01,0,0,64.5
CLI00213,2024-06-01,0,1,49.7
CLI00213,2025-05-01,1,1,-26.8
CLI00213,2025-06-01,2,0,-48.6
CLI00214,2023-04-01,1,0,48.3
CLI00214,2025-06-01,1,1,8.6
CLI00214,2025-07-01,2,2,-25.9
CLI00215,2023-04-01,1,1,46.3
CLI00215,2024-06-01,0,0,100.0
CLI00215,2025-08-01,1,2,24.9
CLI00216,2024-07-01,0,0,51.0
CLI00216,2025-01-01,0,1,-5.2
CLI00216,2025-03-01,1,0,12.1
CLI00217,2025-03-01,0,1,7.5
CLI00217,2025-09-01,0,1,12.0
CLI00217,2025-11-01,0,3,35.3
CLI00218,2025-02-01,0,2,5.4
CLI00219,2023-08-01,0,1,5.9
CLI00219,2024-04-01,1,0,44.0
CLI00219,2025-01-01,0,1,38.9
CLI00219,2025-04-01,0,1,-59.4
CLI00219,2025-06-01,1,0,-38.2
CLI00220,2025-03-01,0,0,21.3
CLI00220,2025-06-01,2,0,-62.9
CLI00220,2025-07-01,1,1,39.0
CLI00221,2025-05-01,1,1,-41.2
CLI00221,2025-09-01,0,2,63.1
CLI00222,2023-06-01,0,0,2.7
CLI00222,2023-08-01,0,0,63.6
CLI00223,2022-04-01,1,1,-1.0
CLI00223,2024-07-01,0,2,83.2
CLI00223,2025-05-01,0,0,13.1
CLI00223,2025-10-01,0,2,22.4
CLI00224,2023-07-01,1,1,60.1
CLI00224,2025-01-01,2,1,-12.5
CLI00224,2025-02-01,1,2,-6.4
CLI00224,2025-03-01,2,2,-15.9
CLI00225,2023-10-01,0,0,33.8
CLI00225,2024-02-01,0,0,8.6
CLI00225,2024-11-01,0,0,100.0
CLI00225,2025-11-01,1,0,38.8
CLI00226,2023-06-01,0,0,21.4
CLI00226,2024-04-01,2,2,12.4
CLI00226,2024-06-01,1,0,-80.4
CLI00227,2023-10-01,1,1,32.6
CLI00227,2024-07-01,2,2,-5.2
CLI00228,2025-09-01,0,1,73.2
CLI00230,2025-04-01,2,3,9.0
CLI00231,2024-11-01,1,2,25.8
CLI00231,2024-12-01,3,1,-29.1
CLI00231,2025-01-01,0,0,-40.5
CLI00232,2025-01-01,3,2,68.1
CLI00232,2025-02-01,1,2,5.6
CLI00232,2025-03-01,1,0,-49.7
CLI00232,2025-10-01,0,1,73.1
CLI00233,2023-06-01,1,0,97.8
CLI00233,2025-06-01,1,1,-53.3
CLI00234,2024-10-01,0,2,57.9
CLI00234,2025-05-01,1,0,-1.7
CLI00234,2025-07-01,1,1,-56.5
CLI00235,2024-11-01,0,1,83.4
CLI00236,2023-10-01,0,2,52.3
CLI00236,2024-12-01,2,0,-40.3
CLI00236,2025-01-01,4,1,31.5
CLI00236,2025-02-01,1,1,14.9
CLI00236,2025-04-01,1,1,57.6
CLI00236,2025-11-01,0,1,72.6
CLI00237,2025-06-01,2,4,-40.5
CLI00238,2025-01-01,2,0,-4.3
CLI00238,2025-02-01,1,0,-100.0
CLI00239,2022-10-01,2,0,61.2
CLI00239,2024-06-01,1,1,49.1
CLI00239,2025-06-01,3,1,-8.1
CLI00240,2024-11-01,1,0,-5.3
CLI00241,2024-11-01,1,1,-17.0
CLI00241,2025-01-01,3,1,21.2
CLI00242,2025-08-01,0,1,28.1
CLI00243,2024-04-01,2,0,67.2
CLI00243,2024-10-01,3,3,-13.8
CLI00243,2025-04-01,0,1,53.5
CLI00244,2025-02-01,0,0,94.6
CLI00245,2025-04-01,3,2,8.6
CLI00245,2025-05-01,3,0,46.2
CLI00245,2025-06-01,2,0,-55.9
CLI00246,2024-01-01,0,0,-36.4
CLI00246,2024-03-01,0,0,55.5
CLI00247,2024-04-01,0,0,9.9
CLI00247,2024-10-01,1,0,-42.3
CLI00247,2025-01-01,2,4,-19.3
CLI00247,2025-03-01,0,0,49.6
CLI00248,2023-10-01,0,0,31.5
CLI00249,2025-03-01,0,0,22.2
CLI00250,2024-02-01,3,0,-32.5
CLI00250,2024-10-01,1,1,25.7
CLI00250,2025-03-01,0,0,31.0
CLI00250,2025-04-01,0,0,47.4
CLI00251,2023-11-01,0,0,52.5
CLI00251,2025-03-01,0,0,-55.4
CLI00251,2025-05-01,3,1,-64.7
CLI00251,2025-09-01,1,0,-8.9
CLI00252,2023-02-01,1,0,51.6
CLI00252,2023-06-01,0,1,-12.1
CLI00252,2023-12-01,0,1,64.8
CLI00252,2024-08-01,2,3,-28.6
CLI00253,2025-06-01,0,1,-36.4
CLI00253,2025-07-01,0,1,-0.4
CLI00254,2025-07-01,2,1,3.5
CLI00255,2025-01-01,0,0,71.4
CLI00256,2025-04-01,0,1,-37.6
CLI00256,2025-05-01,3,4,-43.0
CLI00257,2024-05-01,0,0,46.9
CLI00257,2024-09-01,0,0,13.7
CLI00257,2024-11-01,3,0,-8.2
CLI00258,2024-12-01,0,1,39.8
CLI00258,2025-03-01,1,0,-22.2
CLI00258,2025-04-01,1,1,-45.4
CLI00258,2025-08-01,2,0,20.3
CLI00259,2024-04-01,0,1,47.5
CLI00259,2024-07-01,0,1,18.0
CLI00259,2025-03-01,0,0,34.2
CLI00259,2025-06-01,2,1,-19.0
CLI00259,2025-07-01,3,4,-65.2
CLI00261,2024-04-01,0,0,-57.4
CLI00261,2024-05-01,3,1,-7.9
CLI00261,2024-07-01,3,0,-22.2
CLI00262,2024-03-01,0,2,4.4
CLI00262,2024-05-01,2,0,17.0
CLI00263,2023-07-01,0,1,76.9
CLI00263,2024-10-01,1,1,-39.6
CLI00263,2025-01-01,1,1,-18.3
CLI00263,2025-05-01,0,0,-9.9
CLI00264,2025-08-01,1,0,86.2
CLI00265,2022-07-01,0,0,3.9
CLI00265,2024-06-01,0,0,0.1
CLI00266,2023-08-01,0,1,45.1
CLI00266,2024-03-01,3,2,29.2
CLI00266,2024-11-01,0,2,24.6
CLI00266,2025-09-01,0,1,37.5
CLI00267,2025-02-01,2,1,10.3
CLI00268,2023-08-01,0,0,54.1
CLI00268,2025-06-01,1,0,7.2
CLI00268,2025-07-01,1,0,-15.4
CLI00269,2024-07-01,3,0,-26.7
CLI00269,2024-09-01,2,1,58.3
CLI00269,2025-07-01,0,0,13.3
CLI00271,2023-11-01,0,0,34.1
CLI00271,2024-02-01,0,0,59.6
CLI00271,2025-01-01,0,0,26.6
CLI00272,2023-11-01,0,2,-46.5
CLI00272,2023-12-01,1,0,7.8
CLI00272,2024-01-01,3,3,-34.7
CLI00272,2024-09-01,0,0,0.1
CLI00272,2025-09-01,0,0,31.8
CLI00272,2025-11-01,0,0,29.8
CLI00273,2024-01-01,0,0,30.1
CLI00276,2024-04-01,3,1,-0.8
CLI00277,2024-03-01,0,0,22.5
CLI00278,2023-12-01,1,0,90.2
CLI00278,2025-07-01,2,0,9.1
CLI00278,2025-08-01,1,2,6.5
CLI00279,2024-04-01,0,0,64.5
CLI00279,2024-05-01,0,1,13.5
CLI00279,2025-05-01,0,2,7.4
CLI00280,2023-11-01,0,0,5.1
CLI00280,2025-01-01,1,0,-4.6
CLI00280,2025-02-01,0,1,-10.7
CLI00280,2025-12-01,0,2,47.6
CLI00281,2022-10-01,0,1,72.3
CLI00281,2023-10-01,0,0,38.2
CLI00281,2025-04-01,2,2,41.5
CLI00282,2023-01-01,0,0,25.1
CLI00282,2024-12-01,1,1,-22.5
CLI00283,2025-04-01,1,1,68.1
CLI00283,2025-05-01,0,1,-16.0
CLI00283,2025-07-01,0,2,30.5
CLI00283,2025-09-01,0,0,5.4
CLI00284,2025-01-01,0,0,44.1
CLI00284,2025-02-01,0,2,1.9
CLI00284,2025-05-01,5,0,-19.9
CLI00284,2025-07-01,1,0,-27.4
CLI00285,2023-11-01,1,0,44.9
CLI00285,2024-04-01,5,1,-9.9
CLI00285,2025-09-01,0,0,8.5
CLI00286,2025-04-01,2,1,6.6
CLI00286,2025-10-01,0,1,39.4
CLI00287,2024-06-01,0,0,63.0
CLI00287,2025-01-01,1,2,-55.0
CLI00288,2023-12-01,0,1,31.2
CLI00289,2025-01-01,0,0,74.0
CLI00289,2025-02-01,0,1,34.5
CLI00289,2025-05-01,1,1,10.8
CLI00290,2025-08-01,1,4,50.0
CLI00290,2025-11-01,0,0,36.0
CLI00291,2023-09-01,0,0,67.1
CLI00291,2024-01-01,0,0,52.5
CLI00291,2024-07-01,1,1,-32.9
CLI00291,2024-10-01,2,0,-22.3
CLI00292,2023-01-01,0,1,17.6
CLI00292,2023-06-01,0,0,23.3
CLI00292,2024-04-01,0,0,77.0
CLI00292,2024-12-01,1,1,-55.4
CLI00292,2025-01-01,1,1,-58.3
CLI00292,2025-02-01,1,0,0.9
CLI00292,2025-03-01,1,0,-27.1
CLI00293,2024-01-01,1,1,1.7
CLI00293,2024-02-01,1,1,10.9
CLI00294,2025-04-01,1,2,-31.3
CLI00294,2025-05-01,0,1,10.0
CLI00294,2025-06-01,2,2,-46.8
CLI00295,2024-10-01,1,1,-20.4
CLI00295,2024-11-01,3,0,-3.8
CLI00295,2025-09-01,0,1,31.8
CLI00296,2024-09-01,0,1,38.5
CLI00296,2025-09-01,1,0,54.2
CLI00297,2024-05-01,0,1,31.2
CLI00297,2024-07-01,2,2,15.1
CLI00297,2024-09-01,1,0,-4.7
CLI00298,2023-09-01,3,1,-30.8
CLI00298,2025-05-01,0,0,49.0
CLI00298,2025-10-01,0,0,23.9
CLI00299,2024-10-01,1,1,24.9
CLI00300,2022-10-01,1,0,54.4
CLI00300,2025-04-01,2,1,24.4
CLI00301,2025-03-01,3,0,-11.1
CLI00301,2025-10-01,0,0,76.8
CLI00302,2022-08-01,0,0,18.6
CLI00302,2024-05-01,0,0,36.9
CLI00303,2024-04-01,2,2,20.1
CLI00304,2025-06-01,1,2,24.0
CLI00305,2025-06-01,1,3,66.3
CLI00306,2024-06-01,0,0,25.1
CLI00306,2024-12-01,4,2,-47.9
CLI00306,2025-01-01,2,0,2.0
CLI00306,2025-09-01,1,3,75.0
CLI00307,2025-11-01,0,3,76.6
CLI00308,2025-01-01,0,0,75.0
CLI00308,2025-06-01,0,1,61.9
CLI00309,2025-04-01,0,0,27.2
CLI00310,2025-02-01,2,1,-35.9
CLI00311,2025-03-01,2,3,-13.3
CLI00311,2025-04-01,2,0,-1.5
CLI00311,2025-06-01,1,0,-8.3
CLI00311,2025-09-01,0,0,80.0
CLI00312,2024-04-01,0,1,66.8
CLI00312,2025-01-01,0,0,29.3
CLI00312,2025-02-01,1,1,-11.0
CLI00312,2025-07-01,2,0,21.5
CLI00313,2024-06-01,2,0,33.5
CLI00314,2023-03-01,0,1,30.8
CLI00314,2024-10-01,0,0,33.7
CLI00314,2025-08-01,2,0,44.8
CLI00315,2025-05-01,0,0,32.6
CLI00316,2023-12-01,0,1,2.3
CLI00316,2024-09-01,1,0,-17.8
CLI00316,2025-03-01,0,0,75.1
CLI00317,2024-02-01,2,0,2.0
CLI00317,2024-05-01,0,0,-20.9
CLI00317,2024-09-01,0,1,83.1
CLI00318,2025-04-01,0,1,56.8
CLI00319,2024-04-01,0,0,25.5
CLI00319,2024-10-01,1,0,49.5
CLI00320,2025-05-01,3,0,-19.7
CLI00320,2025-06-01,1,0,-53.8
CLI00321,2024-03-01,3,0,9.8
CLI00322,2024-01-01,0,0,78.3
CLI00322,2025-08-01,4,1,-14.2
CLI00323,2022-08-01,0,0,18.3
CLI00323,2023-05-01,0,1,58.6
CLI00324,2024-01-01,0,0,43.5
CLI00324,2024-09-01,2,1,-4.6
CLI00324,2024-10-01,1,1,-52.4
CLI00325,2024-01-01,0,0,28.2
CLI00325,2024-04-01,0,0,48.2
CLI00325,2024-08-01,0,0,36.5
CLI00325,2024-12-01,2,2,-19.8
CLI00325,2025-05-01,0,0,21.8
CLI00325,2025-07-01,0,0,8.4
CLI00326,2023-11-01,0,0,29.7
CLI00326,2024-07-01,1,1,24.7
CLI00326,2025-10-01,0,1,57.0
CLI00327,2023-09-01,0,1,26.5
CLI00327,2025-02-01,0,0,36.0
CLI00327,2025-03-01,3,1,-15.6
CLI00328,2024-11-01,2,2,-36.5
CLI00329,2024-04-01,0,3,21.3
CLI00329,2025-03-01,1,1,-40.6
CLI00329,2025-05-01,3,0,-16.2
CLI00330,2023-08-01,0,0,48.9
CLI00331,2023-07-01,0,1,89.9
CLI00331,2024-02-01,0,0,22.1
CLI00331,2025-04-01,3,0,-21.9
CLI00331,2025-07-01,0,0,3.8
CLI00331,2025-12-01,2,1,56.8
CLI00332,2024-12-01,0,0,68.9
CLI00332,2025-06-01,1,0,81.6
CLI00333,2025-06-01,2,1,-20.7
CLI00333,2025-07-01,1,2,-3.1
CLI00334,2023-05-01,1,1,61.7
CLI00334,2024-11-01,0,0,-38.2
CLI00334,2025-02-01,0,0,-54.1
CLI00334,2025-04-01,0,0,45.4
CLI00335,2025-04-01,2,1,-29.7
CLI00336,2023-01-01,0,0,43.3
CLI00336,2024-10-01,0,1,79.3
CLI00336,2025-06-01,2,1,17.9
CLI00336,2025-09-01,0,1,51.9
CLI00337,2023-07-01,1,2,-3.7
CLI00337,2023-09-01,2,1,-42.6
CLI00337,2025-01-01,0,0,30.8
CLI00337,2025-02-01,0,0,43.2
CLI00337,2025-04-01,1,2,18.9
CLI00338,2024-08-01,2,0,35.8
CLI00338,2025-09-01,0,0,15.0
CLI00340,2025-08-01,2,2,-3.0
CLI00340,2025-09-01,3,0,-26.1
CLI00341,2024-04-01,0,1,3.2
CLI00341,2024-12-01,0,1,45.4
CLI00341,2025-04-01,0,0,4.0
CLI00342,2022-10-01,0,0,39.0
CLI00342,2022-11-01,0,0,4.0
CLI00342,2023-04-01,0,0,88.2
CLI00342,2023-11-01,0,2,76.6
CLI00342,2024-05-01,0,0,26.7
CLI00342,2025-01-01,1,0,-27.0
CLI00342,2025-03-01,1,2,-22.6
CLI00342,2025-08-01,0,0,55.3
CLI00343,2025-01-01,0,1,61.8
CLI00343,2025-02-01,1,0,21.0
CLI00343,2025-04-01,1,0,-31.5
CLI00343,2025-09-01,0,0,35.7
CLI00344,2023-03-01,1,0,10.3
CLI00344,2023-11-01,1,1,22.8
CLI00344,2025-05-01,0,2,-17.2
CLI00345,2024-11-01,4,1,20.6
CLI00345,2025-01-01,3,1,31.2
CLI00345,2025-03-01,1,0,25.4
CLI00345,2025-10-01,0,0,58.5
CLI00346,2023-10-01,0,0,51.1
CLI00346,2024-06-01,0,1,39.9
CLI00346,2025-06-01,1,3,-27.5
CLI00347,2024-03-01,0,1,-5.2
CLI00347,2024-12-01,0,0,62.3
CLI00348,2024-01-01,0,0,44.9
CLI00348,2025-01-01,0,0,65.2
CLI00349,2023-05-01,1,1,59.0
CLI00349,2023-11-01,0,0,46.8
CLI00350,2022-12-01,0,1,41.8
CLI00350,2025-07-01,0,3,35.1
CLI00352,2023-03-01,0,0,14.2
CLI00352,2024-06-01,0,0,45.0
CLI00352,2024-09-01,1,0,55.9
CLI00353,2025-02-01,0,0,3.7
CLI00353,2025-05-01,1,0,-37.5
CLI00353,2025-11-01,1,0,55.2
CLI00354,2024-07-01,2,0,-36.4
CLI00354,2024-08-01,0,0,27.4
CLI00355,2023-07-01,0,0,70.8
CLI00355,2024-06-01,0,0,-38.7
CLI00355,2025-03-01,0,0,14.9
CLI00355,2025-04-01,0,1,31.8
CLI00356,2024-04-01,0,0,51.8
CLI00356,2025-09-01,1,1,61.1
CLI00357,2024-01-01,0,0,58.9
CLI00358,2025-12-01,0,0,27.1
CLI00359,2022-07-01,0,0,43.5
CLI00359,2023-07-01,0,0,53.3
CLI00359,2023-08-01,3,2,4.1
CLI00359,2023-09-01,2,1,25.8
CLI00359,2023-11-01,2,3,31.7
CLI00360,2023-01-01,0,0,67.2
CLI00360,2024-11-01,4,0,5.4
CLI00360,2024-12-01,0,0,-7.1
CLI00361,2024-10-01,0,1,45.9
CLI00362,2025-11-01,0,0,71.1
CLI00363,2024-04-01,0,0,57.8
CLI00363,2025-06-01,0,1,-18.2
CLI00363,2025-08-01,2,3,48.2
CLI00364,2023-06-01,1,0,84.4
CLI00364,2024-06-01,0,0,27.7
CLI00364,2024-08-01,0,0,38.1
CLI00364,2024-09-01,3,0,1.3
CLI00365,2024-12-01,2,1,15.8
CLI00365,2025-01-01,2,2,-88.3
CLI00366,2025-09-01,1,2,-8.7
CLI00367,2022-12-01,2,1,53.6
CLI00367,2023-10-01,0,1,33.3
CLI00367,2024-02-01,0,0,49.9
CLI00367,2025-02-01,1,2,-17.2
CLI00368,2023-03-01,0,1,40.5
CLI00368,2024-05-01,2,0,-31.3
CLI00368,2024-06-01,2,0,-10.0
CLI00368,2024-11-01,1,1,27.2
CLI00369,2023-04-01,0,0,37.8
CLI00369,2024-09-01,0,1,80.2
CLI00369,2025-10-01,0,0,31.8
CLI00370,2024-04-01,0,5,1.7
CLI00370,2025-04-01,0,3,95.6
CLI00370,2025-06-01,0,3,55.5
CLI00371,2023-12-01,1,0,61.1
CLI00371,2024-06-01,3,0,-17.5
CLI00371,2024-10-01,0,0,54.2
CLI00371,2025-01-01,0,1,41.7
CLI00371,2025-07-01,0,0,8.8
CLI00372,2022-10-01,0,1,31.6
CLI00372,2022-12-01,0,0,62.0
CLI00372,2024-04-01,0,1,57.8
CLI00372,2024-11-01,2,2,43.0
CLI00372,2024-12-01,2,2,-82.8
CLI00373,2024-05-01,0,1,73.5
CLI00373,2024-11-01,1,0,54.7
CLI00373,2025-07-01,1,1,3.5
CLI00374,2023-01-01,0,0,60.6
CLI00374,2025-06-01,1,3,-68.4
CLI00375,2024-09-01,1,1,38.6
CLI00375,2024-12-01,1,0,4.1
CLI00376,2023-08-01,0,1,51.2
CLI00376,2024-06-01,2,0,37.6
CLI00376,2025-02-01,0,2,80.6
CLI00376,2025-10-01,0,2,31.4
CLI00377,2023-10-01,1,0,52.3
CLI00377,2023-11-01,0,0,40.7
CLI00377,2025-05-01,2,0,-17.0
CLI00377,2025-08-01,0,1,32.7
CLI00377,2025-10-01,1,1,38.3
CLI00378,2022-12-01,0,1,48.6
CLI00378,2023-01-01,0,1,47.4
CLI00378,2023-09-01,0,0,56.4
CLI00378,2023-10-01,1,1,83.5
CLI00378,2025-01-01,0,1,77.3
CLI00378,2025-05-01,2,2,28.2
CLI00379,2023-05-01,0,1,86.3
CLI00379,2023-07-01,0,1,70.1
CLI00379,2023-08-01,2,0,85.3
CLI00379,2025-07-01,1,0,20.6
CLI00380,2025-03-01,0,0,31.7
CLI00380,2025-08-01,1,2,23.4
CLI00381,2023-09-01,2,1,16.6
CLI00382,2024-04-01,0,0,32.6
CLI00382,2025-08-01,0,0,74.1
CLI00383,2024-04-01,1,1,-64.0
CLI00383,2024-05-01,0,0,-6.5
CLI00383,2024-10-01,0,0,7.0
CLI00384,2024-11-01,0,0,20.1
CLI00386,2023-08-01,0,1,80.4
CLI00386,2024-03-01,1,0,88.1
CLI00386,2025-02-01,2,1,-5.9
CLI00387,2025-07-01,4,1,31.8
CLI00388,2023-04-01,0,0,58.9
CLI00388,2025-03-01,1,1,16.4
CLI00388,2025-04-01,1,1,-33.5
CLI00388,2025-06-01,0,1,58.7
CLI00390,2023-10-01,0,0,93.2
CLI00390,2024-11-01,1,0,31.6
CLI00390,2025-05-01,0,1,59.8
CLI00391,2023-09-01,0,0,34.4
CLI00391,2025-02-01,1,2,13.8
CLI00391,2025-05-01,2,1,-73.4
CLI00392,2024-02-01,0,2,57.6
CLI00393,2023-09-01,0,2,71.3
CLI00393,2025-07-01,0,2,-17.2
CLI00394,2023-02-01,0,1,40.0
CLI00394,2024-04-01,0,0,67.4
CLI00394,2024-09-01,1,1,61.6
CLI00395,2024-09-01,1,1,24.0
CLI00396,2023-08-01,0,0,77.5
CLI00397,2023-04-01,1,2,44.6
CLI00397,2023-08-01,0,0,71.8
CLI00397,2025-02-01,0,1,69.6
CLI00397,2025-06-01,3,0,-21.7
CLI00397,2025-08-01,2,1,-8.0
CLI00397,2025-09-01,2,2,-2.6
CLI00397,2025-11-01,0,0,11.5
CLI00398,2023-05-01,0,0,3.9
CLI00399,2023-09-01,1,0,38.4
CLI00399,2025-02-01,1,1,11.9
CLI00399,2025-04-01,2,3,-66.8
CLI00400,2024-01-01,0,0,-11.3
CLI00400,2024-05-01,0,0,43.9
CLI00400,2024-08-01,2,2,-23.1
CLI00401,2025-03-01,4,0,-10.0
CLI00401,2025-04-01,2,1,-27.7
CLI00404,2025-07-01,1,1,39.9
CLI00405,2024-06-01,2,1,33.5
CLI00405,2024-10-01,4,1,10.9
CLI00406,2024-04-01,0,1,48.2
CLI00406,2025-12-01,0,0,28.8
CLI00407,2023-09-01,1,2,64.0
CLI00407,2024-02-01,0,0,50.7
CLI00407,2024-05-01,0,0,82.0
CLI00407,2025-01-01,1,2,27.5
CLI00407,2025-05-01,2,1,-20.6
CLI00408,2023-10-01,0,0,32.1
CLI00408,2024-02-01,0,1,21.9
CLI00408,2024-05-01,0,0,34.9
CLI00409,2022-06-01,0,1,45.6
CLI00409,2024-01-01,0,1,66.5
CLI00409,2024-03-01,0,1,28.9
CLI00409,2024-11-01,0,1,51.3
CLI00409,2025-03-01,2,1,-13.3
CLI00410,2024-01-01,0,2,58.8
CLI00410,2024-05-01,2,3,1.3
CLI00410,2025-05-01,1,2,72.5
CLI00410,2025-09-01,2,2,47.3
CLI00412,2024-01-01,0,0,12.9
CLI00412,2025-02-01,2,2,1.5
CLI00413,2024-03-01,0,1,52.6
CLI00413,2025-05-01,3,0,27.1
CLI00414,2023-10-01,0,1,49.3
CLI00414,2024-01-01,0,1,-58.1
CLI00414,2025-07-01,0,1,62.6
CLI00415,2023-08-01,2,1,35.4
CLI00415,2023-10-01,0,0,57.9
CLI00415,2025-01-01,0,0,25.1
CLI00416,2024-02-01,0,1,73.8
CLI00416,2025-07-01,0,1,80.5
CLI00417,2023-12-01,0,0,21.9
CLI00417,2024-09-01,2,0,-36.3
CLI00417,2024-11-01,1,0,14.7
CLI00417,2025-01-01,0,1,50.7
CLI00418,2025-06-01,0,1,1.7
CLI00419,2025-09-01,1,2,86.1
CLI00420,2023-12-01,0,1,68.3
CLI00420,2024-01-01,0,1,83.5
CLI00420,2024-06-01,0,0,54.4
CLI00420,2025-02-01,0,1,30.8
CLI00420,2025-07-01,0,0,62.4
CLI00421,2022-09-01,0,0,96.4
CLI00421,2022-12-01,0,0,66.4
CLI00421,2023-12-01,1,0,38.4
CLI00421,2025-04-01,3,0,-12.3
CLI00421,2025-05-01,1,0,-49.8
CLI00421,2025-09-01,1,0,100.0
CLI00422,2024-07-01,0,1,-67.0
CLI00422,2024-08-01,1,4,-60.3
CLI00422,2024-09-01,2,2,-33.2
CLI00422,2025-06-01,1,1,40.7
CLI00424,2023-05-01,1,1,83.4
CLI00424,2023-07-01,0,0,51.0
CLI00424,2025-03-01,0,1,39.1
CLI00425,2023-04-01,3,0,-35.5
CLI00425,2023-06-01,1,2,14.4
CLI00425,2024-08-01,0,1,23.5
CLI00425,2024-10-01,0,2,2.8
CLI00425,2025-11-01,0,1,56.5
CLI00426,2024-01-01,1,0,27.5
CLI00426,2024-03-01,0,0,68.0
CLI00427,2025-01-01,1,0,59.6
CLI00427,2025-04-01,2,3,-46.1
CLI00428,2023-04-01,0,2,37.2
CLI00428,2024-07-01,0,1,20.1
CLI00428,2024-08-01,0,0,79.3
CLI00429,2025-03-01,0,0,-2.4
CLI00430,2023-10-01,0,1,7.0
CLI00430,2024-08-01,0,0,83.9
CLI00430,2025-06-01,2,0,-56.3
CLI00430,2025-08-01,2,2,14.3
CLI00430,2025-09-01,2,0,-56.3
CLI00431,2023-04-01,0,0,51.3
CLI00431,2023-08-01,3,2,-19.5
CLI00431,2023-12-01,0,0,38.6
CLI00431,2024-02-01,0,0,59.1
CLI00432,2024-11-01,0,1,-38.9
CLI00432,2025-01-01,3,1,-40.1
CLI00433,2025-07-01,0,3,-17.5
CLI00433,2025-10-01,0,0,14.5
CLI00435,2023-08-01,0,0,34.8
CLI00435,2023-11-01,1,1,11.3
CLI00435,2024-02-01,0,1,43.3
CLI00435,2025-06-01,2,0,-6.7
CLI00436,2022-08-01,1,0,96.4
CLI00436,2023-01-01,0,0,25.8
CLI00436,2025-09-01,0,1,48.1
CLI00437,2023-07-01,0,0,58.0
CLI00437,2024-01-01,1,0,34.5
CLI00437,2025-09-01,0,1,-20.9
CLI00438,2023-02-01,2,2,45.9
CLI00438,2023-03-01,0,1,24.3
CLI00438,2023-05-01,0,1,21.9
CLI00438,2023-10-01,0,1,35.7
CLI00438,2024-09-01,0,0,19.6
CLI00438,2025-10-01,1,0,50.7
CLI00439,2024-05-01,0,0,50.6
CLI00439,2024-07-01,1,0,-40.0
CLI00439,2024-10-01,0,2,43.5
CLI00439,2025-01-01,1,0,100.0
CLI00440,2022-09-01,0,1,24.0
CLI00441,2022-12-01,1,0,20.3
CLI00441,2023-04-01,0,0,80.8
CLI00441,2025-11-01,0,1,94.0
CLI00442,2023-03-01,0,1,22.4
CLI00443,2022-12-01,0,0,46.1
CLI00444,2023-11-01,0,1,58.5
CLI00444,2024-10-01,3,2,-23.1
CLI00444,2025-02-01,0,0,32.2
CLI00444,2025-08-01,1,0,91.0
CLI00444,2025-10-01,0,0,66.2
CLI00445,2022-12-01,0,0,52.3
CLI00445,2024-04-01,0,2,48.0
CLI00445,2024-09-01,1,0,58.3
CLI00446,2024-09-01,3,4,6.8
CLI00446,2024-12-01,4,1,5.9
CLI00447,2025-03-01,0,1,96.7
CLI00447,2025-04-01,0,4,34.2
CLI00447,2025-05-01,3,2,-35.2
CLI00448,2023-10-01,0,0,46.1
CLI00448,2024-10-01,1,2,-53.7
CLI00449,2022-10-01,0,1,45.2
CLI00449,2023-07-01,0,0,100.0
CLI00449,2024-06-01,1,1,43.2
CLI00449,2025-12-01,0,3,34.8
CLI00450,2024-06-01,0,0,24.4
CLI00450,2025-05-01,5,1,35.2
CLI00450,2025-06-01,0,2,4.8
CLI00451,2024-11-01,3,0,-59.8
CLI00451,2024-12-01,0,1,2.7
CLI00452,2023-10-01,0,1,54.8
CLI00452,2024-09-01,0,1,-9.0
CLI00453,2024-10-01,0,2,36.1
CLI00454,2025-03-01,3,1,3.8
CLI00454,2025-04-01,0,0,23.2
CLI00454,2025-06-01,0,0,-17.9
CLI00454,2025-08-01,0,1,26.2
CLI00455,2023-04-01,0,0,97.5
CLI00455,2023-10-01,1,1,12.9
CLI00455,2023-12-01,0,0,84.2
CLI00455,2024-08-01,3,0,-38.9
CLI00455,2024-09-01,0,1,-11.7
CLI00456,2024-07-01,0,3,-0.5
CLI00457,2024-01-01,1,0,-12.4
CLI00458,2024-01-01,2,2,-37.7
CLI00459,2022-07-01,0,0,48.4
CLI00459,2024-01-01,4,2,-50.3
CLI00459,2024-10-01,1,0,26.2
CLI00459,2025-09-01,0,0,33.9
CLI00460,2022-10-01,1,0,-11.2
CLI00460,2024-02-01,0,2,36.2
CLI00460,2024-08-01,1,0,-18.6
CLI00460,2024-10-01,3,1,-11.6
CLI00460,2024-11-01,1,1,14.6
CLI00460,2025-01-01,0,0,37.7
CLI00461,2024-03-01,0,3,-43.5
CLI00461,2024-10-01,0,1,37.0
CLI00461,2025-09-01,0,0,74.2
CLI00462,2025-06-01,2,1,11.4
CLI00462,2025-08-01,1,1,-42.4
CLI00463,2024-05-01,0,1,35.6
CLI00463,2025-02-01,3,3,56.2
CLI00464,2025-04-01,0,1,14.2
CLI00464,2025-05-01,0,2,-41.8
CLI00464,2025-06-01,5,0,-2.2
CLI00465,2024-11-01,0,0,-10.1
CLI00465,2024-12-01,2,1,-21.5
CLI00466,2025-05-01,1,3,-49.7
CLI00466,2025-08-01,0,1,-25.2
CLI00467,2024-01-01,1,1,7.4
CLI00467,2024-03-01,1,2,13.7
CLI00468,2024-09-01,6,1,-14.3
CLI00468,2025-08-01,0,0,38.7
CLI00468,2025-11-01,1,0,56.8
CLI00470,2024-05-01,0,0,67.1
CLI00470,2025-08-01,0,0,24.1
CLI00470,2025-11-01,0,1,51.0
CLI00471,2025-06-01,2,2,-64.8
CLI00473,2024-10-01,1,1,-24.5
CLI00474,2022-11-01,2,0,26.8
CLI00474,2023-05-01,0,0,33.0
CLI00474,2023-08-01,1,1,61.1
CLI00474,2024-02-01,0,2,58.6
CLI00474,2024-06-01,0,1,-21.1
CLI00474,2025-04-01,0,1,47.3
CLI00475,2025-04-01,1,1,-20.1
CLI00475,2025-05-01,0,0,-13.5
CLI00475,2025-08-01,1,0,17.0
CLI00477,2024-03-01,0,0,37.8
CLI00477,2025-05-01,1,2,40.3
CLI00478,2024-10-01,2,2,-22.1
CLI00478,2025-10-01,0,1,48.4
CLI00479,2023-08-01,0,0,41.8
CLI00479,2024-04-01,0,0,32.8
CLI00480,2023-10-01,0,0,46.7
CLI00480,2024-10-01,0,0,55.4
CLI00480,2025-01-01,0,0,-12.2
CLI00480,2025-03-01,0,0,-32.4
CLI00480,2025-04-01,2,1,-27.5
CLI00480,2025-08-01,0,1,21.7
CLI00481,2022-11-01,0,3,100.0
CLI00481,2024-04-01,1,0,44.8
CLI00482,2023-09-01,3,4,72.6
CLI00483,2023-10-01,0,1,74.5
CLI00484,2022-06-01,0,2,23.5
CLI00484,2022-10-01,0,0,57.2
CLI00484,2023-12-01,0,0,19.7
CLI00484,2024-07-01,1,0,-69.5
CLI00484,2024-08-01,2,0,-50.1
CLI00484,2024-09-01,1,0,24.6
CLI00484,2025-07-01,0,0,7.1
CLI00485,2022-11-01,0,0,39.5
CLI00485,2023-02-01,1,0,-9.7
CLI00485,2025-04-01,0,0,11.1
CLI00486,2024-09-01,0,1,66.5
CLI00486,2024-12-01,3,0,3.2
CLI00486,2025-01-01,0,2,15.6
CLI00487,2024-11-01,1,2,1.2
CLI00488,2024-12-01,0,1,67.8
CLI00488,2025-04-01,1,2,-14.7
CLI00489,2023-08-01,0,1,35.0
CLI00489,2024-11-01,0,1,-13.3
CLI00489,2025-10-01,0,0,78.7
CLI00490,2022-05-01,1,1,100.0
CLI00490,2022-09-01,0,0,69.2
CLI00490,2024-06-01,0,2,67.7
CLI00490,2024-11-01,0,1,-11.0
CLI00491,2023-09-01,1,1,37.2
CLI00491,2024-06-01,1,1,50.7
CLI00491,2024-08-01,0,2,15.4
CLI00491,2025-02-01,1,1,48.5
CLI00491,2025-04-01,2,1,-9.1
CLI00491,2025-10-01,0,1,14.0
CLI00492,2024-03-01,0,0,63.1
CLI00492,2024-04-01,1,1,44.1
CLI00492,2025-02-01,4,1,38.2
CLI00492,2025-04-01,0,0,-8.4
CLI00492,2025-05-01,0,0,14.9
CLI00494,2025-02-01,3,0,17.6
CLI00494,2025-06-01,0,0,37.8
CLI00495,2025-01-01,3,1,-10.2
CLI00495,2025-09-01,0,0,35.9
CLI00496,2024-07-01,2,1,-27.1
CLI00497,2023-01-01,0,0,55.1
CLI00497,2023-06-01,1,0,51.0
CLI00497,2024-04-01,1,0,37.9
CLI00498,2023-09-01,1,0,55.4
CLI00498,2023-12-01,0,0,44.2
CLI00498,2025-03-01,3,2,-31.5
CLI00499,2024-02-01,0,1,-34.0
CLI00500,2025-04-01,0,0,63.8
CLI00502,2024-03-01,0,0,34.5
CLI00502,2024-11-01,1,1,54.5
CLI00502,2025-08-01,1,0,75.9
CLI00502,2025-12-01,0,0,18.6
CLI00503,2023-12-01,1,0,80.8
CLI00503,2025-05-01,0,1,27.8
CLI00503,2025-07-01,1,1,-38.6
CLI00504,2024-10-01,0,2,38.1
CLI00504,2025-04-01,2,0,-18.1
CLI00505,2024-05-01,0,0,66.2
CLI00506,2024-07-01,0,0,32.3
CLI00506,2025-04-01,0,0,19.1
CLI00506,2025-09-01,0,2,65.6
CLI00508,2024-02-01,0,0,58.4
CLI00508,2024-10-01,1,2,51.0
CLI00508,2025-09-01,0,0,79.0
CLI00509,2024-06-01,1,1,19.6
CLI00509,2025-04-01,0,0,-49.3
CLI00509,2025-05-01,2,0,19.3
CLI00510,2024-05-01,0,0,48.1
CLI00510,2024-07-01,0,1,-26.7
CLI00510,2025-08-01,1,1,84.7
CLI00510,2025-12-01,1,1,48.2
CLI00511,2023-04-01,0,0,17.9
CLI00511,2024-03-01,1,1,26.2
CLI00511,2024-08-01,0,0,32.6
CLI00511,2025-02-01,1,0,78.5
CLI00511,2025-12-01,0,0,88.2
CLI00512,2022-09-01,0,0,13.7
CLI00512,2022-12-01,0,0,54.7
CLI00512,2024-10-01,1,0,13.9
CLI00512,2025-04-01,3,3,-15.6
CLI00514,2024-05-01,0,2,54.0
CLI00514,2025-01-01,0,0,18.0
CLI00515,2023-02-01,0,3,50.2
CLI00515,2025-01-01,0,0,66.7
CLI00515,2025-07-01,1,0,67.6
CLI00515,2025-09-01,0,0,75.2
CLI00515,2025-10-01,0,0,20.6
CLI00516,2023-05-01,0,1,38.4
CLI00516,2025-11-01,0,0,52.2
CLI00517,2023-07-01,2,0,51.8
CLI00517,2023-12-01,0,1,52.2
CLI00517,2024-10-01,0,1,18.3
CLI00517,2025-07-01,0,0,12.3
CLI00517,2025-08-01,2,0,-58.9
CLI00518,2025-03-01,0,0,-5.4
CLI00518,2025-04-01,3,2,61.1
CLI00518,2025-05-01,1,0,-23.7
CLI00519,2025-05-01,1,1,-20.0
CLI00519,2025-12-01,0,1,45.6
CLI00520,2022-09-01,0,2,36.4
CLI00520,2023-02-01,0,0,32.0
CLI00520,2023-09-01,0,0,69.4
CLI00520,2024-05-01,0,0,31.3
CLI00520,2025-01-01,3,1,-27.3
CLI00520,2025-04-01,0,0,54.7
CLI00520,2025-07-01,0,0,49.7
CLI00520,2025-12-01,0,0,44.8
CLI00522,2022-12-01,0,0,91.1
CLI00522,2023-03-01,0,1,59.9
CLI00522,2023-12-01,4,1,-69.3
CLI00522,2024-01-01,2,1,18.2
CLI00523,2025-03-01,1,0,31.5
CLI00523,2025-05-01,1,0,-2.8
CLI00524,2024-11-01,0,1,-45.8
CLI00526,2024-09-01,1,0,95.0
CLI00527,2022-06-01,0,1,78.4
CLI00527,2023-01-01,0,1,8.6
CLI00528,2022-10-01,1,0,53.0
CLI00528,2024-02-01,1,1,31.7
CLI00528,2024-09-01,2,1,-33.0
CLI00528,2024-11-01,3,1,-66.3
CLI00529,2024-10-01,0,1,51.0
CLI00529,2024-11-01,1,1,29.3
CLI00529,2025-05-01,2,1,-29.2
CLI00530,2022-09-01,0,0,36.9
CLI00530,2024-10-01,0,3,47.6
CLI00531,2024-12-01,1,0,0.3
CLI00531,2025-01-01,5,1,-28.1
CLI00532,2023-12-01,2,0,100.0
CLI00532,2024-09-01,3,3,-47.5
CLI00532,2024-10-01,0,3,-23.9
CLI00532,2024-11-01,1,0,15.6
CLI00532,2024-12-01,2,1,17.2
CLI00532,2025-04-01,0,0,100.0
CLI00532,2025-05-01,1,0,45.9
CLI00532,2025-06-01,0,2,37.9
CLI00534,2024-02-01,0,0,6.0
CLI00534,2024-04-01,1,1,73.1
CLI00535,2025-06-01,3,1,-3.9
CLI00536,2023-07-01,3,0,-38.3
CLI00536,2023-08-01,2,0,-35.6
CLI00536,2023-09-01,1,2,-22.7
CLI00536,2024-03-01,1,0,84.8
CLI00536,2025-04-01,0,0,71.2
CLI00537,2025-03-01,0,1,-41.6
CLI00537,2025-04-01,4,0,-10.8
CLI00538,2024-08-01,2,0,-58.8
CLI00538,2024-09-01,1,1,30.9
CLI00539,2024-03-01,0,1,-44.2
CLI00539,2024-05-01,1,0,-55.0
CLI00539,2024-08-01,0,0,51.4
CLI00540,2024-05-01,0,0,58.2
CLI00540,2024-09-01,1,1,0.4
CLI00540,2024-10-01,0,2,-67.4
CLI00540,2024-12-01,2,1,-77.2
CLI00540,2025-10-01,1,0,29.4
CLI00541,2024-10-01,1,0,44.0
CLI00541,2025-01-01,2,0,46.0
CLI00542,2023-02-01,1,0,17.9
CLI00543,2024-04-01,0,1,51.9
CLI00543,2024-07-01,3,0,10.2
CLI00544,2023-04-01,0,1,100.0
CLI00544,2023-06-01,0,0,74.7
CLI00544,2023-09-01,2,2,81.1
CLI00544,2024-01-01,0,0,19.9
CLI00544,2024-04-01,2,2,-5.8
CLI00544,2024-07-01,0,0,63.1
CLI00544,2024-11-01,1,0,3.3
CLI00545,2023-05-01,1,0,39.2
CLI00545,2023-07-01,0,1,50.4
CLI00546,2023-05-01,0,0,66.7
CLI00546,2023-10-01,0,0,40.1
CLI00546,2024-09-01,0,1,21.8
CLI00546,2024-10-01,0,2,-2.7
CLI00547,2024-04-01,0,1,51.6
CLI00547,2024-10-01,0,0,83.3
CLI00549,2023-02-01,1,2,51.9
CLI00549,2023-12-01,0,0,56.7
CLI00549,2024-05-01,0,2,37.4
CLI00549,2024-09-01,0,2,76.0
CLI00549,2025-06-01,3,0,-35.9
CLI00549,2025-09-01,0,2,5.8
CLI00550,2025-02-01,1,1,19.9
CLI00551,2023-05-01,0,1,27.8
CLI00551,2024-04-01,2,4,-27.3
CLI00551,2024-12-01,1,1,7.5
CLI00551,2025-04-01,0,0,43.3
CLI00551,2025-07-01,0,2,8.2
CLI00551,2025-12-01,0,0,36.6
CLI00552,2025-03-01,4,0,-63.4
CLI00552,2025-05-01,0,3,29.6
CLI00554,2024-01-01,0,0,28.9
CLI00555,2025-08-01,0,0,22.5
CLI00556,2023-11-01,0,1,53.4
CLI00556,2024-05-01,0,1,-9.5
CLI00556,2025-03-01,0,2,36.1
CLI00557,2023-03-01,0,0,36.9
CLI00557,2023-06-01,0,1,52.3
CLI00557,2023-09-01,0,0,34.8
CLI00557,2025-06-01,0,0,-7.2
CLI00557,2025-09-01,0,1,57.7
CLI00558,2023-10-01,0,0,41.0
CLI00558,2024-11-01,1,0,40.7
CLI00558,2024-12-01,2,1,-57.5
CLI00558,2025-07-01,0,0,74.5
CLI00559,2024-03-01,1,0,22.1
CLI00559,2025-02-01,0,1,57.0
CLI00560,2024-06-01,0,0,21.8
CLI00560,2024-08-01,0,1,16.4
CLI00560,2025-05-01,0,0,15.5
CLI00561,2023-01-01,0,0,44.1
CLI00561,2024-11-01,0,0,83.3
CLI00562,2023-04-01,0,0,61.6
CLI00562,2024-01-01,0,0,69.3
CLI00562,2024-12-01,0,0,-25.0
CLI00562,2025-04-01,0,0,36.6
CLI00562,2025-10-01,0,1,62.7
CLI00563,2024-08-01,1,0,38.7
CLI00564,2022-10-01,0,2,54.0
CLI00564,2022-11-01,0,2,-7.0
CLI00564,2024-05-01,0,1,64.1
CLI00564,2025-03-01,0,0,-40.9
CLI00565,2025-08-01,2,1,-9.2
CLI00565,2025-09-01,1,0,-44.6
CLI00566,2024-12-01,2,1,-75.8
CLI00566,2025-04-01,1,0,8.7
CLI00567,2025-04-01,0,0,65.5
CLI00567,2025-06-01,0,1,4.1
CLI00567,2025-07-01,3,2,56.6
CLI00567,2025-09-01,1,0,29.9
CLI00568,2023-03-01,0,0,11.1
CLI00568,2023-05-01,4,1,-9.1
CLI00568,2025-05-01,0,0,-3.8
CLI00569,2024-06-01,0,0,65.0
CLI00569,2024-10-01,0,0,67.2
CLI00569,2025-01-01,0,0,68.1
CLI00569,2025-03-01,3,1,-32.6
CLI00569,2025-11-01,0,0,33.0
CLI00570,2024-01-01,0,1,60.4
CLI00570,2024-04-01,1,1,31.4
CLI00570,2024-05-01,0,0,-43.3
CLI00570,2025-05-01,1,0,13.1
CLI00571,2023-11-01,0,0,65.9
CLI00571,2024-09-01,0,0,33.0
CLI00571,2025-05-01,3,1,1.2
CLI00571,2025-08-01,6,0,4.6
CLI00573,2025-01-01,1,1,5.3
CLI00574,2024-06-01,0,2,-25.9
CLI00574,2024-07-01,1,1,-32.0
CLI00574,2025-11-01,1,0,50.9
CLI00575,2023-09-01,1,0,36.4
CLI00575,2024-11-01,0,0,46.4
CLI00575,2025-08-01,1,1,17.7
CLI00575,2025-09-01,0,0,29.7
CLI00577,2024-05-01,0,0,45.8
CLI00579,2024-02-01,0,1,38.9
CLI00579,2025-03-01,0,1,77.6
CLI00580,2025-03-01,0,0,66.7
CLI00581,2023-03-01,0,0,87.5
CLI00581,2024-05-01,0,1,43.7
CLI00581,2024-06-01,0,0,55.0
CLI00581,2025-04-01,0,2,-0.3
CLI00582,2024-05-01,0,0,54.5
CLI00582,2025-01-01,1,1,33.7
CLI00583,2025-06-01,1,0,41.4
CLI00583,2025-08-01,1,0,16.2
CLI00584,2023-06-01,0,1,40.8
CLI00584,2024-10-01,0,1,26.5
CLI00584,2025-06-01,4,3,-63.6
CLI00584,2025-07-01,1,1,-48.4
CLI00585,2025-03-01,6,0,1.0
CLI00586,2025-05-01,0,1,11.4
CLI00587,2023-12-01,1,1,53.3
CLI00587,2024-10-01,4,1,-41.2
CLI00587,2024-12-01,2,1,21.4
CLI00588,2024-03-01,3,2,-6.9
CLI00588,2025-05-01,0,0,25.6
CLI00589,2023-01-01,0,2,44.3
CLI00589,2023-04-01,0,0,14.4
CLI00589,2023-08-01,0,1,56.0
CLI00589,2024-12-01,0,0,1.3
CLI00590,2023-12-01,5,1,16.2
CLI00590,2025-01-01,0,0,40.1
CLI00591,2023-09-01,0,1,0.9
CLI00591,2025-08-01,2,3,30.7
CLI00592,2023-12-01,0,1,86.2
CLI00592,2024-11-01,0,3,-15.8
CLI00592,2025-05-01,0,0,59.1
CLI00593,2024-03-01,0,0,65.7
CLI00595,2024-03-01,0,1,32.7
CLI00596,2023-02-01,0,1,0.9
CLI00596,2025-03-01,3,2,-6.5
CLI00597,2024-11-01,2,0,14.8
CLI00597,2025-01-01,0,0,-53.5
CLI00597,2025-08-01,0,0,39.9
CLI00597,2025-11-01,0,2,-2.4
CLI00598,2024-04-01,2,0,-26.1
CLI00599,2022-08-01,0,1,52.8
CLI00599,2023-09-01,0,0,94.1
CLI00599,2025-08-01,2,0,2.9
CLI00601,2023-10-01,0,0,44.6
CLI00601,2024-03-01,2,2,13.2
CLI00601,2024-06-01,1,1,-28.9
CLI00603,2023-03-01,0,2,64.2
CLI00603,2024-04-01,2,1,-19.4
CLI00603,2025-04-01,0,1,73.0
CLI00604,2024-06-01,2,1,-8.0
CLI00605,2023-04-01,0,0,56.5
CLI00605,2023-12-01,0,0,51.0
CLI00605,2025-04-01,3,2,-16.2
CLI00606,2022-09-01,0,2,81.2
CLI00606,2022-10-01,1,0,17.7
CLI00606,2024-04-01,0,0,26.7
CLI00606,2024-12-01,2,2,-35.6
CLI00606,2025-01-01,2,1,-30.4
CLI00606,2025-03-01,4,0,-51.8
CLI00607,2024-02-01,0,0,7.2
CLI00607,2024-03-01,0,0,42.7
CLI00607,2024-09-01,0,0,24.4
CLI00607,2025-05-01,1,2,-24.7
CLI00607,2025-06-01,0,2,12.4
CLI00608,2025-01-01,0,1,59.9
CLI00609,2024-06-01,0,1,42.2
CLI00609,2025-01-01,1,0,70.3
CLI00610,2025-02-01,1,0,-16.6
CLI00610,2025-03-01,1,0,34.1
CLI00610,2025-05-01,1,0,-51.7
CLI00611,2023-11-01,2,1,24.2
CLI00611,2024-10-01,0,0,48.8
CLI00612,2024-08-01,0,0,66.5
CLI00612,2025-10-01,0,0,86.2
CLI00613,2025-01-01,0,1,-8.8
CLI00614,2022-10-01,2,2,-26.1
CLI00614,2022-11-01,1,0,-12.1
CLI00614,2024-10-01,1,0,20.6
CLI00615,2023-07-01,0,1,63.3
CLI00615,2024-10-01,1,1,31.0
CLI00615,2024-12-01,3,3,12.4
CLI00615,2025-02-01,2,3,-14.5
CLI00615,2025-06-01,0,0,45.6
CLI00616,2023-06-01,0,1,35.3
CLI00616,2024-05-01,0,2,28.5
CLI00616,2025-03-01,2,2,18.3
CLI00616,2025-05-01,2,2,-22.6
CLI00617,2024-07-01,0,0,-46.4
CLI00617,2025-01-01,0,0,80.7
CLI00618,2025-03-01,0,1,38.3
CLI00618,2025-09-01,0,1,73.6
CLI00619,2024-02-01,0,1,51.2
CLI00620,2023-05-01,0,0,52.2
CLI00620,2023-10-01,0,0,51.9
CLI00620,2024-08-01,2,1,-22.2
CLI00621,2025-05-01,0,0,61.6
CLI00621,2025-11-01,0,1,9.8
CLI00622,2023-06-01,0,2,43.4
CLI00622,2024-08-01,0,1,22.4
CLI00622,2024-12-01,0,3,-8.8
CLI00622,2025-02-01,3,1,42.9
CLI00622,2025-03-01,1,1,-19.9
CLI00622,2025-08-01,0,1,27.6
CLI00623,2024-12-01,1,1,-19.0
CLI00624,2025-12-01,0,1,23.0
CLI00625,2023-12-01,0,0,28.8
CLI00625,2024-04-01,1,1,-55.7
CLI00626,2024-08-01,0,0,49.9
CLI00626,2024-11-01,1,1,-38.9
CLI00627,2024-05-01,0,1,7.4
CLI00628,2023-09-01,0,1,40.3
CLI00628,2024-09-01,0,1,-39.2
CLI00628,2024-10-01,1,1,-26.9
CLI00628,2025-11-01,0,0,60.3
CLI00629,2024-02-01,0,0,46.7
CLI00629,2024-09-01,2,1,-29.3
CLI00629,2025-05-01,0,0,0.4
CLI00630,2022-05-01,0,1,9.0
CLI00630,2025-03-01,0,1,35.0
CLI00630,2025-05-01,2,1,41.9
CLI00630,2025-06-01,1,0,57.4
CLI00630,2025-08-01,3,0,45.3
CLI00631,2025-11-01,0,0,91.6
CLI00632,2023-01-01,1,0,66.2
CLI00632,2023-12-01,1,1,46.3
CLI00633,2023-02-01,0,0,55.8
CLI00633,2023-07-01,1,1,62.7
CLI00633,2024-09-01,1,1,46.8
CLI00633,2025-07-01,2,1,-10.7
CLI00633,2025-09-01,1,1,-9.2
CLI00634,2023-09-01,0,0,52.2
CLI00634,2024-01-01,0,1,23.8
CLI00634,2024-10-01,0,4,5.8
CLI00634,2025-03-01,0,0,-0.9
CLI00635,2023-09-01,1,0,32.5
CLI00635,2025-03-01,0,0,20.0
CLI00635,2025-11-01,1,0,59.0
CLI00636,2025-01-01,3,2,5.5
CLI00637,2025-01-01,2,1,63.1
CLI00637,2025-02-01,1,0,24.2
CLI00637,2025-05-01,4,1,-34.4
CLI00637,2025-07-01,0,0,65.7
CLI00637,2025-10-01,1,2,35.9
CLI00638,2024-04-01,0,1,95.7
CLI00638,2024-05-01,2,0,45.1
CLI00638,2025-04-01,2,2,-47.8
CLI00639,2022-05-01,0,0,12.4
CLI00639,2022-11-01,3,2,76.7
CLI00639,2024-03-01,0,0,58.8
CLI00639,2024-07-01,0,1,30.0
CLI00640,2025-07-01,2,1,-22.2
CLI00641,2023-07-01,0,0,61.5
CLI00641,2024-01-01,0,1,27.7
CLI00641,2024-11-01,2,0,-19.6
CLI00643,2024-01-01,0,0,60.3
CLI00643,2024-03-01,0,1,38.6
CLI00643,2024-06-01,0,0,32.7
CLI00643,2024-07-01,0,0,85.6
CLI00643,2024-12-01,2,0,-33.3
CLI00644,2023-12-01,0,0,30.9
CLI00645,2025-02-01,0,4,18.8
CLI00645,2025-04-01,1,0,39.3
CLI00646,2023-02-01,0,2,31.2
CLI00646,2025-01-01,0,0,49.7
CLI00647,2023-11-01,0,1,89.6
CLI00647,2025-01-01,0,0,-3.4
CLI00648,2022-12-01,1,0,46.9
CLI00648,2024-01-01,1,1,-43.0
CLI00648,2025-04-01,0,1,56.0
CLI00649,2023-08-01,0,0,59.2
CLI00649,2025-10-01,0,0,44.5
CLI00650,2023-06-01,0,1,46.0
CLI00650,2024-08-01,1,1,-11.7
CLI00650,2025-12-01,0,0,45.5
CLI00651,2025-04-01,0,0,46.7
CLI00651,2025-05-01,0,0,65.8
CLI00653,2024-06-01,2,1,-54.4
CLI00653,2024-08-01,0,1,49.0
CLI00654,2024-04-01,0,0,24.0
CLI00654,2024-10-01,1,0,24.3
CLI00655,2024-09-01,0,2,28.0
CLI00656,2023-01-01,0,0,40.6
CLI00656,2023-10-01,0,1,33.4
CLI00656,2025-03-01,0,0,4.0
CLI00657,2024-02-01,1,0,32.4
CLI00657,2025-07-01,0,1,20.8
CLI00657,2025-08-01,1,0,17.0
CLI00658,2022-10-01,0,1,30.1
CLI00658,2023-01-01,0,1,66.6
CLI00658,2023-02-01,1,0,78.9
CLI00658,2023-04-01,1,0,8.2
CLI00658,2024-09-01,0,0,53.4
CLI00659,2024-06-01,0,0,56.1
CLI00659,2025-10-01,0,0,58.3
CLI00660,2025-02-01,0,1,66.7
CLI00660,2025-03-01,0,0,-7.8
CLI00660,2025-06-01,2,0,13.2
CLI00661,2024-12-01,0,0,6.6
CLI00662,2024-10-01,0,0,35.1
CLI00662,2024-12-01,2,1,14.8
CLI00662,2025-01-01,1,0,24.5
CLI00662,2025-03-01,3,0,20.6
CLI00663,2022-11-01,0,2,91.3
CLI00663,2025-01-01,0,0,-38.8
CLI00664,2023-06-01,0,0,56.7
CLI00664,2024-03-01,1,2,-21.2
CLI00665,2024-02-01,0,0,-19.8
CLI00665,2024-05-01,0,0,65.5
CLI00665,2025-06-01,1,0,7.3
CLI00665,2025-11-01,1,0,69.4
CLI00666,2025-07-01,0,1,39.0
CLI00667,2025-02-01,0,1,59.1
CLI00667,2025-06-01,0,2,11.2
CLI00667,2025-08-01,1,1,-13.9
CLI00667,2025-09-01,1,2,-37.4
CLI00668,2025-03-01,1,1,3.3
CLI00669,2024-01-01,1,0,41.5
CLI00669,2024-04-01,1,2,-42.0
CLI00671,2022-10-01,0,0,25.2
CLI00671,2025-03-01,3,0,49.2
CLI00671,2025-04-01,1,2,1.2
CLI00671,2025-12-01,0,2,41.2
CLI00672,2022-09-01,0,0,1.6
CLI00672,2023-11-01,0,2,79.4
CLI00672,2024-01-01,2,1,21.6
CLI00672,2024-10-01,0,0,42.6
CLI00672,2025-08-01,0,1,19.7
CLI00673,2024-09-01,2,0,-65.9
CLI00674,2024-09-01,0,0,69.2
CLI00674,2024-12-01,1,0,-24.8
CLI00674,2025-01-01,2,0,35.1
CLI00674,2025-03-01,2,0,5.2
CLI00674,2025-05-01,0,0,35.2
CLI00675,2024-10-01,1,4,4.1
CLI00675,2024-11-01,2,3,-18.8
CLI00676,2023-08-01,1,0,65.6
CLI00676,2024-05-01,0,0,25.9
CLI00676,2025-09-01,0,0,-10.8
CLI00677,2025-02-01,3,0,-3.5
CLI00678,2023-08-01,0,0,34.5
CLI00679,2024-01-01,0,0,62.0
CLI00679,2025-01-01,0,2,-20.7
CLI00679,2025-02-01,0,1,-13.5
CLI00679,2025-12-01,0,1,69.2
CLI00680,2024-10-01,0,1,4.8
CLI00680,2025-07-01,0,4,55.6
CLI00680,2025-08-01,0,0,20.9
CLI00680,2025-11-01,1,0,38.3
CLI00681,2023-01-01,0,1,30.4
CLI00681,2023-10-01,0,0,37.8
CLI00681,2025-03-01,1,0,-29.1
CLI00682,2023-10-01,0,0,21.6
CLI00682,2024-05-01,0,1,75.8
CLI00682,2024-06-01,0,1,65.4
CLI00682,2024-08-01,1,0,2.6
CLI00682,2024-11-01,0,1,-27.4
CLI00682,2024-12-01,0,0,-17.0
CLI00682,2025-09-01,0,0,20.3
CLI00683,2023-11-01,0,1,56.6
CLI00683,2024-03-01,0,0,48.5
CLI00684,2024-03-01,0,0,100.0
CLI00684,2024-11-01,5,0,-10.3
CLI00684,2025-01-01,0,0,-53.8
CLI00685,2024-03-01,2,2,2.5
CLI00685,2025-11-01,0,1,35.4
CLI00688,2025-12-01,0,1,30.5
CLI00689,2024-05-01,0,0,30.0
CLI00690,2025-05-01,3,1,-87.2
CLI00690,2025-06-01,1,1,-53.1
CLI00690,2025-07-01,1,1,19.3
CLI00691,2024-09-01,0,1,22.0
CLI00692,2023-12-01,1,0,67.8
CLI00693,2025-01-01,2,0,2.4
CLI00693,2025-03-01,0,1,-0.6
CLI00694,2024-05-01,1,0,55.1
CLI00694,2025-01-01,1,0,-12.3
CLI00695,2025-02-01,0,0,54.2
CLI00696,2023-09-01,0,0,13.0
CLI00696,2024-07-01,1,0,42.5
CLI00696,2024-09-01,0,0,2.4
CLI00696,2025-08-01,0,0,11.1
CLI00697,2024-03-01,0,0,41.2
CLI00697,2024-12-01,0,0,31.7
CLI00697,2025-02-01,0,1,37.6
CLI00697,2025-06-01,0,1,50.4
CLI00697,2025-08-01,0,0,27.1
CLI00698,2025-01-01,0,0,75.9
CLI00699,2024-03-01,0,1,48.0
CLI00699,2024-07-01,1,0,-15.6
CLI00699,2025-07-01,1,1,56.2
CLI00699,2025-08-01,4,1,2.9
CLI00700,2024-02-01,0,0,69.6
CLI00700,2025-05-01,0,0,-25.4
CLI00702,2023-07-01,0,0,50.9
CLI00702,2024-03-01,1,0,60.2
CLI00702,2025-02-01,2,0,-35.1
CLI00702,2025-04-01,1,1,13.1
CLI00703,2023-12-01,1,0,-81.0
CLI00703,2024-01-01,1,0,3.1
CLI00704,2023-12-01,1,0,-12.5
CLI00704,2024-01-01,2,3,-1.7
CLI00704,2024-02-01,1,2,-73.3
CLI00705,2025-05-01,5,0,-25.7
CLI00705,2025-11-01,0,0,7.2
CLI00706,2023-10-01,1,0,17.2
CLI00706,2024-06-01,0,1,9.4
CLI00707,2024-07-01,0,1,-0.4
CLI00707,2024-08-01,5,0,9.4
CLI00709,2024-08-01,0,1,39.0
CLI00709,2025-08-01,1,2,13.2
CLI00710,2022-10-01,0,0,20.0
CLI00710,2024-03-01,0,1,31.6
CLI00710,2025-01-01,0,0,55.3
CLI00710,2025-02-01,0,1,47.3
CLI00710,2025-05-01,0,0,46.3
CLI00711,2023-10-01,0,2,20.7
CLI00712,2023-08-01,0,0,39.5
CLI00712,2025-02-01,1,0,-20.2
CLI00712,2025-03-01,0,1,7.0
CLI00712,2025-12-01,0,0,-6.3
CLI00713,2023-11-01,0,0,54.7
CLI00713,2024-08-01,1,2,25.8
CLI00713,2024-11-01,1,1,-0.7
CLI00713,2025-04-01,0,0,51.2
CLI00714,2023-04-01,1,0,-19.9
CLI00714,2023-07-01,4,1,-7.2
CLI00714,2024-07-01,0,0,24.6
CLI00714,2025-12-01,0,0,66.2
CLI00715,2022-08-01,0,1,86.3
CLI00715,2024-08-01,0,1,72.0
CLI00715,2025-03-01,1,1,-6.6
CLI00715,2025-04-01,7,2,31.5
CLI00716,2023-07-01,0,0,15.7
CLI00716,2024-09-01,0,1,56.6
CLI00716,2025-06-01,2,0,-81.7
CLI00716,2025-07-01,0,1,6.8
CLI00716,2025-08-01,2,1,-11.1
CLI00717,2022-06-01,0,1,47.4
CLI00717,2023-01-01,0,0,47.4
CLI00717,2024-03-01,2,0,-33.6
CLI00717,2024-05-01,1,0,-7.7
CLI00717,2025-11-01,0,1,49.7
CLI00718,2023-04-01,1,0,56.9
CLI00718,2024-03-01,1,1,88.8
CLI00718,2024-11-01,2,0,-7.5
CLI00718,2024-12-01,1,0,14.3
CLI00718,2025-01-01,2,1,-6.1
CLI00718,2025-02-01,3,1,-19.8
CLI00719,2024-12-01,1,0,-31.1
CLI00719,2025-05-01,0,1,100.0
CLI00720,2025-06-01,2,1,-49.4
CLI00721,2023-12-01,0,1,61.9
CLI00721,2024-06-01,0,0,40.8
CLI00721,2024-07-01,0,0,20.2
CLI00722,2025-03-01,0,1,-27.2
CLI00722,2025-05-01,3,0,-24.0
CLI00723,2022-08-01,0,1,14.9
CLI00723,2024-03-01,1,1,77.6
CLI00723,2024-07-01,1,1,-42.3
CLI00723,2024-09-01,1,2,19.7
CLI00724,2025-03-01,2,0,-30.4
CLI00724,2025-05-01,3,1,-61.7
CLI00724,2025-08-01,0,0,51.3
CLI00724,2025-11-01,0,1,57.0
CLI00725,2023-02-01,0,1,-14.0
CLI00725,2023-06-01,1,0,57.5
CLI00725,2025-03-01,0,2,24.5
CLI00726,2023-06-01,1,1,27.9
CLI00726,2023-08-01,0,0,69.2
CLI00726,2023-10-01,1,1,48.9
CLI00726,2024-05-01,0,3,27.6
CLI00726,2025-08-01,2,0,-41.6
CLI00727,2024-01-01,0,0,43.3
CLI00727,2025-02-01,1,2,-49.7
CLI00728,2025-07-01,0,1,-22.2
CLI00729,2022-07-01,0,1,78.5
CLI00729,2022-10-01,0,0,32.4
CLI00729,2024-12-01,2,2,-69.9
CLI00729,2025-02-01,5,2,8.0
CLI00730,2025-09-01,0,1,32.1
CLI00730,2025-12-01,0,0,45.2
CLI00731,2023-04-01,0,1,67.2
CLI00731,2024-07-01,3,1,-76.9
CLI00732,2023-08-01,0,2,79.3
CLI00732,2024-09-01,0,0,35.6
CLI00732,2024-10-01,0,0,67.0
CLI00732,2025-01-01,0,0,52.9
CLI00732,2025-07-01,1,1,-40.6
CLI00733,2022-10-01,0,2,49.5
CLI00733,2023-03-01,0,1,28.3
CLI00733,2025-01-01,1,0,-19.9
CLI00733,2025-04-01,4,2,5.3
CLI00733,2025-09-01,0,0,57.3
CLI00733,2025-11-01,0,0,30.7
CLI00734,2023-08-01,0,1,91.1
CLI00734,2025-06-01,0,0,6.7
CLI00734,2025-08-01,0,2,-17.5
CLI00735,2025-01-01,2,1,11.8
CLI00735,2025-02-01,2,2,0.7
CLI00735,2025-04-01,4,2,23.7
CLI00735,2025-08-01,0,0,77.9
CLI00735,2025-11-01,0,2,82.8
CLI00736,2024-11-01,0,0,43.0
CLI00736,2025-09-01,4,0,18.9
CLI00737,2024-07-01,0,1,-19.9
CLI00737,2024-09-01,1,1,-26.7
CLI00737,2024-11-01,0,0,36.7
CLI00737,2025-12-01,0,0,41.4
CLI00738,2023-02-01,0,1,35.6
CLI00738,2023-03-01,1,0,2.2
CLI00738,2023-04-01,3,1,34.0
CLI00738,2023-05-01,2,3,6.0
CLI00738,2023-07-01,0,2,27.6
CLI00738,2024-11-01,0,0,2.9
CLI00739,2023-11-01,0,0,8.5
CLI00739,2025-02-01,1,1,16.1
CLI00740,2023-11-01,1,0,92.8
CLI00740,2023-12-01,0,1,28.7
CLI00740,2024-07-01,1,0,43.8
CLI00740,2025-01-01,0,0,17.3
CLI00740,2025-03-01,4,3,-16.5
CLI00741,2023-05-01,0,0,22.7
CLI00741,2024-12-01,1,1,-21.2
CLI00742,2023-05-01,0,1,31.8
CLI00742,2024-01-01,0,0,47.3
CLI00742,2024-05-01,1,1,35.6
CLI00742,2024-08-01,2,1,-15.0
CLI00743,2023-06-01,0,0,86.9
CLI00743,2024-08-01,0,2,-3.1
CLI00743,2025-01-01,0,0,77.6
CLI00743,2025-04-01,0,1,45.6
CLI00743,2025-06-01,5,1,37.2
CLI00744,2023-12-01,0,0,28.1
CLI00744,2024-04-01,1,1,-10.9
CLI00744,2024-06-01,3,0,-0.7
CLI00744,2025-08-01,1,0,13.4
CLI00744,2025-10-01,0,0,42.3
CLI00746,2024-04-01,0,0,48.2
CLI00746,2024-09-01,0,0,46.0
CLI00746,2025-04-01,0,0,6.0
CLI00747,2023-02-01,0,0,42.3
CLI00748,2022-09-01,0,0,60.9
CLI00748,2022-10-01,0,1,42.3
CLI00748,2025-09-01,0,0,100.0
CLI00749,2023-02-01,0,1,41.2
CLI00750,2025-03-01,1,1,-51.6
CLI00750,2025-06-01,0,2,16.8
CLI00752,2023-07-01,1,0,66.9
CLI00752,2024-10-01,2,1,-10.9
CLI00754,2024-06-01,0,1,62.4
CLI00754,2024-07-01,1,3,70.5
CLI00754,2024-10-01,0,4,44.2
CLI00754,2024-11-01,1,4,0.4
CLI00755,2025-10-01,0,0,2.0
CLI00756,2025-02-01,0,0,52.7
CLI00757,2023-09-01,0,0,54.8
CLI00757,2025-04-01,0,1,68.8
CLI00758,2023-08-01,0,0,14.6
CLI00758,2024-07-01,0,0,34.3
CLI00758,2024-08-01,0,3,51.2
CLI00758,2024-09-01,3,0,4.4
CLI00758,2024-10-01,0,1,-11.6
CLI00759,2025-08-01,0,1,60.6
CLI00760,2023-06-01,1,0,100.0
CLI00760,2025-07-01,1,1,-2.3
CLI00761,2022-06-01,0,0,14.8
CLI00761,2022-07-01,0,1,12.1
CLI00761,2023-08-01,2,0,37.6
CLI00761,2023-10-01,0,1,24.6
CLI00761,2025-01-01,0,0,42.6
CLI00762,2024-04-01,0,0,50.1
CLI00762,2025-06-01,0,3,53.2
CLI00763,2023-08-01,0,3,50.8
CLI00763,2023-10-01,0,1,22.6
CLI00763,2024-03-01,0,0,40.5
CLI00763,2025-03-01,3,0,28.8
CLI00763,2025-04-01,3,2,43.9
CLI00763,2025-06-01,2,2,-56.2
CLI00763,2025-08-01,0,1,77.5
CLI00763,2025-10-01,1,0,29.2
CLI00764,2024-12-01,0,1,40.5
CLI00765,2024-07-01,0,0,57.8
CLI00765,2025-07-01,0,2,10.9
CLI00765,2025-08-01,1,0,-25.3
CLI00765,2025-09-01,1,2,-10.6
CLI00766,2025-04-01,3,2,18.5
CLI00766,2025-05-01,1,2,-1.9
CLI00767,2024-02-01,0,0,0.9
CLI00769,2024-11-01,2,1,-1.1
CLI00770,2025-05-01,0,1,-31.3
CLI00770,2025-06-01,2,1,10.8
CLI00770,2025-08-01,3,1,-47.5
CLI00770,2025-12-01,1,0,51.9
CLI00771,2023-07-01,0,1,-4.4
CLI00771,2024-02-01,0,0,-0.4
CLI00771,2025-06-01,1,2,16.6
CLI00772,2023-06-01,0,0,31.4
CLI00772,2024-02-01,1,0,44.2
CLI00772,2024-07-01,1,0,42.0
CLI00772,2024-11-01,0,0,3.8
CLI00773,2023-10-01,0,1,61.8
CLI00773,2024-05-01,1,0,67.0
CLI00773,2024-12-01,3,0,-47.4
CLI00773,2025-01-01,2,1,-65.0
CLI00773,2025-02-01,3,2,-49.5
CLI00773,2025-03-01,0,0,42.5
CLI00774,2024-12-01,1,1,-37.2
CLI00775,2024-09-01,0,1,100.0
CLI00775,2024-10-01,0,0,76.0
CLI00776,2023-10-01,0,1,21.4
CLI00776,2023-11-01,0,3,50.9
CLI00776,2023-12-01,0,1,69.2
CLI00776,2025-02-01,3,0,-42.8
CLI00777,2024-10-01,1,1,-31.6
CLI00778,2024-12-01,0,2,64.4
CLI00778,2025-01-01,1,0,63.9
CLI00778,2025-07-01,5,1,25.0
CLI00779,2025-02-01,3,1,14.5
CLI00780,2024-06-01,0,3,22.2
CLI00780,2024-09-01,0,2,41.4
CLI00780,2025-05-01,0,0,46.7
CLI00781,2024-03-01,3,1,74.2
CLI00781,2024-08-01,0,1,42.1
CLI00781,2025-10-01,0,0,44.9
CLI00782,2024-11-01,3,1,-34.0
CLI00782,2024-12-01,2,2,-9.2
CLI00782,2025-02-01,1,0,2.8
CLI00782,2025-04-01,0,0,96.3
CLI00782,2025-10-01,0,0,60.4
CLI00783,2022-07-01,1,0,29.1
CLI00784,2025-03-01,1,2,31.2
CLI00784,2025-04-01,2,0,-36.3
CLI00784,2025-05-01,1,0,-39.4
CLI00786,2023-05-01,0,0,45.7
CLI00786,2024-09-01,1,0,49.0
CLI00786,2025-07-01,0,1,-12.8
CLI00788,2023-03-01,0,1,24.7
CLI00788,2023-07-01,0,0,30.1
CLI00788,2024-12-01,0,0,67.1
CLI00789,2023-01-01,1,1,18.9
CLI00789,2024-12-01,0,0,11.0
CLI00791,2024-03-01,4,1,84.6
CLI00791,2025-07-01,1,0,50.3
CLI00792,2024-07-01,1,0,33.5
CLI00792,2024-09-01,3,0,-16.8
CLI00793,2023-10-01,0,1,64.0
CLI00793,2024-03-01,0,1,53.4
CLI00793,2025-05-01,3,0,-16.9
CLI00794,2024-10-01,2,0,-28.6
CLI00794,2025-06-01,0,0,36.9
CLI00796,2024-08-01,1,0,73.6
CLI00796,2025-02-01,1,1,30.9
CLI00797,2023-06-01,0,1,22.5
CLI00797,2025-02-01,3,0,-33.5
CLI00797,2025-04-01,1,0,32.9
CLI00797,2025-05-01,2,2,39.9
CLI00798,2023-09-01,1,2,84.0
CLI00798,2023-11-01,0,0,15.1
CLI00798,2025-03-01,4,1,14.7
CLI00799,2023-04-01,0,0,68.4
CLI00799,2023-09-01,0,0,44.4
CLI00799,2024-05-01,2,3,-0.5
CLI00799,2024-06-01,2,1,41.0
CLI00799,2025-01-01,0,0,14.9
CLI00800,2025-05-01,1,0,-20.0
CLI00800,2025-08-01,0,0,71.2
CLI00801,2023-05-01,2,1,17.0
CLI00801,2024-10-01,1,2,-21.7
CLI00801,2024-11-01,2,1,-28.6
CLI00801,2025-09-01,0,1,21.9
CLI00802,2024-08-01,0,0,94.5
CLI00802,2025-05-01,0,0,53.3
CLI00804,2023-08-01,0,1,84.0
CLI00804,2024-02-01,0,3,54.0
CLI00804,2024-07-01,2,2,31.4
CLI00804,2025-02-01,1,1,64.6
CLI00805,2025-07-01,0,0,2.2
CLI00806,2024-10-01,0,1,9.3
CLI00806,2025-08-01,0,1,-24.8
CLI00808,2024-11-01,0,0,59.7
CLI00808,2025-08-01,1,3,-57.5
CLI00809,2024-11-01,1,0,10.6
CLI00809,2024-12-01,2,1,-37.3
CLI00809,2025-01-01,3,0,-28.0
CLI00809,2025-04-01,0,0,55.5
CLI00810,2024-10-01,1,0,40.4
CLI00812,2023-10-01,1,1,-4.9
CLI00812,2025-09-01,0,0,50.7
CLI00813,2023-12-01,0,0,100.0
CLI00813,2024-03-01,2,5,5.8
CLI00813,2024-04-01,1,1,30.3
CLI00814,2023-01-01,0,0,9.7
CLI00814,2023-08-01,1,0,27.6
CLI00814,2023-09-01,0,0,38.6
CLI00814,2024-08-01,0,0,62.7
CLI00814,2024-12-01,1,4,66.3
CLI00815,2022-10-01,0,2,48.5
CLI00815,2023-02-01,1,1,65.9
CLI00815,2024-08-01,0,0,19.4
CLI00815,2024-12-01,3,3,6.8
CLI00815,2025-02-01,1,0,-4.8
CLI00815,2025-03-01,0,2,-5.9
CLI00815,2025-05-01,1,1,100.0
CLI00816,2025-02-01,0,1,10.4
CLI00817,2025-08-01,1,1,-18.4
CLI00818,2023-06-01,0,0,46.1
CLI00818,2024-01-01,0,0,18.7
CLI00818,2025-05-01,2,0,1.4
CLI00818,2025-06-01,1,0,-23.7
CLI00819,2023-12-01,0,1,2.3
CLI00819,2024-11-01,0,1,11.7
CLI00820,2025-08-01,3,0,-2.1
CLI00821,2025-03-01,3,1,-77.5
CLI00821,2025-04-01,2,0,-16.7
CLI00822,2025-06-01,0,2,50.4
CLI00823,2023-07-01,0,1,23.2
CLI00823,2024-07-01,1,2,-11.3
CLI00824,2024-05-01,2,2,-37.1
CLI00824,2024-06-01,2,1,12.0
CLI00824,2024-11-01,0,1,59.0
CLI00824,2025-08-01,0,2,50.1
CLI00824,2025-09-01,0,0,41.4
CLI00825,2024-12-01,1,0,59.2
CLI00826,2023-02-01,0,0,39.5
CLI00826,2024-02-01,4,1,-18.0
CLI00826,2024-03-01,1,0,-29.5
CLI00826,2024-06-01,0,0,44.5
CLI00827,2024-11-01,0,0,81.0
CLI00827,2025-02-01,0,0,0.9
CLI00827,2025-04-01,0,0,90.8
CLI00827,2025-06-01,0,0,33.6
CLI00827,2025-12-01,0,1,70.8
CLI00828,2024-11-01,0,0,56.0
CLI00828,2025-08-01,0,1,85.2
CLI00829,2023-11-01,4,1,-15.5
CLI00830,2022-08-01,0,1,56.2
CLI00830,2022-11-01,0,1,93.1
CLI00830,2024-04-01,0,0,54.8
CLI00830,2025-06-01,0,1,-49.1
CLI00831,2024-12-01,1,2,-40.6
CLI00831,2025-01-01,1,0,-13.7
CLI00832,2024-10-01,2,0,-2.4
CLI00832,2024-12-01,2,0,-49.4
CLI00833,2025-04-01,1,0,40.7
CLI00833,2025-08-01,1,0,44.4
CLI00834,2025-01-01,0,2,57.4
CLI00835,2023-09-01,0,0,74.0
CLI00835,2025-11-01,0,2,78.8
CLI00836,2024-02-01,0,1,13.0
CLI00836,2024-06-01,3,0,1.0
CLI00836,2024-07-01,1,5,-9.7
CLI00836,2025-04-01,0,1,-14.3
CLI00839,2023-10-01,2,2,39.4
CLI00839,2025-08-01,1,1,41.6
CLI00840,2024-12-01,0,1,-87.4
CLI00841,2023-07-01,1,0,24.7
CLI00841,2024-05-01,0,1,57.9
CLI00841,2024-09-01,0,0,5.6
CLI00842,2024-10-01,1,1,53.0
CLI00842,2025-09-01,0,0,29.0
CLI00843,2022-11-01,0,0,41.7
CLI00843,2022-12-01,0,0,45.9
CLI00843,2024-07-01,1,1,82.0
CLI00843,2024-12-01,2,0,-2.9
CLI00843,2025-04-01,0,0,54.5
CLI00843,2025-07-01,0,0,64.2
CLI00844,2023-11-01,2,1,28.6
CLI00844,2024-06-01,0,2,78.2
CLI00844,2024-11-01,3,2,-8.5
CLI00844,2024-12-01,1,0,-34.2
CLI00845,2025-01-01,1,1,20.3
CLI00845,2025-07-01,1,0,37.3
CLI00846,2023-07-01,0,0,54.4
CLI00846,2023-09-01,0,3,-24.1
CLI00846,2025-05-01,1,2,-36.0
CLI00846,2025-08-01,2,0,-39.7
CLI00847,2024-12-01,2,0,-27.4
CLI00847,2025-08-01,0,0,90.9
CLI00847,2025-10-01,0,0,43.1
CLI00848,2025-05-01,1,1,-35.1
CLI00848,2025-10-01,0,1,36.4
CLI00848,2025-11-01,0,2,21.0
CLI00849,2024-11-01,0,1,85.0
CLI00850,2022-07-01,0,0,35.6
CLI00850,2023-04-01,0,0,31.3
CLI00850,2024-03-01,0,1,75.3
CLI00850,2024-12-01,2,1,-54.1
CLI00851,2024-09-01,0,0,63.2
CLI00851,2024-10-01,1,0,19.6
CLI00852,2024-06-01,3,0,-16.1
CLI00852,2024-07-01,1,2,-12.7
CLI00852,2024-08-01,1,1,1.1
CLI00852,2025-10-01,0,2,26.2
CLI00853,2024-02-01,0,0,60.9
CLI00853,2024-10-01,1,0,-2.0
CLI00854,2022-09-01,1,1,68.9
CLI00854,2024-01-01,0,0,28.1
CLI00854,2025-12-01,0,0,40.2
CLI00855,2025-02-01,0,1,42.8
CLI00855,2025-06-01,2,0,-25.7
CLI00856,2025-01-01,2,1,28.1
CLI00857,2024-10-01,0,2,-11.0
CLI00859,2025-07-01,1,1,-34.9
CLI00859,2025-12-01,0,0,69.3
CLI00860,2023-10-01,0,1,-0.2
CLI00860,2025-03-01,0,0,1.8
CLI00861,2024-08-01,1,1,9.8
CLI00861,2025-04-01,7,0,-2.1
CLI00862,2024-01-01,0,2,26.4
CLI00862,2024-11-01,1,0,-8.5
CLI00863,2023-01-01,0,2,38.3
CLI00863,2025-07-01,1,0,-27.6
CLI00864,2024-07-01,0,0,42.9
CLI00865,2025-06-01,0,0,-24.1
CLI00865,2025-10-01,1,1,36.7
CLI00866,2023-11-01,0,1,-17.8
CLI00866,2023-12-01,2,1,-2.8
CLI00866,2025-09-01,0,1,29.7
CLI00867,2023-04-01,0,0,60.3
CLI00867,2025-03-01,1,0,-31.5
CLI00867,2025-04-01,2,2,-11.9
CLI00868,2023-04-01,2,1,24.4
CLI00868,2023-09-01,0,0,22.3
CLI00868,2023-11-01,1,2,81.5
CLI00868,2024-10-01,0,0,24.8
CLI00868,2025-02-01,3,0,38.4
CLI00869,2023-07-01,1,1,-7.3
CLI00869,2023-11-01,2,1,-51.4
CLI00869,2025-07-01,0,0,65.2
CLI00870,2025-06-01,1,0,88.8
CLI00870,2025-09-01,1,0,37.3
CLI00871,2025-07-01,0,0,18.6
CLI00872,2023-06-01,1,2,47.1
CLI00872,2025-03-01,2,0,60.4
CLI00872,2025-04-01,2,1,46.9
CLI00873,2025-02-01,2,5,-7.5
CLI00873,2025-04-01,2,2,-3.5
CLI00874,2024-03-01,0,2,36.4
CLI00874,2025-03-01,3,1,-17.1
CLI00875,2024-08-01,0,0,55.1
CLI00875,2025-01-01,2,1,10.4
CLI00875,2025-06-01,2,1,55.1
CLI00876,2024-01-01,1,0,52.3
CLI00876,2024-10-01,2,1,-17.0
CLI00876,2024-11-01,2,1,-31.9
CLI00877,2024-09-01,1,1,-37.0
CLI00878,2024-10-01,2,5,14.2
CLI00879,2025-01-01,0,0,6.3
CLI00879,2025-02-01,0,0,-3.1
CLI00880,2024-07-01,0,0,46.0
CLI00880,2025-03-01,0,0,3.4
CLI00881,2023-04-01,1,0,14.4
CLI00881,2023-10-01,3,1,-37.0
CLI00881,2025-06-01,0,0,39.2
CLI00882,2023-02-01,0,2,51.5
CLI00882,2023-07-01,0,0,57.9
CLI00882,2025-01-01,2,3,-4.2
CLI00882,2025-05-01,0,0,59.8
CLI00883,2023-03-01,0,0,70.7
CLI00883,2024-05-01,0,1,65.3
CLI00883,2024-07-01,0,0,92.0
CLI00883,2025-02-01,2,2,19.9
CLI00884,2023-05-01,0,1,8.9
CLI00884,2023-11-01,0,0,24.5
CLI00884,2025-07-01,2,0,-37.1
CLI00884,2025-11-01,1,1,10.0
CLI00885,2023-02-01,0,0,89.7
CLI00885,2025-03-01,0,1,12.2
CLI00888,2023-09-01,0,0,32.8
CLI00888,2024-12-01,3,2,-8.0
CLI00889,2023-07-01,0,0,41.8
CLI00889,2024-12-01,2,1,-57.3
CLI00890,2023-04-01,1,0,60.3
CLI00890,2023-10-01,0,0,23.3
CLI00890,2025-01-01,0,0,30.2
CLI00890,2025-03-01,1,1,-18.6
CLI00891,2024-04-01,0,1,35.0
CLI00891,2025-04-01,0,0,-23.0
CLI00892,2025-02-01,2,1,-55.0
CLI00893,2023-06-01,0,1,80.9
CLI00893,2023-09-01,0,0,48.7
CLI00894,2023-09-01,1,0,41.4
CLI00894,2024-12-01,1,0,85.1
CLI00894,2025-06-01,3,3,3.9
CLI00894,2025-07-01,3,0,-14.4
CLI00895,2024-08-01,0,2,19.9
CLI00896,2024-05-01,0,0,59.8
CLI00896,2025-02-01,3,0,-32.9
CLI00898,2025-09-01,4,1,3.6
CLI00898,2025-10-01,0,0,93.2
CLI00898,2025-11-01,0,2,27.4
CLI00899,2024-01-01,2,1,8.2
CLI00899,2024-12-01,0,0,55.4
CLI00900,2022-10-01,0,1,57.6
CLI00900,2023-02-01,0,1,49.7
CLI00900,2023-11-01,1,1,17.2
CLI00900,2023-12-01,1,0,10.3
CLI00900,2024-02-01,6,0,21.6
CLI00901,2022-07-01,0,1,68.3
CLI00901,2023-04-01,0,0,12.5
CLI00901,2023-05-01,1,0,8.9
CLI00901,2024-03-01,0,0,35.2
CLI00901,2025-05-01,5,2,-21.9
CLI00901,2025-07-01,2,0,41.0
CLI00901,2025-08-01,3,2,4.2
CLI00902,2023-11-01,1,0,69.7
CLI00903,2024-09-01,0,0,33.2
CLI00903,2024-11-01,2,2,-33.6
CLI00903,2025-01-01,1,0,2.7
CLI00904,2023-12-01,0,0,60.6
CLI00904,2025-04-01,0,0,14.9
CLI00904,2025-07-01,2,0,10.9
CLI00905,2024-04-01,0,1,60.9
CLI00905,2025-04-01,0,0,8.2
CLI00906,2024-07-01,0,2,29.9
CLI00907,2023-07-01,0,1,45.8
CLI00907,2024-05-01,0,1,-11.2
CLI00907,2024-09-01,1,0,67.8
CLI00907,2025-02-01,0,0,45.6
CLI00908,2024-11-01,0,2,-11.6
CLI00908,2025-03-01,0,0,84.1
CLI00908,2025-11-01,0,0,35.9
CLI00909,2022-12-01,0,0,22.8
CLI00909,2024-12-01,1,1,51.0
CLI00909,2025-11-01,2,2,43.0
CLI00910,2023-02-01,0,1,48.3
CLI00910,2023-09-01,0,2,12.0
CLI00910,2024-09-01,1,0,-17.7
CLI00910,2024-10-01,2,1,13.8
CLI00910,2024-11-01,1,0,-10.8
CLI00910,2025-06-01,0,0,83.3
CLI00910,2025-11-01,1,3,9.9
CLI00911,2024-12-01,0,0,78.6
CLI00912,2024-07-01,2,1,6.2
CLI00912,2024-08-01,1,0,5.3
CLI00913,2024-10-01,1,4,-62.7
CLI00914,2024-04-01,1,1,35.9
CLI00914,2024-05-01,0,1,-44.9
CLI00914,2024-06-01,1,2,-31.0
CLI00915,2024-08-01,1,1,69.1
CLI00915,2025-01-01,0,0,67.7
CLI00915,2025-07-01,3,0,26.7
CLI00916,2024-06-01,0,1,100.0
CLI00916,2025-08-01,1,0,-13.1
CLI00917,2024-12-01,0,0,55.3
CLI00917,2025-04-01,1,1,13.7
CLI00918,2023-10-01,0,0,63.3
CLI00918,2024-11-01,0,2,41.8
CLI00918,2025-06-01,2,1,-15.6
CLI00919,2025-03-01,0,2,34.5
CLI00919,2025-04-01,0,0,44.3
CLI00919,2025-05-01,2,1,50.8
CLI00920,2023-08-01,0,1,60.2
CLI00920,2024-12-01,3,0,32.3
CLI00921,2024-03-01,0,0,47.4
CLI00922,2023-10-01,0,0,65.4
CLI00922,2025-02-01,2,0,-8.3
CLI00922,2025-04-01,1,0,28.2
CLI00922,2025-06-01,0,2,55.9
CLI00923,2024-10-01,2,2,-18.3
CLI00923,2025-01-01,4,0,-46.3
CLI00923,2025-04-01,0,0,0.7
CLI00924,2023-04-01,0,0,29.8
CLI00924,2024-12-01,1,2,31.7
CLI00924,2025-01-01,4,1,16.9
CLI00924,2025-02-01,0,3,-33.3
CLI00925,2024-01-01,1,3,16.6
CLI00925,2024-12-01,0,1,40.1
CLI00925,2025-11-01,2,0,58.0
CLI00926,2023-10-01,0,1,95.9
CLI00926,2023-12-01,0,1,88.9
CLI00926,2024-07-01,2,2,-46.5
CLI00927,2023-05-01,0,1,-33.5
CLI00927,2025-01-01,0,1,46.0
CLI00928,2024-04-01,0,1,42.6
CLI00928,2024-08-01,0,0,42.1
CLI00928,2025-12-01,1,0,53.3
CLI00929,2025-01-01,3,0,-4.3
CLI00930,2025-09-01,0,1,51.8
CLI00931,2024-10-01,3,0,36.7
CLI00932,2022-08-01,1,0,69.9
CLI00932,2022-10-01,0,1,42.0
CLI00932,2023-03-01,1,0,34.7
CLI00932,2024-12-01,1,3,-20.3
CLI00933,2023-08-01,0,2,57.9
CLI00933,2024-07-01,0,0,20.9
CLI00933,2025-09-01,0,0,32.7
CLI00934,2024-08-01,0,0,75.9
CLI00934,2024-12-01,0,1,15.0
CLI00935,2024-11-01,0,0,36.9
CLI00935,2025-04-01,3,1,24.2
CLI00935,2025-11-01,0,0,48.4
CLI00935,2025-12-01,0,0,33.7
CLI00936,2023-09-01,1,3,39.9
CLI00936,2023-12-01,0,0,22.2
CLI00936,2024-10-01,0,0,26.3
CLI00936,2025-09-01,0,0,76.9
CLI00937,2023-05-01,0,0,16.5
CLI00937,2024-01-01,1,4,15.9
CLI00937,2024-09-01,1,1,-22.6
CLI00938,2025-12-01,0,0,19.6
CLI00939,2022-11-01,0,0,59.8
CLI00939,2023-03-01,1,1,38.8
CLI00939,2024-01-01,0,0,22.8
CLI00941,2023-05-01,1,0,71.2
CLI00942,2024-03-01,0,2,47.0
CLI00943,2022-10-01,0,0,26.2
CLI00943,2023-01-01,0,1,57.2
CLI00943,2024-12-01,1,0,100.0
CLI00945,2023-07-01,0,0,38.2
CLI00945,2024-03-01,0,0,47.7
CLI00946,2024-09-01,1,2,-1.9
CLI00946,2025-06-01,1,1,50.7
CLI00947,2024-03-01,0,1,23.2
CLI00948,2023-09-01,0,0,19.1
CLI00948,2025-06-01,2,0,56.4
CLI00949,2023-10-01,0,0,39.7
CLI00949,2025-05-01,1,0,-78.5
CLI00949,2025-08-01,2,1,-22.3
CLI00949,2025-09-01,0,0,43.7
CLI00949,2025-10-01,0,1,43.6
CLI00950,2022-12-01,0,0,58.5
CLI00950,2024-08-01,1,0,-75.8
CLI00950,2024-10-01,0,0,-18.7
CLI00950,2025-03-01,1,0,68.1
CLI00950,2025-05-01,0,1,18.1
CLI00951,2024-10-01,0,1,27.2
CLI00952,2024-01-01,0,0,31.9
CLI00952,2024-04-01,1,0,-2.0
CLI00952,2024-05-01,1,2,-26.3
CLI00952,2025-05-01,0,2,50.6
CLI00952,2025-06-01,0,0,62.1
CLI00953,2023-04-01,0,0,21.0
CLI00953,2024-08-01,0,0,51.0
CLI00953,2025-04-01,2,1,-60.2
CLI00954,2025-04-01,1,1,-17.0
CLI00954,2025-07-01,2,1,7.1
CLI00955,2023-08-01,0,0,38.2
CLI00955,2024-03-01,0,0,27.5
CLI00955,2024-07-01,4,2,-18.2
CLI00956,2023-09-01,1,1,34.7
CLI00956,2024-03-01,0,0,20.2
CLI00956,2024-04-01,0,2,-33.1
CLI00956,2024-05-01,1,1,-12.2
CLI00957,2023-03-01,0,0,17.5
CLI00957,2024-10-01,0,0,50.9
CLI00957,2025-05-01,2,0,-32.5
CLI00957,2025-06-01,1,0,-89.1
CLI00957,2025-08-01,1,0,72.2
CLI00959,2025-05-01,0,0,-44.0
CLI00959,2025-06-01,0,1,-9.2
CLI00960,2023-04-01,0,2,8.2
CLI00960,2025-08-01,0,1,32.6
CLI00962,2023-04-01,0,1,12.3
CLI00962,2024-06-01,0,0,14.4
CLI00962,2025-07-01,0,0,-5.2
CLI00963,2023-08-01,0,1,71.1
CLI00963,2023-12-01,1,0,-0.1
CLI00963,2024-03-01,0,1,19.6
CLI00963,2024-07-01,1,0,31.5
CLI00963,2025-11-01,0,0,23.2
CLI00964,2025-07-01,0,2,26.0
CLI00964,2025-09-01,2,0,-22.9
CLI00965,2024-08-01,2,1,-15.5
CLI00966,2024-06-01,0,1,97.3
CLI00966,2024-09-01,1,3,30.9
CLI00967,2024-06-01,2,0,-34.8
CLI00967,2024-08-01,2,0,-6.1
CLI00967,2024-09-01,0,2,-2.3
CLI00967,2025-04-01,0,0,38.5
CLI00968,2025-07-01,1,1,-4.2
CLI00969,2025-02-01,2,0,-27.1
CLI00969,2025-11-01,0,0,17.8
CLI00970,2024-01-01,0,1,39.3
CLI00970,2025-04-01,1,2,31.1
CLI00971,2024-12-01,0,1,46.7
CLI00971,2025-06-01,3,1,-17.8
CLI00971,2025-08-01,0,0,2.7
CLI00972,2023-06-01,0,0,-20.2
CLI00972,2024-08-01,1,0,-0.2
CLI00973,2023-01-01,1,0,45.7
CLI00973,2024-04-01,0,1,31.9
CLI00973,2025-06-01,0,1,13.2
CLI00974,2023-11-01,4,1,-16.1
CLI00974,2024-08-01,0,0,60.6
CLI00975,2023-07-01,0,0,69.1
CLI00975,2024-11-01,1,1,-27.3
CLI00975,2024-12-01,0,0,-1.3
CLI00976,2023-02-01,0,0,40.9
CLI00976,2024-10-01,0,0,31.9
CLI00976,2025-02-01,2,1,-17.2
CLI00976,2025-03-01,0,2,6.5
CLI00977,2024-05-01,0,0,68.0
CLI00977,2025-09-01,0,1,29.8
CLI00979,2024-01-01,0,0,48.8
CLI00980,2024-05-01,0,1,36.7
CLI00980,2024-11-01,0,0,37.6
CLI00981,2025-04-01,0,0,27.4
CLI00981,2025-10-01,0,0,67.3
CLI00982,2023-10-01,0,0,35.7
CLI00983,2024-02-01,0,0,73.2
CLI00983,2025-06-01,1,2,-74.7
CLI00983,2025-07-01,1,0,-21.2
CLI00983,2025-08-01,0,0,17.6
CLI00984,2024-08-01,0,0,26.9
CLI00985,2025-02-01,3,2,16.5
CLI00985,2025-03-01,4,1,-7.3
CLI00985,2025-04-01,0,0,71.2
CLI00985,2025-06-01,0,1,24.2
CLI00986,2024-12-01,0,1,14.5
CLI00987,2024-09-01,1,0,-13.1
CLI00987,2024-10-01,1,1,-33.4
CLI00989,2023-06-01,0,0,29.4
CLI00989,2023-09-01,0,1,61.9
CLI00989,2025-06-01,3,1,-43.8
CLI00989,2025-07-01,1,0,-17.6
CLI00990,2025-04-01,2,1,-48.3
CLI00990,2025-08-01,0,1,51.0
CLI00991,2025-01-01,0,0,-35.6
CLI00991,2025-08-01,0,2,83.8
CLI00993,2023-01-01,0,0,8.9
CLI00993,2025-01-01,1,1,-40.0
CLI00993,2025-03-01,0,0,-1.7
CLI00994,2025-02-01,2,1,10.6
CLI00994,2025-04-01,3,2,-53.0
CLI00995,2022-03-01,0,2,78.1
CLI00995,2024-05-01,0,0,63.4
CLI00995,2024-10-01,1,0,43.5
CLI00995,2025-10-01,1,2,33.4
CLI00996,2024-08-01,1,3,64.7
CLI00996,2025-05-01,1,1,-21.4
CLI00997,2023-12-01,0,1,31.4
CLI00997,2025-10-01,0,1,32.0
CLI00998,2024-08-01,3,0,-17.8
CLI00998,2025-03-01,0,2,12.3
CLI00999,2025-05-01,0,1,25.6
CLI01000,2025-04-01,1,1,-16.5
CLI01001,2025-03-01,1,1,-19.0
CLI01001,2025-10-01,0,0,79.6
CLI01002,2024-08-01,0,1,12.0
CLI01002,2025-04-01,4,0,-41.2
CLI01002,2025-07-01,0,1,33.6
CLI01003,2024-05-01,0,0,70.0
CLI01003,2025-04-01,0,0,17.6
CLI01003,2025-05-01,0,0,74.1
CLI01003,2025-11-01,0,0,59.9
CLI01004,2024-03-01,3,1,33.9
CLI01005,2025-03-01,1,0,58.0
CLI01006,2022-11-01,0,0,85.8
CLI01006,2024-02-01,1,1,31.3
CLI01006,2024-10-01,0,0,24.0
CLI01007,2023-05-01,0,0,7.6
CLI01007,2023-09-01,0,1,36.0
CLI01007,2024-03-01,0,2,42.1
CLI01007,2024-07-01,1,2,-8.5
CLI01007,2024-08-01,2,2,-49.1
CLI01008,2024-01-01,0,1,31.9
CLI01008,2024-06-01,0,0,52.7
CLI01010,2023-11-01,0,1,20.4
CLI01010,2025-02-01,0,0,47.8
CLI01010,2025-11-01,0,0,58.0
CLI01011,2022-09-01,0,0,39.6
CLI01012,2025-04-01,4,1,42.0
CLI01012,2025-06-01,2,1,30.6
CLI01013,2025-09-01,1,1,-35.5
CLI01014,2024-09-01,2,0,14.1
CLI01015,2024-08-01,3,1,-37.5
CLI01017,2025-08-01,0,1,57.1
CLI01018,2023-07-01,0,0,60.1
CLI01018,2025-07-01,0,0,26.5
CLI01018,2025-11-01,0,0,50.4
CLI01019,2023-12-01,0,0,30.2
CLI01019,2024-10-01,0,0,-26.2
CLI01019,2025-07-01,0,1,70.4
CLI01020,2022-05-01,0,0,29.6
CLI01020,2023-03-01,1,1,84.1
CLI01020,2023-06-01,1,1,49.6
CLI01021,2023-07-01,0,1,53.0
CLI01021,2024-05-01,0,1,19.0
CLI01021,2025-04-01,0,1,63.3
CLI01021,2025-08-01,2,0,4.0
CLI01022,2024-09-01,2,3,-33.3
CLI01023,2023-07-01,1,1,17.8
CLI01023,2024-12-01,1,2,-10.4
CLI01024,2025-02-01,1,0,65.8
CLI01024,2025-10-01,0,0,73.4
CLI01026,2023-10-01,0,0,48.7
CLI01026,2025-08-01,0,0,3.7
CLI01027,2025-05-01,1,5,3.7
CLI01027,2025-08-01,3,0,48.8
CLI01028,2025-08-01,1,0,-17.7
CLI01029,2022-10-01,0,1,47.1
CLI01029,2023-03-01,0,0,55.2
CLI01029,2024-10-01,1,0,-9.1
CLI01029,2024-12-01,1,2,-6.4
CLI01030,2023-04-01,0,0,61.9
CLI01030,2024-06-01,0,2,-12.4
CLI01030,2024-08-01,0,0,50.4
CLI01030,2024-10-01,0,0,54.4
CLI01030,2025-03-01,2,1,28.6
CLI01032,2024-05-01,0,0,49.5
CLI01032,2025-04-01,0,2,51.0
CLI01032,2025-07-01,2,0,-59.2
CLI01032,2025-08-01,2,2,-16.5
CLI01033,2025-07-01,1,2,-26.5
CLI01034,2024-10-01,2,2,-14.2
CLI01034,2024-12-01,1,0,-5.1
CLI01034,2025-01-01,2,0,1.5
CLI01034,2025-08-01,0,1,67.7
CLI01035,2023-10-01,0,0,-21.5
CLI01035,2024-01-01,1,0,18.3
CLI01035,2025-08-01,0,0,45.3
CLI01037,2023-11-01,0,0,28.2
CLI01037,2024-06-01,1,2,41.7
CLI01037,2025-01-01,0,0,-13.1
CLI01037,2025-04-01,0,2,30.1
CLI01037,2025-05-01,2,0,-22.8
CLI01038,2023-03-01,0,1,58.4
CLI01038,2024-05-01,1,2,69.3
CLI01038,2024-10-01,2,4,-16.6
CLI01038,2024-11-01,1,1,-8.3
CLI01039,2024-11-01,0,0,47.5
CLI01039,2025-02-01,0,1,43.1
CLI01040,2023-01-01,1,2,61.1
CLI01040,2023-12-01,0,0,-19.6
CLI01040,2024-03-01,0,0,69.6
CLI01041,2024-08-01,0,1,-36.8
CLI01041,2025-12-01,0,0,0.8
CLI01042,2024-05-01,0,0,26.0
CLI01042,2024-06-01,0,2,55.4
CLI01042,2024-12-01,0,0,1.9
CLI01042,2025-01-01,2,1,15.2
CLI01042,2025-02-01,2,1,-12.5
CLI01042,2025-11-01,0,1,18.3
CLI01043,2025-08-01,1,2,55.7
CLI01044,2024-08-01,1,1,-32.1
CLI01045,2023-09-01,0,1,59.2
CLI01045,2023-11-01,0,0,90.3
CLI01045,2024-07-01,1,1,20.8
CLI01045,2024-08-01,1,2,-60.0
CLI01045,2024-09-01,1,0,8.5
CLI01045,2024-10-01,0,0,-11.5
CLI01046,2024-01-01,2,0,53.9
CLI01046,2024-06-01,1,1,50.9
CLI01046,2024-07-01,0,0,23.6
CLI01046,2025-05-01,2,0,-9.7
CLI01047,2023-05-01,0,0,16.1
CLI01048,2023-08-01,0,1,60.9
CLI01048,2023-09-01,1,1,29.1
CLI01048,2024-10-01,0,3,-23.6
CLI01049,2023-06-01,0,0,63.6
CLI01049,2024-04-01,0,0,32.0
CLI01049,2024-05-01,2,1,-5.7
CLI01049,2024-06-01,0,1,-26.3
CLI01049,2024-07-01,2,2,19.0
CLI01049,2024-12-01,0,0,-18.9
CLI01049,2025-03-01,0,1,52.6
CLI01050,2023-04-01,0,0,59.2
CLI01050,2024-07-01,2,1,11.0
CLI01051,2023-12-01,1,1,67.6
CLI01051,2024-03-01,0,0,29.6
CLI01051,2024-07-01,0,0,43.9
CLI01052,2022-07-01,0,0,65.5
CLI01052,2024-11-01,1,0,43.7
CLI01052,2025-12-01,0,0,31.0
CLI01053,2023-09-01,0,1,37.2
CLI01053,2025-02-01,3,0,-12.5
CLI01054,2024-07-01,0,0,53.1
CLI01054,2025-01-01,1,1,38.1
CLI01054,2025-05-01,0,0,100.0
CLI01055,2024-06-01,0,1,32.6
CLI01055,2025-05-01,1,0,-26.6
CLI01056,2023-06-01,0,2,33.0
CLI01056,2024-06-01,0,0,9.8
CLI01056,2025-07-01,0,4,-17.0
CLI01057,2022-10-01,0,0,39.2
CLI01057,2022-11-01,0,1,65.2
CLI01057,2023-06-01,0,1,72.2
CLI01057,2025-04-01,0,0,42.0
CLI01057,2025-06-01,1,3,-53.1
CLI01058,2024-05-01,3,0,11.2
CLI01058,2025-05-01,0,1,27.2
CLI01061,2025-10-01,1,0,37.0
CLI01061,2025-11-01,0,2,85.3
CLI01062,2023-12-01,0,0,1.7
CLI01062,2024-04-01,3,1,-3.8
CLI01062,2024-05-01,0,1,28.0
CLI01062,2024-12-01,0,0,28.3
CLI01063,2024-07-01,0,1,21.6
CLI01063,2025-01-01,0,0,53.6
CLI01063,2025-04-01,0,1,-18.8
CLI01064,2024-09-01,0,0,79.1
CLI01064,2024-12-01,3,0,7.6
CLI01066,2025-07-01,1,0,8.9
CLI01066,2025-08-01,2,2,37.7
CLI01067,2023-05-01,0,1,70.3
CLI01067,2023-11-01,1,2,-10.8
CLI01067,2024-02-01,1,0,46.7
CLI01068,2025-02-01,0,0,64.9
CLI01069,2025-03-01,5,1,65.9
CLI01069,2025-10-01,1,1,34.8
CLI01070,2024-08-01,0,1,-17.6
CLI01070,2024-10-01,0,0,1.6
CLI01070,2025-04-01,0,0,25.8
CLI01071,2024-03-01,0,0,28.3
CLI01071,2024-05-01,0,2,-28.5
CLI01071,2025-03-01,1,1,73.5
CLI01072,2024-09-01,0,0,-55.6
CLI01072,2024-11-01,2,1,-15.3
CLI01072,2025-05-01,0,0,28.8
CLI01074,2025-07-01,1,1,-61.6
CLI01075,2025-05-01,2,1,-53.4
CLI01076,2023-04-01,0,1,48.9
CLI01076,2023-10-01,0,1,31.1
CLI01076,2023-12-01,0,4,-47.0
CLI01076,2024-11-01,0,0,70.2
CLI01076,2025-01-01,0,1,85.9
CLI01078,2023-03-01,1,0,29.5
CLI01078,2024-09-01,0,1,6.4
CLI01079,2024-01-01,0,0,50.8
CLI01080,2024-10-01,2,0,-38.7
CLI01080,2025-10-01,1,0,64.2
CLI01081,2024-02-01,0,3,52.5
CLI01081,2024-07-01,0,1,19.4
CLI01081,2024-11-01,1,0,-16.9
CLI01082,2024-11-01,3,0,-21.8
CLI01082,2024-12-01,2,2,-39.7
CLI01082,2025-01-01,3,4,-62.6
CLI01083,2023-05-01,0,0,57.6
CLI01083,2024-07-01,0,0,-5.8
CLI01083,2024-11-01,0,0,32.5
CLI01083,2025-04-01,1,1,18.5
CLI01083,2025-12-01,0,2,96.8
CLI01084,2023-11-01,0,0,64.4
CLI01084,2024-04-01,0,0,81.7
CLI01085,2024-01-01,0,0,43.9
CLI01085,2024-12-01,1,1,-8.2
CLI01085,2025-01-01,0,0,6.7
CLI01085,2025-02-01,3,1,10.2
CLI01085,2025-06-01,0,1,78.1
CLI01086,2022-11-01,0,1,46.0
CLI01086,2022-12-01,0,1,26.5
CLI01086,2023-06-01,0,1,17.6
CLI01086,2024-02-01,1,0,47.6
CLI01086,2024-05-01,0,1,29.8
CLI01086,2024-12-01,0,0,10.1
CLI01086,2025-02-01,1,0,-48.3
CLI01087,2023-10-01,0,0,61.6
CLI01087,2023-11-01,0,1,-5.8
CLI01087,2023-12-01,0,0,-4.9
CLI01087,2025-03-01,0,0,24.7
CLI01088,2024-11-01,1,3,46.8
CLI01088,2025-02-01,0,2,28.9
CLI01089,2022-09-01,0,0,4.7
CLI01089,2024-06-01,0,1,51.0
CLI01089,2025-04-01,3,0,-19.4
CLI01089,2025-06-01,1,0,-57.7
CLI01089,2025-10-01,0,1,19.0
CLI01090,2024-05-01,0,1,-30.8
CLI01090,2024-06-01,1,0,28.2
CLI01090,2025-01-01,0,1,10.8
CLI01092,2024-05-01,0,0,63.8
CLI01092,2024-09-01,0,1,67.6
CLI01092,2025-09-01,1,0,-52.3
CLI01093,2024-05-01,1,2,-12.6
CLI01095,2023-12-01,1,0,3.7
CLI01095,2024-06-01,0,0,52.7
CLI01095,2025-06-01,0,3,57.9
CLI01096,2024-07-01,1,1,81.1
CLI01096,2025-12-01,0,1,59.4
CLI01097,2023-05-01,0,0,59.5
CLI01097,2024-01-01,0,1,-0.9
CLI01097,2025-02-01,0,0,31.6
CLI01098,2022-12-01,0,1,42.7
CLI01098,2023-10-01,2,2,50.2
CLI01098,2025-07-01,1,0,40.1
CLI01099,2022-10-01,0,0,49.0
CLI01099,2024-04-01,0,1,2.6
CLI01099,2025-06-01,3,1,-4.1
CLI01100,2024-05-01,1,0,40.5
CLI01100,2024-08-01,0,1,27.2
CLI01100,2024-12-01,2,0,-55.2
CLI01100,2025-03-01,0,2,63.9
CLI01101,2022-11-01,1,2,6.5
CLI01101,2025-06-01,0,1,-51.2
CLI01102,2023-03-01,0,0,39.6
CLI01102,2023-10-01,0,0,34.7
CLI01102,2024-02-01,1,1,17.0
CLI01102,2024-09-01,0,2,60.7
CLI01102,2025-03-01,0,2,25.9
CLI01102,2025-11-01,0,1,38.9
CLI01103,2024-11-01,1,1,-47.3
CLI01103,2025-10-01,0,1,52.8
CLI01104,2022-11-01,0,3,69.8
CLI01104,2023-05-01,1,0,63.8
CLI01104,2025-04-01,2,5,-22.8
CLI01104,2025-06-01,2,1,32.7
CLI01104,2025-07-01,2,0,14.8
CLI01105,2023-11-01,0,0,55.3
CLI01105,2024-07-01,1,0,24.6
CLI01105,2024-09-01,1,1,3.8
CLI01105,2025-01-01,0,0,56.0
CLI01106,2022-09-01,1,0,14.3
CLI01106,2023-02-01,0,0,70.3
CLI01106,2025-12-01,0,2,-6.2
CLI01107,2025-02-01,0,0,-20.4
CLI01107,2025-04-01,2,0,-4.3
CLI01108,2025-02-01,2,0,-8.7
CLI01108,2025-04-01,1,0,-6.4
CLI01109,2025-05-01,3,1,17.4
CLI01109,2025-06-01,0,0,-31.7
CLI01109,2025-10-01,0,0,33.1
CLI01110,2024-01-01,0,0,57.0
CLI01110,2024-12-01,2,0,-25.2
CLI01110,2025-02-01,1,2,-39.8
CLI01111,2022-08-01,0,1,32.4
CLI01111,2025-02-01,2,2,4.3
CLI01111,2025-11-01,1,3,34.7
CLI01112,2023-06-01,0,0,50.1
CLI01114,2025-01-01,1,0,-49.2
CLI01114,2025-04-01,1,1,94.4
CLI01114,2025-06-01,0,0,35.5
CLI01115,2024-06-01,2,1,28.2
CLI01116,2023-03-01,0,0,76.4
CLI01116,2023-11-01,1,0,47.2
CLI01116,2024-07-01,1,0,-41.5
CLI01116,2024-10-01,0,1,-68.4
CLI01117,2024-01-01,0,0,-22.2
CLI01118,2023-09-01,1,0,20.6
CLI01118,2024-03-01,0,2,-16.7
CLI01118,2024-05-01,3,1,-40.7
CLI01118,2024-06-01,2,1,-32.4
CLI01118,2024-09-01,0,0,69.7
CLI01118,2025-08-01,0,0,64.2
CLI01118,2025-09-01,0,0,61.7
CLI01119,2024-02-01,0,0,62.5
CLI01119,2024-03-01,0,0,-7.7
CLI01119,2025-01-01,1,0,-10.8
CLI01119,2025-04-01,1,0,-58.4
CLI01119,2025-06-01,0,0,77.9
CLI01119,2025-09-01,1,0,57.1
CLI01120,2024-08-01,0,0,58.0
CLI01120,2025-03-01,0,1,21.2
CLI01120,2025-07-01,1,1,-12.7
CLI01120,2025-08-01,2,4,10.4
CLI01121,2024-04-01,4,1,-20.1
CLI01122,2023-01-01,0,1,50.6
CLI01122,2024-10-01,0,0,-15.3
CLI01122,2025-01-01,2,1,-48.9
CLI01123,2024-02-01,0,2,70.3
CLI01123,2024-12-01,1,0,-7.3
CLI01123,2025-11-01,0,1,-4.3
CLI01124,2023-11-01,0,0,42.6
CLI01124,2024-10-01,1,0,-25.7
CLI01124,2024-11-01,0,1,-14.1
CLI01124,2025-07-01,0,0,56.6
CLI01125,2025-05-01,2,0,-37.1
CLI01125,2025-06-01,2,0,-49.9
CLI01125,2025-07-01,2,0,-18.9
CLI01126,2022-10-01,0,1,71.0
CLI01126,2024-09-01,3,2,-25.5
CLI01126,2024-11-01,2,0,1.8
CLI01126,2024-12-01,0,1,15.3
CLI01127,2024-03-01,0,1,63.6
CLI01127,2025-02-01,0,1,29.2
CLI01127,2025-08-01,0,2,53.3
CLI01128,2023-10-01,0,0,32.2
CLI01128,2024-10-01,0,0,55.9
CLI01128,2025-06-01,0,2,43.1
CLI01129,2024-02-01,1,0,68.7
CLI01129,2024-11-01,1,0,-15.4
CLI01129,2025-02-01,3,2,-40.1
CLI01130,2025-05-01,1,0,63.6
CLI01131,2024-07-01,0,0,11.4
CLI01132,2023-04-01,1,0,11.4
CLI01132,2024-12-01,1,0,45.3
CLI01132,2025-04-01,1,1,7.4
CLI01134,2023-01-01,0,2,-4.8
CLI01134,2023-05-01,0,0,43.1
CLI01135,2024-10-01,3,1,-46.8
CLI01135,2025-08-01,0,0,11.0
CLI01136,2024-02-01,0,1,61.2
CLI01136,2024-11-01,2,1,-33.8
CLI01136,2025-01-01,4,0,-17.5
CLI01136,2025-04-01,1,0,57.2
CLI01136,2025-05-01,0,0,48.0
CLI01138,2024-05-01,0,0,62.9
CLI01139,2023-01-01,0,2,61.3
CLI01139,2025-05-01,0,1,-18.4
CLI01139,2025-08-01,0,1,-34.3
CLI01140,2023-12-01,4,0,21.3
CLI01140,2024-01-01,0,3,58.9
CLI01140,2024-02-01,0,1,28.2
CLI01140,2025-07-01,1,0,50.7
CLI01141,2024-03-01,1,0,47.4
CLI01141,2024-12-01,0,0,48.6
CLI01141,2025-01-01,0,0,73.2
CLI01141,2025-11-01,0,0,35.8
CLI01142,2022-11-01,0,1,99.3
CLI01142,2024-02-01,0,0,61.7
CLI01142,2024-12-01,3,0,-43.0
CLI01142,2025-06-01,0,1,25.1
CLI01143,2023-11-01,0,1,64.8
CLI01143,2024-01-01,0,0,97.4
CLI01143,2024-09-01,0,1,57.2
CLI01144,2024-01-01,0,0,82.9
CLI01144,2025-01-01,3,1,19.6
CLI01144,2025-02-01,2,0,-13.9
CLI01145,2023-01-01,0,0,24.4
CLI01145,2023-11-01,0,1,38.3
CLI01145,2024-07-01,2,2,14.0
CLI01145,2024-09-01,2,1,-12.2
CLI01146,2025-01-01,3,0,7.9
CLI01148,2024-12-01,2,0,-36.8
CLI01148,2025-08-01,0,0,79.6
CLI01149,2022-09-01,0,0,30.6
CLI01149,2024-10-01,2,1,39.7
CLI01149,2024-11-01,0,0,22.1
CLI01151,2025-04-01,1,0,-7.7
CLI01152,2023-12-01,2,1,56.0
CLI01152,2024-07-01,2,0,11.3
CLI01153,2025-03-01,3,2,16.2
CLI01153,2025-06-01,2,0,18.7
CLI01153,2025-10-01,0,0,27.0
CLI01154,2023-01-01,0,0,61.6
CLI01154,2023-05-01,0,0,70.4
CLI01154,2024-02-01,0,0,64.9
CLI01155,2024-07-01,0,0,41.9
CLI01156,2024-04-01,0,1,34.0
CLI01156,2025-05-01,2,1,-13.3
CLI01157,2023-04-01,0,0,47.1
CLI01157,2023-07-01,0,0,67.4
CLI01157,2024-01-01,0,1,45.8
CLI01157,2024-05-01,1,1,51.4
CLI01157,2024-09-01,0,1,-37.3
CLI01157,2025-03-01,0,0,52.0
CLI01157,2025-05-01,0,0,61.2
CLI01157,2025-11-01,0,0,70.0
CLI01158,2023-09-01,1,1,81.6
CLI01159,2025-05-01,2,0,14.1
CLI01160,2024-05-01,0,0,47.4
CLI01160,2024-09-01,4,1,30.8
CLI01160,2024-10-01,2,1,-6.8
CLI01160,2024-11-01,2,2,-21.1
CLI01161,2025-05-01,1,1,-2.7
CLI01162,2023-12-01,0,1,64.0
CLI01162,2025-03-01,3,1,41.0
CLI01162,2025-07-01,3,0,43.6
CLI01162,2025-08-01,0,1,3.5
CLI01163,2025-08-01,0,0,9.6
CLI01165,2024-05-01,0,0,30.0
CLI01165,2024-08-01,0,0,37.2
CLI01165,2025-05-01,0,2,48.7
CLI01165,2025-06-01,3,3,6.6
CLI01165,2025-08-01,1,0,-46.1
CLI01166,2023-08-01,4,3,-27.2
CLI01166,2023-09-01,1,1,-38.3
CLI01167,2023-05-01,0,0,29.4
CLI01168,2022-10-01,0,0,35.2
CLI01168,2024-03-01,0,0,65.3
CLI01168,2024-06-01,2,1,-9.4
CLI01169,2023-03-01,0,2,43.0
CLI01169,2024-07-01,2,2,25.1
CLI01169,2025-04-01,4,0,-0.3
CLI01170,2023-12-01,0,0,60.3
CLI01170,2024-06-01,0,1,-20.3
CLI01170,2024-07-01,1,1,4.6
CLI01170,2024-08-01,1,0,1.1
CLI01170,2024-09-01,3,2,35.3
CLI01170,2024-12-01,0,2,84.9
CLI01170,2025-01-01,0,1,46.8
CLI01171,2024-05-01,1,0,9.0
CLI01171,2024-06-01,1,0,66.7
CLI01172,2023-07-01,1,0,21.8
CLI01172,2024-07-01,0,0,27.6
CLI01172,2024-09-01,0,0,36.5
CLI01172,2024-11-01,1,1,-32.9
CLI01172,2025-11-01,0,2,19.8
CLI01174,2025-04-01,1,0,40.3
CLI01175,2024-06-01,1,0,-18.0
CLI01176,2024-03-01,3,3,-9.3
CLI01176,2024-06-01,0,1,43.1
CLI01177,2024-09-01,2,1,-61.9
CLI01178,2025-04-01,3,2,13.0
CLI01178,2025-06-01,0,1,4.7
CLI01178,2025-11-01,0,0,10.1
CLI01180,2024-06-01,0,1,26.3
CLI01180,2024-08-01,0,0,27.6
CLI01181,2023-08-01,0,0,80.0
CLI01181,2025-06-01,3,0,-23.6
CLI01181,2025-07-01,1,0,52.0
CLI01181,2025-08-01,1,0,-11.3
CLI01181,2025-09-01,1,1,-11.1
CLI01182,2023-01-01,0,1,38.1
CLI01182,2025-08-01,1,1,11.5
CLI01183,2025-02-01,0,0,57.8
CLI01183,2025-04-01,0,1,45.4
CLI01183,2025-06-01,0,1,27.8
CLI01183,2025-09-01,0,0,76.2
CLI01184,2023-08-01,0,1,42.9
CLI01184,2025-05-01,1,0,-57.9
CLI01184,2025-10-01,0,1,30.6
CLI01185,2024-02-01,0,1,58.8
CLI01185,2024-05-01,0,0,33.7
CLI01185,2025-06-01,3,2,-2.9
CLI01185,2025-08-01,1,1,-40.3
CLI01185,2025-10-01,1,1,30.1
CLI01186,2025-06-01,0,1,65.0
CLI01187,2023-03-01,2,1,31.4
CLI01187,2025-10-01,1,1,22.1
CLI01188,2022-07-01,1,0,26.0
CLI01188,2025-12-01,0,0,39.9
CLI01189,2024-08-01,0,2,80.0
CLI01189,2024-09-01,2,0,11.4
CLI01189,2024-10-01,2,0,10.1
CLI01190,2024-01-01,0,0,-25.0
CLI01191,2023-02-01,1,0,65.9
CLI01191,2024-12-01,0,0,33.2
CLI01191,2025-06-01,0,0,41.4
CLI01191,2025-10-01,1,0,46.4
CLI01192,2023-01-01,0,0,48.9
CLI01192,2023-12-01,0,1,15.2
CLI01192,2025-02-01,2,0,-39.6
CLI01192,2025-07-01,2,4,25.0
CLI01193,2024-04-01,0,1,-4.0
CLI01193,2025-04-01,0,0,-23.3
CLI01193,2025-09-01,0,2,68.9
CLI01194,2024-04-01,4,2,-13.1
CLI01194,2025-04-01,0,1,57.3
CLI01195,2023-01-01,0,0,97.5
CLI01195,2024-04-01,0,0,28.6
CLI01195,2024-08-01,1,0,71.4
CLI01195,2024-11-01,3,1,14.7
CLI01195,2024-12-01,3,2,-19.2
CLI01195,2025-08-01,0,1,84.0
CLI01195,2025-10-01,0,1,72.2
CLI01196,2024-05-01,3,0,-57.0
CLI01196,2025-11-01,1,0,44.1
CLI01197,2022-11-01,0,0,37.1
CLI01197,2024-05-01,0,1,73.4
CLI01197,2024-08-01,1,0,34.2
CLI01197,2024-09-01,2,2,20.6
CLI01197,2024-11-01,1,1,-36.0
CLI01197,2025-03-01,0,1,84.3
CLI01197,2025-04-01,0,0,42.3
CLI01197,2025-12-01,0,1,8.2
CLI01198,2022-09-01,0,0,55.8
CLI01198,2023-07-01,0,0,35.7
CLI01198,2023-09-01,0,3,-4.1
CLI01198,2024-06-01,0,1,-13.7
CLI01198,2024-07-01,0,0,-44.6
CLI01198,2024-09-01,0,1,33.6
CLI01198,2025-06-01,0,2,26.8
CLI01199,2023-07-01,1,1,42.4
CLI01199,2024-08-01,0,1,64.0
CLI01199,2024-11-01,0,2,73.1
CLI01199,2025-04-01,0,1,56.2
CLI01199,2025-07-01,0,0,40.1
CLI01200,2023-03-01,0,1,34.1
CLI01200,2024-09-01,1,1,4.1
CLI01200,2024-10-01,3,1,-22.5
CLI01200,2025-06-01,0,0,61.2
CLI01201,2024-09-01,2,0,-50.0
CLI01201,2025-07-01,0,0,10.5
CLI01202,2023-07-01,3,2,-48.5
CLI01203,2025-12-01,2,0,47.5
CLI01204,2025-05-01,0,2,47.7
CLI01205,2023-04-01,0,0,32.0
CLI01205,2023-12-01,1,0,38.7
CLI01205,2024-08-01,2,4,-21.7
CLI01206,2023-01-01,1,0,44.9
CLI01206,2025-01-01,1,0,-19.5
CLI01207,2024-06-01,0,1,-27.6
CLI01207,2025-05-01,0,1,100.0
CLI01208,2025-04-01,0,0,-30.0
CLI01209,2025-02-01,3,2,-53.8
CLI01209,2025-03-01,1,1,32.2
CLI01210,2023-02-01,4,0,-32.6
CLI01210,2025-08-01,0,0,52.6
CLI01211,2023-11-01,0,1,51.3
CLI01211,2024-02-01,1,2,7.5
CLI01212,2024-03-01,1,2,-18.6
CLI01214,2023-12-01,0,0,46.4
CLI01215,2023-07-01,1,0,69.4
CLI01215,2024-02-01,3,1,-18.6
CLI01215,2024-03-01,1,1,-3.4
CLI01215,2024-05-01,3,2,43.2
CLI01215,2025-03-01,1,1,44.6
CLI01216,2023-08-01,0,1,63.0
CLI01216,2024-08-01,1,1,-59.4
CLI01216,2024-09-01,1,2,-14.3
CLI01216,2024-11-01,0,1,-68.8
CLI01217,2025-01-01,0,1,57.6
CLI01217,2025-02-01,0,0,44.5
CLI01217,2025-03-01,0,2,3.1
CLI01217,2025-08-01,0,0,86.9
CLI01217,2025-12-01,0,0,21.4
CLI01218,2024-01-01,0,0,-15.0
CLI01218,2024-07-01,0,0,62.5
CLI01218,2025-07-01,2,0,-54.7
CLI01218,2025-10-01,0,0,57.2
CLI01220,2024-05-01,1,1,-15.4
CLI01220,2025-11-01,0,1,49.0
CLI01221,2023-02-01,0,0,48.7
CLI01221,2024-07-01,0,1,46.2
CLI01221,2025-01-01,0,0,32.1
CLI01221,2025-07-01,0,0,79.6
CLI01222,2024-03-01,0,0,30.3
CLI01222,2024-06-01,0,0,36.7
CLI01222,2024-08-01,0,1,-13.1
CLI01222,2024-09-01,1,1,0.4
CLI01222,2024-10-01,4,1,24.8
CLI01224,2023-01-01,1,0,53.2
CLI01225,2022-10-01,0,0,22.8
CLI01225,2024-02-01,0,0,54.8
CLI01225,2024-06-01,0,1,4.1
CLI01225,2024-11-01,0,2,82.1
CLI01225,2025-03-01,0,0,-16.5
CLI01227,2025-10-01,1,0,67.9
CLI01228,2024-01-01,2,1,17.6
CLI01228,2024-07-01,0,1,42.9
CLI01228,2025-09-01,1,3,53.0
CLI01229,2025-01-01,0,1,-56.8
CLI01229,2025-12-01,0,3,26.6
CLI01231,2023-11-01,1,0,85.8
CLI01231,2024-03-01,0,1,30.0
CLI01231,2024-05-01,0,0,86.7
CLI01231,2025-03-01,0,0,51.0
CLI01232,2025-05-01,1,0,-39.7
CLI01232,2025-06-01,3,1,-20.9
CLI01232,2025-08-01,2,2,16.8
CLI01234,2023-10-01,2,1,-15.3
CLI01234,2024-05-01,0,1,13.3
CLI01235,2024-05-01,0,0,98.4
CLI01235,2024-06-01,0,2,75.9
CLI01235,2024-09-01,0,2,54.4
CLI01235,2024-10-01,0,1,77.5
CLI01235,2025-01-01,0,0,30.7
CLI01235,2025-03-01,1,1,-53.4
CLI01236,2025-10-01,0,0,52.9
CLI01237,2022-12-01,2,0,1.7
CLI01237,2023-01-01,3,1,-28.9
CLI01237,2024-11-01,1,1,85.0
CLI01238,2024-06-01,3,1,-35.0
CLI01238,2025-09-01,0,0,55.5
CLI01238,2025-11-01,0,1,40.2
CLI01239,2025-04-01,0,0,-38.7
CLI01240,2023-04-01,0,2,51.6
CLI01240,2023-10-01,0,0,68.6
CLI01240,2024-11-01,2,0,48.0
CLI01241,2023-07-01,1,0,42.2
CLI01241,2023-12-01,1,2,-35.4
CLI01241,2024-02-01,1,2,-0.4
CLI01241,2024-03-01,2,1,-33.5
CLI01241,2025-08-01,0,0,88.5
CLI01242,2022-09-01,0,0,54.5
CLI01242,2023-10-01,0,1,66.0
CLI01242,2024-10-01,0,0,83.0
CLI01242,2024-11-01,1,0,50.2
CLI01243,2024-04-01,1,0,46.2
CLI01243,2024-08-01,2,0,35.1
CLI01243,2025-06-01,2,0,52.9
CLI01244,2024-02-01,1,0,25.7
CLI01244,2024-12-01,0,2,39.2
CLI01244,2025-09-01,0,1,59.4
CLI01245,2025-04-01,0,0,-12.5
CLI01245,2025-05-01,0,0,-28.9
CLI01246,2024-08-01,1,1,-28.4
CLI01246,2025-11-01,0,1,28.2
CLI01247,2024-08-01,1,0,80.6
CLI01247,2025-02-01,1,0,-1.5
CLI01247,2025-08-01,0,0,34.0
CLI01248,2024-11-01,0,1,96.1
CLI01248,2025-03-01,1,1,0.8
CLI01249,2024-05-01,0,2,35.0
CLI01249,2025-12-01,0,1,11.8
CLI01250,2024-06-01,1,0,15.4
CLI01250,2024-11-01,2,1,8.9
CLI01250,2024-12-01,1,0,-4.0
CLI01251,2023-03-01,1,1,66.4
CLI01251,2024-12-01,2,1,-18.9
CLI01251,2025-01-01,2,1,-60.6
CLI01252,2024-01-01,0,0,17.1
CLI01252,2025-04-01,3,0,5.2
CLI01252,2025-05-01,2,0,45.8
CLI01252,2025-08-01,0,0,13.6
CLI01252,2025-12-01,0,0,47.3
CLI01253,2025-11-01,1,1,65.7
CLI01254,2024-04-01,0,1,-13.9
CLI01254,2024-06-01,1,3,9.6
CLI01255,2024-03-01,2,0,-6.5
CLI01255,2025-11-01,1,1,19.3
CLI01256,2025-02-01,0,0,89.5
CLI01256,2025-10-01,1,0,30.6
CLI01256,2025-12-01,0,1,63.8
CLI01257,2025-03-01,0,1,-42.4
CLI01257,2025-04-01,1,1,-8.4
CLI01261,2023-06-01,0,2,64.7
CLI01261,2024-03-01,1,2,64.7
CLI01261,2024-06-01,1,1,66.0
CLI01261,2025-03-01,0,2,-2.5
CLI01261,2025-04-01,3,2,-25.0
CLI01261,2025-05-01,0,2,2.5
CLI01263,2024-04-01,0,1,40.5
CLI01264,2023-08-01,0,0,72.3
CLI01264,2025-02-01,0,1,18.1
CLI01265,2025-06-01,0,1,82.6
CLI01267,2024-09-01,0,2,48.2
CLI01267,2025-01-01,3,0,-36.4
CLI01267,2025-05-01,0,0,41.6
CLI01267,2025-10-01,0,0,64.3
CLI01270,2023-04-01,1,0,46.8
CLI01271,2025-06-01,2,0,0.1
CLI01271,2025-07-01,0,1,5.6
CLI01271,2025-12-01,0,0,27.4
CLI01272,2025-01-01,1,1,-8.2
CLI01273,2022-07-01,0,0,52.3
CLI01273,2023-04-01,1,1,52.7
CLI01273,2023-07-01,0,1,59.6
CLI01273,2024-06-01,2,1,-3.0
CLI01273,2025-02-01,3,0,31.4
CLI01273,2025-10-01,0,1,40.6
CLI01274,2024-12-01,0,0,32.6
CLI01275,2023-06-01,0,0,41.2
CLI01275,2024-07-01,5,3,49.0
CLI01275,2025-01-01,0,1,68.9
CLI01276,2023-09-01,0,0,51.4
CLI01277,2024-05-01,2,2,13.0
CLI01277,2024-06-01,3,0,-43.9
CLI01277,2025-11-01,0,1,28.6
CLI01278,2023-11-01,1,1,39.5
CLI01278,2025-06-01,2,0,13.3
CLI01279,2025-03-01,3,1,-6.6
CLI01279,2025-04-01,3,1,1.7
CLI01279,2025-05-01,2,0,9.7
CLI01279,2025-07-01,0,0,82.0
CLI01279,2025-10-01,0,1,55.5
CLI01280,2024-05-01,0,1,45.7
CLI01280,2024-07-01,1,0,26.1
CLI01280,2025-02-01,1,1,9.4
CLI01281,2023-08-01,1,0,10.0
CLI01281,2024-11-01,0,0,0.3
CLI01281,2025-11-01,0,0,9.0
CLI01281,2025-12-01,0,0,46.2
CLI01282,2024-09-01,0,0,-3.1
CLI01282,2024-11-01,2,1,-1.7
CLI01282,2025-02-01,1,0,100.0
CLI01283,2023-09-01,2,1,-11.0
CLI01283,2023-10-01,3,3,26.6
CLI01283,2024-06-01,1,0,53.4
CLI01283,2024-08-01,0,0,59.0
CLI01283,2025-05-01,0,0,50.6
CLI01283,2025-07-01,0,1,84.6
CLI01284,2022-07-01,0,2,54.1
CLI01284,2023-01-01,0,0,67.1
CLI01284,2023-03-01,0,0,30.9
CLI01284,2025-10-01,1,0,66.3
CLI01285,2022-07-01,0,0,32.9
CLI01285,2022-12-01,0,1,90.5
CLI01285,2024-08-01,0,0,58.7
CLI01286,2023-12-01,0,0,15.8
CLI01286,2025-03-01,0,2,-39.1
CLI01286,2025-05-01,2,3,34.6
CLI01287,2025-05-01,0,1,25.6
CLI01288,2023-11-01,0,1,29.2
CLI01288,2025-02-01,2,2,38.0
CLI01289,2025-01-01,2,1,-26.3
CLI01289,2025-02-01,2,4,-6.4
CLI01289,2025-12-01,1,1,22.9
CLI01290,2022-09-01,0,0,31.8
CLI01290,2022-10-01,0,2,85.0
CLI01290,2024-11-01,0,2,82.4
CLI01291,2023-09-01,0,1,30.2
CLI01291,2024-07-01,0,0,32.6
CLI01291,2025-10-01,0,0,64.3
CLI01292,2023-08-01,0,2,84.2
CLI01292,2024-11-01,1,1,18.6
CLI01292,2024-12-01,1,2,6.2
CLI01292,2025-01-01,3,1,28.4
CLI01293,2025-03-01,0,0,64.0
CLI01293,2025-06-01,1,1,-35.9
CLI01293,2025-07-01,2,0,-20.3
CLI01293,2025-09-01,0,3,28.7
CLI01294,2022-09-01,0,0,51.6
CLI01294,2023-05-01,0,0,19.5
CLI01294,2024-08-01,0,1,47.1
CLI01294,2024-12-01,1,2,5.2
CLI01294,2025-01-01,0,1,-2.9
CLI01294,2025-05-01,0,2,47.3
CLI01294,2025-10-01,1,0,35.0
CLI01295,2024-07-01,0,1,15.1
CLI01295,2025-08-01,0,1,14.8
CLI01295,2025-09-01,0,0,44.0
CLI01298,2024-05-01,0,2,42.1
CLI01298,2024-10-01,1,3,28.5
CLI01298,2024-12-01,1,0,-34.6
CLI01301,2024-01-01,0,1,79.3
CLI01301,2024-06-01,0,1,100.0
CLI01301,2025-02-01,1,0,17.7
CLI01302,2023-07-01,0,0,58.1
CLI01302,2023-08-01,0,0,58.0
CLI01302,2023-09-01,2,0,47.2
CLI01302,2024-11-01,2,1,-39.9
CLI01302,2024-12-01,3,2,-15.3
CLI01303,2024-03-01,1,0,25.4
CLI01304,2025-02-01,1,1,28.6
CLI01304,2025-04-01,1,1,42.0
CLI01305,2022-12-01,0,1,34.8
CLI01305,2023-08-01,0,0,2.8
CLI01305,2023-10-01,0,0,41.9
CLI01305,2024-12-01,3,1,-40.1
CLI01305,2025-01-01,1,3,-22.1
CLI01306,2023-06-01,0,0,59.0
CLI01307,2024-01-01,0,0,42.3
CLI01307,2025-02-01,0,0,28.2
CLI01307,2025-04-01,0,2,12.0
CLI01307,2025-06-01,0,3,37.1
CLI01308,2024-08-01,3,0,15.4
CLI01308,2024-11-01,4,1,54.0
CLI01308,2025-06-01,0,1,48.1
CLI01308,2025-08-01,1,0,42.2
CLI01310,2024-05-01,1,0,63.2
CLI01310,2024-11-01,0,1,52.1
CLI01311,2024-12-01,1,2,-0.7
CLI01311,2025-04-01,3,0,34.5
CLI01312,2022-12-01,0,0,72.2
CLI01312,2023-01-01,0,0,52.8
CLI01312,2024-07-01,0,0,32.9
CLI01315,2025-02-01,1,1,-0.8
CLI01316,2025-04-01,0,1,-7.7
CLI01316,2025-05-01,4,0,26.5
CLI01317,2024-03-01,0,0,36.5
CLI01317,2024-04-01,0,0,100.0
CLI01317,2024-05-01,0,1,-29.6
CLI01317,2024-08-01,1,1,-30.4
CLI01317,2025-07-01,0,1,60.9
CLI01318,2023-04-01,0,1,55.3
CLI01318,2024-10-01,0,0,8.1
CLI01318,2025-03-01,0,0,-14.4
CLI01318,2025-05-01,0,1,-8.2
CLI01319,2023-10-01,0,1,-5.4
CLI01319,2024-01-01,0,1,37.0
CLI01319,2024-06-01,1,3,-3.8
CLI01319,2024-07-01,2,1,-59.0
CLI01320,2022-10-01,0,1,87.1
CLI01320,2023-05-01,3,0,-100.0
CLI01320,2023-07-01,4,1,-20.5
CLI01321,2025-07-01,0,0,35.9
CLI01322,2024-09-01,2,0,50.2
CLI01323,2023-06-01,1,2,83.1
CLI01323,2025-10-01,0,0,14.2
CLI01324,2024-05-01,1,0,24.2
CLI01324,2025-07-01,1,2,-53.0
CLI01324,2025-10-01,0,1,74.4
CLI01325,2024-09-01,0,0,3.8
CLI01325,2024-10-01,1,1,34.6
CLI01325,2025-09-01,0,1,43.4
CLI01326,2023-05-01,0,0,60.2
CLI01326,2023-10-01,1,0,-14.5
CLI01326,2025-01-01,1,0,53.8
CLI01326,2025-02-01,0,0,39.0
CLI01327,2023-08-01,0,1,55.8
CLI01327,2024-02-01,0,1,51.5
CLI01327,2024-10-01,0,0,74.8
CLI01327,2025-01-01,1,1,-14.9
CLI01327,2025-03-01,1,4,-20.3
CLI01328,2024-12-01,0,0,31.4
CLI01328,2025-06-01,0,0,46.7
CLI01328,2025-09-01,1,0,20.0
CLI01329,2025-01-01,1,1,18.4
CLI01329,2025-05-01,2,3,-67.9
CLI01329,2025-06-01,2,2,-29.8
CLI01329,2025-11-01,0,1,47.1
CLI01330,2023-11-01,2,0,-18.3
CLI01330,2024-11-01,0,2,89.6
CLI01330,2025-01-01,1,0,51.5
CLI01330,2025-12-01,0,1,72.4
CLI01331,2024-02-01,0,0,64.8
CLI01331,2024-08-01,1,1,55.8
CLI01331,2024-10-01,1,0,37.5
CLI01331,2025-01-01,0,0,52.6
CLI01331,2025-03-01,0,1,27.0
CLI01332,2025-04-01,2,2,-30.9
CLI01333,2023-07-01,0,0,49.8
CLI01333,2024-02-01,0,0,61.0
CLI01333,2024-04-01,0,0,54.5
CLI01333,2024-12-01,1,0,-16.1
CLI01333,2025-02-01,0,2,-2.5
CLI01334,2024-06-01,1,1,51.3
CLI01334,2025-07-01,2,0,40.7
CLI01334,2025-10-01,0,1,60.8
CLI01335,2024-03-01,0,2,53.3
CLI01335,2025-03-01,0,1,-20.7
CLI01335,2025-06-01,2,0,-70.0
CLI01336,2023-04-01,0,0,-3.4
CLI01336,2024-11-01,0,1,32.0
CLI01336,2025-06-01,0,2,-83.6
CLI01336,2025-07-01,2,2,-27.0
CLI01337,2023-05-01,0,0,44.4
CLI01337,2024-08-01,1,0,98.4
CLI01338,2024-10-01,0,0,26.8
CLI01338,2024-12-01,3,1,-11.7
CLI01340,2025-03-01,1,1,45.4
CLI01341,2022-04-01,0,1,44.9
CLI01341,2023-01-01,0,1,92.6
CLI01341,2024-11-01,2,2,-43.8
CLI01341,2025-01-01,2,2,-6.2
CLI01342,2023-06-01,0,0,17.9
CLI01342,2023-08-01,0,0,33.6
CLI01342,2024-05-01,1,1,64.6
CLI01342,2024-07-01,0,1,-3.2
CLI01342,2024-08-01,1,1,-51.3
CLI01342,2024-09-01,0,1,-4.2
CLI01343,2023-10-01,0,1,43.0
CLI01344,2023-11-01,0,1,71.5
CLI01344,2024-09-01,2,1,42.6
CLI01344,2025-02-01,4,2,3.1
CLI01344,2025-03-01,2,0,13.3
CLI01345,2022-08-01,0,1,61.0
CLI01345,2024-02-01,0,1,78.8
CLI01345,2025-02-01,2,2,-23.8
CLI01345,2025-03-01,1,3,-8.2
CLI01346,2023-12-01,0,1,38.9
CLI01346,2024-03-01,0,3,12.0
CLI01346,2024-04-01,1,0,-2.6
CLI01346,2024-05-01,6,0,36.1
CLI01346,2024-08-01,0,0,45.5
CLI01346,2025-04-01,0,0,53.6
CLI01346,2025-11-01,0,0,77.1
CLI01347,2023-08-01,0,5,17.5
CLI01347,2025-07-01,0,2,21.1
CLI01348,2024-11-01,0,2,55.1
CLI01348,2025-02-01,0,0,25.5
CLI01348,2025-03-01,1,2,-20.7
CLI01349,2023-12-01,0,0,76.5
CLI01349,2024-03-01,0,0,15.3
CLI01349,2024-07-01,0,0,16.9
CLI01349,2025-08-01,1,1,85.2
CLI01350,2024-08-01,0,2,92.4
CLI01350,2025-02-01,0,0,-23.5
CLI01350,2025-03-01,1,0,-35.6
CLI01351,2022-09-01,0,0,42.6
CLI01351,2023-10-01,0,0,45.9
CLI01351,2024-09-01,0,1,36.7
CLI01351,2025-06-01,1,1,-29.7
CLI01352,2024-08-01,0,0,44.8
CLI01352,2025-07-01,1,1,-52.7
CLI01352,2025-08-01,1,0,8.3
CLI01353,2025-03-01,0,1,-21.1
CLI01353,2025-05-01,1,1,-26.0
CLI01354,2024-01-01,0,3,-4.8
CLI01354,2024-03-01,1,0,-26.1
CLI01354,2025-09-01,0,0,40.3
CLI01356,2024-01-01,0,1,24.4
CLI01356,2024-09-01,0,1,78.0
CLI01356,2025-04-01,1,0,-22.6
CLI01356,2025-06-01,1,1,-56.6
CLI01356,2025-07-01,2,0,-17.2
CLI01356,2025-10-01,0,2,47.2
CLI01357,2025-06-01,2,2,9.8
CLI01358,2024-12-01,3,1,8.2
CLI01358,2025-03-01,0,2,27.4
CLI01359,2024-10-01,0,0,90.5
CLI01359,2025-03-01,3,0,-16.6
CLI01359,2025-04-01,0,0,-13.1
CLI01359,2025-07-01,0,0,1.9
CLI01360,2023-08-01,0,0,-22.2
CLI01360,2024-08-01,0,1,50.3
CLI01360,2024-09-01,1,0,16.3
CLI01360,2025-09-01,0,0,8.7
CLI01361,2024-12-01,1,1,22.4
CLI01361,2025-06-01,2,2,-16.7
CLI01364,2023-04-01,0,1,28.7
CLI01364,2023-05-01,0,0,48.8
CLI01364,2025-08-01,2,3,14.3
CLI01365,2023-08-01,1,1,-21.8
CLI01365,2023-10-01,0,1,27.2
CLI01365,2023-11-01,2,1,-21.8
CLI01366,2025-02-01,1,1,62.9
CLI01366,2025-06-01,0,3,100.0
CLI01366,2025-10-01,0,0,54.4
CLI01368,2024-11-01,0,0,-45.4
CLI01368,2025-02-01,0,0,4.5
CLI01369,2023-11-01,0,1,25.5
CLI01370,2023-01-01,0,0,36.9
CLI01370,2023-12-01,0,2,30.9
CLI01370,2024-09-01,0,1,-10.2
CLI01370,2025-06-01,2,2,-12.6
CLI01370,2025-07-01,1,2,33.3
CLI01371,2023-05-01,1,0,23.4
CLI01371,2023-10-01,0,0,93.3
CLI01371,2025-07-01,0,0,-24.3
CLI01372,2023-09-01,0,1,24.0
CLI01372,2024-01-01,0,0,57.8
CLI01372,2025-07-01,0,0,38.5
CLI01373,2025-06-01,3,0,-38.1
CLI01373,2025-12-01,0,0,98.9
CLI01376,2025-10-01,0,0,54.3
CLI01377,2024-09-01,0,2,26.0
CLI01377,2024-12-01,1,1,65.3
CLI01378,2023-09-01,0,0,53.3
CLI01378,2024-02-01,0,0,34.0
CLI01378,2024-10-01,1,2,-38.8
CLI01378,2024-11-01,4,1,-10.0
CLI01378,2025-01-01,2,0,-8.2
CLI01379,2024-07-01,0,0,13.2
CLI01379,2024-08-01,1,4,6.1
CLI01379,2025-02-01,0,0,69.4
CLI01380,2024-12-01,1,1,3.8
CLI01380,2025-03-01,1,2,-0.7
CLI01380,2025-12-01,0,1,44.1
CLI01381,2025-05-01,1,4,-58.2
CLI01381,2025-06-01,1,1,5.4
CLI01382,2023-02-01,0,1,12.7
CLI01382,2024-06-01,5,1,-22.0
CLI01382,2024-10-01,0,0,68.3
CLI01383,2025-07-01,2,4,-42.9
CLI01383,2025-08-01,0,1,3.0
CLI01384,2025-03-01,2,0,-13.1
CLI01385,2024-01-01,0,2,20.5
CLI01385,2024-11-01,0,0,67.1
CLI01386,2025-02-01,0,0,20.3
CLI01386,2025-08-01,3,1,-34.7
CLI01386,2025-12-01,0,0,53.8
CLI01387,2024-12-01,2,0,2.5
CLI01388,2024-08-01,1,1,26.3
CLI01388,2025-06-01,3,0,-25.5
CLI01388,2025-08-01,0,1,-4.1
CLI01389,2024-07-01,2,1,-23.2
CLI01389,2024-12-01,0,1,60.3
CLI01389,2025-11-01,0,0,32.1
CLI01390,2023-10-01,0,0,45.3
CLI01390,2024-03-01,0,0,77.8
CLI01390,2024-06-01,0,0,-36.9
CLI01390,2024-07-01,1,0,-15.2
CLI01390,2025-07-01,0,0,54.1
CLI01392,2022-05-01,0,0,58.1
CLI01392,2023-05-01,0,0,26.8
CLI01392,2025-10-01,0,0,46.4
CLI01393,2023-07-01,0,1,20.2
CLI01393,2024-08-01,3,0,-10.0
CLI01394,2023-06-01,0,0,54.0
CLI01395,2024-06-01,0,2,37.2
CLI01395,2024-09-01,0,2,35.8
CLI01396,2025-05-01,2,1,-17.9
CLI01397,2023-08-01,0,0,93.9
CLI01398,2022-05-01,0,0,57.2
CLI01398,2022-09-01,0,0,61.7
CLI01398,2024-05-01,0,1,62.0
CLI01399,2023-01-01,0,0,79.3
CLI01399,2025-02-01,0,2,24.4
CLI01400,2025-07-01,2,1,-0.8
CLI01401,2022-10-01,0,1,77.7
CLI01401,2024-10-01,2,0,-2.4
CLI01401,2024-11-01,0,4,13.8
CLI01401,2024-12-01,4,1,57.5
CLI01402,2022-07-01,1,2,74.5
CLI01402,2022-08-01,0,0,60.9
CLI01402,2023-03-01,0,1,27.0
CLI01402,2025-07-01,0,0,77.7
CLI01403,2023-08-01,0,0,36.7
CLI01403,2024-11-01,0,0,-32.0
CLI01403,2024-12-01,3,1,-12.0
CLI01404,2024-06-01,1,0,61.4
CLI01404,2025-05-01,0,0,64.1
CLI01405,2023-03-01,0,2,43.1
CLI01405,2024-01-01,0,1,21.5
CLI01405,2024-08-01,0,1,36.8
CLI01405,2025-01-01,1,1,31.0
CLI01405,2025-04-01,1,1,-19.6
CLI01405,2025-05-01,3,1,-25.2
CLI01405,2025-06-01,1,2,-18.0
CLI01406,2022-09-01,0,1,36.3
CLI01406,2023-11-01,0,0,23.2
CLI01406,2025-05-01,3,1,-45.4
CLI01406,2025-07-01,1,0,-21.3
CLI01408,2024-02-01,1,0,6.2
CLI01408,2025-08-01,0,0,53.2
CLI01409,2024-10-01,2,1,-1.9
CLI01410,2023-11-01,0,0,50.2
CLI01410,2024-03-01,1,2,24.1
CLI01410,2024-10-01,1,3,15.6
CLI01410,2024-11-01,2,2,45.9
CLI01410,2025-10-01,0,0,47.5
CLI01411,2024-09-01,0,1,-39.9
CLI01411,2024-11-01,2,2,-40.5
CLI01411,2025-06-01,1,0,97.5
CLI01412,2025-05-01,1,2,39.6
CLI01412,2025-06-01,0,0,-62.5
CLI01413,2024-10-01,0,1,45.2
CLI01413,2024-12-01,0,1,41.1
CLI01413,2025-04-01,1,0,64.4
CLI01414,2024-07-01,0,0,57.5
CLI01414,2025-08-01,3,2,-10.8
CLI01415,2023-07-01,1,2,42.3
CLI01415,2024-01-01,0,0,58.0
CLI01416,2024-09-01,5,0,1.6
CLI01416,2025-01-01,0,1,14.2
CLI01417,2024-05-01,0,1,34.2
CLI01418,2024-02-01,2,1,-24.5
CLI01419,2025-07-01,2,1,13.6
CLI01420,2023-11-01,2,0,-4.8
CLI01420,2023-12-01,3,0,-34.4
CLI01420,2025-03-01,0,0,-16.5
CLI01420,2025-09-01,0,1,55.6
CLI01421,2023-03-01,0,1,81.0
CLI01421,2025-06-01,1,0,-36.3
CLI01421,2025-08-01,1,2,23.4
CLI01422,2022-10-01,2,1,-35.0
CLI01423,2024-09-01,1,2,41.4
CLI01423,2025-10-01,0,2,75.1
CLI01424,2025-06-01,2,0,-23.4
CLI01424,2025-08-01,3,1,1.8
CLI01424,2025-11-01,0,0,18.8
CLI01425,2022-05-01,0,0,77.6
CLI01425,2024-09-01,0,1,13.3
CLI01425,2025-05-01,1,0,19.7
CLI01426,2025-07-01,1,0,30.6
CLI01427,2024-10-01,0,0,92.3
CLI01427,2025-02-01,1,0,18.2
CLI01428,2024-07-01,0,3,56.8
CLI01429,2023-07-01,0,1,19.2
CLI01431,2025-01-01,0,1,-40.5
CLI01431,2025-04-01,2,1,71.5
CLI01432,2022-12-01,0,0,42.5
CLI01432,2023-12-01,0,0,54.7
CLI01432,2024-03-01,0,1,73.0
CLI01432,2024-07-01,2,1,-50.8
CLI01432,2025-05-01,2,0,42.6
CLI01433,2023-12-01,0,2,-6.8
CLI01433,2024-12-01,2,1,34.2
CLI01435,2023-04-01,0,0,63.8
CLI01435,2023-09-01,1,0,60.9
CLI01435,2024-03-01,0,0,54.8
CLI01435,2024-07-01,0,0,31.7
CLI01435,2024-08-01,2,2,30.5
CLI01435,2024-09-01,3,2,-22.9
CLI01436,2024-11-01,1,0,17.4
CLI01436,2025-02-01,5,0,-44.6
CLI01438,2023-10-01,0,0,79.6
CLI01438,2023-12-01,0,1,62.4
CLI01438,2024-01-01,0,0,-34.3
CLI01439,2025-02-01,0,4,52.0
CLI01439,2025-07-01,0,1,60.4
CLI01440,2024-05-01,0,0,12.7
CLI01442,2024-02-01,0,1,37.8
CLI01442,2025-12-01,0,2,46.8
CLI01443,2025-04-01,0,0,67.2
CLI01444,2022-11-01,0,0,19.7
CLI01444,2023-01-01,0,0,19.4
CLI01444,2023-06-01,0,1,-7.1
CLI01444,2023-12-01,1,0,0.1
CLI01444,2025-03-01,0,0,26.7
CLI01445,2024-04-01,0,0,10.4
CLI01445,2024-09-01,0,1,70.0
CLI01446,2024-11-01,0,0,40.0
CLI01446,2025-04-01,0,0,44.3
CLI01446,2025-07-01,0,0,-38.3
CLI01447,2024-01-01,0,0,40.0
CLI01447,2024-09-01,0,0,76.8
CLI01448,2025-04-01,4,4,62.8
CLI01450,2024-10-01,1,1,47.4
CLI01450,2024-11-01,2,0,79.8
CLI01450,2025-02-01,2,0,-54.9
CLI01450,2025-03-01,1,1,4.3
CLI01451,2023-08-01,1,0,77.4
CLI01451,2025-04-01,3,0,-4.2
CLI01452,2023-06-01,0,0,41.6
CLI01452,2023-11-01,0,0,44.8
CLI01453,2023-07-01,1,1,57.4
CLI01453,2023-12-01,1,1,78.3
CLI01453,2024-10-01,2,0,-6.1
CLI01453,2025-06-01,0,1,57.3
CLI01453,2025-11-01,0,0,44.9
CLI01455,2023-10-01,2,2,67.5
CLI01455,2025-06-01,0,2,-60.7
CLI01456,2024-12-01,3,0,12.1
CLI01456,2025-07-01,0,0,67.4
CLI01456,2025-09-01,0,1,55.8
CLI01457,2024-10-01,0,0,35.2
CLI01457,2025-03-01,3,2,-13.4
CLI01458,2024-10-01,1,1,-64.9
CLI01458,2025-06-01,0,0,41.8
CLI01459,2024-07-01,0,0,79.9
CLI01460,2025-07-01,3,1,-39.4
CLI01461,2025-02-01,2,2,-54.4
CLI01461,2025-03-01,2,1,-56.9
CLI01462,2025-01-01,3,3,73.1
CLI01462,2025-03-01,2,3,-13.9
CLI01464,2024-05-01,2,1,-68.7
CLI01464,2025-08-01,0,1,78.7
CLI01464,2025-10-01,0,0,49.4
CLI01465,2025-05-01,2,0,-11.9
CLI01465,2025-09-01,0,0,31.6
CLI01468,2025-01-01,1,0,68.2
CLI01469,2024-12-01,0,0,19.3
CLI01469,2025-08-01,0,0,19.8
CLI01469,2025-11-01,0,0,49.5
CLI01470,2023-08-01,1,1,-2.1
CLI01471,2024-09-01,1,1,12.5
CLI01472,2024-11-01,3,1,-30.3
CLI01473,2024-10-01,1,0,-13.2
CLI01473,2025-09-01,1,0,38.6
CLI01474,2024-01-01,1,0,82.3
CLI01475,2023-06-01,1,0,53.0
CLI01475,2024-07-01,0,0,16.8
CLI01475,2024-12-01,0,0,10.5
CLI01475,2025-01-01,0,0,2.7
CLI01476,2022-10-01,0,2,58.9
CLI01476,2023-11-01,0,1,7.8
CLI01476,2024-07-01,0,2,71.0
CLI01476,2025-04-01,1,2,5.9
CLI01476,2025-08-01,0,0,66.1
CLI01477,2023-07-01,2,0,81.3
CLI01477,2023-09-01,0,0,5.5
CLI01477,2024-03-01,0,0,41.7
CLI01477,2025-05-01,2,0,49.6
CLI01477,2025-08-01,2,0,-25.2
CLI01477,2025-10-01,0,1,16.0
CLI01478,2024-06-01,0,1,42.2
CLI01478,2025-02-01,1,1,-12.4
CLI01478,2025-04-01,4,0,16.4
CLI01479,2022-10-01,0,0,5.4
CLI01479,2023-03-01,0,1,-14.6
CLI01479,2025-03-01,1,0,14.5
CLI01479,2025-11-01,0,0,37.7
CLI01480,2025-09-01,1,1,83.5
CLI01480,2025-10-01,0,0,-26.2
CLI01481,2024-09-01,1,1,45.6
CLI01481,2025-04-01,0,1,85.2
CLI01483,2024-08-01,0,0,6.9
CLI01484,2022-12-01,1,0,36.9
CLI01484,2025-03-01,1,1,29.8
CLI01484,2025-06-01,3,1,15.6
CLI01484,2025-12-01,0,2,13.9
CLI01485,2024-02-01,0,1,49.2
CLI01485,2024-06-01,1,3,9.3
CLI01486,2024-05-01,0,0,60.0
CLI01486,2024-06-01,0,0,38.1
CLI01487,2025-01-01,1,0,17.0
CLI01487,2025-02-01,0,1,32.7
CLI01489,2024-04-01,2,0,59.3
CLI01489,2024-10-01,1,0,51.1
CLI01491,2024-09-01,0,1,52.7
CLI01491,2024-12-01,0,1,100.0
CLI01491,2025-03-01,1,0,-0.3
CLI01492,2022-09-01,0,1,62.1
CLI01492,2025-05-01,2,2,5.3
CLI01493,2024-02-01,1,0,44.0
CLI01493,2025-05-01,0,0,56.5
CLI01494,2023-06-01,0,0,34.4
CLI01494,2024-01-01,2,1,-70.3
CLI01494,2024-02-01,0,0,29.9
CLI01494,2025-03-01,1,0,18.8
CLI01494,2025-11-01,0,1,59.7
CLI01495,2024-10-01,2,1,-4.4
CLI01495,2024-12-01,1,1,-15.2
CLI01496,2023-11-01,0,0,-6.6
CLI01496,2025-01-01,0,0,-15.5
CLI01496,2025-03-01,2,1,-24.2
CLI01499,2023-10-01,0,0,30.2
CLI01499,2024-10-01,0,2,-15.6
CLI01499,2025-12-01,0,1,71.1
CLI01500,2023-10-01,1,1,-7.5
CLI01500,2024-07-01,0,1,8.2
CLI01500,2024-12-01,3,2,29.8
CLI01500,2025-01-01,2,2,-39.0
CLI01501,2025-02-01,1,1,10.5
CLI01501,2025-08-01,0,1,72.0
CLI01503,2024-07-01,0,1,14.1
CLI01503,2024-12-01,1,1,86.7
CLI01504,2023-12-01,0,0,93.9
CLI01504,2024-11-01,1,0,-4.2
CLI01504,2025-01-01,3,1,-14.3
CLI01505,2025-01-01,0,1,31.8
CLI01505,2025-05-01,1,1,15.4
CLI01506,2023-03-01,0,1,65.6
CLI01506,2024-02-01,0,0,73.7
CLI01506,2024-03-01,0,0,23.8
CLI01506,2025-01-01,2,3,-15.2
CLI01506,2025-11-01,0,2,21.6
CLI01508,2025-06-01,3,0,1.8
CLI01509,2023-12-01,1,1,31.7
CLI01509,2024-03-01,1,0,46.5
CLI01509,2024-10-01,0,2,37.5
CLI01510,2022-09-01,1,0,-1.3
CLI01510,2024-01-01,0,0,17.7
CLI01510,2025-03-01,2,1,-27.0
CLI01510,2025-05-01,0,2,2.8
CLI01510,2025-12-01,0,0,57.3
CLI01511,2023-07-01,0,1,20.9
CLI01511,2024-09-01,2,0,-39.8
CLI01511,2024-10-01,1,0,-14.2
CLI01511,2025-02-01,0,0,47.5
CLI01511,2025-03-01,1,0,67.3
CLI01512,2024-07-01,3,2,-38.3
CLI01512,2024-12-01,2,0,71.5
CLI01513,2022-12-01,0,0,55.4
CLI01513,2024-01-01,0,2,-14.8
CLI01513,2024-03-01,0,0,7.7
CLI01514,2024-10-01,0,0,54.8
CLI01514,2025-01-01,0,0,7.0
CLI01514,2025-02-01,1,0,-3.7
CLI01514,2025-03-01,0,0,-19.2
CLI01514,2025-04-01,1,1,-37.0
CLI01515,2023-07-01,0,0,21.3
CLI01515,2024-08-01,2,0,47.4
CLI01515,2024-10-01,1,2,56.3
CLI01515,2024-11-01,2,1,23.1
CLI01515,2025-01-01,1,2,64.4
CLI01515,2025-03-01,0,1,71.6
CLI01515,2025-09-01,0,2,32.6
CLI01516,2024-10-01,0,0,12.4
CLI01516,2025-02-01,3,1,26.3
CLI01516,2025-05-01,4,2,-74.9
CLI01516,2025-06-01,1,0,-33.4
CLI01518,2024-02-01,0,0,21.4
CLI01518,2025-01-01,0,1,-65.4
CLI01518,2025-03-01,2,1,8.1
CLI01518,2025-12-01,0,2,19.6
CLI01519,2025-04-01,4,0,-16.1
CLI01519,2025-07-01,1,1,8.7
CLI01520,2025-04-01,1,2,2.3
CLI01521,2023-08-01,0,0,62.7
CLI01521,2025-03-01,0,2,40.8
CLI01521,2025-06-01,0,0,-66.2
CLI01521,2025-08-01,1,0,-37.1
CLI01521,2025-12-01,1,1,20.2
CLI01522,2023-11-01,0,2,31.0
CLI01523,2025-05-01,2,0,7.3
CLI01525,2022-12-01,0,2,20.3
CLI01525,2023-02-01,1,1,20.9
CLI01525,2023-03-01,4,1,-17.3
CLI01525,2023-04-01,1,0,19.1
CLI01525,2024-09-01,0,1,68.9
CLI01525,2025-07-01,0,1,33.0
CLI01525,2025-08-01,0,1,27.1
CLI01526,2024-11-01,0,0,34.2
CLI01527,2023-01-01,2,0,-9.9
CLI01527,2023-02-01,0,0,-24.5
CLI01528,2023-11-01,0,1,25.8
CLI01528,2025-09-01,0,0,22.6
CLI01529,2025-02-01,1,1,11.5
CLI01529,2025-04-01,1,1,10.3
CLI01530,2024-03-01,0,1,31.1
CLI01530,2024-08-01,0,0,9.8
CLI01530,2024-10-01,0,1,-16.8
CLI01530,2024-11-01,1,1,3.5
CLI01530,2024-12-01,2,1,26.7
CLI01530,2025-01-01,1,0,-72.3
CLI01530,2025-08-01,0,1,27.7
CLI01531,2023-05-01,0,0,71.0
CLI01531,2023-12-01,0,1,6.0
CLI01531,2025-02-01,0,0,58.0
CLI01531,2025-11-01,1,1,53.1
CLI01532,2025-10-01,0,1,38.0
CLI01533,2024-02-01,1,1,-6.7
CLI01534,2023-11-01,0,0,-15.6
CLI01534,2024-08-01,0,0,76.9
CLI01534,2025-08-01,0,0,65.9
CLI01535,2023-10-01,0,1,8.6
CLI01535,2023-12-01,0,0,7.8
CLI01535,2025-01-01,0,2,-20.2
CLI01535,2025-02-01,3,1,-18.3
CLI01536,2025-05-01,0,0,54.1
CLI01536,2025-07-01,3,2,10.6
CLI01536,2025-08-01,0,0,-42.2
CLI01537,2023-10-01,0,4,39.7
CLI01538,2024-11-01,2,2,-17.3
CLI01538,2025-01-01,1,0,-4.8
CLI01539,2025-01-01,0,1,87.1
CLI01540,2023-11-01,1,1,-17.5
CLI01540,2024-06-01,0,0,41.0
CLI01540,2025-10-01,0,1,68.5
CLI01541,2022-10-01,0,0,47.9
CLI01541,2024-12-01,1,1,7.5
CLI01543,2023-05-01,0,1,83.2
CLI01543,2024-02-01,0,1,61.8
CLI01543,2025-08-01,0,1,77.3
CLI01543,2025-10-01,0,0,45.1
CLI01543,2025-12-01,0,1,42.4
CLI01544,2025-03-01,4,1,46.0
CLI01545,2025-03-01,0,1,72.4
CLI01546,2024-01-01,0,1,47.1
CLI01546,2024-11-01,0,1,66.3
CLI01546,2025-06-01,2,1,-2.7
CLI01547,2025-01-01,1,3,-3.5
CLI01547,2025-02-01,1,0,-34.2
CLI01547,2025-03-01,3,3,-45.4
CLI01548,2023-08-01,3,0,23.0
CLI01548,2024-01-01,0,0,30.7
CLI01548,2024-03-01,0,1,35.1
CLI01550,2024-05-01,1,3,70.9
CLI01551,2023-01-01,0,0,20.1
CLI01551,2023-07-01,0,0,43.5
CLI01551,2024-09-01,3,0,40.3
CLI01552,2025-09-01,0,0,9.6
CLI01553,2025-06-01,0,0,-42.1
CLI01554,2024-09-01,0,0,73.3
CLI01554,2025-05-01,2,0,26.5
CLI01554,2025-06-01,4,1,4.5
CLI01555,2024-03-01,0,0,36.1
CLI01555,2025-02-01,1,1,47.7
CLI01555,2025-05-01,0,3,-70.0
CLI01555,2025-11-01,0,0,54.6
CLI01556,2023-01-01,0,1,61.5
CLI01556,2023-06-01,0,0,67.7
CLI01556,2023-12-01,0,0,86.5
CLI01556,2024-05-01,0,1,38.4
CLI01556,2025-07-01,3,2,20.5
CLI01556,2025-11-01,0,0,31.2
CLI01557,2023-09-01,0,2,31.3
CLI01557,2024-04-01,0,0,65.4
CLI01557,2024-05-01,2,1,-16.8
CLI01558,2023-08-01,1,1,-20.0
CLI01558,2025-11-01,0,0,100.0
CLI01560,2023-11-01,0,0,65.0
CLI01560,2025-06-01,0,1,67.8
CLI01561,2023-08-01,2,1,-10.8
CLI01563,2023-06-01,0,1,25.6
CLI01563,2025-08-01,0,0,48.7
CLI01563,2025-09-01,2,2,-8.6
CLI01564,2024-10-01,0,1,-4.5
CLI01564,2025-04-01,0,1,78.3
CLI01564,2025-05-01,1,0,45.7
CLI01565,2024-03-01,0,0,39.4
CLI01565,2025-09-01,2,1,26.5
CLI01566,2025-02-01,3,3,-32.4
CLI01567,2024-05-01,0,0,48.4
CLI01567,2025-04-01,0,1,51.8
CLI01567,2025-08-01,0,0,14.8
CLI01568,2024-04-01,1,0,-2.7
CLI01568,2024-05-01,1,0,-36.3
CLI01568,2024-06-01,3,0,-39.0
CLI01568,2024-07-01,2,2,-17.5
CLI01568,2025-04-01,0,0,12.1
CLI01568,2025-05-01,0,0,17.0
CLI01569,2024-05-01,0,1,72.0
CLI01569,2025-03-01,1,2,-13.9
CLI01569,2025-06-01,0,0,57.9
CLI01570,2024-06-01,0,0,49.8
CLI01570,2024-11-01,0,2,-13.0
CLI01570,2024-12-01,2,2,4.4
CLI01571,2023-11-01,1,2,71.1
CLI01571,2025-03-01,1,0,40.8
CLI01572,2023-05-01,0,0,17.1
CLI01572,2025-05-01,2,1,-29.2
CLI01572,2025-07-01,1,2,-4.5
CLI01573,2023-10-01,0,0,76.0
CLI01573,2023-12-01,0,0,53.3
CLI01573,2025-01-01,0,0,42.0
CLI01573,2025-03-01,0,1,40.4
CLI01574,2022-08-01,0,0,17.8
CLI01574,2025-07-01,2,1,74.8
CLI01574,2025-08-01,0,1,-37.6
CLI01575,2024-05-01,0,0,75.6
CLI01575,2024-09-01,1,1,-36.2
CLI01575,2024-11-01,1,2,-0.4
CLI01575,2025-03-01,1,2,33.1
CLI01576,2024-10-01,0,0,60.1
CLI01576,2025-02-01,2,0,-22.2
CLI01576,2025-08-01,0,1,18.6
CLI01577,2024-09-01,0,0,49.0
CLI01577,2024-12-01,2,0,54.3
CLI01577,2025-08-01,0,0,26.8
CLI01578,2025-02-01,0,0,-21.1
CLI01578,2025-03-01,0,0,-2.0
CLI01578,2025-09-01,0,2,20.0
CLI01579,2023-01-01,0,2,30.2
CLI01579,2024-07-01,1,0,-32.8
CLI01579,2024-09-01,2,0,-36.5
CLI01579,2025-04-01,0,1,61.2
CLI01580,2023-08-01,2,1,26.5
CLI01581,2023-02-01,0,0,66.2
CLI01581,2023-09-01,0,1,14.9
CLI01581,2024-04-01,1,0,7.5
CLI01581,2024-09-01,0,1,46.7
CLI01582,2024-09-01,0,1,-57.5
CLI01582,2024-11-01,1,1,14.9
CLI01582,2025-10-01,0,2,63.9
CLI01583,2025-04-01,0,1,30.3
CLI01583,2025-10-01,0,0,28.6
CLI01584,2024-05-01,0,0,55.9
CLI01584,2025-05-01,1,1,-35.5
CLI01584,2025-06-01,1,0,-4.3
CLI01584,2025-08-01,1,1,-13.1
CLI01585,2023-12-01,0,2,33.9
CLI01585,2024-04-01,0,1,18.2
CLI01586,2025-06-01,3,1,-16.5
CLI01587,2024-04-01,0,0,100.0
CLI01587,2025-02-01,1,1,23.4
CLI01588,2024-09-01,0,0,14.5
CLI01589,2023-11-01,0,0,52.9
CLI01589,2024-06-01,0,0,61.7
CLI01589,2025-05-01,0,0,40.2
CLI01589,2025-11-01,1,2,79.7
CLI01591,2023-04-01,0,1,24.3
CLI01591,2025-05-01,2,1,35.7
CLI01592,2024-05-01,2,0,66.9
CLI01592,2024-12-01,1,1,-88.5
CLI01592,2025-06-01,0,0,85.5
CLI01593,2024-11-01,0,2,-61.9
CLI01593,2024-12-01,1,0,-36.2
CLI01593,2025-01-01,3,3,-47.1
CLI01593,2025-10-01,0,0,55.5
CLI01594,2024-11-01,0,1,52.6
CLI01595,2024-03-01,0,0,-40.8
CLI01596,2024-09-01,0,1,58.9
CLI01598,2023-09-01,2,1,9.9
CLI01598,2023-10-01,1,5,23.6
CLI01598,2023-11-01,2,0,-69.1
CLI01599,2024-07-01,0,0,74.7
CLI01599,2024-08-01,0,0,50.5
CLI01599,2025-02-01,2,3,5.8
CLI01599,2025-03-01,0,1,-9.9
CLI01600,2022-06-01,0,0,23.6
CLI01600,2022-07-01,0,0,-0.6
CLI01600,2024-07-01,2,0,-18.5
CLI01600,2025-06-01,0,1,65.4
CLI01600,2025-09-01,0,0,60.6
CLI01601,2024-08-01,1,0,38.3
CLI01601,2024-10-01,2,1,44.2
CLI01601,2025-09-01,2,0,55.9
CLI01603,2025-06-01,1,0,-22.0
CLI01604,2024-01-01,0,0,78.0
CLI01604,2024-08-01,1,0,-49.3
CLI01604,2025-06-01,1,0,30.1
CLI01605,2023-12-01,0,1,71.1
CLI01606,2023-09-01,0,0,-5.9
CLI01606,2024-07-01,0,1,20.2
CLI01606,2024-09-01,1,2,25.6
CLI01606,2024-11-01,2,1,-18.7
CLI01606,2024-12-01,0,1,-19.6
CLI01607,2025-04-01,0,0,45.5
CLI01608,2024-01-01,0,0,42.1
CLI01609,2023-12-01,0,1,67.8
CLI01609,2024-07-01,0,0,14.4
CLI01611,2025-05-01,0,1,-72.2
CLI01611,2025-07-01,3,0,-23.5
CLI01613,2022-12-01,0,1,34.1
CLI01614,2025-01-01,1,0,-4.8
CLI01614,2025-02-01,1,1,-4.8
CLI01614,2025-03-01,2,0,4.5
CLI01614,2025-04-01,6,3,-26.1
CLI01615,2022-11-01,0,0,23.2
CLI01615,2023-12-01,0,0,67.8
CLI01615,2024-05-01,0,1,-31.6
CLI01616,2023-12-01,0,0,90.7
CLI01616,2025-04-01,0,1,-48.5
CLI01616,2025-11-01,0,1,34.8
CLI01617,2023-11-01,0,1,58.8
CLI01617,2025-04-01,2,2,73.1
CLI01618,2024-10-01,0,1,48.2
CLI01618,2024-11-01,2,1,-38.3
CLI01618,2024-12-01,1,1,-58.4
CLI01618,2025-01-01,0,1,-37.9
CLI01618,2025-10-01,1,0,76.2
CLI01619,2022-02-01,1,1,36.2
CLI01619,2023-03-01,0,0,32.9
CLI01619,2023-05-01,0,2,25.2
CLI01619,2023-07-01,0,0,59.8
CLI01619,2024-02-01,0,0,24.5
CLI01619,2025-06-01,3,2,13.2
CLI01620,2024-09-01,2,0,16.5
CLI01622,2023-04-01,0,0,57.9
CLI01623,2023-05-01,0,0,22.2
CLI01623,2023-06-01,1,1,30.4
CLI01623,2024-03-01,0,0,18.4
CLI01623,2025-09-01,0,0,48.3
CLI01624,2023-01-01,0,0,9.2
CLI01624,2023-03-01,0,1,46.0
CLI01624,2023-06-01,1,0,64.3
CLI01624,2023-11-01,0,1,45.0
CLI01624,2024-02-01,2,4,6.8
CLI01624,2024-03-01,0,0,-6.1
CLI01624,2025-03-01,0,0,44.2
CLI01625,2023-02-01,0,0,48.8
CLI01625,2023-05-01,0,0,100.0
CLI01625,2025-05-01,1,1,59.3
CLI01625,2025-07-01,0,1,33.2
CLI01626,2023-10-01,0,2,33.8
CLI01626,2024-03-01,0,0,52.5
CLI01627,2025-06-01,0,0,33.9
CLI01628,2024-06-01,4,1,8.2
CLI01628,2024-08-01,3,1,-12.3
CLI01628,2024-09-01,1,0,-0.0
CLI01628,2025-05-01,0,1,30.3
CLI01629,2024-07-01,0,0,60.5
CLI01629,2024-08-01,0,2,87.6
CLI01629,2025-05-01,5,0,9.7
CLI01630,2025-04-01,5,1,-34.2
CLI01630,2025-10-01,0,1,-4.5
CLI01631,2023-03-01,0,1,61.5
CLI01631,2024-01-01,1,3,-23.5
CLI01631,2025-02-01,1,1,59.1
CLI01631,2025-05-01,0,1,100.0
CLI01632,2024-12-01,0,0,74.7
CLI01632,2025-03-01,3,2,-13.2
CLI01635,2025-03-01,0,0,17.9
CLI01635,2025-05-01,2,1,-15.8
CLI01637,2023-03-01,0,0,56.2
CLI01637,2023-09-01,1,0,7.7
CLI01637,2023-12-01,0,2,80.9
CLI01637,2024-02-01,0,2,22.9
CLI01638,2023-01-01,0,0,15.4
CLI01638,2024-12-01,1,0,-20.7
CLI01638,2025-01-01,2,0,-0.7
CLI01638,2025-02-01,3,0,1.8
CLI01638,2025-08-01,0,0,48.4
CLI01638,2025-10-01,0,1,21.1
CLI01639,2023-04-01,0,1,29.5
CLI01639,2023-09-01,1,0,8.5
CLI01639,2025-01-01,0,0,28.7
CLI01639,2025-09-01,0,0,32.5
CLI01640,2022-06-01,0,1,46.3
CLI01640,2025-02-01,1,1,-7.4
CLI01640,2025-03-01,1,1,17.8
CLI01641,2023-09-01,0,0,52.6
CLI01641,2024-04-01,1,0,13.8
CLI01641,2024-07-01,1,1,-39.4
CLI01642,2023-03-01,0,1,33.4
CLI01643,2024-09-01,0,1,-12.2
CLI01643,2025-12-01,0,0,35.2
CLI01644,2024-02-01,1,0,12.8
CLI01644,2025-05-01,2,1,-19.5
CLI01644,2025-08-01,0,0,-6.8
CLI01646,2022-12-01,4,1,40.7
CLI01647,2024-06-01,0,1,-17.2
CLI01648,2024-01-01,1,1,52.3
CLI01648,2024-07-01,2,2,-27.0
CLI01648,2025-03-01,0,1,92.3
CLI01649,2024-09-01,1,0,17.6
CLI01649,2024-12-01,0,0,70.8
CLI01649,2025-04-01,1,0,-48.4
CLI01650,2024-05-01,2,1,56.0
CLI01650,2024-06-01,1,1,-1.4
CLI01650,2025-01-01,2,0,18.9
CLI01651,2023-05-01,1,1,46.0
CLI01651,2023-10-01,1,0,41.8
CLI01651,2024-08-01,0,1,29.4
CLI01651,2024-11-01,2,1,-49.4
CLI01651,2024-12-01,2,0,-12.5
CLI01651,2025-12-01,1,1,11.5
CLI01652,2022-11-01,0,0,58.9
CLI01652,2023-01-01,1,1,37.3
CLI01652,2024-04-01,0,2,54.7
CLI01652,2024-05-01,1,0,73.3
CLI01652,2024-12-01,0,0,62.9
CLI01654,2023-07-01,2,0,27.4
CLI01654,2023-08-01,1,0,70.6
CLI01654,2023-10-01,0,1,37.9
CLI01655,2024-04-01,0,0,54.2
CLI01657,2024-12-01,2,0,33.2
CLI01657,2025-02-01,2,0,-28.8
CLI01658,2023-04-01,0,1,56.7
CLI01659,2024-03-01,0,0,2.3
CLI01660,2023-08-01,1,0,30.6
CLI01660,2024-11-01,0,0,-4.2
CLI01660,2025-02-01,1,1,-50.1
CLI01660,2025-04-01,1,3,3.3
CLI01660,2025-05-01,1,0,36.5
CLI01661,2023-02-01,0,1,39.3
CLI01661,2023-04-01,0,2,50.8
CLI01661,2023-12-01,0,0,31.7
CLI01661,2024-01-01,0,0,72.0
CLI01661,2025-05-01,0,1,9.9
CLI01661,2025-12-01,0,0,37.0
CLI01662,2024-10-01,0,3,63.7
CLI01662,2025-01-01,6,5,-29.7
CLI01662,2025-02-01,1,0,4.8
CLI01663,2023-06-01,0,0,22.8
CLI01664,2023-06-01,0,1,90.5
CLI01664,2025-07-01,0,0,40.6
CLI01665,2024-10-01,1,2,-55.7
CLI01666,2024-11-01,0,1,-27.1
CLI01666,2024-12-01,1,2,-2.9
CLI01666,2025-05-01,3,0,-43.2
CLI01667,2024-12-01,1,1,24.7
CLI01667,2025-01-01,1,0,2.7
CLI01668,2025-02-01,0,0,-17.5
CLI01668,2025-03-01,2,1,1.0
CLI01670,2023-02-01,0,2,36.6
CLI01670,2024-02-01,0,1,67.2
CLI01671,2023-04-01,0,0,47.0
CLI01671,2024-07-01,0,0,83.2
CLI01671,2025-08-01,1,0,37.8
CLI01672,2024-07-01,0,1,26.5
CLI01673,2024-10-01,1,0,20.7
CLI01673,2025-03-01,0,0,35.3
CLI01673,2025-09-01,0,1,52.2
CLI01674,2024-07-01,0,2,50.9
CLI01675,2023-03-01,1,0,7.2
CLI01675,2024-11-01,4,2,-17.5
CLI01676,2023-10-01,0,1,41.5
CLI01676,2024-09-01,0,3,-21.3
CLI01676,2024-10-01,1,1,-48.3
CLI01676,2024-11-01,1,1,-5.9
CLI01676,2025-08-01,0,0,94.3
CLI01677,2022-07-01,0,1,77.8
CLI01677,2023-03-01,0,0,65.7
CLI01677,2023-11-01,0,0,42.1
CLI01677,2025-01-01,0,0,39.8
CLI01678,2023-05-01,0,0,53.8
CLI01678,2023-12-01,1,1,30.0
CLI01678,2024-05-01,0,1,65.3
CLI01678,2024-12-01,0,2,-20.4
CLI01679,2024-12-01,1,0,45.1
CLI01679,2025-08-01,0,0,15.7
CLI01680,2024-01-01,0,1,23.9
CLI01680,2025-02-01,0,2,49.2
CLI01680,2025-06-01,0,1,31.8
CLI01681,2023-12-01,1,0,32.2
CLI01681,2024-11-01,0,1,56.0
CLI01681,2025-04-01,0,1,-41.8
CLI01681,2025-06-01,2,2,26.3
CLI01682,2025-02-01,3,2,-81.6
CLI01683,2024-02-01,0,0,58.4
CLI01683,2024-07-01,0,1,-20.3
CLI01683,2025-05-01,0,0,-18.9
CLI01684,2023-04-01,1,0,10.4
CLI01684,2023-06-01,0,0,51.0
CLI01684,2023-12-01,0,0,3.3
CLI01684,2024-11-01,4,3,-2.5
CLI01684,2025-08-01,0,0,-12.3
CLI01684,2025-11-01,0,1,31.9
CLI01685,2024-12-01,0,1,71.0
CLI01686,2024-06-01,1,0,59.9
CLI01688,2024-01-01,0,0,64.0
CLI01688,2025-10-01,0,0,63.0
CLI01690,2024-05-01,0,0,51.7
CLI01690,2024-06-01,0,1,54.5
CLI01690,2025-06-01,0,0,28.7
CLI01691,2022-12-01,0,1,55.9
CLI01691,2023-05-01,0,0,32.1
CLI01691,2024-02-01,1,0,22.3
CLI01691,2025-09-01,0,1,66.8
CLI01692,2024-09-01,2,0,29.5
CLI01692,2024-11-01,0,1,52.1
CLI01692,2025-05-01,3,5,-23.1
CLI01693,2023-02-01,1,0,38.2
CLI01693,2025-05-01,1,1,-55.6
CLI01693,2025-06-01,2,0,-13.9
CLI01694,2023-09-01,1,0,-9.8
CLI01694,2023-10-01,3,0,-8.7
CLI01695,2023-05-01,0,2,23.8
CLI01695,2024-11-01,0,2,88.7
CLI01695,2024-12-01,1,0,50.4
CLI01695,2025-01-01,1,0,31.1
CLI01695,2025-10-01,2,1,100.0
CLI01696,2025-10-01,0,0,86.2
CLI01697,2024-04-01,2,0,15.7
CLI01698,2023-10-01,0,0,30.5
CLI01698,2024-12-01,3,1,7.0
CLI01698,2025-02-01,0,1,-13.9
CLI01699,2025-06-01,1,1,-0.8
CLI01699,2025-11-01,0,0,41.0
CLI01701,2023-04-01,0,0,80.5
CLI01701,2023-12-01,1,1,57.5
CLI01702,2024-08-01,1,0,-27.4
CLI01702,2024-11-01,0,2,81.5
CLI01702,2025-10-01,0,1,63.2
CLI01704,2023-12-01,0,0,66.4
CLI01704,2025-05-01,1,2,-5.5
CLI01704,2025-08-01,2,3,-59.9
CLI01705,2024-02-01,0,0,24.5
CLI01706,2023-08-01,1,0,20.8
CLI01706,2024-12-01,1,1,63.5
CLI01707,2025-05-01,0,0,57.9
CLI01707,2025-06-01,2,0,19.7
CLI01708,2022-11-01,0,0,39.0
CLI01708,2023-01-01,0,0,47.2
CLI01708,2024-09-01,0,0,80.0
CLI01708,2025-07-01,0,0,-10.4
CLI01708,2025-11-01,2,1,56.3
CLI01709,2025-01-01,0,0,-18.1
CLI01709,2025-02-01,5,1,-22.4
CLI01710,2023-04-01,0,0,48.4
CLI01710,2023-07-01,0,0,44.6
CLI01710,2024-05-01,1,0,74.6
CLI01710,2025-03-01,0,1,-21.9
CLI01710,2025-04-01,1,1,-64.8
CLI01710,2025-05-01,2,0,36.3
CLI01710,2025-07-01,0,1,78.0
CLI01711,2023-01-01,0,2,45.5
CLI01711,2024-12-01,0,1,38.6
CLI01712,2023-11-01,0,0,29.1
CLI01712,2024-03-01,0,1,51.2
CLI01712,2025-04-01,2,1,34.7
CLI01713,2024-10-01,4,1,-31.7
CLI01713,2025-01-01,0,2,-88.3
CLI01714,2024-01-01,0,2,71.5
CLI01714,2024-03-01,3,0,-49.5
CLI01714,2024-06-01,0,0,-46.6
CLI01714,2024-07-01,0,0,18.0
CLI01714,2025-01-01,0,0,35.4
CLI01715,2024-05-01,1,0,3.0
CLI01715,2024-07-01,1,0,-8.8
CLI01716,2025-02-01,2,0,-38.1
CLI01717,2022-07-01,0,1,42.7
CLI01717,2023-03-01,0,0,68.3
CLI01717,2024-08-01,0,1,56.2
CLI01717,2025-04-01,0,0,39.8
CLI01717,2025-06-01,1,1,51.2
CLI01717,2025-08-01,4,1,-3.4
CLI01718,2023-11-01,2,0,56.5
CLI01718,2025-04-01,0,1,-15.4
CLI01718,2025-05-01,0,0,12.8
CLI01718,2025-06-01,1,1,-1.5
CLI01718,2025-07-01,1,1,-44.0
CLI01719,2023-07-01,1,1,10.9
CLI01719,2023-12-01,0,0,12.9
CLI01719,2024-06-01,0,1,5.6
CLI01719,2024-07-01,0,0,29.6
CLI01719,2024-08-01,0,0,100.0
CLI01721,2024-08-01,1,1,-46.9
CLI01723,2025-05-01,0,1,43.5
CLI01724,2025-02-01,5,0,-9.4
CLI01725,2023-01-01,1,1,68.6
CLI01725,2024-03-01,0,1,10.9
CLI01725,2025-06-01,3,0,-59.8
CLI01725,2025-07-01,1,0,-40.5
CLI01725,2025-08-01,2,0,-2.5
CLI01726,2024-10-01,2,0,7.4
CLI01727,2025-02-01,1,1,69.0
CLI01728,2023-09-01,0,1,83.3
CLI01728,2024-02-01,0,1,71.7
CLI01728,2024-12-01,1,3,20.2
CLI01728,2025-01-01,1,0,64.7
CLI01728,2025-10-01,0,1,70.0
CLI01728,2025-11-01,0,0,69.4
CLI01729,2024-03-01,0,0,-3.6
CLI01729,2024-08-01,0,1,10.8
CLI01731,2024-12-01,4,1,-39.6
CLI01731,2025-01-01,2,1,-31.4
CLI01731,2025-11-01,0,1,-7.5
CLI01732,2024-09-01,0,0,-21.0
CLI01733,2023-01-01,0,2,57.7
CLI01733,2023-09-01,0,0,76.1
CLI01733,2023-10-01,0,1,48.1
CLI01733,2023-12-01,2,1,36.7
CLI01733,2024-01-01,3,1,26.3
CLI01733,2024-02-01,0,0,-29.1
CLI01733,2024-03-01,3,1,-19.9
CLI01733,2024-04-01,0,0,41.8
CLI01734,2024-06-01,2,2,29.5
CLI01734,2025-01-01,5,1,0.5
CLI01734,2025-02-01,2,1,-22.8
CLI01734,2025-03-01,2,3,9.2
CLI01735,2024-08-01,0,0,75.5
CLI01735,2025-01-01,2,2,26.0
CLI01735,2025-05-01,1,0,36.4
CLI01735,2025-08-01,0,1,35.3
CLI01735,2025-12-01,0,2,31.0
CLI01736,2024-03-01,0,0,62.9
CLI01736,2024-06-01,0,0,86.5
CLI01736,2025-03-01,4,1,-11.8
CLI01737,2023-04-01,0,0,50.0
CLI01737,2023-08-01,0,1,94.4
CLI01737,2024-12-01,0,1,13.0
CLI01738,2023-09-01,0,0,36.5
CLI01738,2024-06-01,0,0,-26.9
CLI01738,2025-04-01,1,0,2.0
CLI01738,2025-05-01,1,0,18.8
CLI01738,2025-06-01,0,0,-28.6
CLI01738,2025-07-01,2,2,17.9
CLI01739,2025-05-01,3,0,-3.3
CLI01740,2024-01-01,0,0,46.2
CLI01740,2025-03-01,1,0,-48.7
CLI01740,2025-04-01,1,1,-6.1
CLI01741,2024-06-01,1,1,56.5
CLI01741,2025-04-01,0,2,-12.3
CLI01741,2025-07-01,0,0,60.9
CLI01742,2023-01-01,1,3,-29.4
CLI01742,2023-06-01,0,1,100.0
CLI01742,2024-11-01,2,0,70.2
CLI01742,2025-02-01,0,0,88.4
CLI01742,2025-05-01,0,3,74.6
CLI01743,2024-01-01,0,1,39.2
CLI01743,2024-08-01,0,1,57.5
CLI01743,2025-05-01,0,0,14.9
CLI01744,2024-11-01,2,1,-19.3
CLI01744,2025-01-01,1,1,4.6
CLI01745,2024-02-01,0,1,69.6
CLI01745,2024-04-01,2,1,25.5
CLI01745,2025-04-01,0,2,46.1
CLI01746,2024-02-01,0,0,3.3
CLI01746,2025-09-01,1,2,-7.1
CLI01747,2024-10-01,1,3,-11.1
CLI01747,2024-11-01,4,1,38.4
CLI01748,2024-04-01,1,2,54.6
CLI01749,2023-09-01,1,0,31.2
CLI01749,2024-06-01,3,1,-3.7
CLI01750,2023-08-01,0,0,78.9
CLI01750,2025-02-01,4,1,10.7
CLI01750,2025-07-01,1,0,36.8
CLI01751,2025-01-01,6,0,-8.2
CLI01751,2025-03-01,2,0,-12.1
CLI01752,2025-12-01,0,0,47.2
CLI01753,2025-02-01,2,2,-66.7
CLI01754,2025-01-01,3,0,-34.3
CLI01754,2025-03-01,3,1,1.8
CLI01755,2023-06-01,1,1,72.2
CLI01755,2023-07-01,0,2,29.0
CLI01755,2024-09-01,0,0,56.7
CLI01756,2023-08-01,1,0,45.4
CLI01756,2023-11-01,0,0,39.7
CLI01756,2024-01-01,0,1,81.2
CLI01756,2024-09-01,3,2,-20.1
CLI01756,2024-11-01,2,0,-50.8
CLI01756,2024-12-01,1,1,26.9
CLI01756,2025-03-01,1,0,51.1
CLI01757,2022-12-01,0,0,37.0
CLI01757,2025-02-01,2,2,74.6
CLI01757,2025-04-01,0,0,24.5
CLI01757,2025-06-01,0,3,26.0
CLI01757,2025-07-01,1,0,-62.7
CLI01757,2025-09-01,2,0,-1.0
CLI01758,2023-01-01,0,1,21.6
CLI01758,2023-03-01,0,2,20.3
CLI01758,2025-09-01,1,2,-61.8
CLI01759,2024-08-01,0,0,62.6
CLI01759,2025-04-01,0,0,47.4
CLI01760,2024-05-01,0,0,54.9
CLI01760,2025-02-01,2,2,-20.2
CLI01760,2025-08-01,0,1,54.8
CLI01761,2022-08-01,0,0,69.9
CLI01761,2024-07-01,0,2,49.3
CLI01762,2025-08-01,0,0,65.3
CLI01763,2023-06-01,0,1,56.9
CLI01763,2024-02-01,0,1,78.7
CLI01763,2024-03-01,0,2,77.4
CLI01763,2024-05-01,0,0,12.7
CLI01764,2024-06-01,2,3,14.2
CLI01764,2024-07-01,1,0,-20.6
CLI01764,2025-06-01,1,1,41.3
CLI01765,2025-03-01,3,0,1.1
CLI01765,2025-04-01,2,2,18.1
CLI01765,2025-06-01,1,1,-23.1
CLI01766,2022-11-01,0,0,95.5
CLI01766,2024-08-01,0,1,71.0
CLI01766,2025-10-01,0,1,46.6
CLI01767,2025-04-01,2,2,5.7
CLI01767,2025-09-01,0,2,34.6
CLI01768,2023-11-01,0,1,65.0
CLI01768,2024-04-01,0,0,12.2
CLI01768,2025-05-01,1,3,26.1
CLI01769,2024-05-01,0,0,27.1
CLI01769,2025-03-01,2,2,-3.0
CLI01769,2025-04-01,3,0,-58.6
CLI01769,2025-05-01,1,1,-18.7
CLI01769,2025-06-01,1,1,4.7
CLI01769,2025-12-01,0,2,70.4
CLI01770,2024-02-01,0,1,43.5
CLI01770,2024-07-01,2,0,-18.2
CLI01770,2025-05-01,1,0,68.9
CLI01771,2025-10-01,0,0,38.1
CLI01772,2023-02-01,0,0,77.7
CLI01772,2023-12-01,0,2,44.1
CLI01772,2025-05-01,2,1,5.7
CLI01774,2024-09-01,1,1,57.6
CLI01774,2025-11-01,1,1,32.4
CLI01775,2022-12-01,0,1,10.2
CLI01775,2023-09-01,0,0,51.8
CLI01775,2025-06-01,2,0,53.0
CLI01776,2023-06-01,0,0,30.8
CLI01776,2024-09-01,0,0,50.5
CLI01776,2025-01-01,4,1,-48.0
CLI01778,2025-02-01,1,0,-36.2
CLI01779,2023-02-01,3,1,-28.1
CLI01780,2024-03-01,1,1,54.8
CLI01781,2023-04-01,0,2,32.4
CLI01782,2025-01-01,0,1,87.2
CLI01782,2025-02-01,0,0,-2.5
CLI01782,2025-07-01,3,0,-3.6
CLI01782,2025-09-01,0,0,-4.0
CLI01783,2024-06-01,0,1,23.3
CLI01783,2025-05-01,2,1,26.2
CLI01783,2025-06-01,1,3,-18.3
CLI01784,2025-02-01,1,1,8.6
CLI01784,2025-08-01,0,2,55.3
CLI01785,2024-03-01,0,1,39.3
CLI01785,2025-04-01,1,2,63.7
CLI01785,2025-05-01,3,0,-27.1
CLI01786,2023-10-01,0,0,24.7
CLI01786,2025-01-01,2,0,-1.1
CLI01786,2025-02-01,2,0,-6.9
CLI01786,2025-03-01,3,1,-44.0
CLI01787,2023-07-01,0,1,66.3
CLI01787,2025-04-01,0,3,17.0
CLI01788,2023-06-01,0,0,20.6
CLI01788,2024-03-01,0,0,57.2
CLI01788,2024-08-01,1,3,-8.3
CLI01789,2023-04-01,0,1,78.2
CLI01789,2023-07-01,2,1,7.8
CLI01790,2023-10-01,0,0,34.0
CLI01790,2025-03-01,0,0,19.5
CLI01791,2023-10-01,0,0,30.0
CLI01791,2025-04-01,1,0,14.7
CLI01792,2023-04-01,0,0,14.9
CLI01793,2024-08-01,0,1,27.1
CLI01793,2024-12-01,0,3,69.5
CLI01793,2025-06-01,2,0,-35.3
CLI01793,2025-07-01,2,0,-50.6
CLI01794,2023-11-01,0,0,-2.9
CLI01795,2025-04-01,1,0,-8.2
CLI01795,2025-05-01,0,1,16.6
CLI01795,2025-07-01,1,3,-61.0
CLI01796,2023-07-01,2,0,67.5
CLI01796,2023-08-01,0,0,37.0
CLI01796,2024-11-01,0,3,-17.8
CLI01797,2025-03-01,4,0,-22.6
CLI01797,2025-06-01,1,0,23.9
CLI01798,2023-11-01,0,1,30.8
CLI01798,2024-12-01,0,1,85.4
CLI01798,2025-07-01,2,0,58.3
CLI01798,2025-11-01,0,0,76.4
CLI01799,2023-06-01,0,0,46.2
CLI01799,2024-11-01,0,0,-27.9
CLI01800,2023-09-01,0,0,35.1
CLI01800,2024-02-01,0,0,45.5
CLI01800,2024-06-01,0,1,22.2
CLI01800,2024-08-01,0,1,22.6
CLI01800,2025-02-01,4,0,0.2
CLI01800,2025-04-01,1,0,38.9
CLI01801,2024-01-01,0,1,61.4
CLI01801,2024-10-01,1,2,-24.1
CLI01802,2024-04-01,2,2,-25.4
CLI01802,2024-08-01,0,1,49.6
CLI01802,2025-01-01,1,1,46.9
CLI01803,2025-06-01,1,1,2.3
CLI01804,2024-11-01,1,0,-5.0
CLI01804,2025-02-01,1,1,53.2
CLI01804,2025-04-01,0,0,23.5
CLI01804,2025-10-01,1,0,72.7
CLI01805,2023-06-01,0,1,32.8
CLI01805,2024-07-01,0,2,32.1
CLI01805,2025-01-01,0,2,23.1
CLI01806,2024-08-01,0,0,-7.4
CLI01806,2025-01-01,1,1,18.0
CLI01806,2025-05-01,0,1,44.3
CLI01806,2025-06-01,2,0,-21.3
CLI01807,2023-06-01,0,1,47.7
CLI01807,2023-11-01,0,0,86.6
CLI01807,2024-05-01,1,1,20.7
CLI01807,2024-06-01,1,0,-1.4
CLI01807,2024-09-01,0,0,38.6
CLI01809,2024-03-01,0,0,70.5
CLI01809,2025-05-01,1,0,-30.2
CLI01810,2024-10-01,0,0,47.9
CLI01810,2025-07-01,1,0,3.0
CLI01810,2025-08-01,1,1,-36.8
CLI01811,2025-01-01,0,2,24.1
CLI01811,2025-10-01,0,0,72.4
CLI01812,2024-04-01,0,0,71.9
CLI01812,2025-01-01,1,0,-24.9
CLI01813,2024-01-01,2,3,4.1
CLI01814,2023-03-01,0,0,63.9
CLI01814,2023-04-01,0,1,36.9
CLI01814,2023-05-01,1,1,2.7
CLI01814,2024-12-01,1,0,55.8
CLI01814,2025-06-01,1,1,-10.2
CLI01815,2025-03-01,1,3,36.1
CLI01816,2024-03-01,0,0,27.4
CLI01816,2024-05-01,0,1,69.8
CLI01816,2025-01-01,1,2,-9.0
CLI01816,2025-04-01,0,1,23.2
CLI01816,2025-11-01,0,0,27.4
CLI01817,2024-08-01,0,0,100.0
CLI01817,2025-05-01,3,0,-33.0
CLI01819,2023-12-01,1,1,-12.7
CLI01819,2024-05-01,0,1,69.2
CLI01819,2024-10-01,1,1,15.2
CLI01819,2025-11-01,0,0,54.5
CLI01820,2023-06-01,0,1,61.5
CLI01820,2024-10-01,0,3,49.9
CLI01821,2025-12-01,0,0,73.9
CLI01822,2025-05-01,1,0,-0.5
CLI01823,2022-12-01,0,0,89.8
CLI01823,2024-10-01,1,1,61.4
CLI01823,2025-01-01,0,0,100.0
CLI01823,2025-03-01,1,2,26.5
CLI01824,2024-01-01,1,3,5.7
CLI01825,2024-05-01,0,0,68.9
CLI01825,2024-10-01,0,1,64.3
CLI01825,2024-11-01,0,1,38.9
CLI01825,2025-09-01,1,0,-3.5
CLI01827,2023-12-01,0,0,100.0
CLI01827,2024-05-01,0,0,60.7
CLI01827,2024-10-01,1,2,2.6
CLI01827,2024-12-01,0,0,8.1
CLI01828,2024-06-01,0,2,10.1
CLI01828,2024-08-01,2,3,6.5
CLI01828,2025-09-01,0,1,16.1
CLI01829,2022-12-01,0,0,53.3
CLI01829,2024-09-01,0,1,51.9
CLI01829,2025-04-01,0,0,49.2
CLI01830,2024-03-01,0,2,66.0
CLI01830,2024-12-01,1,2,-38.9
CLI01831,2024-11-01,2,0,41.4
CLI01831,2025-07-01,0,0,69.9
CLI01832,2023-10-01,0,1,41.2
CLI01832,2024-03-01,4,0,-23.6
CLI01832,2024-04-01,0,1,53.4
CLI01833,2024-03-01,0,2,53.8
CLI01834,2022-08-01,0,1,35.1
CLI01834,2023-07-01,0,1,100.0
CLI01834,2023-08-01,0,0,45.8
CLI01834,2025-01-01,0,0,15.2
CLI01835,2025-01-01,2,2,17.2
CLI01836,2024-08-01,0,4,68.0
CLI01836,2025-02-01,0,1,-61.4
CLI01837,2023-09-01,1,0,24.0
CLI01837,2024-06-01,0,1,27.4
CLI01837,2025-05-01,0,2,-30.7
CLI01837,2025-06-01,2,1,-28.1
CLI01838,2024-06-01,1,1,-18.0
CLI01839,2024-06-01,1,0,8.1
CLI01840,2023-12-01,0,1,11.5
CLI01840,2025-02-01,2,1,-47.4
CLI01841,2023-06-01,0,0,-3.5
CLI01841,2023-07-01,0,2,25.0
CLI01841,2024-08-01,0,1,49.2
CLI01841,2025-01-01,2,2,-18.9
CLI01841,2025-02-01,2,0,-86.8
CLI01842,2025-05-01,1,4,36.0
CLI01842,2025-07-01,2,1,46.1
CLI01843,2024-03-01,1,1,-15.5
CLI01843,2024-11-01,0,0,14.6
CLI01843,2025-03-01,0,1,33.8
CLI01845,2023-02-01,1,0,58.1
CLI01845,2024-10-01,0,2,-47.1
CLI01846,2022-05-01,0,0,64.4
CLI01846,2023-06-01,0,1,38.4
CLI01847,2023-09-01,0,0,81.3
CLI01847,2025-09-01,0,0,31.7
CLI01848,2024-05-01,0,0,56.8
CLI01848,2024-06-01,0,0,52.9
CLI01849,2023-05-01,0,0,10.6
CLI01849,2023-07-01,0,1,73.3
CLI01849,2025-05-01,1,1,11.2
CLI01849,2025-08-01,0,0,-4.1
CLI01851,2024-07-01,0,2,21.3
CLI01851,2025-06-01,2,0,16.5
CLI01851,2025-08-01,1,0,16.7
CLI01852,2023-02-01,1,1,47.2
CLI01852,2023-08-01,1,0,-9.8
CLI01852,2023-11-01,0,2,63.9
CLI01852,2024-02-01,0,2,62.4
CLI01852,2024-11-01,0,0,41.5
CLI01852,2024-12-01,0,0,71.9
CLI01852,2025-03-01,0,0,-59.3
CLI01852,2025-04-01,3,2,12.0
CLI01853,2023-04-01,0,0,31.2
CLI01853,2024-05-01,0,0,-60.9
CLI01853,2025-05-01,0,0,76.6
CLI01855,2024-05-01,1,1,14.0
CLI01855,2024-07-01,4,2,5.6
CLI01855,2024-08-01,2,0,-18.1
CLI01855,2025-06-01,2,1,31.3
CLI01856,2024-03-01,1,1,35.6
CLI01856,2025-08-01,2,1,-40.8
CLI01856,2025-09-01,2,1,10.0
CLI01858,2023-11-01,0,0,32.5
CLI01858,2024-06-01,0,2,100.0
CLI01858,2025-06-01,1,1,1.9
CLI01858,2025-09-01,1,2,46.1
CLI01858,2025-11-01,0,1,82.3
CLI01859,2023-06-01,2,0,-45.3
CLI01859,2024-05-01,0,0,48.0
CLI01859,2025-06-01,0,0,63.9
CLI01860,2025-01-01,0,0,-14.9
CLI01860,2025-03-01,1,0,-9.3
CLI01861,2023-09-01,0,0,64.9
CLI01861,2023-11-01,1,2,29.9
CLI01861,2023-12-01,0,0,48.5
CLI01861,2024-09-01,0,0,0.3
CLI01861,2025-07-01,0,1,21.0
CLI01862,2025-06-01,2,2,-13.5
CLI01863,2024-10-01,0,5,-12.5
CLI01863,2024-11-01,1,3,-5.4
CLI01864,2023-11-01,1,0,76.2
CLI01864,2024-11-01,1,1,-33.3
CLI01866,2023-08-01,2,2,40.6
CLI01866,2025-09-01,1,0,72.4
CLI01867,2023-08-01,0,1,-63.9
CLI01868,2024-01-01,1,0,39.3
CLI01868,2024-09-01,1,0,-6.0
CLI01868,2024-11-01,2,0,-5.1
CLI01869,2024-07-01,1,0,18.5
CLI01869,2025-05-01,2,1,-50.1
CLI01869,2025-06-01,2,0,6.6
CLI01869,2025-07-01,2,1,-10.6
CLI01870,2023-04-01,0,0,53.9
CLI01870,2024-09-01,1,0,20.1
CLI01870,2025-03-01,1,3,0.1
CLI01870,2025-05-01,0,0,-38.9
CLI01870,2025-08-01,0,0,26.1
CLI01871,2025-01-01,0,1,35.8
CLI01872,2024-08-01,1,0,28.8
CLI01872,2025-02-01,0,0,59.4
CLI01873,2022-09-01,0,0,56.7
CLI01875,2024-02-01,2,1,-31.5
CLI01875,2024-06-01,0,0,3.5
CLI01875,2025-08-01,0,0,25.2
CLI01876,2025-07-01,2,3,-32.9
CLI01877,2023-07-01,0,1,55.7
CLI01877,2025-05-01,2,3,-21.8
CLI01877,2025-08-01,0,1,58.5
CLI01878,2024-04-01,0,1,28.8
CLI01878,2025-02-01,1,0,-36.2
CLI01878,2025-09-01,0,0,34.4
CLI01879,2024-08-01,1,0,72.2
CLI01879,2024-10-01,0,2,-48.4
CLI01879,2024-12-01,3,2,-26.3
CLI01879,2025-08-01,0,0,52.3
CLI01880,2024-08-01,0,2,30.5
CLI01881,2023-04-01,0,0,34.8
CLI01881,2024-05-01,2,0,-20.0
CLI01881,2024-07-01,3,0,15.6
CLI01881,2024-08-01,1,0,3.6
CLI01881,2024-12-01,0,0,5.9
CLI01882,2023-11-01,0,1,2.0
CLI01882,2024-03-01,1,1,-38.3
CLI01882,2024-05-01,0,1,48.5
CLI01883,2024-05-01,0,1,45.9
CLI01883,2024-06-01,0,1,18.6
CLI01883,2025-02-01,1,3,-25.8
CLI01883,2025-03-01,0,0,-17.2
CLI01884,2022-03-01,0,0,66.5
CLI01884,2022-08-01,0,0,34.4
CLI01884,2022-12-01,0,1,43.3
CLI01884,2024-10-01,0,0,93.5
CLI01884,2025-06-01,0,2,-37.0
CLI01885,2023-11-01,2,1,83.2
CLI01885,2024-08-01,0,4,-36.7
CLI01886,2022-08-01,0,0,60.3
CLI01886,2023-10-01,0,0,16.7
CLI01886,2024-05-01,1,0,100.0
CLI01887,2022-06-01,0,0,29.0
CLI01887,2022-07-01,0,0,22.0
CLI01887,2023-08-01,1,0,43.1
CLI01887,2024-04-01,0,0,-34.5
CLI01887,2024-05-01,3,2,-8.9
CLI01888,2024-02-01,0,1,66.4
CLI01888,2024-10-01,0,2,76.6
CLI01889,2025-01-01,5,0,-32.8
CLI01889,2025-03-01,4,4,3.1
CLI01889,2025-04-01,2,1,56.5
CLI01889,2025-08-01,0,0,45.0
CLI01891,2022-09-01,0,2,26.2
CLI01891,2022-12-01,0,2,67.0
CLI01891,2025-02-01,4,1,5.1
CLI01891,2025-03-01,1,1,4.7
CLI01891,2025-04-01,2,0,-36.3
CLI01892,2023-02-01,0,1,32.2
CLI01892,2023-03-01,0,1,57.9
CLI01892,2025-03-01,0,0,13.3
CLI01892,2025-05-01,2,0,-5.4
CLI01893,2025-03-01,1,0,16.6
CLI01893,2025-04-01,0,0,44.8
CLI01894,2023-11-01,0,0,41.5
CLI01895,2024-08-01,0,0,67.9
CLI01895,2024-11-01,1,1,22.8
CLI01896,2022-07-01,0,1,54.0
CLI01896,2023-01-01,0,0,60.3
CLI01896,2023-06-01,0,2,43.9
CLI01897,2025-06-01,1,1,-32.1
CLI01897,2025-07-01,1,1,-37.1
CLI01898,2025-08-01,1,1,-14.2
CLI01899,2022-08-01,1,0,95.1
CLI01899,2025-03-01,2,3,8.4
CLI01899,2025-05-01,3,0,-9.8
CLI01900,2023-12-01,0,0,21.9
CLI01900,2025-04-01,0,1,60.4
CLI01900,2025-06-01,1,1,-8.2
CLI01901,2023-12-01,0,1,67.0
CLI01901,2024-06-01,0,2,56.1
CLI01901,2025-02-01,1,2,-12.8
CLI01901,2025-03-01,2,0,3.1
CLI01903,2023-12-01,1,0,35.7
CLI01903,2024-02-01,0,1,92.9
CLI01903,2024-07-01,0,0,48.9
CLI01903,2024-11-01,0,0,83.7
CLI01903,2025-04-01,3,1,-0.5
CLI01903,2025-05-01,2,1,-2.5
CLI01903,2025-06-01,3,4,-50.0
CLI01904,2023-11-01,0,0,39.3
CLI01904,2024-01-01,1,1,65.4
CLI01904,2024-05-01,2,2,-19.9
CLI01904,2025-04-01,0,4,69.7
CLI01904,2025-06-01,0,0,39.6
CLI01905,2023-01-01,0,0,55.4
CLI01905,2023-12-01,4,1,17.3
CLI01905,2025-04-01,0,0,-3.3
CLI01905,2025-09-01,0,0,28.7
CLI01905,2025-11-01,0,0,47.8
CLI01906,2024-05-01,0,0,48.4
CLI01907,2024-04-01,2,2,-19.2
CLI01907,2024-05-01,4,1,15.7
CLI01907,2025-12-01,0,1,69.9
CLI01908,2024-01-01,0,1,61.8
CLI01908,2025-09-01,0,0,36.3
CLI01909,2024-11-01,0,2,87.0
CLI01909,2025-02-01,2,1,48.9
CLI01909,2025-03-01,2,0,15.6
CLI01909,2025-05-01,0,1,25.5
CLI01910,2025-12-01,0,0,62.4
CLI01911,2023-08-01,0,1,14.2
CLI01911,2024-01-01,1,0,34.9
CLI01911,2024-11-01,0,1,96.3
CLI01912,2024-08-01,1,1,30.7
CLI01912,2025-02-01,0,0,7.8
CLI01912,2025-07-01,2,1,10.3
CLI01913,2025-02-01,0,0,69.6
CLI01913,2025-06-01,2,1,-18.9
CLI01913,2025-08-01,2,1,-1.6
CLI01914,2024-09-01,0,2,81.5
CLI01915,2025-03-01,1,3,-21.0
CLI01916,2024-12-01,0,1,-4.3
CLI01916,2025-01-01,0,2,-12.4
CLI01917,2023-06-01,1,2,-33.2
CLI01917,2023-08-01,3,2,-40.5
CLI01917,2024-03-01,0,0,48.7
CLI01917,2025-05-01,0,1,75.0
CLI01918,2025-04-01,2,1,27.6
CLI01918,2025-05-01,0,3,3.2
CLI01919,2024-05-01,0,1,-3.1
CLI01919,2024-06-01,2,1,-32.8
CLI01919,2024-08-01,0,1,31.5
CLI01920,2025-05-01,2,3,13.4
CLI01920,2025-11-01,0,0,11.3
CLI01921,2024-06-01,1,0,53.8
CLI01921,2024-08-01,4,1,-16.9
CLI01921,2024-11-01,1,0,19.0
CLI01921,2025-02-01,1,0,42.9
CLI01921,2025-07-01,1,1,8.8
CLI01923,2024-11-01,0,0,28.8
CLI01924,2023-12-01,1,1,19.9
CLI01924,2024-06-01,0,1,87.3
CLI01924,2024-09-01,0,1,86.3
CLI01924,2024-10-01,2,2,-20.5
CLI01924,2024-11-01,2,4,12.4
CLI01924,2025-01-01,2,3,-63.1
CLI01925,2022-09-01,0,1,77.6
CLI01925,2025-03-01,1,3,57.0
CLI01925,2025-11-01,0,0,72.0
CLI01927,2023-04-01,0,1,50.1
CLI01927,2023-10-01,1,1,66.1
CLI01928,2024-04-01,0,0,35.1
CLI01929,2025-01-01,1,1,19.1
CLI01929,2025-02-01,0,1,31.8
CLI01929,2025-07-01,0,0,53.6
CLI01930,2023-10-01,0,0,65.1
CLI01930,2024-05-01,1,1,-11.6
CLI01931,2024-05-01,0,2,51.5
CLI01931,2024-08-01,1,2,15.4
CLI01932,2024-01-01,0,1,51.3
CLI01932,2024-09-01,0,0,46.1
CLI01933,2024-08-01,1,1,41.2
CLI01933,2025-04-01,0,0,20.6
CLI01933,2025-05-01,1,1,11.2
CLI01933,2025-07-01,2,2,63.7
CLI01934,2024-09-01,0,1,36.1
CLI01934,2025-02-01,1,0,-20.3
CLI01934,2025-11-01,0,0,69.4
CLI01935,2025-03-01,0,1,35.9
CLI01936,2024-12-01,0,0,18.2
CLI01936,2025-05-01,1,1,-25.6
CLI01936,2025-06-01,3,1,-53.4
CLI01936,2025-07-01,1,1,-11.5
CLI01936,2025-11-01,0,0,61.0
CLI01937,2023-06-01,1,0,13.7
CLI01937,2024-05-01,0,4,8.8
CLI01937,2024-11-01,1,2,-60.7
CLI01939,2022-07-01,0,1,37.1
CLI01939,2022-08-01,0,1,57.7
CLI01939,2024-05-01,0,1,23.0
CLI01939,2024-08-01,0,0,2.9
CLI01939,2024-09-01,0,0,17.1
CLI01939,2025-01-01,0,2,-39.2
CLI01939,2025-09-01,0,2,51.6
CLI01940,2023-08-01,0,0,39.5
CLI01940,2024-09-01,2,2,-36.3
CLI01941,2023-06-01,1,0,20.5
CLI01941,2023-09-01,0,0,24.7
CLI01941,2025-04-01,2,0,2.6
CLI01942,2023-07-01,0,1,64.8
CLI01942,2023-09-01,0,1,29.7
CLI01942,2024-04-01,0,2,25.4
CLI01943,2024-11-01,2,0,65.9
CLI01943,2025-03-01,3,2,-4.0
CLI01943,2025-08-01,0,1,57.4
CLI01944,2024-07-01,0,2,7.7
CLI01945,2024-05-01,1,1,13.5
CLI01945,2024-06-01,2,1,-37.2
CLI01945,2024-07-01,1,2,-59.8
CLI01945,2024-08-01,2,1,46.5
CLI01945,2024-09-01,0,0,33.7
CLI01946,2024-07-01,2,0,-69.5
CLI01946,2024-10-01,2,1,-52.9
CLI01946,2025-05-01,0,1,12.1
CLI01947,2023-03-01,0,1,44.1
CLI01947,2023-10-01,0,0,1.6
CLI01947,2024-09-01,4,1,-34.3
CLI01947,2024-10-01,1,2,30.2
CLI01947,2025-01-01,0,1,29.3
CLI01948,2025-02-01,0,2,-8.1
CLI01949,2025-03-01,1,4,-13.6
CLI01950,2023-02-01,0,2,46.0
CLI01950,2024-08-01,1,0,35.4
CLI01951,2024-04-01,0,1,49.8
CLI01951,2025-03-01,1,2,19.1
CLI01952,2025-12-01,0,0,31.4
CLI01954,2022-11-01,0,0,34.4
CLI01954,2024-01-01,0,1,29.5
CLI01954,2024-12-01,0,0,54.9
CLI01954,2025-12-01,0,0,68.2
CLI01955,2024-11-01,3,0,10.2
CLI01955,2024-12-01,2,1,64.3
CLI01955,2025-01-01,5,0,-60.4
CLI01956,2023-08-01,2,1,13.5
CLI01957,2022-09-01,0,0,16.8
CLI01957,2025-05-01,1,0,15.0
CLI01957,2025-11-01,0,1,70.3
CLI01958,2022-05-01,1,0,26.4
CLI01958,2024-10-01,4,0,-25.3
CLI01958,2025-04-01,0,0,11.1
CLI01959,2025-10-01,0,0,34.1
CLI01959,2025-11-01,0,0,18.8
CLI01960,2022-12-01,0,1,88.4
CLI01960,2024-08-01,1,1,5.5
CLI01960,2025-04-01,1,1,35.1
CLI01960,2025-10-01,0,0,44.7
CLI01961,2025-12-01,0,0,50.9
CLI01962,2023-07-01,0,1,28.0
CLI01962,2024-01-01,0,2,62.6
CLI01962,2024-12-01,0,0,54.7
CLI01963,2022-10-01,0,1,26.0
CLI01963,2024-01-01,0,1,64.5
CLI01963,2024-12-01,1,1,-14.9
CLI01963,2025-09-01,0,1,11.2
CLI01963,2025-12-01,0,2,61.3
CLI01964,2023-02-01,0,0,58.8
CLI01964,2023-12-01,0,0,45.7
CLI01964,2024-02-01,0,0,85.2
CLI01964,2024-06-01,1,0,25.1
CLI01965,2023-10-01,0,3,26.5
CLI01965,2024-08-01,1,2,-33.0
CLI01966,2022-02-01,0,1,64.2
CLI01966,2022-08-01,0,1,14.7
CLI01966,2023-01-01,1,1,35.3
CLI01967,2024-11-01,2,2,33.2
CLI01967,2025-01-01,1,1,44.4
CLI01967,2025-07-01,0,2,63.3
CLI01967,2025-10-01,0,0,44.1
CLI01968,2023-12-01,0,0,38.9
CLI01968,2025-06-01,3,1,-8.7
CLI01968,2025-07-01,3,1,-21.3
CLI01970,2025-03-01,1,1,-61.9
CLI01971,2024-06-01,1,0,65.8
CLI01971,2024-12-01,0,1,64.3
CLI01972,2024-09-01,0,1,8.1
CLI01972,2025-04-01,0,3,-22.9
CLI01972,2025-05-01,0,2,31.1
CLI01973,2025-01-01,0,2,24.5
CLI01973,2025-04-01,1,1,23.2
CLI01973,2025-06-01,1,1,-7.7
CLI01973,2025-11-01,0,0,42.1
CLI01974,2024-04-01,3,1,-35.2
CLI01974,2024-07-01,0,1,16.9
CLI01974,2025-07-01,1,0,55.0
CLI01975,2024-01-01,0,2,64.8
CLI01976,2024-10-01,0,1,41.9
CLI01976,2025-12-01,0,2,41.5
CLI01977,2025-06-01,2,1,-7.6
CLI01977,2025-07-01,2,0,20.9
CLI01978,2023-03-01,0,0,47.3
CLI01978,2024-01-01,1,0,78.4
CLI01980,2025-08-01,2,3,-18.2
CLI01981,2025-09-01,0,0,63.1
CLI01982,2024-09-01,2,1,-30.9
CLI01982,2024-11-01,1,1,44.1
CLI01983,2023-11-01,0,0,28.9
CLI01983,2024-10-01,1,2,-20.5
CLI01983,2024-11-01,0,0,0.5
CLI01984,2024-09-01,2,0,57.4
CLI01984,2025-05-01,2,1,54.6
CLI01984,2025-06-01,3,1,-27.3
CLI01984,2025-07-01,0,1,31.8
CLI01984,2025-08-01,0,1,14.1
CLI01985,2023-04-01,1,0,84.5
CLI01985,2023-11-01,4,0,3.7
CLI01985,2023-12-01,1,1,13.5
CLI01986,2024-09-01,1,0,37.8
CLI01986,2024-11-01,1,2,-32.3
CLI01986,2025-10-01,0,1,66.0
CLI01987,2023-09-01,1,1,-4.1
CLI01987,2023-10-01,1,1,6.8
CLI01987,2025-07-01,1,1,36.7
CLI01988,2022-10-01,0,0,31.0
CLI01988,2022-12-01,0,1,68.2
CLI01988,2025-04-01,2,1,-37.1
CLI01988,2025-07-01,1,1,-22.7
CLI01989,2022-09-01,0,2,47.9
CLI01989,2023-06-01,0,1,99.8
CLI01989,2024-06-01,0,0,34.7
CLI01990,2024-03-01,2,1,45.7
CLI01991,2024-12-01,1,2,-68.0
CLI01991,2025-01-01,1,0,-8.6
CLI01991,2025-09-01,0,0,67.1
CLI01992,2025-10-01,0,0,68.9
CLI01993,2023-10-01,1,1,39.9
CLI01993,2025-04-01,0,0,13.5
CLI01994,2024-06-01,0,2,25.2
CLI01994,2025-05-01,2,2,23.3
CLI01994,2025-06-01,1,2,2.2
CLI01995,2022-08-01,0,1,76.6
CLI01995,2023-07-01,1,0,38.1
CLI01996,2023-05-01,1,0,18.5
CLI01996,2024-06-01,1,0,39.1
CLI01996,2025-01-01,0,0,100.0
CLI01997,2024-11-01,2,3,48.6
CLI01997,2024-12-01,0,2,-21.5
CLI01998,2024-11-01,2,3,35.5
CLI01998,2025-12-01,1,1,42.0
CLI01999,2023-08-01,0,0,-2.4
CLI01999,2025-03-01,1,0,-4.6
CLI02000,2023-11-01,1,1,64.8
CLI02000,2024-01-01,0,1,27.5
CLI02000,2024-03-01,0,1,12.5
CLI02000,2024-08-01,1,2,18.1
CLI02000,2024-12-01,3,0,-23.8
CLI02000,2025-02-01,2,1,-30.5
CLI02001,2024-02-01,0,1,37.2
CLI02001,2025-01-01,2,1,-43.8
CLI02001,2025-02-01,1,2,-9.0
CLI02002,2023-07-01,0,1,62.0
CLI02002,2025-02-01,1,1,30.8
CLI02002,2025-03-01,0,0,-9.1
CLI02003,2024-07-01,0,0,35.6
CLI02003,2025-04-01,3,3,9.5
CLI02003,2025-10-01,0,2,63.9
CLI02004,2024-08-01,0,1,24.7
CLI02004,2024-12-01,0,0,17.9
CLI02005,2024-05-01,0,0,52.5
CLI02005,2025-01-01,4,1,-45.1
CLI02005,2025-02-01,1,2,-38.2
CLI02005,2025-03-01,0,1,-56.2
CLI02005,2025-09-01,2,1,31.6
CLI02006,2023-04-01,0,0,79.1
CLI02006,2024-04-01,0,0,25.7
CLI02006,2025-03-01,2,1,-45.1
CLI02006,2025-06-01,3,0,63.0
CLI02007,2023-10-01,0,0,50.7
CLI02007,2024-08-01,2,0,51.7
CLI02007,2025-03-01,2,2,14.7
CLI02009,2024-01-01,0,0,46.3
CLI02009,2024-05-01,0,1,83.2
CLI02009,2024-06-01,0,0,38.6
CLI02009,2024-10-01,0,0,29.4
CLI02009,2025-04-01,1,0,-30.3
CLI02009,2025-06-01,0,0,-5.4
CLI02010,2022-04-01,0,0,67.4
CLI02010,2023-04-01,0,1,80.8
CLI02011,2024-03-01,0,0,52.0
CLI02011,2024-12-01,0,0,60.1
CLI02011,2025-02-01,0,0,55.7
CLI02011,2025-03-01,0,2,80.6
CLI02012,2024-10-01,1,0,-12.1
CLI02013,2025-04-01,3,1,53.6
CLI02013,2025-06-01,1,0,-19.2
CLI02015,2025-02-01,0,2,100.0
CLI02016,2024-07-01,0,2,42.6
CLI02016,2025-01-01,0,0,-2.2
CLI02016,2025-03-01,5,0,-36.3
CLI02016,2025-04-01,1,0,6.8
CLI02016,2025-06-01,1,1,36.9
CLI02017,2024-04-01,0,1,76.5
CLI02017,2024-08-01,0,0,53.6
CLI02017,2025-03-01,1,1,20.9
CLI02019,2024-10-01,0,1,14.4
CLI02019,2024-12-01,1,0,-84.8
CLI02019,2025-01-01,0,0,29.3
CLI02020,2025-03-01,4,0,56.7
CLI02020,2025-04-01,1,0,-48.0
CLI02020,2025-05-01,0,2,-40.3
CLI02020,2025-12-01,0,0,33.2
CLI02021,2023-10-01,0,1,12.3
CLI02021,2024-02-01,0,0,19.8
CLI02021,2025-03-01,2,0,3.6
CLI02022,2023-03-01,1,0,77.9
CLI02022,2023-10-01,0,1,34.4
CLI02022,2024-01-01,1,1,56.3
CLI02022,2024-11-01,0,0,43.2
CLI02023,2023-05-01,0,0,51.9
CLI02023,2023-11-01,2,2,-34.7
CLI02023,2025-06-01,0,0,8.9
CLI02024,2024-10-01,2,1,26.8
CLI02026,2024-05-01,1,2,37.4
CLI02026,2024-11-01,0,2,31.3
CLI02026,2024-12-01,0,0,1.6
CLI02026,2025-01-01,0,1,-17.4
CLI02026,2025-03-01,1,1,22.9
CLI02026,2025-07-01,1,0,36.5
CLI02027,2025-01-01,1,0,-9.8
CLI02027,2025-08-01,0,1,81.5
CLI02028,2024-06-01,1,0,65.9
CLI02028,2025-03-01,4,2,-29.9
CLI02029,2024-10-01,2,1,35.3
CLI02029,2024-11-01,2,0,-33.4
CLI02029,2025-09-01,0,0,69.2
CLI02030,2025-02-01,3,1,-2.8
CLI02030,2025-05-01,1,1,-10.4
CLI02031,2025-05-01,4,0,-91.5
CLI02031,2025-07-01,1,1,-26.3
CLI02032,2024-09-01,1,1,-45.7
CLI02032,2024-10-01,1,0,-47.7
CLI02032,2025-10-01,0,0,-10.2
CLI02033,2023-05-01,0,0,35.0
CLI02033,2025-10-01,1,1,59.5
CLI02034,2024-06-01,0,2,25.8
CLI02034,2024-10-01,1,2,-48.8
CLI02035,2022-08-01,0,0,16.4
CLI02035,2024-09-01,0,2,53.3
CLI02035,2025-04-01,1,2,-19.8
CLI02035,2025-07-01,1,2,-69.9
CLI02035,2025-12-01,0,0,81.4
CLI02036,2024-02-01,1,1,59.2
CLI02037,2024-10-01,4,2,-56.4
CLI02038,2024-12-01,0,0,49.6
CLI02038,2025-03-01,0,3,85.5
CLI02039,2023-12-01,0,1,45.8
CLI02039,2024-09-01,0,2,71.8
CLI02039,2025-03-01,1,1,53.5
CLI02040,2023-09-01,0,0,42.8
CLI02040,2024-10-01,4,1,-4.8
CLI02040,2025-01-01,1,0,90.6
CLI02040,2025-10-01,1,0,95.8
CLI02041,2024-04-01,1,1,-19.3
CLI02041,2024-05-01,0,1,-1.7
CLI02041,2024-06-01,0,1,-45.2
CLI02041,2025-03-01,0,0,79.4
CLI02042,2023-01-01,0,0,24.8
CLI02042,2024-06-01,0,0,32.3
CLI02042,2025-03-01,1,1,6.9
CLI02042,2025-06-01,0,2,-28.7
CLI02043,2022-08-01,0,0,85.9
CLI02043,2022-09-01,0,1,15.4
CLI02043,2023-05-01,0,0,24.7
CLI02043,2024-06-01,1,1,27.6
CLI02044,2024-10-01,0,0,52.5
CLI02044,2025-05-01,1,0,-19.4
CLI02044,2025-09-01,0,2,85.4
CLI02045,2025-06-01,2,0,64.8
CLI02046,2023-05-01,0,0,-33.3
CLI02046,2023-10-01,1,0,81.5
CLI02046,2023-11-01,1,0,63.4
CLI02047,2024-01-01,0,1,21.1
CLI02047,2025-06-01,0,1,94.0
CLI02048,2023-03-01,0,0,54.0
CLI02048,2023-08-01,0,0,53.2
CLI02048,2025-03-01,1,0,-7.2
CLI02049,2023-09-01,0,0,61.7
CLI02049,2024-05-01,0,1,68.8
CLI02049,2024-08-01,1,1,39.5
CLI02049,2024-12-01,0,1,3.0
CLI02050,2024-01-01,1,0,46.8
CLI02050,2024-07-01,0,1,-45.1
CLI02050,2024-08-01,1,1,16.1
CLI02050,2024-09-01,4,0,46.8
CLI02051,2025-01-01,2,0,19.7
CLI02051,2025-02-01,1,0,1.3
CLI02052,2024-07-01,0,0,39.4
CLI02053,2025-08-01,2,0,-11.3
CLI02053,2025-12-01,2,0,54.2
CLI02054,2023-09-01,3,1,-38.8
CLI02054,2023-11-01,2,2,4.3
CLI02054,2023-12-01,0,0,58.0
CLI02054,2025-03-01,0,0,36.9
CLI02055,2023-05-01,0,0,43.6
CLI02055,2024-07-01,1,1,91.2
CLI02056,2024-08-01,0,1,-42.1
CLI02056,2025-03-01,0,0,14.5
CLI02056,2025-09-01,0,0,75.7
CLI02057,2023-08-01,0,1,25.4
CLI02058,2024-05-01,1,0,57.3
CLI02058,2024-12-01,1,0,-13.5
CLI02058,2025-01-01,0,1,-7.1
CLI02058,2025-12-01,1,1,58.2
CLI02059,2024-07-01,0,0,36.1
CLI02059,2024-09-01,0,0,67.8
CLI02059,2024-11-01,0,0,-72.1
CLI02059,2025-01-01,5,1,-1.1
CLI02060,2023-05-01,0,2,53.5
CLI02060,2023-09-01,0,0,76.4
CLI02060,2025-03-01,1,3,75.4
CLI02061,2022-04-01,0,0,35.3
CLI02061,2023-07-01,0,0,17.3
CLI02061,2023-11-01,0,0,6.0
CLI02061,2025-01-01,0,1,77.2
CLI02061,2025-06-01,0,0,76.0
CLI02062,2025-05-01,4,1,-10.4
CLI02063,2024-10-01,2,1,11.5
CLI02063,2024-12-01,1,3,-37.8
CLI02063,2025-11-01,1,0,22.0
CLI02064,2024-01-01,0,1,-22.9
CLI02064,2024-08-01,0,0,26.7
CLI02064,2025-01-01,0,0,72.6
CLI02065,2025-04-01,0,0,40.1
CLI02066,2024-06-01,0,1,50.4
CLI02067,2023-03-01,0,1,81.0
CLI02067,2024-11-01,0,0,50.9
CLI02067,2025-02-01,2,1,56.3
CLI02068,2023-03-01,0,1,58.9
CLI02068,2024-02-01,2,0,-28.0
CLI02068,2024-03-01,2,0,-25.5
CLI02070,2025-07-01,1,2,19.0
CLI02071,2023-08-01,0,0,24.1
CLI02071,2024-09-01,0,2,16.1
CLI02071,2024-12-01,0,0,-12.7
CLI02071,2025-06-01,1,2,20.5
CLI02071,2025-07-01,4,1,0.3
CLI02072,2022-09-01,0,4,9.9
CLI02072,2023-04-01,0,2,91.5
CLI02072,2023-05-01,0,0,33.6
CLI02072,2024-09-01,7,0,-4.6
CLI02072,2025-10-01,0,0,51.0
CLI02073,2024-05-01,5,1,16.1
CLI02073,2024-07-01,1,1,-8.8
CLI02073,2024-08-01,0,2,-17.0
CLI02074,2022-06-01,1,4,-18.9
CLI02074,2023-07-01,0,0,32.2
CLI02075,2023-11-01,3,1,8.5
CLI02075,2024-02-01,0,0,2.1
CLI02075,2024-03-01,0,1,62.5
CLI02076,2023-05-01,1,0,36.0
CLI02076,2025-02-01,1,1,-24.4
CLI02076,2025-05-01,3,1,16.9
CLI02077,2024-07-01,1,0,7.2
CLI02077,2024-09-01,4,1,1.8
CLI02078,2023-03-01,0,1,47.3
CLI02078,2023-04-01,0,0,73.0
CLI02078,2025-05-01,2,0,-8.2
CLI02080,2023-11-01,0,1,29.5
CLI02080,2025-11-01,2,1,28.7
CLI02081,2024-04-01,0,1,94.3
CLI02081,2025-01-01,2,0,-3.1
CLI02081,2025-02-01,0,2,-69.7
CLI02081,2025-04-01,0,1,-2.7
CLI02082,2024-03-01,0,0,31.4
CLI02082,2024-10-01,0,0,47.6
CLI02082,2025-08-01,1,1,-1.1
CLI02082,2025-09-01,0,1,-55.8
CLI02083,2024-12-01,0,2,18.6
CLI02083,2025-09-01,0,1,78.4
CLI02084,2024-05-01,1,2,66.7
CLI02084,2024-07-01,2,4,-15.3
CLI02085,2024-02-01,0,1,55.6
CLI02085,2024-04-01,0,0,21.4
CLI02085,2024-07-01,0,1,72.8
CLI02086,2024-02-01,1,1,-34.7
CLI02086,2024-08-01,1,1,35.3
CLI02086,2025-05-01,0,0,15.8
CLI02087,2023-12-01,0,0,57.3
CLI02087,2025-05-01,2,1,46.3
CLI02088,2024-02-01,2,1,20.3
CLI02088,2024-04-01,3,0,-38.2
CLI02088,2024-08-01,0,0,23.7
CLI02088,2025-12-01,0,1,54.2
CLI02089,2025-01-01,0,0,60.1
CLI02089,2025-11-01,0,1,56.7
CLI02092,2024-06-01,0,0,41.4
CLI02092,2024-07-01,0,0,30.5
CLI02092,2024-12-01,0,1,20.1
CLI02093,2024-02-01,0,0,18.2
CLI02093,2024-04-01,0,1,31.8
CLI02093,2025-03-01,3,0,-41.4
CLI02093,2025-12-01,0,0,56.7
CLI02094,2024-10-01,0,0,61.5
CLI02094,2025-02-01,0,0,23.8
CLI02094,2025-04-01,2,0,30.7
CLI02094,2025-05-01,0,0,5.1
CLI02094,2025-06-01,1,0,-10.8
CLI02094,2025-11-01,1,1,46.6
CLI02094,2025-12-01,0,0,44.8
CLI02095,2024-05-01,0,0,28.0
CLI02095,2024-06-01,0,1,68.4
CLI02096,2024-12-01,2,2,-7.8
CLI02096,2025-01-01,0,0,-15.3
CLI02096,2025-02-01,2,0,-4.5
CLI02097,2024-11-01,0,0,18.0
CLI02098,2025-12-01,0,0,50.8
CLI02099,2023-02-01,0,1,86.1
CLI02099,2023-06-01,1,1,72.3
CLI02099,2024-10-01,3,2,-45.0
CLI02099,2025-10-01,0,0,42.2
CLI02100,2023-06-01,0,0,63.8
CLI02100,2023-09-01,0,1,44.5
CLI02100,2025-05-01,1,0,-33.4
CLI02101,2024-07-01,1,3,7.2
CLI02102,2025-12-01,0,0,100.0
CLI02103,2025-12-01,0,0,23.7
CLI02104,2024-07-01,0,1,58.5
CLI02105,2022-08-01,1,1,57.0
CLI02105,2025-02-01,0,0,79.6
CLI02106,2023-08-01,2,2,-37.5
CLI02106,2024-12-01,0,1,0.9
CLI02106,2025-11-01,0,0,25.8
CLI02107,2022-10-01,0,1,59.8
CLI02107,2025-11-01,1,0,23.2
CLI02108,2023-07-01,0,1,61.2
CLI02108,2024-03-01,1,1,58.4
CLI02108,2024-12-01,1,0,41.9
CLI02108,2025-07-01,0,0,13.9
CLI02108,2025-09-01,0,1,69.1
CLI02109,2023-10-01,0,0,34.6
CLI02109,2025-04-01,6,2,20.1
CLI02109,2025-07-01,2,1,9.0
CLI02110,2023-07-01,0,0,30.9
CLI02110,2024-04-01,1,1,19.3
CLI02110,2025-03-01,0,0,38.6
CLI02110,2025-06-01,1,0,37.2
CLI02110,2025-09-01,0,0,71.4
CLI02111,2023-08-01,0,0,65.6
CLI02111,2023-12-01,1,0,21.5
CLI02111,2024-03-01,1,0,47.9
CLI02111,2025-07-01,0,1,100.0
CLI02112,2023-03-01,0,0,77.4
CLI02112,2024-04-01,0,0,5.6
CLI02112,2024-11-01,2,1,-15.8
CLI02112,2025-12-01,0,0,80.8
CLI02115,2023-02-01,0,1,49.3
CLI02115,2024-04-01,1,0,1.1
CLI02115,2025-01-01,1,0,-46.3
CLI02115,2025-02-01,2,5,45.5
CLI02116,2024-10-01,0,0,-13.2
CLI02116,2025-09-01,1,1,36.6
CLI02117,2024-04-01,1,0,54.5
CLI02117,2025-08-01,1,1,73.9
CLI02118,2025-03-01,0,0,71.7
CLI02119,2023-11-01,0,2,28.0
CLI02119,2024-11-01,0,0,-6.0
CLI02119,2025-01-01,2,1,30.5
CLI02119,2025-02-01,2,0,-39.8
CLI02120,2025-04-01,2,1,-33.9
CLI02120,2025-06-01,0,2,-37.4
CLI02121,2025-05-01,2,0,-35.5
CLI02121,2025-07-01,1,1,-15.6
CLI02122,2024-01-01,0,0,-2.5
CLI02122,2024-12-01,0,1,63.7
CLI02123,2024-04-01,0,0,28.6
CLI02123,2025-08-01,1,2,-15.7
CLI02124,2024-10-01,0,1,48.8
CLI02124,2025-09-01,0,0,16.1
CLI02124,2025-12-01,1,0,41.5
CLI02125,2022-06-01,0,0,29.8
CLI02125,2023-02-01,0,0,20.1
CLI02125,2024-02-01,0,0,38.1
CLI02126,2022-09-01,0,0,25.3
CLI02126,2023-07-01,0,2,46.8
CLI02126,2025-01-01,1,0,-37.3
CLI02126,2025-03-01,0,0,12.5
CLI02126,2025-04-01,2,2,27.1
CLI02126,2025-11-01,0,0,29.4
CLI02127,2023-04-01,0,0,11.9
CLI02127,2023-11-01,0,3,-17.8
CLI02127,2023-12-01,1,1,31.5
CLI02128,2023-07-01,0,0,57.1
CLI02129,2024-12-01,0,1,53.2
CLI02129,2025-04-01,1,2,29.7
CLI02130,2023-10-01,0,3,45.6
CLI02130,2023-11-01,0,0,31.4
CLI02130,2025-03-01,1,1,-0.3
CLI02131,2024-09-01,0,0,61.4
CLI02131,2025-01-01,0,1,32.6
CLI02131,2025-03-01,1,2,-22.9
CLI02131,2025-06-01,1,1,-30.7
CLI02132,2023-12-01,0,4,47.4
CLI02132,2024-10-01,0,1,-20.9
CLI02132,2024-12-01,2,0,-4.5
CLI02132,2025-01-01,0,0,-0.1
CLI02132,2025-03-01,0,0,17.7
CLI02132,2025-08-01,0,0,35.3
CLI02133,2022-05-01,0,0,56.2
CLI02133,2022-08-01,0,1,31.6
CLI02133,2023-05-01,0,2,39.9
CLI02133,2025-07-01,0,0,10.0
CLI02134,2025-09-01,1,1,85.5
CLI02135,2023-08-01,3,1,-31.5
CLI02136,2023-06-01,0,1,55.5
CLI02136,2024-03-01,0,2,49.2
CLI02136,2025-05-01,0,2,20.5
CLI02138,2025-06-01,1,3,-18.7
CLI02139,2023-07-01,1,0,83.4
CLI02139,2024-07-01,0,2,38.7
CLI02140,2022-12-01,0,1,13.6
CLI02140,2024-07-01,0,0,4.4
CLI02140,2024-11-01,0,1,42.2
CLI02140,2025-03-01,1,3,-26.5
CLI02141,2024-04-01,1,0,34.7
CLI02141,2025-03-01,0,0,88.5
CLI02141,2025-04-01,3,2,-37.6
CLI02142,2024-03-01,0,0,92.3
CLI02142,2024-12-01,0,0,-53.3
CLI02142,2025-12-01,1,2,49.7
CLI02143,2023-12-01,0,0,-7.9
CLI02143,2024-10-01,0,0,51.9
CLI02143,2025-06-01,1,2,-22.4
CLI02143,2025-07-01,0,2,49.8
CLI02143,2025-11-01,0,0,-39.8
CLI02144,2023-07-01,0,0,65.7
CLI02144,2025-02-01,3,1,3.6
CLI02144,2025-05-01,0,0,26.5
CLI02145,2024-01-01,1,1,-6.6
CLI02145,2025-12-01,0,0,88.5
CLI02146,2022-10-01,0,1,66.2
CLI02146,2024-05-01,4,1,-4.0
CLI02147,2022-05-01,0,0,30.0
CLI02147,2022-11-01,0,3,87.9
CLI02147,2023-07-01,0,0,43.7
CLI02147,2023-09-01,0,1,29.7
CLI02147,2024-03-01,0,0,64.9
CLI02147,2025-05-01,0,1,-23.2
CLI02150,2024-03-01,0,1,18.5
CLI02150,2024-10-01,2,2,-64.8
CLI02151,2025-04-01,3,1,4.1
CLI02151,2025-08-01,0,1,19.3
CLI02152,2025-01-01,1,0,55.5
CLI02152,2025-04-01,1,1,13.1
CLI02153,2023-08-01,1,1,41.5
CLI02153,2024-01-01,1,2,73.6
CLI02153,2024-03-01,0,0,15.8
CLI02153,2024-12-01,2,1,-4.1
CLI02153,2025-02-01,0,0,5.4
CLI02153,2025-03-01,2,0,-9.9
CLI02154,2024-05-01,0,0,37.7
CLI02154,2025-07-01,0,0,50.5
CLI02155,2024-02-01,3,1,31.1
CLI02155,2024-05-01,2,2,-20.6
CLI02155,2024-08-01,2,1,80.1
CLI02155,2025-04-01,1,0,55.9
CLI02156,2024-04-01,0,0,91.9
CLI02156,2024-05-01,0,1,25.5
CLI02156,2025-04-01,3,1,0.5
CLI02156,2025-06-01,1,1,-31.4
CLI02157,2024-01-01,0,0,30.8
CLI02157,2024-06-01,1,0,76.3
CLI02158,2024-01-01,1,1,50.6
CLI02158,2024-03-01,2,3,3.0
CLI02158,2025-03-01,0,1,53.6
CLI02159,2024-06-01,0,0,27.7
CLI02159,2025-03-01,1,0,19.3
CLI02159,2025-10-01,0,0,-1.3
CLI02160,2023-07-01,0,0,70.9
CLI02160,2023-12-01,1,1,4.5
CLI02160,2024-03-01,0,0,66.7
CLI02161,2025-07-01,0,0,86.3
CLI02162,2025-04-01,3,1,-16.6
CLI02162,2025-05-01,4,0,-50.6
CLI02163,2024-01-01,1,1,-11.7
CLI02163,2025-06-01,0,0,69.2
CLI02165,2022-07-01,1,0,12.3
CLI02165,2023-02-01,0,1,41.6
CLI02165,2025-10-01,1,2,6.3
CLI02166,2024-07-01,2,1,-48.4
CLI02166,2024-09-01,2,0,-19.3
CLI02166,2024-10-01,1,1,-11.1
CLI02168,2025-02-01,1,0,19.3
CLI02169,2023-03-01,0,2,34.0
CLI02169,2024-01-01,0,1,77.7
CLI02169,2025-01-01,0,2,80.0
CLI02169,2025-05-01,2,1,-23.1
CLI02170,2024-09-01,1,0,-32.5
CLI02170,2024-12-01,0,0,-41.9
CLI02170,2025-04-01,1,0,77.3
CLI02171,2025-12-01,0,0,25.8
CLI02172,2023-07-01,0,0,27.8
CLI02172,2024-02-01,1,1,40.5
CLI02172,2024-03-01,1,1,77.6
CLI02172,2025-04-01,0,0,65.8
CLI02172,2025-06-01,0,2,39.1
CLI02173,2024-06-01,0,2,58.5
CLI02173,2024-07-01,0,2,24.7
CLI02173,2025-06-01,2,0,68.8
CLI02173,2025-08-01,1,0,-23.1
CLI02173,2025-09-01,3,3,-31.1
CLI02174,2024-03-01,0,1,42.6
CLI02175,2024-11-01,0,2,33.0
CLI02176,2023-01-01,0,2,32.9
CLI02176,2023-12-01,0,0,18.8
CLI02176,2024-02-01,0,0,57.2
CLI02176,2025-02-01,0,2,27.5
CLI02177,2022-08-01,0,2,38.5
CLI02177,2023-08-01,0,1,32.8
CLI02178,2024-02-01,1,1,-32.6
CLI02178,2024-03-01,0,0,-68.0
CLI02179,2024-12-01,1,1,60.6
CLI02179,2025-03-01,1,0,4.7
CLI02180,2024-06-01,2,0,27.3
CLI02180,2025-01-01,0,0,77.4
CLI02181,2025-04-01,1,0,49.2
CLI02181,2025-07-01,1,0,31.5
CLI02182,2023-08-01,0,2,43.2
CLI02182,2025-05-01,0,0,48.5
CLI02183,2024-06-01,0,0,76.8
CLI02183,2025-01-01,0,1,-64.7
CLI02185,2024-11-01,0,0,2.5
CLI02185,2025-02-01,3,0,-38.1
CLI02185,2025-03-01,2,2,-52.9
CLI02186,2023-10-01,0,2,4.2
CLI02186,2023-11-01,4,0,-47.6
CLI02186,2024-10-01,2,0,36.5
CLI02187,2024-06-01,0,0,22.5
CLI02187,2025-05-01,0,1,27.7
CLI02188,2024-01-01,0,0,22.8
CLI02188,2025-02-01,3,0,23.0
CLI02188,2025-05-01,0,0,63.7
CLI02188,2025-07-01,0,0,24.1
CLI02189,2024-04-01,0,3,8.7
CLI02189,2025-05-01,1,1,45.3
CLI02189,2025-06-01,1,1,35.7
CLI02190,2023-02-01,2,0,19.5
CLI02190,2024-05-01,0,0,43.5
CLI02190,2024-12-01,0,1,-4.6
CLI02191,2023-05-01,0,2,21.5
CLI02191,2023-09-01,0,1,44.3
CLI02191,2024-11-01,1,3,30.4
CLI02191,2024-12-01,0,1,7.0
CLI02192,2024-01-01,0,1,44.5
CLI02192,2025-05-01,1,1,12.9
CLI02193,2024-09-01,0,0,46.5
CLI02193,2024-10-01,0,0,83.7
CLI02193,2025-11-01,0,0,50.9
CLI02194,2023-01-01,0,1,28.5
CLI02194,2023-04-01,0,2,3.7
CLI02194,2024-12-01,0,1,36.1
CLI02194,2025-09-01,0,1,76.1
CLI02195,2024-07-01,0,0,-10.0
CLI02195,2025-05-01,1,0,51.2
CLI02196,2025-02-01,1,1,38.8
CLI02197,2023-02-01,0,3,33.7
CLI02197,2024-05-01,1,0,69.8
CLI02197,2025-05-01,2,1,-71.9
CLI02197,2025-09-01,0,1,79.7
CLI02197,2025-11-01,0,2,20.7
CLI02198,2025-12-01,0,0,45.1
CLI02199,2023-11-01,0,0,2.3
CLI02199,2023-12-01,0,0,41.7
CLI02199,2024-08-01,2,0,2.8
CLI02199,2024-09-01,0,2,2.8
CLI02199,2024-10-01,1,0,0.3
CLI02199,2025-01-01,0,0,49.9
CLI02200,2024-04-01,0,0,6.6
CLI02201,2023-05-01,1,0,58.5
CLI02201,2024-03-01,1,1,-24.0
CLI02201,2024-04-01,2,3,-22.3
CLI02201,2024-11-01,0,1,39.4
CLI02201,2025-09-01,0,3,11.8
CLI02202,2024-03-01,0,1,16.3
CLI02202,2025-06-01,1,2,9.8
CLI02202,2025-07-01,2,2,32.6
CLI02203,2022-10-01,0,0,60.0
CLI02203,2024-03-01,0,2,22.8
CLI02203,2024-05-01,1,0,28.8
CLI02203,2024-08-01,0,1,-71.5
CLI02204,2025-01-01,1,1,-19.7
CLI02204,2025-09-01,0,1,46.1
CLI02205,2024-05-01,1,1,25.6
CLI02205,2025-04-01,0,1,-41.6
CLI02205,2025-06-01,0,2,-69.2
CLI02206,2025-05-01,0,1,95.1
CLI02206,2025-09-01,4,1,72.5
CLI02208,2025-08-01,0,1,21.5
CLI02209,2025-09-01,1,1,19.9
CLI02210,2024-04-01,0,0,55.4
CLI02210,2025-07-01,0,1,55.6
CLI02211,2025-03-01,2,2,34.1
CLI02211,2025-04-01,2,0,-48.9
CLI02211,2025-06-01,3,0,12.2
CLI02212,2024-10-01,4,1,-28.8
CLI02212,2024-12-01,1,0,5.2
CLI02213,2025-02-01,0,0,41.4
CLI02213,2025-06-01,0,0,4.0
CLI02214,2022-12-01,0,0,13.3
CLI02214,2023-01-01,0,0,48.7
CLI02214,2024-07-01,0,0,47.4
CLI02214,2025-03-01,4,2,6.2
CLI02214,2025-04-01,0,1,-62.9
CLI02214,2025-05-01,0,1,-0.2
CLI02214,2025-08-01,2,0,52.0
CLI02214,2025-12-01,0,2,82.7
CLI02215,2024-08-01,2,1,-10.3
CLI02215,2024-09-01,3,1,-44.3
CLI02215,2025-10-01,0,0,16.8
CLI02216,2023-02-01,1,0,36.9
CLI02216,2025-06-01,0,0,25.0
CLI02216,2025-09-01,0,0,37.1
CLI02217,2022-11-01,0,1,61.4
CLI02217,2023-08-01,0,3,74.6
CLI02217,2024-12-01,0,1,13.7
CLI02217,2025-05-01,0,0,65.3
CLI02218,2023-10-01,1,1,-53.1
CLI02218,2023-12-01,1,1,-4.9
CLI02219,2025-02-01,1,3,-34.0
CLI02220,2022-10-01,0,2,82.5
CLI02220,2023-04-01,0,1,32.3
CLI02220,2024-05-01,1,0,68.8
CLI02220,2025-04-01,0,4,-48.3
CLI02220,2025-07-01,3,1,-19.8
CLI02220,2025-11-01,0,1,66.4
CLI02221,2023-09-01,0,0,62.7
CLI02221,2024-02-01,3,5,-2.9
CLI02221,2024-09-01,1,0,19.9
CLI02221,2024-11-01,0,0,3.3
CLI02222,2024-11-01,2,3,29.8
CLI02222,2025-05-01,2,1,64.2
CLI02222,2025-08-01,0,0,42.0
CLI02224,2023-02-01,0,1,83.7
CLI02224,2025-06-01,0,0,-11.6
CLI02225,2025-04-01,1,2,21.1
CLI02226,2024-09-01,0,1,-2.4
CLI02226,2025-01-01,3,1,21.7
CLI02226,2025-02-01,4,3,4.9
CLI02226,2025-03-01,0,0,-47.1
CLI02228,2025-06-01,1,0,1.9
CLI02229,2023-02-01,0,0,54.9
CLI02229,2023-06-01,0,0,60.9
CLI02229,2023-11-01,0,0,44.3
CLI02229,2023-12-01,0,0,48.5
CLI02230,2025-10-01,0,2,19.5
CLI02231,2024-10-01,0,1,14.2
CLI02231,2025-04-01,1,3,-65.0
CLI02231,2025-05-01,0,1,42.8
CLI02231,2025-07-01,2,2,-36.9
CLI02232,2024-02-01,0,2,-8.8
CLI02232,2024-03-01,2,0,-43.3
CLI02233,2024-09-01,2,2,33.2
CLI02233,2024-11-01,1,1,-31.1
CLI02234,2025-10-01,0,0,48.3
CLI02235,2023-02-01,0,0,34.0
CLI02236,2023-03-01,0,1,54.2
CLI02236,2024-05-01,2,2,-1.3
CLI02236,2025-09-01,0,1,3.9
CLI02237,2025-01-01,0,0,0.2
CLI02237,2025-08-01,0,0,7.6
CLI02238,2024-06-01,7,0,-26.5
CLI02238,2024-08-01,1,0,-10.9
CLI02238,2024-09-01,0,0,-4.9
CLI02242,2024-02-01,1,1,45.6
CLI02242,2024-12-01,2,1,-26.2
CLI02242,2025-01-01,3,2,-74.0
CLI02242,2025-12-01,0,2,71.6
CLI02243,2023-06-01,0,0,100.0
CLI02243,2025-04-01,0,0,61.6
CLI02244,2023-10-01,1,0,68.6
CLI02244,2024-01-01,1,1,28.9
CLI02244,2024-03-01,4,0,-13.7
CLI02245,2023-03-01,0,0,43.5
CLI02245,2024-03-01,0,0,53.1
CLI02245,2024-07-01,0,3,7.3
CLI02245,2025-05-01,0,1,17.5
CLI02246,2024-12-01,0,1,25.3
CLI02246,2025-02-01,2,0,37.8
CLI02246,2025-04-01,3,3,-28.4
CLI02246,2025-11-01,1,0,72.7
CLI02248,2024-03-01,0,1,28.0
CLI02251,2024-06-01,1,2,35.2
CLI02251,2025-05-01,2,1,27.4
CLI02251,2025-06-01,1,2,-17.9
CLI02251,2025-12-01,0,1,22.0
CLI02252,2024-03-01,0,0,41.2
CLI02252,2025-03-01,2,1,14.2
CLI02253,2023-07-01,0,0,33.1
CLI02253,2025-02-01,2,0,53.3
CLI02255,2023-06-01,0,0,61.8
CLI02255,2023-08-01,1,0,47.3
CLI02255,2024-02-01,0,0,67.9
CLI02255,2025-01-01,0,1,30.6
CLI02256,2022-09-01,0,1,70.2
CLI02257,2024-10-01,1,0,-12.2
CLI02257,2025-05-01,0,2,-16.9
CLI02257,2025-07-01,1,0,33.1
CLI02258,2024-10-01,1,0,79.4
CLI02258,2025-03-01,0,2,34.5
CLI02258,2025-04-01,3,0,-58.1
CLI02259,2023-08-01,0,0,5.3
CLI02259,2023-11-01,0,1,23.4
CLI02259,2024-06-01,1,0,25.4
CLI02259,2024-11-01,1,0,50.3
CLI02259,2025-01-01,1,2,-1.0
CLI02259,2025-07-01,0,1,53.6
CLI02260,2024-03-01,1,3,55.7
CLI02260,2025-07-01,2,0,24.4
CLI02261,2023-03-01,0,0,68.2
CLI02261,2023-05-01,0,0,35.4
CLI02261,2023-12-01,0,0,46.4
CLI02261,2024-11-01,5,0,-5.8
CLI02261,2025-11-01,0,0,81.9
CLI02262,2023-05-01,1,1,55.0
CLI02262,2024-04-01,1,1,52.1
CLI02262,2024-11-01,0,0,5.8
CLI02262,2025-03-01,0,1,15.6
CLI02263,2025-05-01,0,0,64.0
CLI02263,2025-08-01,2,0,-3.9
CLI02264,2023-10-01,0,0,73.2
CLI02264,2023-12-01,0,0,72.4
CLI02264,2025-10-01,0,1,5.6
CLI02265,2024-05-01,1,1,-15.2
CLI02265,2024-07-01,2,2,40.3
CLI02265,2025-12-01,0,0,23.8
CLI02266,2023-06-01,0,0,51.7
CLI02266,2024-07-01,0,0,95.0
CLI02266,2025-07-01,1,2,14.6
CLI02267,2023-06-01,0,0,-52.3
CLI02267,2023-09-01,1,2,33.0
CLI02267,2024-03-01,0,0,-8.9
CLI02268,2024-12-01,0,2,46.1
CLI02268,2025-02-01,3,0,-13.0
CLI02269,2022-03-01,0,0,27.3
CLI02269,2023-01-01,0,0,48.2
CLI02269,2024-11-01,2,1,-34.1
CLI02269,2025-08-01,0,0,22.3
CLI02270,2025-02-01,2,0,52.9
CLI02271,2023-05-01,1,1,21.7
CLI02271,2023-12-01,0,1,47.3
CLI02271,2025-03-01,0,0,72.1
CLI02271,2025-09-01,0,1,-58.4
CLI02272,2023-08-01,0,1,60.7
CLI02273,2023-04-01,1,1,69.2
CLI02273,2024-11-01,2,0,-12.7
CLI02273,2024-12-01,2,0,-20.6
CLI02273,2025-08-01,0,0,47.7
CLI02273,2025-09-01,0,0,28.6
CLI02275,2024-11-01,2,1,-44.0
CLI02275,2024-12-01,0,1,-11.1
CLI02275,2025-04-01,0,2,63.6
CLI02275,2025-10-01,0,1,40.4
CLI02276,2024-09-01,2,1,35.4
CLI02277,2022-07-01,0,0,48.3
CLI02277,2024-12-01,0,0,6.7
CLI02278,2025-05-01,0,0,24.6
CLI02279,2022-10-01,0,1,27.7
CLI02279,2025-05-01,0,1,37.9
CLI02279,2025-07-01,1,0,-7.8
CLI02279,2025-08-01,2,1,12.7
CLI02279,2025-09-01,2,0,12.9
CLI02280,2025-05-01,2,0,-14.3
CLI02281,2023-06-01,0,0,64.6
CLI02282,2024-09-01,1,2,-39.8
CLI02282,2025-04-01,0,2,4.7
CLI02282,2025-07-01,1,0,23.7
CLI02283,2025-05-01,2,2,-22.0
CLI02284,2025-03-01,0,1,13.7
CLI02284,2025-05-01,2,2,-10.0
CLI02285,2022-09-01,0,2,68.8
CLI02285,2025-03-01,1,2,-10.7
CLI02285,2025-05-01,1,1,-7.7
CLI02285,2025-06-01,0,3,18.0
CLI02286,2025-06-01,0,3,-11.5
CLI02286,2025-07-01,0,2,14.1
CLI02286,2025-08-01,2,2,-10.5
CLI02286,2025-12-01,2,0,90.2
CLI02287,2025-09-01,3,3,6.7
CLI02288,2023-06-01,0,3,3.6
CLI02288,2023-12-01,3,5,-61.6
CLI02288,2024-01-01,0,2,-61.5
CLI02288,2024-02-01,0,0,-0.6
CLI02288,2024-09-01,0,1,49.0
CLI02288,2025-01-01,0,1,7.0
CLI02289,2023-11-01,0,0,46.3
CLI02289,2024-01-01,0,0,43.0
CLI02289,2025-08-01,0,5,23.7
CLI02291,2024-04-01,0,1,49.7
CLI02291,2025-04-01,3,1,-47.1
CLI02293,2023-04-01,1,1,-6.5
CLI02293,2024-03-01,0,0,18.4
CLI02293,2025-06-01,0,1,79.7
CLI02294,2025-07-01,1,1,-23.0
CLI02294,2025-12-01,0,0,54.0
CLI02295,2024-09-01,0,0,30.3
CLI02295,2025-03-01,2,2,9.2
CLI02296,2023-02-01,1,0,10.2
CLI02296,2024-01-01,0,2,39.0
CLI02297,2024-10-01,1,0,-18.9
CLI02297,2025-01-01,2,0,-1.5
CLI02299,2025-04-01,2,2,-28.1
CLI02300,2023-11-01,0,0,-5.2
CLI02300,2024-10-01,0,0,65.5
CLI02301,2025-03-01,4,2,-64.4
CLI02301,2025-05-01,2,5,-16.6
CLI02301,2025-11-01,0,1,-0.1
CLI02302,2023-10-01,0,2,34.1
CLI02302,2024-05-01,0,0,10.0
CLI02302,2024-12-01,1,1,-14.8
CLI02303,2024-05-01,0,1,1.0
CLI02305,2022-11-01,0,0,59.1
CLI02305,2025-05-01,0,1,54.2
CLI02306,2022-12-01,0,4,54.2
CLI02306,2023-04-01,0,0,27.6
CLI02306,2024-07-01,0,0,25.8
CLI02306,2025-05-01,2,0,-56.3
CLI02306,2025-06-01,1,2,-34.3
CLI02308,2022-10-01,0,1,76.0
CLI02308,2025-07-01,5,2,-4.0
CLI02308,2025-08-01,0,2,28.9
CLI02309,2022-09-01,0,1,33.5
CLI02309,2023-06-01,1,1,35.6
CLI02309,2023-12-01,0,1,31.1
CLI02309,2024-10-01,0,0,28.7
CLI02309,2025-01-01,3,2,1.8
CLI02309,2025-08-01,0,1,48.8
CLI02310,2025-03-01,0,1,61.6
CLI02311,2022-12-01,0,1,68.7
CLI02311,2024-11-01,0,1,58.5
CLI02312,2025-01-01,0,1,-3.7
CLI02312,2025-02-01,3,0,-9.0
CLI02312,2025-03-01,3,0,-15.6
CLI02313,2023-06-01,0,0,41.5
CLI02313,2025-05-01,0,1,-7.3
CLI02313,2025-06-01,3,4,6.0
CLI02314,2023-06-01,0,0,49.9
CLI02314,2024-04-01,0,1,37.6
CLI02314,2024-05-01,1,1,43.9
CLI02314,2025-02-01,4,1,7.5
CLI02314,2025-10-01,0,1,71.2
CLI02315,2025-02-01,0,0,-16.3
CLI02315,2025-03-01,0,0,27.3
CLI02315,2025-05-01,2,1,80.1
CLI02316,2025-01-01,1,0,-62.4
CLI02316,2025-03-01,2,2,-15.0
CLI02317,2025-01-01,2,2,-27.2
CLI02317,2025-02-01,2,2,-44.7
CLI02318,2023-09-01,3,1,-9.6
CLI02318,2023-10-01,1,1,-2.8
CLI02318,2025-12-01,0,0,18.2
CLI02321,2024-02-01,0,0,88.6
CLI02321,2025-04-01,0,2,-17.0
CLI02322,2023-12-01,0,1,44.3
CLI02322,2025-01-01,1,0,-36.7
CLI02323,2025-02-01,4,1,-1.8
CLI02324,2024-10-01,0,0,61.6
CLI02324,2025-03-01,1,0,30.1
CLI02325,2024-05-01,0,1,18.9
CLI02325,2025-11-01,0,0,85.2
CLI02326,2024-04-01,2,1,-31.4
CLI02326,2024-07-01,1,1,-22.7
CLI02327,2025-05-01,0,1,46.9
CLI02328,2025-07-01,0,0,-10.9
CLI02329,2024-09-01,1,1,-29.3
CLI02329,2024-12-01,0,1,10.7
CLI02331,2023-11-01,1,0,20.5
CLI02332,2023-07-01,1,1,59.9
CLI02332,2023-09-01,0,0,10.0
CLI02332,2023-12-01,0,0,-11.1
CLI02332,2025-03-01,1,1,-21.2
CLI02332,2025-11-01,0,1,53.8
CLI02334,2024-01-01,1,0,19.7
CLI02334,2024-10-01,2,0,-22.5
CLI02334,2024-11-01,1,0,-7.6
CLI02335,2025-01-01,1,1,40.9
CLI02336,2024-09-01,2,0,-29.2
CLI02336,2024-12-01,0,1,41.8
CLI02337,2023-08-01,0,2,87.4
CLI02337,2023-09-01,0,1,22.3
CLI02337,2024-11-01,2,1,-71.3
CLI02338,2023-03-01,0,0,30.7
CLI02338,2025-06-01,3,2,-34.6
CLI02338,2025-07-01,2,3,-17.2
CLI02338,2025-10-01,0,1,33.9
CLI02340,2025-02-01,0,2,-20.7
CLI02341,2023-10-01,0,0,60.4
CLI02341,2024-01-01,0,0,38.8
CLI02341,2024-05-01,0,0,29.3
CLI02341,2025-12-01,0,2,58.4
CLI02342,2023-09-01,1,2,-1.2
CLI02342,2023-12-01,2,0,-12.8
CLI02343,2023-12-01,2,0,52.5
CLI02343,2024-06-01,0,1,54.6
CLI02344,2024-05-01,0,1,19.9
CLI02344,2025-04-01,0,1,-31.2
CLI02345,2022-12-01,0,1,32.6
CLI02345,2025-05-01,0,1,56.8
CLI02346,2025-08-01,0,0,3.4
CLI02347,2024-05-01,0,0,10.1
CLI02348,2024-12-01,3,0,25.2
CLI02348,2025-03-01,0,0,0.7
CLI02349,2023-10-01,0,0,27.9
CLI02350,2023-09-01,0,0,42.5
CLI02350,2023-10-01,0,1,62.0
CLI02351,2023-08-01,0,0,100.0
CLI02351,2023-11-01,1,1,26.7
CLI02351,2024-10-01,0,1,88.8
CLI02351,2025-04-01,1,0,0.9
CLI02352,2024-01-01,0,1,76.6
CLI02353,2025-04-01,0,0,-67.1
CLI02354,2023-06-01,1,0,38.4
CLI02354,2024-03-01,0,0,51.9
CLI02355,2022-07-01,0,0,11.7
CLI02355,2022-08-01,0,0,26.7
CLI02355,2023-05-01,0,1,57.0
CLI02355,2024-06-01,0,2,29.3
CLI02355,2025-03-01,1,2,-10.0
CLI02357,2024-01-01,1,0,47.9
CLI02357,2024-02-01,0,0,40.6
CLI02357,2025-03-01,0,0,36.1
CLI02357,2025-05-01,0,2,33.1
CLI02358,2022-12-01,0,1,88.7
CLI02359,2023-08-01,1,1,23.8
CLI02359,2025-09-01,0,0,9.5
CLI02361,2024-06-01,0,1,39.9
CLI02362,2025-06-01,2,0,-43.2
CLI02363,2024-09-01,0,2,3.1
CLI02363,2024-12-01,0,1,68.5
CLI02363,2025-02-01,0,0,74.5
CLI02364,2023-01-01,0,1,66.1
CLI02364,2023-07-01,0,0,53.9
CLI02364,2023-10-01,0,2,24.2
CLI02364,2024-12-01,3,2,-55.1
CLI02365,2023-05-01,2,1,-14.0
CLI02365,2024-05-01,0,0,38.7
CLI02365,2025-04-01,0,0,44.2
CLI02365,2025-11-01,0,0,80.7
CLI02367,2025-06-01,2,2,1.6
CLI02367,2025-11-01,1,1,55.9
CLI02368,2023-04-01,2,0,46.8
CLI02368,2023-11-01,1,1,42.2
CLI02368,2024-08-01,1,0,73.5
CLI02368,2025-06-01,0,0,65.8
CLI02369,2023-10-01,0,1,27.2
CLI02369,2023-12-01,0,1,36.6
CLI02369,2024-06-01,0,0,67.1
CLI02370,2025-01-01,4,1,-45.4
CLI02370,2025-04-01,2,2,-55.7
CLI02371,2025-05-01,1,1,-61.1
CLI02372,2023-01-01,2,1,85.0
CLI02372,2023-09-01,0,3,27.9
CLI02372,2025-04-01,1,1,30.0
CLI02373,2025-04-01,1,2,20.2
CLI02373,2025-10-01,0,1,36.9
CLI02375,2022-12-01,0,0,56.8
CLI02375,2023-05-01,0,0,93.0
CLI02375,2024-02-01,0,2,25.9
CLI02375,2024-08-01,1,0,85.2
CLI02375,2025-05-01,2,1,2.1
CLI02375,2025-08-01,0,0,50.4
CLI02375,2025-11-01,0,0,72.9
CLI02376,2024-01-01,0,0,40.7
CLI02376,2024-08-01,0,1,10.9
CLI02376,2024-09-01,0,0,54.5
CLI02377,2024-07-01,2,0,10.4
CLI02378,2022-06-01,1,1,-0.8
CLI02379,2025-07-01,0,1,38.6
CLI02380,2025-03-01,0,1,72.8
CLI02380,2025-06-01,0,0,56.0
CLI02380,2025-07-01,0,0,33.7
CLI02380,2025-10-01,0,0,62.0
CLI02381,2023-10-01,1,0,40.4
CLI02381,2024-02-01,0,1,35.1
CLI02381,2025-09-01,3,0,20.1
CLI02382,2024-04-01,0,1,69.3
CLI02382,2024-08-01,0,2,55.5
CLI02382,2025-03-01,1,1,77.0
CLI02382,2025-04-01,0,0,-20.3
CLI02382,2025-07-01,3,0,40.5
CLI02383,2024-11-01,0,0,-9.9
CLI02384,2025-05-01,1,1,34.5
CLI02384,2025-12-01,1,0,68.6
CLI02385,2022-12-01,0,1,18.9
CLI02385,2023-06-01,0,1,30.7
CLI02385,2023-11-01,0,1,62.7
CLI02385,2023-12-01,0,0,5.0
CLI02385,2025-06-01,2,1,-9.6
CLI02385,2025-11-01,0,1,56.7
CLI02386,2024-07-01,0,1,59.1
CLI02387,2023-06-01,0,0,32.5
CLI02387,2023-09-01,0,0,94.0
CLI02387,2025-03-01,0,1,43.5
CLI02389,2023-12-01,0,0,28.0
CLI02389,2024-07-01,0,0,63.6
CLI02389,2025-02-01,1,0,35.2
CLI02390,2025-06-01,1,0,20.3
CLI02391,2025-02-01,0,1,0.7
CLI02392,2025-05-01,4,1,-11.1
CLI02393,2024-05-01,1,1,3.7
CLI02393,2024-06-01,0,2,-14.2
CLI02393,2024-07-01,0,1,84.2
CLI02393,2025-04-01,2,0,64.3
CLI02393,2025-09-01,0,0,30.0
CLI02395,2024-11-01,2,2,-82.2
CLI02395,2025-03-01,0,1,80.3
CLI02395,2025-11-01,0,0,16.3
CLI02397,2025-08-01,1,1,-41.6
CLI02398,2024-11-01,0,0,56.3
CLI02398,2024-12-01,1,2,60.4
CLI02398,2025-03-01,0,2,28.5
CLI02398,2025-08-01,0,0,39.7
CLI02399,2025-05-01,0,2,-7.8
CLI02399,2025-07-01,1,1,-12.1
CLI02400,2025-09-01,2,1,-18.3
CLI02401,2024-02-01,0,0,46.7
CLI02402,2025-05-01,1,0,3.8
CLI02402,2025-06-01,2,1,-36.0
CLI02403,2024-04-01,0,3,59.4
CLI02403,2024-06-01,0,0,37.2
CLI02403,2024-09-01,1,3,-4.2
CLI02404,2024-08-01,0,5,8.6
CLI02404,2024-11-01,0,0,20.8
CLI02404,2025-09-01,0,3,63.9
CLI02405,2025-07-01,0,0,46.3
CLI02405,2025-08-01,0,2,52.8
CLI02406,2022-11-01,0,0,36.9
CLI02406,2024-10-01,1,1,41.5
CLI02406,2025-01-01,1,0,11.3
CLI02407,2022-11-01,0,0,36.5
CLI02407,2024-11-01,2,0,-11.1
CLI02407,2025-12-01,0,0,85.3
CLI02408,2025-04-01,0,1,-28.5
CLI02408,2025-07-01,1,0,-3.4
CLI02409,2023-09-01,0,0,53.6
CLI02409,2024-11-01,3,0,-17.4
CLI02410,2023-10-01,0,1,36.7
CLI02410,2025-04-01,0,0,54.3
CLI02410,2025-09-01,2,0,45.2
CLI02411,2023-04-01,0,0,94.5
CLI02412,2023-12-01,0,2,72.7
CLI02412,2024-07-01,0,1,28.0
CLI02413,2023-06-01,0,1,20.6
CLI02413,2023-09-01,1,1,46.0
CLI02413,2024-09-01,1,1,5.2
CLI02414,2024-08-01,0,1,40.6
CLI02414,2025-03-01,0,0,-34.7
CLI02414,2025-05-01,1,1,67.0
CLI02415,2024-04-01,2,0,-20.7
CLI02415,2024-05-01,3,1,-54.2
CLI02415,2024-06-01,1,1,-29.4
CLI02416,2025-01-01,0,1,70.0
CLI02417,2023-09-01,0,0,19.9
CLI02417,2025-07-01,1,0,39.4
CLI02418,2024-07-01,1,0,14.4
CLI02418,2025-11-01,0,1,38.2
CLI02419,2025-01-01,0,1,0.1
CLI02420,2024-10-01,1,0,-2.9
CLI02420,2024-11-01,2,0,-49.3
CLI02421,2025-05-01,0,0,48.7
CLI02422,2024-02-01,0,0,28.8
CLI02423,2024-04-01,0,2,26.1
CLI02423,2025-02-01,1,0,3.7
CLI02423,2025-04-01,0,1,26.1
CLI02424,2025-01-01,1,0,62.8
CLI02424,2025-05-01,1,0,-11.4
CLI02424,2025-07-01,1,0,15.4
CLI02425,2024-03-01,0,0,18.0
CLI02425,2025-04-01,0,2,78.8
CLI02425,2025-05-01,1,1,15.2
CLI02426,2024-06-01,0,2,25.7
CLI02426,2025-05-01,0,1,34.1
CLI02427,2025-08-01,0,1,100.0
CLI02428,2023-02-01,0,0,47.4
CLI02428,2023-08-01,4,4,-1.2
CLI02429,2023-07-01,0,1,49.2
CLI02429,2024-04-01,1,1,64.3
CLI02429,2025-11-01,0,0,48.6
CLI02430,2022-12-01,0,0,41.1
CLI02430,2024-06-01,1,1,44.7
CLI02430,2024-07-01,0,0,-15.2
CLI02432,2023-10-01,0,1,17.6
CLI02432,2024-04-01,1,0,52.3
CLI02432,2024-07-01,0,1,81.6
CLI02432,2025-01-01,0,3,44.1
CLI02432,2025-02-01,0,1,63.0
CLI02432,2025-05-01,1,0,1.0
CLI02432,2025-08-01,2,0,29.3
CLI02433,2024-03-01,0,0,74.1
CLI02433,2024-07-01,1,1,16.0
CLI02434,2025-03-01,3,1,-3.9
CLI02434,2025-04-01,1,2,47.6
CLI02435,2025-01-01,2,2,9.0
CLI02436,2025-07-01,0,3,-18.2
CLI02436,2025-09-01,6,1,-10.4
CLI02437,2025-01-01,1,1,-11.0
CLI02437,2025-02-01,0,0,-26.5
CLI02438,2024-01-01,1,0,40.9
CLI02439,2024-06-01,1,2,-49.5
CLI02439,2025-06-01,0,0,30.0
CLI02440,2025-03-01,0,2,7.1
CLI02441,2023-02-01,1,0,62.1
CLI02441,2023-11-01,0,4,63.1
CLI02441,2025-11-01,1,1,51.2
CLI02442,2022-11-01,0,1,31.6
CLI02442,2023-05-01,0,0,47.0
CLI02442,2024-10-01,1,3,35.5
CLI02442,2025-02-01,0,0,34.3
CLI02443,2024-03-01,0,2,14.1
CLI02443,2024-04-01,2,0,-74.3
CLI02443,2024-06-01,1,0,8.7
CLI02443,2024-12-01,0,0,28.6
CLI02444,2024-05-01,0,1,70.7
CLI02444,2025-05-01,4,1,-29.4
CLI02444,2025-06-01,4,1,-30.3
CLI02447,2023-07-01,0,0,35.1
CLI02447,2024-01-01,2,2,-20.0
CLI02447,2025-05-01,0,2,46.5
CLI02447,2025-07-01,0,1,100.0
CLI02448,2025-02-01,2,4,-42.8
CLI02449,2022-12-01,1,1,30.3
CLI02449,2023-09-01,1,0,74.0
CLI02449,2024-09-01,0,0,30.7
CLI02450,2023-11-01,0,0,26.0
CLI02450,2025-03-01,2,1,19.3
CLI02451,2024-02-01,2,1,24.3
CLI02451,2024-08-01,0,1,92.6
CLI02451,2025-04-01,3,0,-51.7
CLI02451,2025-07-01,3,1,-16.2
CLI02452,2023-09-01,0,2,59.5
CLI02452,2025-05-01,1,1,-51.2
CLI02452,2025-06-01,0,1,-19.0
CLI02453,2024-09-01,0,0,1.6
CLI02453,2025-02-01,1,0,-23.8
CLI02454,2024-03-01,0,0,25.2
CLI02454,2025-03-01,0,0,10.8
CLI02454,2025-05-01,2,1,10.3
CLI02455,2024-02-01,0,0,64.5
CLI02455,2025-03-01,0,1,-0.8
CLI02455,2025-09-01,2,3,-9.9
CLI02456,2025-01-01,2,2,29.6
CLI02456,2025-02-01,0,4,48.7
CLI02456,2025-03-01,0,0,41.9
CLI02457,2023-04-01,0,2,60.0
CLI02457,2025-03-01,0,2,-15.4
CLI02457,2025-05-01,0,3,-33.2
CLI02458,2024-05-01,0,0,34.1
CLI02458,2024-07-01,3,1,-16.2
CLI02458,2024-08-01,1,1,21.5
CLI02458,2024-09-01,0,0,45.3
CLI02458,2024-12-01,0,1,83.9
CLI02459,2022-06-01,1,0,30.1
CLI02459,2025-01-01,1,1,46.9
CLI02459,2025-02-01,1,0,-53.1
CLI02460,2025-06-01,2,2,-30.9
CLI02461,2023-09-01,0,0,87.8
CLI02461,2024-04-01,0,0,27.1
CLI02462,2025-04-01,1,2,13.4
CLI02462,2025-05-01,4,2,-39.6
CLI02462,2025-12-01,0,0,60.6
CLI02463,2025-10-01,1,0,25.0
CLI02464,2025-08-01,0,1,38.0
CLI02465,2024-04-01,0,0,14.0
CLI02465,2025-09-01,1,0,-7.9
CLI02466,2023-10-01,0,0,37.5
CLI02466,2024-03-01,1,1,67.9
CLI02466,2025-12-01,0,0,73.0
CLI02467,2025-03-01,1,4,-7.8
CLI02468,2025-01-01,0,0,15.5
CLI02468,2025-09-01,0,2,29.8
CLI02469,2025-02-01,0,0,-30.0
CLI02469,2025-03-01,0,0,-21.9
CLI02470,2022-12-01,0,0,27.3
CLI02470,2025-01-01,0,1,38.2
CLI02470,2025-10-01,0,0,81.0
CLI02470,2025-11-01,1,0,91.5
CLI02471,2024-08-01,0,0,51.7
CLI02471,2025-03-01,0,0,77.9
CLI02473,2025-02-01,0,2,51.7
CLI02473,2025-06-01,3,1,-26.9
CLI02474,2024-08-01,0,2,55.0
CLI02474,2024-09-01,4,0,13.5
CLI02474,2024-11-01,3,1,-23.9
CLI02475,2024-08-01,0,1,62.4
CLI02475,2025-02-01,0,1,72.6
CLI02475,2025-11-01,0,1,47.8
CLI02477,2022-10-01,0,0,3.6
CLI02477,2024-05-01,0,1,21.8
CLI02477,2025-07-01,4,1,20.9
CLI02477,2025-12-01,0,0,8.9
CLI02479,2024-03-01,2,0,32.6
CLI02479,2025-09-01,0,1,40.4
CLI02480,2024-03-01,0,2,34.3
CLI02480,2025-02-01,0,2,16.0
CLI02480,2025-03-01,1,3,12.6
CLI02481,2023-08-01,1,1,26.4
CLI02481,2023-10-01,2,1,3.9
CLI02481,2023-11-01,3,0,-14.1
CLI02481,2025-02-01,0,0,48.6
CLI02482,2025-02-01,0,0,65.2
CLI02482,2025-04-01,2,2,71.0
CLI02482,2025-06-01,0,0,50.4
CLI02484,2024-01-01,0,1,50.1
CLI02484,2024-09-01,1,1,-56.0
CLI02485,2023-10-01,0,1,-2.3
CLI02486,2024-04-01,0,1,21.0
CLI02486,2024-09-01,0,0,20.1
CLI02486,2025-09-01,1,2,22.9
CLI02487,2023-08-01,0,1,83.5
CLI02487,2025-03-01,1,0,-20.3
CLI02487,2025-04-01,1,1,-20.2
CLI02487,2025-05-01,2,2,20.0
CLI02487,2025-09-01,2,0,66.3
CLI02488,2024-03-01,0,1,58.1
CLI02488,2024-08-01,0,0,48.7
CLI02488,2024-11-01,0,4,71.3
CLI02488,2025-02-01,2,1,-7.0
CLI02488,2025-03-01,2,2,28.5
CLI02488,2025-07-01,0,1,53.1
CLI02489,2025-01-01,2,1,-47.2
CLI02489,2025-02-01,2,0,17.0
CLI02489,2025-06-01,0,0,60.8
CLI02490,2024-10-01,0,0,54.9
CLI02491,2024-05-01,0,0,86.5
CLI02491,2024-06-01,1,1,11.3
CLI02491,2025-02-01,0,0,-11.3
CLI02491,2025-08-01,0,0,37.2
CLI02492,2024-09-01,0,0,60.6
CLI02492,2025-04-01,3,1,-0.3
CLI02492,2025-05-01,0,2,84.2
CLI02492,2025-08-01,0,0,52.6
CLI02492,2025-11-01,0,1,17.7
CLI02493,2024-04-01,0,1,18.2
CLI02493,2025-07-01,0,1,4.3
CLI02494,2024-01-01,1,1,41.8
CLI02494,2025-05-01,0,1,12.6
CLI02495,2024-03-01,1,1,74.5
CLI02495,2024-06-01,0,0,35.9
CLI02495,2025-06-01,1,0,81.1
CLI02496,2024-09-01,0,2,24.1
CLI02496,2024-11-01,1,1,14.3
CLI02496,2024-12-01,1,1,-52.9
CLI02496,2025-01-01,1,0,-43.9
CLI02496,2025-08-01,0,0,75.4
CLI02498,2024-08-01,0,0,83.5
CLI02498,2024-12-01,0,1,49.2
CLI02498,2025-04-01,2,0,20.0
CLI02498,2025-12-01,0,1,47.3
CLI02499,2024-02-01,1,1,34.7
CLI02499,2024-07-01,1,1,67.0
CLI02499,2024-08-01,3,2,-4.4
CLI02499,2024-09-01,4,0,-33.0
CLI02499,2025-07-01,1,0,38.4
CLI02500,2023-05-01,0,0,60.5
CLI02500,2024-07-01,0,0,47.8
CLI02500,2024-10-01,0,0,43.7
CLI02500,2025-02-01,1,0,-4.4
CLI02500,2025-03-01,2,1,-58.3
CLI02501,2022-10-01,0,1,100.0
CLI02501,2023-12-01,0,0,62.8
CLI02501,2024-04-01,1,1,-65.4
CLI02501,2024-11-01,1,0,22.3
CLI02501,2025-06-01,0,2,41.6
CLI02503,2024-10-01,1,0,50.9
CLI02503,2024-11-01,0,0,46.7
CLI02504,2024-12-01,1,0,-19.5
CLI02504,2025-01-01,0,1,11.8
CLI02505,2023-11-01,3,1,-31.4
CLI02505,2023-12-01,0,1,6.6
CLI02505,2024-08-01,0,1,77.8
CLI02507,2024-03-01,1,0,32.2
CLI02507,2024-06-01,0,1,19.8
CLI02507,2024-11-01,2,0,-83.4
CLI02507,2025-01-01,0,0,1.4
CLI02507,2025-08-01,0,1,32.6
CLI02508,2024-08-01,0,2,52.3
CLI02508,2024-11-01,0,2,55.9
CLI02509,2023-11-01,0,0,52.0
CLI02509,2024-08-01,0,3,49.3
CLI02509,2025-01-01,1,3,-30.0
CLI02509,2025-08-01,0,0,56.3
CLI02510,2024-07-01,0,0,75.1
CLI02510,2024-12-01,1,0,-5.9
CLI02511,2023-10-01,0,0,75.9
CLI02511,2025-03-01,2,0,1.7
CLI02512,2025-01-01,3,2,35.1
CLI02512,2025-09-01,0,1,66.9
CLI02513,2024-10-01,2,1,10.5
CLI02515,2023-11-01,2,0,38.0
CLI02515,2025-02-01,0,1,-5.6
CLI02515,2025-05-01,1,0,22.1
CLI02517,2023-07-01,1,1,-25.8
CLI02517,2023-09-01,2,1,-0.9
CLI02517,2024-10-01,1,1,37.7
CLI02518,2023-04-01,1,0,45.3
CLI02518,2023-06-01,0,1,46.8
CLI02518,2023-09-01,0,1,32.2
CLI02518,2023-10-01,0,0,73.8
CLI02518,2024-08-01,1,0,35.9
CLI02518,2024-11-01,0,0,3.8
CLI02518,2025-01-01,0,2,-57.2
CLI02518,2025-04-01,0,1,97.9
CLI02518,2025-09-01,0,1,-14.8
CLI02519,2024-05-01,0,1,-18.7
CLI02519,2025-09-01,0,0,-8.1
CLI02520,2025-06-01,2,1,-39.9
CLI02521,2024-03-01,2,1,10.3
CLI02522,2023-11-01,1,2,-2.8
CLI02523,2024-06-01,1,0,52.0
CLI02523,2024-11-01,2,2,-71.8
CLI02524,2024-10-01,1,1,-20.1
CLI02524,2025-05-01,0,0,27.9
CLI02524,2025-06-01,0,1,12.5
CLI02525,2025-09-01,0,3,50.4
CLI02526,2025-03-01,1,0,11.8
CLI02528,2022-07-01,0,1,33.4
CLI02528,2025-08-01,2,0,-37.6
CLI02529,2025-03-01,1,1,46.2
CLI02529,2025-05-01,0,1,51.2
CLI02529,2025-08-01,0,1,87.4
CLI02530,2025-08-01,0,3,48.6
CLI02531,2023-03-01,0,0,77.0
CLI02531,2023-07-01,0,1,50.0
CLI02531,2023-09-01,0,2,80.0
CLI02531,2024-03-01,2,1,-20.3
CLI02533,2024-10-01,0,1,-7.3
CLI02533,2024-11-01,2,2,-37.7
CLI02533,2024-12-01,3,0,-50.9
CLI02533,2025-01-01,5,0,-22.4
CLI02533,2025-04-01,1,2,51.2
CLI02535,2023-11-01,1,0,51.2
CLI02535,2025-08-01,2,0,-15.2
CLI02536,2024-05-01,0,1,59.9
CLI02537,2025-01-01,0,0,45.3
CLI02537,2025-05-01,0,0,52.3
CLI02538,2022-09-01,0,1,38.0
CLI02538,2023-08-01,0,0,22.6
CLI02538,2024-07-01,0,2,41.8
CLI02538,2024-09-01,0,1,39.0
CLI02538,2025-05-01,0,0,4.3
CLI02539,2024-03-01,1,0,-10.8
CLI02539,2024-11-01,0,1,67.6
CLI02539,2025-10-01,0,0,20.0
CLI02540,2024-09-01,0,1,57.5
CLI02540,2024-12-01,0,0,43.4
CLI02540,2025-06-01,2,1,17.6
CLI02540,2025-07-01,2,0,-24.0
CLI02540,2025-08-01,1,0,-2.8
CLI02541,2024-02-01,0,0,30.7
CLI02541,2025-07-01,1,0,-2.0
CLI02541,2025-09-01,0,1,79.7
CLI02542,2025-06-01,1,0,46.0
CLI02543,2025-05-01,2,1,-79.5
CLI02543,2025-07-01,2,0,18.6
CLI02543,2025-08-01,4,0,17.0
CLI02544,2024-07-01,0,0,59.8
CLI02545,2023-02-01,1,1,59.0
CLI02545,2024-03-01,3,4,7.1
CLI02545,2024-04-01,1,1,25.6
CLI02545,2024-07-01,0,0,67.8
CLI02546,2023-07-01,1,0,3.6
CLI02546,2023-10-01,1,0,46.1
CLI02548,2023-12-01,1,0,4.7
CLI02548,2024-01-01,1,0,-38.9
CLI02548,2025-07-01,0,0,-5.5
CLI02549,2025-05-01,4,2,-2.6
CLI02549,2025-06-01,1,0,3.6
CLI02549,2025-07-01,6,1,-33.0
CLI02550,2024-05-01,0,1,60.0
CLI02550,2024-09-01,0,1,51.0
CLI02551,2024-09-01,2,2,9.7
CLI02551,2024-12-01,3,0,26.2
CLI02552,2025-07-01,0,0,75.4
CLI02553,2025-02-01,0,3,-51.5
CLI02554,2024-02-01,0,0,10.6
CLI02554,2024-05-01,0,2,18.6
CLI02554,2025-08-01,0,2,-5.2
CLI02555,2023-12-01,1,2,56.2
CLI02556,2022-10-01,0,0,-13.3
CLI02556,2023-01-01,0,0,50.7
CLI02556,2024-02-01,4,1,-24.6
CLI02556,2025-07-01,0,2,47.4
CLI02557,2025-11-01,0,1,95.2
CLI02558,2024-05-01,0,0,16.5
CLI02558,2025-03-01,0,1,43.1
CLI02559,2024-08-01,0,1,34.8
CLI02559,2025-02-01,0,0,25.5
CLI02559,2025-06-01,3,2,20.7
CLI02559,2025-07-01,4,1,42.1
CLI02559,2025-08-01,3,4,-15.6
CLI02559,2025-09-01,2,2,15.1
CLI02560,2024-05-01,1,0,42.9
CLI02561,2023-11-01,0,0,30.1
CLI02561,2024-08-01,1,0,-7.7
CLI02561,2024-10-01,0,0,47.4
CLI02562,2025-10-01,1,2,27.4
CLI02563,2024-02-01,0,1,99.6
CLI02563,2024-07-01,1,2,2.2
CLI02564,2022-12-01,0,0,39.0
CLI02564,2024-10-01,2,1,50.2
CLI02564,2024-12-01,0,0,64.0
CLI02564,2025-07-01,0,1,8.6
CLI02564,2025-09-01,0,0,15.2
CLI02565,2023-01-01,0,1,65.1
CLI02565,2024-03-01,0,0,-9.9
CLI02565,2024-07-01,0,0,21.0
CLI02565,2024-09-01,0,0,30.9
CLI02565,2024-12-01,3,0,-62.5
CLI02565,2025-02-01,1,1,31.0
CLI02565,2025-03-01,1,1,-9.6
CLI02565,2025-09-01,0,0,42.6
CLI02567,2023-05-01,1,0,-6.8
CLI02567,2025-07-01,0,0,63.5
CLI02567,2025-10-01,0,1,13.2
CLI02568,2024-05-01,0,0,43.8
CLI02568,2025-03-01,0,2,94.1
CLI02568,2025-07-01,0,1,-1.3
CLI02569,2025-05-01,0,1,61.0
CLI02569,2025-11-01,0,2,57.7
CLI02570,2024-10-01,0,0,26.8
CLI02571,2024-12-01,0,0,45.6
CLI02571,2025-05-01,1,0,-51.9
CLI02572,2023-02-01,0,0,31.8
CLI02572,2024-07-01,1,0,-40.5
CLI02572,2025-07-01,0,0,74.0
CLI02572,2025-11-01,0,0,45.2
CLI02574,2022-11-01,0,0,1.1
CLI02574,2023-05-01,1,0,61.2
CLI02574,2024-01-01,0,0,81.5
CLI02574,2025-07-01,1,1,-53.6
CLI02574,2025-08-01,4,1,-19.1
CLI02575,2022-10-01,2,1,35.2
CLI02575,2024-03-01,0,2,-100.0
CLI02576,2025-04-01,0,1,-3.3
CLI02577,2023-08-01,0,0,90.0
CLI02577,2024-06-01,0,1,-21.3
CLI02577,2025-05-01,0,1,78.6
CLI02578,2025-07-01,2,2,-56.5
CLI02579,2024-09-01,0,0,-12.0
CLI02580,2024-04-01,0,1,74.5
CLI02581,2024-01-01,0,0,19.8
CLI02581,2025-07-01,0,3,13.0
CLI02582,2022-10-01,1,0,63.7
CLI02582,2024-04-01,1,0,69.7
CLI02582,2025-10-01,0,0,74.0
CLI02584,2023-10-01,0,0,42.5
CLI02584,2023-12-01,1,0,40.2
CLI02584,2024-09-01,1,2,-10.2
CLI02584,2025-01-01,0,0,45.9
CLI02584,2025-10-01,0,0,26.8
CLI02585,2024-03-01,0,2,42.3
CLI02585,2024-04-01,0,0,77.3
CLI02585,2025-02-01,0,1,69.2
CLI02585,2025-05-01,0,0,23.5
CLI02586,2024-03-01,0,0,1.9
CLI02588,2023-11-01,2,0,24.9
CLI02588,2025-01-01,0,2,63.8
CLI02588,2025-03-01,0,0,40.8
CLI02588,2025-05-01,0,0,19.8
CLI02589,2024-08-01,2,2,-32.1
CLI02589,2024-09-01,2,0,-5.6
CLI02590,2023-07-01,1,0,18.5
CLI02590,2025-05-01,1,1,52.7
CLI02590,2025-08-01,0,1,46.8
CLI02590,2025-10-01,0,1,20.0
CLI02591,2023-05-01,0,0,27.4
CLI02591,2024-04-01,0,0,-10.1
CLI02591,2024-09-01,0,1,84.9
CLI02591,2025-05-01,3,1,-51.9
CLI02592,2023-12-01,2,1,6.1
CLI02592,2024-05-01,1,0,-4.4
CLI02593,2023-12-01,0,2,37.2
CLI02594,2024-01-01,0,0,49.3
CLI02594,2024-04-01,0,0,59.7
CLI02594,2024-08-01,0,0,21.7
CLI02594,2024-09-01,0,1,15.6
CLI02594,2024-11-01,0,1,51.8
CLI02594,2025-06-01,1,0,-7.2
CLI02594,2025-07-01,2,1,-93.0
CLI02594,2025-10-01,0,0,82.4
CLI02595,2025-07-01,1,0,93.5
CLI02596,2022-09-01,0,0,44.6
CLI02596,2023-04-01,0,0,-31.6
CLI02596,2025-03-01,0,0,57.6
CLI02599,2024-11-01,0,2,-25.2
CLI02599,2024-12-01,1,0,-43.4
CLI02599,2025-07-01,0,2,12.8
CLI02600,2023-06-01,0,0,74.7
CLI02600,2025-03-01,2,1,-35.2
CLI02600,2025-06-01,2,2,71.1
CLI02601,2024-10-01,1,0,49.5
CLI02601,2025-09-01,1,0,-12.8
CLI02601,2025-11-01,0,3,-13.9
CLI02602,2025-03-01,2,1,-21.8
CLI02602,2025-05-01,2,1,-17.7
CLI02603,2025-02-01,2,0,8.8
CLI02604,2023-10-01,0,0,58.1
CLI02604,2024-01-01,0,1,25.0
CLI02604,2024-02-01,2,0,49.8
CLI02605,2024-07-01,0,1,18.8
CLI02605,2024-10-01,2,1,67.6
CLI02605,2025-01-01,2,1,-29.8
CLI02605,2025-03-01,1,0,-97.6
CLI02606,2024-06-01,2,0,-32.5
CLI02606,2024-11-01,0,0,44.4
CLI02607,2025-06-01,1,0,43.0
CLI02607,2025-07-01,0,0,86.1
CLI02608,2024-02-01,1,2,-33.0
CLI02609,2024-08-01,0,1,5.6
CLI02609,2024-10-01,0,2,66.6
CLI02609,2025-08-01,6,0,-9.3
CLI02609,2025-10-01,0,1,53.8
CLI02610,2024-05-01,0,1,31.1
CLI02610,2025-04-01,1,0,13.5
CLI02610,2025-05-01,1,1,50.5
CLI02611,2022-08-01,0,0,52.7
CLI02611,2025-10-01,0,1,47.2
CLI02612,2024-05-01,1,0,13.5
CLI02612,2024-08-01,0,0,36.1
CLI02613,2023-11-01,0,1,12.1
CLI02613,2024-07-01,3,0,-38.9
CLI02613,2024-10-01,1,1,-0.1
CLI02613,2025-02-01,0,0,59.0
CLI02614,2024-10-01,1,1,-18.3
CLI02614,2025-03-01,0,1,20.5
CLI02614,2025-09-01,1,0,28.0
CLI02616,2024-03-01,4,0,8.8
CLI02616,2024-04-01,1,1,-22.8
CLI02617,2024-11-01,0,1,38.3
CLI02617,2025-03-01,1,0,-36.3
CLI02618,2023-06-01,0,1,64.0
CLI02618,2023-07-01,0,0,48.7
CLI02618,2023-11-01,0,0,23.3
CLI02618,2025-04-01,2,1,-36.3
CLI02620,2024-06-01,1,1,-29.4
CLI02620,2024-07-01,2,1,1.5
CLI02620,2025-04-01,0,1,40.2
CLI02621,2025-12-01,0,0,53.0
CLI02622,2023-12-01,0,2,75.5
CLI02622,2024-05-01,0,0,25.8
CLI02622,2025-09-01,1,1,-44.3
CLI02623,2022-05-01,0,0,26.8
CLI02623,2025-05-01,2,1,-21.5
CLI02623,2025-08-01,0,1,12.5
CLI02624,2025-06-01,1,0,2.9
CLI02625,2024-10-01,0,0,33.0
CLI02625,2025-03-01,0,0,68.7
CLI02626,2024-01-01,1,0,31.8
CLI02626,2024-02-01,2,0,36.1
CLI02626,2024-03-01,2,0,-6.7
CLI02626,2025-11-01,0,0,49.0
CLI02627,2023-07-01,0,1,66.7
CLI02627,2024-07-01,0,0,27.7
CLI02627,2024-10-01,4,0,-63.0
CLI02628,2023-11-01,0,0,17.7
CLI02629,2025-02-01,0,2,-11.7
CLI02629,2025-06-01,0,0,37.3
CLI02630,2025-07-01,5,1,-49.1
CLI02630,2025-08-01,1,1,-75.4
CLI02631,2023-07-01,0,0,0.8
CLI02631,2024-01-01,0,1,79.6
CLI02631,2025-05-01,2,2,74.6
CLI02632,2024-01-01,0,0,22.7
CLI02632,2024-09-01,0,0,-9.3
CLI02632,2025-01-01,3,0,-24.7
CLI02632,2025-03-01,1,2,-45.7
CLI02633,2025-05-01,4,1,-8.6
CLI02634,2023-10-01,0,0,79.4
CLI02634,2024-07-01,2,1,-15.3
CLI02634,2024-08-01,2,1,39.4
CLI02634,2024-09-01,0,1,47.0
CLI02634,2025-03-01,0,1,32.1
CLI02634,2025-09-01,0,1,46.9
CLI02635,2023-12-01,0,2,54.0
CLI02635,2025-07-01,0,0,-48.5
CLI02635,2025-08-01,3,3,1.0
CLI02635,2025-11-01,0,0,61.6
CLI02636,2024-10-01,3,0,-38.7
CLI02636,2025-02-01,0,1,27.3
CLI02637,2023-04-01,1,2,-14.0
CLI02637,2023-06-01,1,1,33.6
CLI02637,2024-02-01,0,2,13.5
CLI02637,2024-06-01,0,1,38.7
CLI02637,2024-07-01,0,1,84.6
CLI02637,2024-11-01,0,0,4.4
CLI02638,2023-03-01,2,0,-31.1
CLI02638,2023-08-01,0,0,30.6
CLI02638,2024-08-01,0,0,30.0
CLI02639,2025-04-01,3,2,-2.9
CLI02639,2025-08-01,0,1,0.9
CLI02640,2023-11-01,0,2,12.6
CLI02640,2024-09-01,0,1,62.2
CLI02640,2024-11-01,2,0,1.9
CLI02640,2025-04-01,0,2,47.3
CLI02641,2025-04-01,3,2,-59.6
CLI02641,2025-07-01,2,1,-23.8
CLI02641,2025-10-01,0,0,45.4
CLI02642,2024-02-01,0,0,47.3
CLI02642,2024-05-01,3,3,1.2
CLI02642,2024-08-01,4,1,26.6
CLI02642,2024-12-01,1,0,22.5
CLI02643,2023-03-01,1,0,60.1
CLI02643,2025-06-01,2,2,-23.3
CLI02643,2025-09-01,1,2,-9.4
CLI02644,2022-12-01,0,1,-3.6
CLI02644,2024-01-01,1,0,30.1
CLI02644,2024-12-01,2,0,41.0
CLI02644,2025-06-01,1,1,27.8
CLI02645,2023-12-01,0,2,98.1
CLI02645,2024-04-01,0,1,45.7
CLI02645,2025-06-01,2,0,0.3
CLI02646,2024-07-01,2,1,22.8
CLI02646,2024-09-01,3,1,-44.3
CLI02646,2024-11-01,0,0,38.1
CLI02646,2025-08-01,0,0,8.9
CLI02646,2025-11-01,0,0,35.1
CLI02647,2022-12-01,0,0,68.9
CLI02647,2023-03-01,0,1,24.0
CLI02647,2024-06-01,0,1,29.5
CLI02647,2025-06-01,0,4,34.9
CLI02648,2025-06-01,0,0,78.2
CLI02649,2024-09-01,2,1,-28.9
CLI02649,2025-12-01,0,1,36.0
CLI02650,2023-05-01,1,0,61.0
CLI02650,2023-10-01,0,0,62.5
CLI02650,2024-05-01,2,2,-36.2
CLI02650,2024-06-01,2,2,-31.7
CLI02650,2025-03-01,0,1,31.8
CLI02651,2025-03-01,0,2,-43.9
CLI02651,2025-11-01,1,1,63.1
CLI02653,2022-07-01,1,0,12.6
CLI02653,2024-03-01,0,0,-17.1
CLI02653,2024-06-01,0,0,20.3
CLI02653,2024-09-01,0,1,42.7
CLI02654,2023-09-01,0,2,34.1
CLI02654,2024-06-01,1,1,69.1
CLI02655,2025-01-01,1,1,-4.4
CLI02657,2025-04-01,0,0,25.0
CLI02658,2023-08-01,1,3,-12.5
CLI02658,2025-01-01,0,0,63.7
CLI02658,2025-09-01,0,0,38.8
CLI02659,2024-02-01,0,0,39.5
CLI02659,2025-06-01,0,1,79.4
CLI02659,2025-07-01,0,2,100.0
CLI02660,2025-01-01,3,2,34.3
CLI02661,2024-01-01,4,1,14.3
CLI02661,2024-04-01,2,1,24.8
CLI02662,2023-12-01,0,0,62.2
CLI02662,2024-11-01,0,2,80.5
CLI02662,2024-12-01,0,1,50.8
CLI02662,2025-02-01,0,0,18.2
CLI02662,2025-05-01,2,1,-44.7
CLI02662,2025-06-01,1,1,-52.7
CLI02662,2025-07-01,1,3,5.1
CLI02662,2025-08-01,0,0,74.3
CLI02663,2025-01-01,2,1,21.8
CLI02664,2022-12-01,1,1,48.8
CLI02664,2023-03-01,0,1,38.7
CLI02664,2025-06-01,0,1,36.9
CLI02665,2023-04-01,0,1,68.7
CLI02665,2023-09-01,0,0,77.2
CLI02665,2024-08-01,4,0,-12.6
CLI02665,2024-11-01,0,1,8.8
CLI02665,2025-02-01,0,1,75.8
CLI02665,2025-04-01,1,0,13.3
CLI02666,2025-02-01,3,0,-29.3
CLI02667,2024-05-01,1,2,32.7
CLI02668,2024-09-01,2,1,-33.6
CLI02668,2024-11-01,2,0,1.4
CLI02670,2025-05-01,0,0,78.9
CLI02671,2023-07-01,0,1,63.8
CLI02673,2023-12-01,1,2,-25.6
CLI02674,2024-09-01,0,0,63.7
CLI02674,2024-10-01,1,1,55.3
CLI02675,2024-01-01,0,2,80.8
CLI02675,2024-04-01,0,1,30.0
CLI02675,2025-07-01,1,2,-14.4
CLI02676,2025-05-01,2,0,32.4
CLI02676,2025-07-01,1,0,-9.7
CLI02676,2025-08-01,2,1,65.3
CLI02677,2025-04-01,1,0,80.5
CLI02678,2023-09-01,5,1,-26.1
CLI02678,2024-04-01,0,1,39.5
CLI02678,2024-12-01,0,0,28.4
CLI02678,2025-05-01,0,0,9.9
CLI02679,2025-09-01,0,1,38.1
CLI02680,2025-06-01,1,3,34.6
CLI02680,2025-12-01,0,1,46.1
CLI02681,2022-09-01,0,1,73.4
CLI02681,2023-02-01,1,2,14.5
CLI02682,2024-07-01,2,1,9.4
CLI02682,2025-04-01,0,1,26.2
CLI02683,2024-03-01,0,0,39.6
CLI02683,2025-03-01,0,0,30.5
CLI02683,2025-04-01,0,1,99.4
CLI02683,2025-07-01,3,0,-16.7
CLI02685,2024-11-01,0,3,-11.5
CLI02685,2025-01-01,0,0,51.0
CLI02686,2023-09-01,0,0,53.8
CLI02686,2025-03-01,2,1,22.0
CLI02687,2025-07-01,2,0,-27.8
CLI02688,2023-03-01,0,1,14.5
CLI02688,2023-06-01,0,0,53.5
CLI02688,2025-03-01,0,0,1.3
CLI02689,2024-07-01,0,0,40.1
CLI02690,2024-10-01,1,0,63.2
CLI02691,2023-07-01,0,0,27.3
CLI02691,2024-03-01,0,0,66.6
CLI02692,2024-10-01,0,1,73.5
CLI02692,2025-03-01,0,0,57.0
CLI02693,2025-01-01,0,1,-11.3
CLI02693,2025-02-01,2,1,-25.0
CLI02693,2025-10-01,0,0,43.5
CLI02694,2024-10-01,1,0,60.7
CLI02694,2024-11-01,1,0,38.3
CLI02694,2025-06-01,2,1,21.1
CLI02694,2025-08-01,0,1,29.1
CLI02695,2023-10-01,1,0,93.1
CLI02695,2024-03-01,0,1,40.6
CLI02695,2025-01-01,0,2,71.4
CLI02695,2025-04-01,0,0,33.4
CLI02695,2025-12-01,0,1,38.4
CLI02696,2024-01-01,0,0,39.2
CLI02696,2025-04-01,2,1,-2.9
CLI02697,2025-04-01,0,3,10.1
CLI02697,2025-05-01,1,0,-18.7
CLI02697,2025-06-01,2,0,-25.1
CLI02698,2024-09-01,0,2,10.3
CLI02698,2025-04-01,0,1,-7.0
CLI02699,2024-06-01,0,1,60.5
CLI02699,2025-06-01,0,0,49.4
CLI02700,2024-12-01,2,2,1.8
CLI02700,2025-01-01,2,1,-42.3
CLI02700,2025-03-01,1,2,-35.7
CLI02700,2025-06-01,1,0,46.6
CLI02702,2025-01-01,2,1,-31.3
CLI02703,2022-07-01,0,0,84.7
CLI02703,2022-08-01,0,0,57.2
CLI02703,2023-10-01,0,2,39.2
CLI02703,2025-05-01,0,1,-14.2
CLI02703,2025-06-01,1,3,-18.8
CLI02704,2023-10-01,0,0,-0.2
CLI02704,2024-01-01,0,0,45.0
CLI02704,2025-01-01,3,1,-37.4
CLI02705,2025-08-01,2,0,-35.6
CLI02705,2025-09-01,2,2,-33.9
CLI02706,2025-07-01,0,1,48.8
CLI02707,2024-06-01,3,1,-9.1
CLI02707,2025-10-01,1,0,80.5
CLI02707,2025-12-01,0,1,77.3
CLI02708,2023-04-01,0,0,62.8
CLI02708,2023-11-01,1,0,60.2
CLI02708,2024-10-01,4,1,-22.1
CLI02708,2024-12-01,1,0,39.1
CLI02709,2025-04-01,0,0,40.5
CLI02709,2025-08-01,0,0,49.0
CLI02709,2025-09-01,0,0,29.3
CLI02709,2025-11-01,1,0,35.2
CLI02710,2023-03-01,1,1,54.2
CLI02710,2023-04-01,0,2,27.7
CLI02710,2023-10-01,0,0,60.7
CLI02710,2024-06-01,0,0,77.0
CLI02710,2025-01-01,1,3,-43.6
CLI02711,2024-11-01,0,1,55.8
CLI02711,2024-12-01,0,0,30.3
CLI02711,2025-05-01,3,0,-12.2
CLI02712,2024-03-01,0,1,-63.6
CLI02712,2025-01-01,0,0,77.2
CLI02712,2025-06-01,1,1,78.7
CLI02713,2025-06-01,3,1,-13.7
CLI02713,2025-08-01,2,0,39.7
CLI02714,2023-11-01,1,1,36.0
CLI02715,2025-06-01,3,0,-51.8
CLI02716,2025-08-01,0,1,-3.9
CLI02716,2025-10-01,0,0,30.4
CLI02716,2025-11-01,0,0,45.3
CLI02717,2024-02-01,0,0,72.9
CLI02717,2024-11-01,0,2,87.3
CLI02717,2025-02-01,0,0,14.0
CLI02717,2025-03-01,1,1,25.9
CLI02717,2025-04-01,2,1,-55.8
CLI02717,2025-10-01,1,0,42.8
CLI02719,2023-05-01,1,0,-6.8
CLI02719,2024-11-01,0,1,-28.9
CLI02719,2024-12-01,2,0,13.6
CLI02720,2023-04-01,0,1,81.1
CLI02720,2024-01-01,1,1,32.4
CLI02721,2024-07-01,1,2,69.6
CLI02721,2025-05-01,0,0,-15.9
CLI02723,2022-09-01,0,1,32.8
CLI02723,2023-12-01,0,0,-3.9
CLI02724,2024-12-01,0,0,82.0
CLI02725,2024-12-01,0,0,40.5
CLI02725,2025-06-01,1,1,-12.5
CLI02727,2024-04-01,0,1,60.8
CLI02727,2025-09-01,0,0,48.4
CLI02728,2024-10-01,3,2,24.7
CLI02729,2022-12-01,0,0,100.0
CLI02729,2023-09-01,1,1,59.9
CLI02729,2025-06-01,0,0,-5.2
CLI02730,2024-10-01,0,0,76.5
CLI02730,2025-04-01,2,2,-61.1
CLI02730,2025-05-01,2,0,57.3
CLI02730,2025-09-01,0,0,23.3
CLI02731,2022-12-01,0,0,6.0
CLI02731,2024-09-01,0,0,43.9
CLI02731,2025-06-01,2,1,-65.4
CLI02731,2025-07-01,3,3,-20.1
CLI02731,2025-09-01,0,2,23.5
CLI02732,2025-04-01,2,0,-61.3
CLI02732,2025-06-01,0,0,55.4
CLI02732,2025-07-01,2,0,-22.6
CLI02733,2025-01-01,3,2,0.1
CLI02733,2025-02-01,0,1,4.9
CLI02736,2025-03-01,4,2,11.2
CLI02737,2022-07-01,0,1,13.3
CLI02737,2025-03-01,3,0,-21.1
CLI02737,2025-12-01,1,1,84.8
CLI02738,2024-08-01,1,0,-32.8
CLI02738,2024-11-01,3,2,-52.4
CLI02738,2025-01-01,0,1,53.1
CLI02739,2024-09-01,1,1,7.7
CLI02739,2025-07-01,0,0,64.9
CLI02740,2024-07-01,0,1,29.5
CLI02740,2024-08-01,2,1,27.4
CLI02740,2024-10-01,2,1,-31.2
CLI02740,2025-02-01,0,1,26.7
CLI02740,2025-09-01,0,0,62.5
CLI02741,2023-10-01,0,0,14.7
CLI02741,2024-10-01,3,0,6.9
CLI02741,2025-11-01,3,0,100.0
CLI02742,2024-01-01,0,1,28.7
CLI02742,2024-11-01,2,2,19.8
CLI02742,2025-02-01,2,0,-42.1
CLI02743,2024-04-01,0,0,63.9
CLI02743,2024-05-01,1,0,51.5
CLI02744,2024-11-01,5,0,-19.8
CLI02745,2023-05-01,0,0,68.9
CLI02745,2023-10-01,0,0,37.3
CLI02745,2024-07-01,1,0,43.2
CLI02745,2025-07-01,3,0,-18.8
CLI02745,2025-08-01,6,1,7.4
CLI02746,2023-04-01,1,1,55.1
CLI02746,2024-07-01,3,2,-7.7
CLI02746,2024-09-01,4,1,-7.9
CLI02746,2025-04-01,1,0,24.2
CLI02747,2025-12-01,0,0,56.8
CLI02748,2025-01-01,3,0,21.1
CLI02748,2025-02-01,1,1,-16.5
CLI02748,2025-04-01,0,0,-45.4
CLI02749,2024-12-01,2,3,-15.3
CLI02750,2023-08-01,0,0,61.9
CLI02750,2024-05-01,0,0,55.3
CLI02750,2024-09-01,0,0,31.5
CLI02751,2023-11-01,0,0,81.2
CLI02752,2024-05-01,0,0,31.7
CLI02752,2024-08-01,0,0,29.3
CLI02752,2025-01-01,1,0,53.8
CLI02752,2025-06-01,1,0,9.6
CLI02752,2025-12-01,0,0,8.6
CLI02753,2023-04-01,0,0,77.3
CLI02753,2025-05-01,2,1,-52.1
CLI02753,2025-09-01,0,0,16.4
CLI02755,2025-01-01,0,0,44.8
CLI02755,2025-04-01,1,0,22.7
CLI02755,2025-06-01,5,1,-58.3
CLI02755,2025-07-01,1,0,-31.1
CLI02755,2025-08-01,3,1,-100.0
CLI02756,2022-05-01,0,0,1.3
CLI02756,2025-01-01,2,1,-6.4
CLI02756,2025-02-01,1,0,-70.6
CLI02756,2025-03-01,2,2,-13.8
CLI02757,2023-10-01,0,0,70.2
CLI02757,2025-01-01,1,0,-10.3
CLI02757,2025-03-01,0,4,-48.1
CLI02758,2022-12-01,0,1,46.4
CLI02758,2023-12-01,0,2,56.2
CLI02758,2024-09-01,1,2,20.6
CLI02758,2024-10-01,3,2,-54.6
CLI02758,2024-11-01,2,3,-3.8
CLI02758,2025-01-01,0,1,-9.6
CLI02759,2024-05-01,0,2,77.4
CLI02759,2025-03-01,2,2,11.3
CLI02760,2022-05-01,0,1,72.7
CLI02760,2023-07-01,1,0,35.6
CLI02760,2025-02-01,1,0,5.9
CLI02760,2025-10-01,0,0,58.9
CLI02761,2023-04-01,0,0,57.1
CLI02761,2023-11-01,1,0,14.1
CLI02761,2024-06-01,0,0,35.5
CLI02761,2025-05-01,0,2,10.2
CLI02762,2023-04-01,0,0,72.0
CLI02762,2024-06-01,5,1,48.1
CLI02762,2024-12-01,1,0,31.0
CLI02763,2022-10-01,1,1,77.3
CLI02764,2025-02-01,0,1,19.5
CLI02764,2025-07-01,0,0,49.9
CLI02765,2025-03-01,0,1,1.7
CLI02765,2025-09-01,6,1,46.4
CLI02766,2024-06-01,0,0,70.5
CLI02766,2025-02-01,0,0,64.8
CLI02766,2025-08-01,2,0,-10.4
CLI02767,2025-01-01,2,1,-22.7
CLI02767,2025-02-01,2,1,-23.8
CLI02767,2025-03-01,2,1,1.5
CLI02768,2024-10-01,2,2,-0.8
CLI02768,2025-01-01,0,2,-11.1
CLI02769,2022-11-01,1,1,46.0
CLI02769,2024-12-01,0,0,58.4
CLI02769,2025-04-01,1,0,56.4
CLI02770,2024-08-01,2,1,-14.6
CLI02770,2024-11-01,2,4,-13.7
CLI02771,2023-05-01,0,0,18.7
CLI02771,2025-06-01,2,1,-1.5
CLI02772,2024-12-01,1,0,41.3
CLI02772,2025-03-01,1,2,-43.1
CLI02773,2023-06-01,0,2,34.0
CLI02773,2023-10-01,1,0,-3.8
CLI02773,2024-01-01,1,3,92.8
CLI02774,2024-05-01,0,0,12.1
CLI02774,2024-08-01,0,1,49.6
CLI02774,2025-01-01,1,2,-44.0
CLI02775,2025-03-01,2,1,-43.9
CLI02775,2025-08-01,0,0,50.6
CLI02776,2024-03-01,0,1,52.7
CLI02776,2024-07-01,0,3,43.7
CLI02776,2025-07-01,1,0,90.3
CLI02777,2022-10-01,2,1,49.1
CLI02777,2023-09-01,0,1,30.9
CLI02777,2024-11-01,0,0,19.6
CLI02777,2025-09-01,0,0,31.2
CLI02778,2025-09-01,0,1,2.6
CLI02778,2025-12-01,0,1,100.0
CLI02779,2023-10-01,0,2,60.3
CLI02780,2023-01-01,1,0,32.5
CLI02780,2024-03-01,0,1,-35.0
CLI02780,2024-04-01,1,0,-15.9
CLI02780,2024-06-01,0,2,29.0
CLI02780,2025-02-01,0,1,71.1
CLI02780,2025-05-01,0,2,73.2
CLI02781,2023-04-01,1,0,67.4
CLI02781,2023-06-01,0,1,34.5
CLI02782,2024-02-01,1,1,29.1
CLI02782,2024-08-01,0,0,23.6
CLI02782,2025-02-01,1,1,72.9
CLI02782,2025-09-01,0,0,60.7
CLI02783,2023-10-01,0,2,61.3
CLI02783,2024-11-01,0,1,-2.6
CLI02783,2024-12-01,1,0,-7.9
CLI02783,2025-01-01,2,1,-2.9
CLI02783,2025-02-01,2,1,6.3
CLI02784,2022-07-01,0,0,48.8
CLI02784,2023-05-01,0,0,81.0
CLI02784,2025-05-01,0,3,-28.8
CLI02785,2023-02-01,0,0,66.9
CLI02785,2024-02-01,0,2,30.8
CLI02785,2025-03-01,2,1,-4.4
CLI02786,2023-01-01,1,1,31.3
CLI02787,2024-04-01,0,0,56.4
CLI02787,2024-06-01,0,0,-3.8
CLI02787,2024-07-01,1,1,-25.0
CLI02787,2024-10-01,0,2,-25.3
CLI02788,2023-06-01,0,2,40.1
CLI02788,2023-07-01,1,1,42.8
CLI02788,2025-08-01,1,1,-17.3
CLI02789,2023-11-01,0,0,18.7
CLI02789,2024-03-01,0,0,5.1
CLI02789,2025-07-01,1,0,66.4
CLI02790,2024-02-01,0,1,63.8
CLI02790,2024-10-01,3,0,23.5
CLI02792,2023-04-01,1,0,34.8
CLI02792,2025-04-01,0,2,50.4
CLI02793,2025-04-01,0,1,-9.7
CLI02793,2025-05-01,3,0,30.6
CLI02793,2025-06-01,2,0,-43.9
CLI02794,2023-07-01,0,1,42.4
CLI02794,2024-06-01,2,0,10.0
CLI02794,2024-09-01,1,3,-16.2
CLI02794,2025-12-01,0,1,51.8
CLI02795,2024-08-01,0,1,9.7
CLI02795,2025-01-01,2,0,1.3
CLI02795,2025-03-01,2,0,1.7
CLI02796,2023-01-01,1,0,65.4
CLI02796,2024-03-01,0,0,15.7
CLI02796,2024-08-01,2,1,24.7
CLI02796,2024-09-01,6,1,-40.3
CLI02798,2023-01-01,0,0,50.5
CLI02798,2024-02-01,4,0,-59.1
CLI02798,2024-10-01,0,1,94.0
CLI02798,2025-10-01,0,1,73.4
CLI02798,2025-11-01,0,0,35.2
CLI02799,2024-09-01,0,0,3.0
CLI02799,2025-05-01,0,0,66.9
CLI02799,2025-07-01,0,2,47.1
CLI02800,2023-02-01,0,0,23.4
CLI02800,2023-04-01,0,1,4.0
CLI02800,2025-03-01,3,0,-9.6
CLI02800,2025-05-01,2,3,-15.3
CLI02800,2025-09-01,1,1,60.4
CLI02801,2024-09-01,0,0,51.1
CLI02801,2025-03-01,0,1,-41.5
CLI02802,2024-01-01,0,0,32.9
CLI02802,2025-09-01,0,3,52.6
CLI02803,2023-11-01,0,0,52.9
CLI02803,2024-01-01,0,0,5.0
CLI02803,2025-06-01,2,1,-64.2
CLI02804,2024-05-01,3,1,32.2
CLI02804,2025-09-01,2,1,25.7
CLI02805,2023-08-01,0,1,61.0
CLI02805,2024-01-01,2,0,25.9
CLI02806,2023-02-01,0,0,64.1
CLI02806,2024-06-01,0,0,5.7
CLI02806,2024-12-01,0,1,55.3
CLI02806,2025-05-01,2,0,38.5
CLI02808,2022-09-01,0,0,44.2
CLI02808,2024-12-01,0,0,-12.5
CLI02808,2025-05-01,0,1,55.4
CLI02809,2025-07-01,2,1,-1.4
CLI02810,2024-08-01,0,1,77.9
CLI02810,2025-04-01,0,0,46.5
CLI02811,2024-05-01,1,0,-41.0
CLI02811,2025-07-01,0,1,31.9
CLI02812,2024-07-01,0,0,38.5
CLI02812,2024-08-01,0,1,12.4
CLI02812,2025-05-01,1,1,6.9
CLI02812,2025-08-01,1,1,-1.7
CLI02813,2025-05-01,0,1,71.4
CLI02814,2023-07-01,0,0,54.0
CLI02814,2024-07-01,3,0,25.8
CLI02815,2023-02-01,0,1,8.0
CLI02815,2023-07-01,0,0,84.0
CLI02815,2025-05-01,1,0,-51.0
CLI02816,2024-02-01,0,1,37.7
CLI02817,2024-05-01,0,0,21.7
CLI02817,2025-01-01,2,0,38.6
CLI02818,2023-05-01,1,2,-6.6
CLI02818,2025-11-01,0,0,77.3
CLI02819,2024-01-01,0,0,41.9
CLI02819,2025-05-01,0,3,24.1
CLI02819,2025-07-01,1,2,32.1
CLI02819,2025-08-01,0,1,16.0
CLI02821,2025-02-01,2,2,-36.7
CLI02821,2025-07-01,0,0,40.6
CLI02822,2023-07-01,1,0,72.8
CLI02822,2024-08-01,0,0,40.0
CLI02822,2024-12-01,0,2,-11.2
CLI02825,2025-03-01,0,0,29.6
CLI02826,2023-03-01,0,0,84.3
CLI02826,2025-06-01,2,1,-24.7
CLI02826,2025-08-01,3,1,25.9
CLI02827,2024-09-01,0,1,63.2
CLI02827,2025-05-01,0,1,88.3
CLI02828,2023-04-01,0,1,20.5
CLI02828,2025-06-01,3,0,11.7
CLI02829,2024-11-01,0,0,62.8
CLI02829,2025-08-01,0,0,33.6
CLI02830,2024-01-01,0,0,13.7
CLI02830,2024-12-01,0,0,96.3
CLI02831,2024-01-01,2,2,51.8
CLI02832,2025-03-01,1,1,-19.4
CLI02832,2025-04-01,4,1,36.7
CLI02832,2025-05-01,2,3,-17.8
CLI02832,2025-06-01,2,1,-49.9
CLI02833,2024-07-01,0,2,34.0
CLI02833,2025-01-01,0,0,18.1
CLI02833,2025-07-01,1,3,18.3
CLI02833,2025-09-01,2,3,-13.9
CLI02834,2023-07-01,1,0,33.6
CLI02835,2024-06-01,0,0,78.1
CLI02835,2024-12-01,3,0,-46.8
CLI02836,2022-08-01,0,0,21.2
CLI02836,2022-10-01,0,1,51.7
CLI02836,2025-04-01,2,1,-33.0
CLI02836,2025-05-01,0,1,-10.0
CLI02837,2023-11-01,0,1,49.0
CLI02837,2024-10-01,1,0,-32.1
CLI02837,2024-11-01,1,1,-5.2
CLI02837,2025-07-01,0,2,18.9
CLI02838,2024-08-01,2,3,30.5
CLI02838,2025-03-01,0,1,50.6
CLI02839,2024-03-01,0,0,10.3
CLI02839,2025-01-01,1,2,-1.0
CLI02839,2025-02-01,1,2,26.6
CLI02840,2022-10-01,0,1,64.8
CLI02840,2023-04-01,0,0,63.4
CLI02841,2024-03-01,0,0,44.1
CLI02841,2024-07-01,2,0,-21.5
CLI02842,2023-03-01,0,0,3.0
CLI02842,2023-04-01,2,1,14.2
CLI02843,2022-09-01,0,0,15.2
CLI02843,2024-02-01,0,1,40.0
CLI02843,2024-06-01,0,1,50.8
CLI02843,2025-04-01,1,2,-17.3
CLI02843,2025-08-01,0,1,53.7
CLI02846,2023-08-01,0,1,60.8
CLI02846,2024-05-01,1,0,100.0
CLI02846,2025-05-01,0,0,63.3
CLI02847,2024-08-01,0,4,-1.5
CLI02847,2025-02-01,0,2,54.1
CLI02848,2025-01-01,3,0,-23.9
CLI02849,2024-01-01,0,0,15.3
CLI02849,2024-03-01,2,0,-9.5
CLI02850,2023-07-01,0,0,27.2
CLI02850,2024-02-01,0,0,37.6
CLI02850,2025-09-01,0,0,62.1
CLI02851,2025-03-01,0,0,48.7
CLI02852,2023-10-01,1,0,43.6
CLI02852,2024-02-01,1,1,70.5
CLI02852,2024-05-01,0,0,-21.0
CLI02853,2025-01-01,1,0,22.8
CLI02853,2025-06-01,2,2,-73.4
CLI02853,2025-08-01,1,0,41.1
CLI02854,2023-07-01,2,0,58.5
CLI02854,2023-12-01,0,0,35.3
CLI02855,2024-07-01,0,0,60.2
CLI02855,2025-03-01,1,1,-18.7
CLI02856,2023-12-01,0,1,-1.9
CLI02856,2024-06-01,0,1,64.2
CLI02856,2024-07-01,0,0,-21.7
CLI02856,2025-01-01,0,0,40.1
CLI02856,2025-02-01,0,1,30.1
CLI02857,2022-09-01,2,1,-23.6
CLI02858,2024-07-01,0,1,53.0
CLI02859,2023-04-01,1,0,-24.4
CLI02859,2025-09-01,0,1,73.4
CLI02860,2024-07-01,0,2,46.4
CLI02860,2025-01-01,1,3,60.8
CLI02860,2025-09-01,1,1,21.7
CLI02861,2023-05-01,0,0,16.1
CLI02861,2024-07-01,0,0,52.3
CLI02861,2025-03-01,2,1,39.1
CLI02861,2025-04-01,3,0,-5.8
CLI02861,2025-05-01,0,0,-55.1
CLI02862,2022-07-01,1,0,23.5
CLI02863,2023-06-01,0,0,38.5
CLI02863,2025-02-01,2,1,-51.1
CLI02864,2024-09-01,1,1,48.4
CLI02865,2024-10-01,0,1,-33.3
CLI02865,2024-11-01,1,0,-24.2
CLI02865,2025-01-01,1,1,5.0
CLI02867,2025-05-01,2,0,-37.4
CLI02867,2025-07-01,3,1,6.1
CLI02868,2024-02-01,0,1,69.4
CLI02868,2025-08-01,3,0,-24.2
CLI02868,2025-09-01,3,2,-42.1
CLI02868,2025-12-01,0,0,29.1
CLI02869,2025-02-01,0,1,26.7
CLI02870,2022-08-01,0,0,91.6
CLI02870,2022-10-01,0,0,54.9
CLI02870,2024-07-01,1,1,-11.8
CLI02870,2024-11-01,1,0,69.3
CLI02870,2025-06-01,2,1,52.7
CLI02871,2025-05-01,2,0,-42.7
CLI02872,2023-05-01,0,0,40.7
CLI02872,2024-05-01,0,0,46.3
CLI02872,2024-09-01,0,0,70.8
CLI02873,2025-06-01,2,2,-39.9
CLI02873,2025-07-01,1,0,-15.2
CLI02874,2023-04-01,0,2,58.2
CLI02874,2024-10-01,0,2,60.0
CLI02874,2025-04-01,0,1,26.8
CLI02874,2025-08-01,1,1,-41.6
CLI02875,2022-11-01,0,1,72.6
CLI02875,2023-04-01,0,0,69.3
CLI02875,2024-03-01,0,0,34.9
CLI02875,2024-07-01,0,2,3.1
CLI02875,2024-11-01,0,1,57.9
CLI02877,2024-09-01,1,1,41.6
CLI02877,2025-07-01,0,1,23.7
CLI02877,2025-10-01,0,0,23.3
CLI02878,2023-02-01,0,0,73.9
CLI02878,2024-01-01,0,1,34.6
CLI02878,2024-04-01,0,0,11.3
CLI02878,2024-11-01,0,0,71.4
CLI02878,2025-03-01,0,0,50.5
CLI02878,2025-06-01,0,0,53.8
CLI02879,2025-05-01,3,0,-16.7
CLI02879,2025-06-01,2,1,3.0
CLI02880,2024-05-01,0,0,28.0
CLI02880,2024-09-01,1,2,89.4
CLI02880,2025-06-01,3,1,-18.0
CLI02880,2025-07-01,0,1,-23.7
CLI02881,2025-04-01,4,2,-44.6
CLI02881,2025-06-01,3,2,-35.7
CLI02882,2023-06-01,4,2,-10.3
CLI02882,2023-07-01,1,0,-27.5
CLI02882,2023-08-01,0,0,-24.1
CLI02882,2023-11-01,0,1,46.6
CLI02882,2024-02-01,0,0,73.6
CLI02882,2024-12-01,0,1,25.6
CLI02882,2025-03-01,0,1,72.6
CLI02882,2025-12-01,0,0,16.3
CLI02883,2024-02-01,1,0,45.6
CLI02883,2024-08-01,1,1,-11.7
CLI02883,2024-10-01,0,1,6.5
CLI02883,2024-11-01,1,0,-5.2
CLI02884,2025-05-01,2,1,-39.9
CLI02884,2025-07-01,3,1,9.5
CLI02885,2023-08-01,0,0,10.9
CLI02885,2023-11-01,0,1,67.5
CLI02885,2024-05-01,0,2,66.7
CLI02885,2025-03-01,0,0,48.9
CLI02885,2025-11-01,0,1,69.7
CLI02886,2024-06-01,0,2,41.3
CLI02886,2024-12-01,0,5,-16.9
CLI02886,2025-01-01,2,0,19.0
CLI02886,2025-05-01,0,1,75.3
CLI02887,2024-02-01,1,1,10.5
CLI02887,2025-03-01,0,1,23.6
CLI02887,2025-04-01,0,3,-37.7
CLI02887,2025-06-01,1,2,36.6
CLI02887,2025-07-01,0,0,5.1
CLI02888,2025-08-01,0,0,14.7
CLI02888,2025-11-01,0,1,76.3
CLI02889,2024-06-01,1,3,22.2
CLI02889,2025-06-01,1,1,28.2
CLI02890,2024-07-01,0,1,42.9
CLI02890,2025-07-01,0,1,45.3
CLI02891,2025-03-01,0,0,8.9
CLI02891,2025-04-01,0,1,35.6
CLI02892,2024-04-01,0,3,19.1
CLI02893,2023-06-01,0,0,86.6
CLI02893,2024-02-01,1,1,-23.2
CLI02894,2024-11-01,1,2,36.1
CLI02894,2025-12-01,0,1,60.3
CLI02895,2023-03-01,0,0,31.7
CLI02895,2023-07-01,0,1,50.2
CLI02895,2024-12-01,3,1,-7.4
CLI02895,2025-03-01,1,1,19.4
CLI02895,2025-08-01,1,0,40.1
CLI02896,2025-05-01,2,0,6.7
CLI02897,2024-12-01,2,2,-9.4
CLI02897,2025-01-01,2,1,-21.6
CLI02898,2025-04-01,1,0,-20.5
CLI02898,2025-06-01,2,2,27.0
CLI02899,2025-02-01,0,0,63.3
CLI02900,2025-02-01,1,0,-38.2
CLI02900,2025-03-01,2,0,-8.4
CLI02901,2023-06-01,0,0,98.8
CLI02901,2025-02-01,0,0,67.9
CLI02901,2025-07-01,2,0,3.3
CLI02901,2025-09-01,1,0,-52.0
CLI02902,2025-01-01,0,0,77.8
CLI02903,2024-01-01,0,1,44.6
CLI02904,2024-02-01,0,1,35.8
CLI02904,2024-05-01,2,0,24.9
CLI02904,2024-06-01,0,0,100.0
CLI02904,2025-08-01,0,0,25.6
CLI02905,2023-06-01,1,3,45.5
CLI02905,2024-12-01,1,1,-23.9
CLI02905,2025-01-01,1,0,-8.9
CLI02906,2024-05-01,2,0,65.8
CLI02906,2025-07-01,0,1,56.1
CLI02907,2022-08-01,1,1,57.3
CLI02907,2025-02-01,2,2,-23.4
CLI02907,2025-04-01,2,1,-47.1
CLI02908,2024-02-01,0,0,65.4
CLI02908,2025-04-01,2,0,-40.1
CLI02908,2025-06-01,4,0,-29.5
CLI02909,2022-08-01,0,0,21.2
CLI02909,2023-05-01,0,0,49.8
CLI02909,2025-02-01,2,2,16.8
CLI02909,2025-04-01,2,1,-30.0
CLI02911,2023-08-01,0,0,48.2
CLI02911,2024-02-01,0,0,8.2
CLI02911,2024-05-01,1,0,32.6
CLI02911,2024-06-01,0,0,60.6
CLI02911,2025-07-01,2,1,-40.4
CLI02912,2023-12-01,0,2,-31.4
CLI02912,2024-01-01,0,0,-14.2
CLI02912,2024-02-01,1,0,14.6
CLI02912,2025-09-01,0,0,59.9
CLI02913,2024-09-01,0,0,66.1
CLI02913,2025-04-01,0,0,-19.7
CLI02914,2024-06-01,4,0,-31.0
CLI02914,2024-10-01,0,1,49.7
CLI02914,2024-11-01,0,0,53.9
CLI02914,2025-06-01,0,0,50.6
CLI02915,2023-08-01,0,1,99.9
CLI02915,2024-05-01,0,3,56.6
CLI02915,2025-01-01,3,2,-25.5
CLI02916,2023-06-01,1,1,19.8
CLI02916,2023-08-01,0,0,42.3
CLI02916,2025-05-01,0,0,53.5
CLI02917,2023-02-01,0,2,67.1
CLI02917,2025-04-01,3,0,-1.7
CLI02917,2025-06-01,4,1,-3.8
CLI02918,2024-04-01,0,0,77.6
CLI02918,2025-05-01,0,1,-51.0
CLI02919,2023-02-01,0,1,39.8
CLI02919,2024-12-01,0,0,18.2
CLI02919,2025-02-01,0,2,-20.1
CLI02919,2025-04-01,3,0,-14.5
CLI02920,2025-06-01,0,0,20.8
CLI02921,2025-07-01,0,0,-52.2
CLI02921,2025-08-01,4,0,-7.9
CLI02922,2025-07-01,2,1,-28.5
CLI02924,2025-01-01,0,0,40.9
CLI02924,2025-12-01,1,1,11.8
CLI02925,2022-06-01,1,2,43.3
CLI02925,2023-11-01,0,0,38.0
CLI02925,2023-12-01,0,0,-10.8
CLI02925,2024-09-01,2,0,47.7
CLI02925,2025-09-01,1,0,14.3
CLI02925,2025-10-01,0,0,23.4
CLI02926,2023-05-01,0,0,19.1
CLI02926,2024-09-01,0,1,-32.1
CLI02926,2024-10-01,2,2,-52.2
CLI02927,2023-10-01,0,0,41.4
CLI02928,2024-02-01,0,0,58.2
CLI02928,2025-01-01,0,1,-25.1
CLI02928,2025-03-01,3,0,13.9
CLI02928,2025-04-01,0,1,70.3
CLI02929,2024-04-01,2,0,-5.9
CLI02929,2024-05-01,0,1,-7.6
CLI02929,2024-07-01,0,2,10.2
CLI02929,2025-10-01,0,0,87.4
CLI02929,2025-11-01,0,0,47.3
CLI02930,2023-12-01,0,0,28.8
CLI02931,2024-01-01,0,0,100.0
CLI02931,2025-01-01,4,0,-25.2
CLI02932,2024-06-01,0,0,29.4
CLI02932,2025-02-01,3,3,26.1
CLI02933,2022-11-01,0,0,29.8
CLI02933,2023-03-01,0,0,67.6
CLI02933,2024-06-01,3,1,21.7
CLI02933,2024-08-01,0,0,-3.2
CLI02934,2022-11-01,3,1,3.0
CLI02934,2022-12-01,1,0,-26.6
CLI02934,2023-12-01,1,2,17.0
CLI02934,2025-03-01,0,0,52.1
CLI02935,2023-05-01,0,1,83.2
CLI02935,2024-10-01,0,0,21.5
CLI02935,2024-12-01,3,1,15.9
CLI02935,2025-01-01,1,1,-60.1
CLI02935,2025-03-01,4,2,41.1
CLI02936,2024-12-01,3,0,-15.8
CLI02936,2025-08-01,0,0,42.2
CLI02937,2022-12-01,0,2,57.6
CLI02937,2023-11-01,0,0,39.1
CLI02937,2024-08-01,0,0,28.7
CLI02937,2025-02-01,0,1,30.5
CLI02938,2022-10-01,0,1,73.1
CLI02938,2023-05-01,0,0,22.0
CLI02938,2024-09-01,0,0,45.1
CLI02938,2024-11-01,0,1,-29.6
CLI02939,2024-02-01,0,1,62.5
CLI02939,2024-10-01,0,0,32.7
CLI02939,2025-05-01,0,2,28.1
CLI02939,2025-07-01,1,1,-56.8
CLI02940,2024-12-01,0,2,27.8
CLI02941,2022-12-01,0,1,58.8
CLI02941,2025-05-01,0,0,24.3
CLI02942,2025-09-01,1,1,32.3
CLI02943,2024-04-01,2,1,28.5
CLI02943,2025-01-01,2,0,-54.9
CLI02943,2025-02-01,4,1,12.6
CLI02944,2025-12-01,0,0,25.4
CLI02945,2024-11-01,1,1,-31.3
CLI02945,2024-12-01,1,0,-1.3
CLI02945,2025-04-01,0,1,64.0
CLI02946,2025-06-01,1,2,-55.4
CLI02946,2025-08-01,2,2,29.9
CLI02947,2025-05-01,0,0,80.7
CLI02947,2025-08-01,0,1,30.5
CLI02948,2022-11-01,0,0,44.0
CLI02948,2024-02-01,0,0,-34.2
CLI02948,2025-06-01,0,0,25.0
CLI02948,2025-11-01,0,0,39.4
CLI02949,2023-04-01,0,0,28.7
CLI02950,2023-09-01,0,1,44.5
CLI02950,2024-09-01,2,0,-7.3
CLI02950,2024-10-01,4,3,-62.2
CLI02950,2025-03-01,1,0,0.5
CLI02951,2025-05-01,1,1,47.2
CLI02952,2024-06-01,0,1,14.4
CLI02952,2024-07-01,1,0,-4.8
CLI02952,2024-10-01,3,0,-41.5
CLI02952,2025-04-01,0,0,87.6
CLI02952,2025-11-01,0,0,33.5
CLI02953,2023-10-01,0,1,41.4
CLI02953,2024-03-01,2,1,-7.0
CLI02953,2024-04-01,3,0,4.1
CLI02953,2024-12-01,0,1,1.5
CLI02954,2024-12-01,2,2,-26.1
CLI02954,2025-01-01,5,1,14.8
CLI02955,2022-10-01,0,1,52.1
CLI02955,2023-02-01,0,2,12.6
CLI02955,2025-01-01,0,1,-57.7
CLI02955,2025-02-01,1,1,-35.6
CLI02955,2025-03-01,2,3,-44.0
CLI02956,2025-06-01,2,0,9.0
CLI02956,2025-07-01,2,4,35.1
CLI02956,2025-09-01,1,2,51.0
CLI02957,2023-07-01,0,1,46.7
CLI02957,2024-12-01,2,1,17.3
CLI02957,2025-01-01,1,0,0.6
CLI02957,2025-06-01,0,0,15.7
CLI02957,2025-12-01,0,1,59.7
CLI02958,2023-02-01,1,1,37.7
CLI02958,2023-08-01,0,1,34.6
CLI02959,2025-02-01,3,2,8.7
CLI02960,2023-02-01,0,1,75.6
CLI02960,2024-04-01,0,0,42.5
CLI02960,2024-08-01,1,0,10.3
CLI02960,2025-10-01,0,3,47.8
CLI02961,2023-05-01,0,0,79.1
CLI02962,2024-12-01,3,2,11.6
CLI02962,2025-06-01,1,0,57.7
CLI02963,2023-02-01,0,1,44.5
CLI02963,2024-06-01,1,1,72.4
CLI02963,2025-01-01,0,0,48.7
CLI02963,2025-07-01,2,1,-16.4
CLI02964,2024-04-01,1,1,49.7
CLI02964,2025-01-01,0,1,41.2
CLI02964,2025-02-01,2,2,-21.8
CLI02964,2025-04-01,0,1,44.0
CLI02965,2024-03-01,3,1,3.2
CLI02966,2022-05-01,0,2,50.7
CLI02966,2024-02-01,3,1,32.4
CLI02966,2024-04-01,2,1,5.0
CLI02967,2025-01-01,2,1,-27.4
CLI02969,2023-12-01,0,2,41.9
CLI02969,2025-04-01,1,1,-39.9
CLI02970,2025-05-01,0,2,37.4
CLI02971,2023-02-01,1,2,26.6
CLI02971,2025-05-01,2,2,-29.9
CLI02972,2025-03-01,1,0,-50.3
CLI02972,2025-04-01,1,3,42.2
CLI02973,2023-10-01,1,0,39.7
CLI02973,2024-04-01,0,0,30.3
CLI02973,2025-04-01,1,2,42.8
CLI02973,2025-07-01,2,0,4.3
CLI02974,2024-08-01,1,0,54.3
CLI02974,2024-11-01,2,2,-11.6
CLI02975,2024-06-01,0,1,13.2
CLI02975,2024-08-01,1,4,-41.9
CLI02976,2023-07-01,1,1,85.1
CLI02976,2024-07-01,1,2,12.4
CLI02977,2023-09-01,1,1,69.3
CLI02977,2025-06-01,3,2,-26.6
CLI02977,2025-08-01,0,1,-33.8
CLI02978,2022-12-01,0,0,59.1
CLI02978,2024-05-01,0,0,74.4
CLI02978,2025-01-01,1,1,60.1
CLI02978,2025-05-01,0,1,-32.2
CLI02979,2023-05-01,0,1,57.7
CLI02979,2024-07-01,0,1,54.9
CLI02981,2025-06-01,3,1,21.8
CLI02982,2024-02-01,1,1,-3.1
CLI02982,2024-03-01,2,2,-67.3
CLI02983,2023-04-01,0,0,55.1
CLI02983,2024-01-01,0,1,86.4
CLI02983,2024-09-01,3,2,-57.1
CLI02983,2024-10-01,2,0,-27.1
CLI02983,2025-02-01,0,0,24.2
CLI02983,2025-06-01,0,1,66.7
CLI02983,2025-08-01,0,0,48.5
CLI02984,2023-10-01,0,1,58.8
CLI02984,2024-11-01,0,1,13.8
CLI02984,2025-07-01,0,0,19.3
CLI02985,2024-12-01,1,1,46.1
CLI02985,2025-08-01,0,2,-52.3
CLI02986,2024-09-01,3,0,-53.1
CLI02987,2025-12-01,0,1,5.8
CLI02988,2022-10-01,0,0,59.9
CLI02988,2024-08-01,3,1,-47.8
CLI02988,2025-09-01,0,0,56.8
CLI02989,2023-07-01,1,0,83.5
CLI02990,2023-10-01,1,0,74.7
CLI02991,2024-03-01,0,0,69.1
CLI02991,2024-05-01,0,0,60.4
CLI02991,2024-07-01,0,0,76.7
CLI02991,2025-09-01,0,0,-95.6
CLI02993,2024-07-01,1,3,-4.9
CLI02993,2024-11-01,0,0,9.8
CLI02993,2025-10-01,1,1,48.6
CLI02994,2024-10-01,0,0,36.7
CLI02994,2025-06-01,1,1,-4.9
CLI02994,2025-11-01,1,0,-18.2
CLI02995,2023-04-01,0,0,-0.2
CLI02995,2025-01-01,0,0,74.7
CLI02995,2025-08-01,0,0,40.3
CLI02996,2024-06-01,1,2,5.8
CLI02996,2025-06-01,1,0,49.8
CLI02997,2023-04-01,0,0,2.8
CLI02997,2023-06-01,0,0,18.2
CLI02997,2024-09-01,1,0,-37.2
CLI02999,2023-01-01,0,0,3.5
CLI02999,2024-04-01,1,1,16.9
CLI02999,2025-02-01,1,0,64.6
CLI03000,2025-02-01,0,0,80.1
CLI03001,2023-05-01,1,0,60.9
CLI03001,2023-10-01,0,1,72.3
CLI03001,2024-03-01,0,0,45.6
CLI03001,2024-10-01,0,2,19.9
CLI03001,2025-01-01,0,0,-9.9
CLI03001,2025-03-01,0,0,73.2
CLI03003,2024-04-01,0,2,33.9
CLI03003,2025-02-01,1,1,-21.4
CLI03004,2024-02-01,0,0,16.3
CLI03004,2025-02-01,0,0,49.1
CLI03004,2025-07-01,2,2,1.0
CLI03004,2025-10-01,0,0,29.7
CLI03004,2025-11-01,0,1,68.2
CLI03005,2025-04-01,2,1,-100.0
CLI03005,2025-06-01,3,0,-17.8
CLI03006,2024-02-01,0,0,21.1
CLI03006,2024-12-01,1,0,43.7
CLI03006,2025-01-01,0,0,58.1
CLI03007,2024-03-01,3,1,11.5
CLI03008,2024-01-01,0,1,68.1
CLI03008,2025-02-01,4,1,-29.9
CLI03008,2025-08-01,0,0,83.8
CLI03008,2025-09-01,0,1,2.2
CLI03009,2024-11-01,1,1,34.8
CLI03009,2024-12-01,1,2,-5.2
CLI03009,2025-02-01,0,3,16.7
CLI03010,2023-10-01,0,0,20.0
CLI03010,2024-02-01,0,0,19.4
CLI03010,2025-10-01,1,1,41.7
CLI03011,2025-03-01,2,2,-7.9
CLI03012,2024-07-01,1,1,19.3
CLI03012,2025-06-01,1,0,41.4
CLI03014,2023-12-01,1,2,2.5
CLI03014,2024-02-01,2,0,13.1
CLI03015,2024-02-01,1,0,55.1
CLI03015,2024-10-01,0,0,-30.6
CLI03016,2024-07-01,1,0,-15.8
CLI03016,2024-10-01,0,0,-33.8
CLI03016,2025-02-01,0,0,56.2
CLI03016,2025-12-01,0,0,52.4
CLI03017,2024-05-01,0,1,62.7
CLI03017,2024-11-01,1,2,-26.6
CLI03017,2024-12-01,0,0,-18.3
CLI03018,2023-05-01,0,0,34.7
CLI03018,2023-06-01,0,0,12.9
CLI03018,2025-04-01,1,0,36.5
CLI03018,2025-06-01,0,0,12.7
CLI03018,2025-08-01,1,0,38.0
CLI03018,2025-09-01,0,0,100.0
CLI03019,2023-05-01,0,1,12.6
CLI03019,2024-06-01,0,0,72.4
CLI03019,2025-01-01,2,1,53.1
CLI03019,2025-05-01,0,2,66.3
CLI03019,2025-07-01,0,1,51.6
CLI03020,2024-01-01,0,2,59.3
CLI03020,2024-07-01,0,0,68.4
CLI03020,2025-04-01,1,2,33.1
CLI03021,2023-01-01,0,3,69.2
CLI03021,2023-09-01,1,0,51.1
CLI03021,2024-10-01,0,1,74.5
CLI03022,2023-08-01,0,0,43.3
CLI03022,2023-12-01,3,2,-20.2
CLI03022,2025-02-01,0,1,72.9
CLI03023,2025-04-01,1,0,35.3
CLI03023,2025-05-01,1,1,-10.9
CLI03023,2025-07-01,1,2,15.4
CLI03024,2024-01-01,0,1,59.2
CLI03024,2024-05-01,0,0,14.6
CLI03025,2024-01-01,0,1,39.0
CLI03025,2024-10-01,0,0,16.1
CLI03025,2024-11-01,0,3,4.8
CLI03025,2025-01-01,1,2,-77.6
CLI03025,2025-12-01,0,1,77.4
CLI03026,2025-03-01,0,0,49.3
CLI03026,2025-06-01,1,3,11.7
CLI03026,2025-07-01,3,1,-29.1
CLI03027,2023-11-01,3,0,11.8
CLI03028,2024-11-01,2,1,13.2
CLI03029,2024-01-01,0,1,28.0
CLI03029,2024-08-01,2,0,12.2
CLI03029,2024-09-01,0,0,-5.3
CLI03029,2025-05-01,2,0,54.8
CLI03029,2025-07-01,0,0,50.8
CLI03029,2025-12-01,1,1,66.0
CLI03030,2023-11-01,0,0,28.6
CLI03030,2024-03-01,2,2,15.9
CLI03030,2024-09-01,0,2,8.7
CLI03030,2025-11-01,0,2,30.9
CLI03031,2024-09-01,4,1,-54.6
CLI03032,2024-11-01,0,1,62.1
CLI03033,2024-11-01,3,0,-42.6
CLI03033,2025-01-01,3,0,-26.3
CLI03034,2023-03-01,0,0,50.8
CLI03034,2023-10-01,1,0,81.4
CLI03034,2024-07-01,0,1,-23.9
CLI03036,2025-06-01,1,2,-5.8
CLI03037,2022-04-01,1,0,25.5
CLI03037,2022-07-01,0,0,28.7
CLI03037,2023-04-01,0,1,43.8
CLI03037,2024-08-01,1,0,6.2
CLI03037,2025-01-01,0,1,-10.5
CLI03038,2022-08-01,0,0,49.0
CLI03038,2024-04-01,0,3,35.8
CLI03038,2024-11-01,2,0,-31.7
CLI03040,2024-04-01,0,0,47.5
CLI03040,2024-05-01,0,2,52.8
CLI03040,2025-05-01,2,0,-12.5
CLI03040,2025-06-01,4,1,33.4
CLI03040,2025-10-01,1,1,-1.4
CLI03041,2024-09-01,0,2,3.7
CLI03041,2025-01-01,4,0,0.5
CLI03041,2025-02-01,1,0,-10.9
CLI03041,2025-03-01,1,1,15.9
CLI03042,2024-11-01,0,0,-0.8
CLI03042,2025-10-01,0,0,37.2
CLI03044,2024-03-01,0,0,76.0
CLI03044,2024-04-01,4,0,-27.2
CLI03045,2022-06-01,0,0,39.7
CLI03045,2024-08-01,0,0,23.1
CLI03045,2024-10-01,0,0,54.7
CLI03045,2025-05-01,1,1,1.3
CLI03046,2023-06-01,0,0,57.1
CLI03046,2024-12-01,0,2,59.1
CLI03046,2025-03-01,1,3,36.6
CLI03047,2023-05-01,1,1,54.3
CLI03048,2022-09-01,0,1,16.9
CLI03048,2023-10-01,3,1,31.8
CLI03048,2024-06-01,0,0,24.3
CLI03048,2024-09-01,0,1,57.9
CLI03048,2025-05-01,0,0,-5.7
CLI03049,2023-10-01,0,0,18.5
CLI03049,2025-03-01,0,0,12.1
CLI03049,2025-11-01,0,0,68.7
CLI03050,2024-04-01,0,0,36.3
CLI03050,2025-02-01,1,0,-16.9
CLI03051,2023-12-01,1,3,21.0
CLI03051,2024-02-01,2,0,32.9
CLI03052,2025-10-01,1,1,18.1
CLI03053,2023-12-01,2,0,-57.1
CLI03053,2024-01-01,1,1,10.0
CLI03053,2024-03-01,1,1,29.5
CLI03054,2024-06-01,0,1,33.3
CLI03054,2025-09-01,3,1,44.1
CLI03055,2025-05-01,0,0,-18.1
CLI03056,2024-09-01,0,1,-80.4
CLI03056,2024-10-01,1,0,-44.8
CLI03057,2022-09-01,1,0,38.9
CLI03057,2024-08-01,0,0,41.5
CLI03057,2024-11-01,0,0,-22.3
CLI03057,2025-04-01,1,3,-23.1
CLI03057,2025-07-01,2,1,-11.5
CLI03058,2024-02-01,0,0,47.6
CLI03059,2023-05-01,0,1,52.2
CLI03059,2024-05-01,0,0,50.4
CLI03059,2025-02-01,3,0,61.5
CLI03060,2025-04-01,0,1,80.8
CLI03060,2025-07-01,0,1,48.5
CLI03061,2023-10-01,1,3,17.4
CLI03061,2024-12-01,0,1,22.6
CLI03063,2023-02-01,2,0,37.5
CLI03063,2023-04-01,1,0,12.5
CLI03063,2023-05-01,4,2,28.9
CLI03063,2023-06-01,1,2,-49.0
CLI03063,2024-11-01,0,0,6.2
CLI03064,2024-06-01,1,2,13.2
CLI03065,2022-10-01,0,0,87.9
CLI03065,2024-02-01,0,1,78.3
CLI03065,2025-06-01,2,0,-51.3
CLI03066,2023-03-01,0,0,81.5
CLI03066,2023-07-01,0,0,4.4
CLI03066,2025-03-01,0,2,25.1
CLI03067,2024-09-01,0,0,69.1
CLI03067,2025-04-01,2,2,-23.9
CLI03067,2025-05-01,2,0,-13.1
CLI03067,2025-07-01,3,4,-41.8
CLI03068,2024-11-01,0,0,86.8
CLI03068,2025-04-01,3,1,11.7
CLI03068,2025-05-01,1,0,-47.9
CLI03069,2023-10-01,0,0,62.2
CLI03070,2024-12-01,2,0,-42.4
CLI03071,2023-03-01,0,0,70.5
CLI03071,2023-05-01,0,1,73.8
CLI03071,2024-04-01,1,1,9.9
CLI03071,2024-06-01,2,2,-23.0
CLI03071,2025-06-01,0,0,71.9
CLI03072,2023-01-01,1,1,44.4
CLI03072,2023-11-01,0,0,91.0
CLI03072,2025-10-01,1,1,59.6
CLI03073,2023-05-01,0,1,11.9
CLI03073,2023-08-01,1,2,38.6
CLI03073,2025-01-01,0,0,-100.0
CLI03074,2024-04-01,0,0,6.3
CLI03074,2025-05-01,0,1,-18.9
CLI03074,2025-06-01,0,2,-9.5
CLI03075,2023-09-01,0,0,65.5
CLI03075,2025-04-01,0,1,99.9
CLI03075,2025-08-01,2,1,5.0
CLI03076,2023-07-01,0,0,63.7
CLI03076,2024-09-01,0,2,61.5
CLI03077,2022-11-01,0,0,33.5
CLI03077,2023-02-01,0,0,9.8
CLI03077,2024-02-01,0,2,89.5
CLI03077,2025-08-01,0,0,41.6
CLI03078,2023-01-01,0,1,59.4
CLI03078,2023-07-01,1,0,51.1
CLI03079,2024-10-01,1,1,48.5
CLI03079,2025-04-01,2,0,-5.7
CLI03079,2025-05-01,1,2,33.4
CLI03080,2025-12-01,0,2,64.6
CLI03081,2023-10-01,1,2,83.4
CLI03081,2024-02-01,1,0,25.9
CLI03081,2024-08-01,0,0,65.1
CLI03082,2023-08-01,0,3,53.5
CLI03082,2024-12-01,1,0,37.6
CLI03083,2025-09-01,0,2,63.0
CLI03084,2024-07-01,2,0,-0.5
CLI03085,2023-03-01,0,1,13.5
CLI03085,2025-03-01,1,0,-2.0
CLI03085,2025-04-01,2,0,-15.0
CLI03086,2024-08-01,0,1,-36.7
CLI03086,2024-09-01,1,3,-87.5
CLI03086,2024-10-01,1,1,-34.2
CLI03087,2023-09-01,0,1,12.3
CLI03087,2023-10-01,2,1,17.4
CLI03087,2023-11-01,1,1,40.8
CLI03088,2024-03-01,0,0,46.2
CLI03088,2024-06-01,3,2,-7.0
CLI03088,2024-09-01,1,1,19.5
CLI03089,2025-03-01,3,1,-59.2
CLI03090,2024-01-01,0,5,-46.2
CLI03090,2024-03-01,4,0,-33.7
CLI03091,2025-10-01,0,0,43.0
CLI03092,2023-04-01,0,1,45.7
CLI03092,2023-08-01,0,0,2.5
CLI03092,2024-08-01,0,1,-7.8
CLI03092,2024-09-01,3,0,-30.4
CLI03093,2025-05-01,1,1,53.2
CLI03093,2025-09-01,1,1,44.3
CLI03094,2024-02-01,1,0,18.6
CLI03097,2023-08-01,4,1,51.0
CLI03097,2023-11-01,6,1,-31.0
CLI03097,2025-03-01,1,0,41.6
CLI03097,2025-06-01,0,0,50.6
CLI03098,2025-02-01,4,3,-37.2
CLI03099,2023-12-01,0,1,77.7
CLI03099,2024-12-01,2,2,-15.5
CLI03100,2024-02-01,2,0,-46.8
CLI03100,2024-07-01,1,0,20.3
CLI03100,2024-11-01,0,1,65.5
CLI03100,2025-02-01,0,1,35.9
CLI03100,2025-11-01,0,0,46.3
CLI03101,2023-11-01,0,1,40.7
CLI03101,2024-11-01,0,0,64.2
CLI03101,2025-05-01,0,1,3.0
CLI03102,2022-08-01,0,1,33.5
CLI03102,2022-11-01,0,0,17.6
CLI03102,2023-04-01,0,1,37.6
CLI03102,2025-01-01,0,0,-48.4
CLI03102,2025-06-01,1,1,13.3
CLI03103,2022-09-01,0,0,61.8
CLI03103,2025-02-01,4,0,-16.7
CLI03104,2025-02-01,2,0,68.5
CLI03105,2024-12-01,3,0,-6.1
CLI03105,2025-04-01,0,0,69.1
CLI03106,2025-01-01,0,2,-25.7
CLI03107,2024-11-01,0,1,82.2
CLI03108,2024-10-01,2,1,-18.7
CLI03108,2024-12-01,1,2,-36.6
CLI03110,2024-08-01,3,0,14.1
CLI03110,2024-09-01,1,3,33.8
CLI03110,2025-01-01,0,0,54.4
CLI03111,2022-09-01,0,0,60.5
CLI03111,2022-11-01,0,1,7.4
CLI03111,2023-04-01,1,0,33.9
CLI03111,2023-10-01,0,0,31.9
CLI03111,2024-02-01,0,1,10.8
CLI03111,2024-04-01,0,2,23.2
CLI03111,2024-05-01,2,1,-22.1
CLI03112,2024-08-01,0,1,24.9
CLI03112,2025-04-01,3,2,13.8
CLI03112,2025-05-01,2,1,-56.7
CLI03113,2023-08-01,1,0,65.1
CLI03113,2024-01-01,0,0,93.8
CLI03113,2025-08-01,0,0,-13.5
CLI03113,2025-10-01,0,1,33.9
CLI03114,2024-07-01,2,2,-6.0
CLI03115,2024-10-01,2,2,38.9
CLI03115,2024-12-01,4,0,16.4
CLI03115,2025-09-01,1,1,19.6
CLI03116,2023-08-01,0,1,55.6
CLI03116,2024-01-01,0,3,-5.1
CLI03116,2024-03-01,0,0,-70.6
CLI03117,2022-12-01,1,0,36.5
CLI03117,2023-04-01,1,1,28.8
CLI03117,2025-08-01,0,3,20.5
CLI03118,2022-12-01,0,0,62.2
CLI03118,2023-12-01,0,1,29.6
CLI03118,2025-01-01,3,1,3.4
CLI03118,2025-02-01,2,0,9.0
CLI03118,2025-06-01,0,0,56.2
CLI03119,2023-01-01,0,1,65.9
CLI03119,2025-01-01,0,2,-9.9
CLI03119,2025-02-01,2,1,1.3
CLI03119,2025-03-01,1,1,-59.7
CLI03121,2024-01-01,0,0,29.5
CLI03121,2024-07-01,0,0,30.3
CLI03123,2023-12-01,0,0,-5.3
CLI03123,2024-02-01,0,3,-12.9
CLI03123,2024-07-01,0,1,23.7
CLI03123,2025-01-01,0,3,23.9
CLI03124,2023-08-01,0,0,61.7
CLI03124,2024-03-01,0,0,73.6
CLI03124,2025-05-01,0,2,63.4
CLI03125,2024-05-01,0,0,31.1
CLI03125,2025-08-01,0,0,-26.6
CLI03126,2023-04-01,0,0,-19.9
CLI03126,2023-11-01,1,1,-36.0
CLI03126,2024-08-01,0,1,26.3
CLI03126,2025-06-01,1,0,23.6
CLI03127,2024-08-01,1,0,79.5
CLI03129,2025-02-01,2,2,5.6
CLI03131,2025-06-01,1,0,-100.0
CLI03131,2025-10-01,0,3,51.9
CLI03132,2024-08-01,0,1,39.4
CLI03132,2025-06-01,0,0,-4.4
CLI03132,2025-07-01,2,0,4.5
CLI03132,2025-10-01,1,0,37.6
CLI03133,2022-11-01,0,0,45.4
CLI03133,2023-02-01,0,0,42.9
CLI03133,2024-10-01,0,0,11.3
CLI03133,2025-05-01,1,1,14.0
CLI03134,2023-02-01,0,1,35.5
CLI03134,2024-06-01,0,2,35.2
CLI03134,2024-08-01,0,0,42.4
CLI03134,2024-12-01,0,1,10.1
CLI03135,2022-08-01,0,0,31.1
CLI03135,2023-11-01,1,1,44.6
CLI03137,2025-03-01,1,1,1.1
CLI03138,2022-12-01,0,1,39.8
CLI03138,2023-04-01,0,0,61.5
CLI03138,2023-07-01,0,1,75.8
CLI03138,2024-04-01,1,0,65.8
CLI03138,2025-08-01,0,0,32.4
CLI03139,2024-09-01,0,0,91.1
CLI03139,2025-09-01,0,0,58.9
CLI03140,2022-06-01,0,0,-20.7
CLI03140,2022-07-01,0,0,58.6
CLI03140,2023-11-01,0,0,59.2
CLI03140,2025-01-01,2,1,-35.5
CLI03140,2025-04-01,2,2,33.8
CLI03140,2025-11-01,0,0,11.0
CLI03141,2025-03-01,0,0,52.7
CLI03141,2025-04-01,2,2,14.7
CLI03142,2023-06-01,0,1,36.4
CLI03142,2023-07-01,0,0,70.0
CLI03142,2024-03-01,0,0,60.6
CLI03142,2024-10-01,1,0,45.5
CLI03144,2022-11-01,0,0,52.5
CLI03145,2023-09-01,0,1,60.1
CLI03146,2023-12-01,2,0,54.9
CLI03146,2024-04-01,0,0,80.1
CLI03146,2025-05-01,0,1,-9.1
CLI03147,2024-07-01,0,0,-1.6
CLI03147,2024-11-01,2,1,45.5
CLI03147,2024-12-01,1,0,11.3
CLI03147,2025-01-01,2,0,-12.3
CLI03147,2025-02-01,3,2,-38.0
CLI03148,2024-05-01,4,1,-12.2
CLI03148,2024-10-01,0,0,58.9
CLI03148,2024-11-01,0,1,38.2
CLI03149,2023-03-01,0,0,36.4
CLI03149,2023-09-01,0,0,54.0
CLI03149,2025-07-01,3,0,2.1
CLI03150,2025-05-01,0,1,34.5
CLI03151,2023-12-01,0,0,37.5
CLI03152,2023-01-01,0,2,28.5
CLI03152,2025-02-01,0,1,-8.5
CLI03152,2025-03-01,1,1,-8.9
CLI03152,2025-08-01,0,0,37.4
CLI03153,2025-01-01,1,1,59.8
CLI03153,2025-07-01,2,0,13.1
CLI03154,2023-12-01,0,1,48.6
CLI03154,2024-04-01,0,0,10.0
CLI03156,2024-10-01,0,0,22.0
CLI03156,2025-02-01,2,2,54.3
CLI03157,2024-10-01,1,1,-54.7
CLI03158,2022-08-01,1,0,-24.5
CLI03158,2022-10-01,2,1,19.5
CLI03158,2023-10-01,0,1,53.5
CLI03158,2025-07-01,0,1,-7.3
CLI03158,2025-09-01,0,0,78.6
CLI03160,2025-01-01,1,1,-50.1
CLI03160,2025-03-01,0,0,56.0
CLI03160,2025-05-01,0,0,29.5
CLI03160,2025-09-01,1,1,14.3
CLI03161,2025-05-01,2,0,-4.7
CLI03161,2025-06-01,0,1,19.6
CLI03161,2025-07-01,1,0,-5.2
CLI03162,2023-04-01,0,0,39.2
CLI03162,2023-12-01,0,1,96.8
CLI03162,2024-11-01,0,1,19.6
CLI03162,2024-12-01,1,0,24.2
CLI03163,2025-06-01,4,1,-15.7
CLI03163,2025-09-01,0,0,67.9
CLI03164,2023-11-01,0,1,35.2
CLI03164,2024-09-01,1,1,99.0
CLI03164,2025-05-01,1,0,-0.5
CLI03164,2025-06-01,1,0,31.6
CLI03165,2024-11-01,1,1,18.9
CLI03166,2023-02-01,0,1,38.9
CLI03166,2024-09-01,0,0,35.1
CLI03166,2024-12-01,1,0,20.8
CLI03166,2025-02-01,0,1,17.7
CLI03167,2025-12-01,1,1,99.1
CLI03169,2022-04-01,0,0,35.2
CLI03169,2023-03-01,1,1,69.2
CLI03170,2024-10-01,1,0,50.2
CLI03170,2025-01-01,2,1,34.9
CLI03171,2024-07-01,1,1,18.4
CLI03171,2025-11-01,0,0,28.6
CLI03172,2025-06-01,0,1,30.3
CLI03173,2025-05-01,1,0,-46.3
CLI03173,2025-11-01,0,0,33.2
CLI03174,2023-12-01,0,1,38.0
CLI03174,2024-07-01,3,3,-14.0
CLI03174,2024-09-01,1,0,13.7
CLI03174,2024-10-01,0,1,55.1
CLI03174,2025-04-01,0,0,32.5
CLI03174,2025-07-01,0,0,52.9
CLI03175,2023-06-01,0,0,72.9
CLI03175,2023-11-01,1,1,46.0
CLI03175,2025-02-01,2,1,-10.4
CLI03175,2025-03-01,1,1,-11.0
CLI03176,2025-11-01,1,1,75.7
CLI03177,2025-07-01,1,0,-23.9
CLI03178,2024-02-01,0,0,9.5
CLI03178,2024-08-01,0,2,14.7
CLI03178,2025-06-01,3,0,-2.0
CLI03179,2022-11-01,0,0,82.5
CLI03179,2023-12-01,1,1,11.2
CLI03179,2024-02-01,1,0,-10.3
CLI03180,2023-10-01,0,1,50.8
CLI03180,2024-08-01,0,1,59.6
CLI03180,2024-10-01,0,0,66.1
CLI03180,2025-01-01,3,0,-34.2
CLI03180,2025-02-01,0,2,-25.3
CLI03180,2025-08-01,0,3,-16.7
CLI03181,2024-10-01,3,1,-17.2
CLI03181,2025-09-01,0,0,53.8
CLI03181,2025-10-01,0,0,59.0
CLI03183,2025-12-01,0,0,80.0
CLI03184,2023-03-01,0,3,19.9
CLI03184,2023-12-01,0,1,77.3
CLI03184,2024-10-01,0,0,51.9
CLI03184,2025-02-01,3,0,-7.3
CLI03185,2025-06-01,3,0,-9.3
CLI03185,2025-07-01,3,0,7.0
CLI03186,2024-06-01,1,1,-17.9
CLI03186,2024-07-01,1,1,2.5
CLI03186,2024-09-01,0,1,10.1
CLI03187,2022-10-01,0,2,36.0
CLI03187,2025-03-01,1,1,-18.8
CLI03188,2023-11-01,0,2,38.6
CLI03188,2025-07-01,1,1,32.4
CLI03189,2023-07-01,0,1,40.7
CLI03190,2025-03-01,4,1,-26.8
CLI03191,2025-05-01,0,0,65.9
CLI03192,2022-04-01,0,1,79.5
CLI03192,2022-09-01,0,1,62.4
CLI03192,2024-09-01,1,1,-12.7
CLI03192,2024-11-01,2,1,-57.8
CLI03192,2025-02-01,1,0,2.3
CLI03193,2024-12-01,1,2,49.6
CLI03194,2024-08-01,0,0,-31.6
CLI03196,2022-06-01,0,1,100.0
CLI03196,2024-11-01,1,1,20.2
CLI03196,2025-01-01,2,0,-11.4
CLI03197,2025-03-01,0,0,31.4
CLI03197,2025-04-01,2,1,9.4
CLI03197,2025-07-01,2,0,-15.4
CLI03198,2022-08-01,0,0,47.4
CLI03198,2024-02-01,0,2,78.2
CLI03198,2024-12-01,0,0,20.1
CLI03198,2025-03-01,2,3,55.3
CLI03198,2025-05-01,0,2,-6.0
CLI03200,2025-05-01,4,3,-9.2
CLI03202,2025-03-01,1,1,-14.3
CLI03203,2023-04-01,0,1,59.3
CLI03203,2024-07-01,1,1,-18.4
CLI03203,2025-01-01,0,0,82.0
CLI03204,2024-07-01,0,1,60.0
CLI03204,2025-01-01,0,0,38.7
CLI03204,2025-04-01,2,1,-93.6
CLI03205,2025-02-01,1,0,-11.7
CLI03205,2025-03-01,2,0,-8.3
CLI03206,2023-02-01,1,1,31.9
CLI03206,2023-03-01,1,1,61.6
CLI03206,2025-05-01,0,1,12.0
CLI03207,2024-03-01,1,0,7.5
CLI03207,2025-02-01,2,0,-26.3
CLI03207,2025-04-01,1,2,-28.4
CLI03208,2022-05-01,0,0,57.2
CLI03208,2022-12-01,0,0,38.6
CLI03208,2024-10-01,1,1,78.5
CLI03208,2024-11-01,0,2,56.4
CLI03208,2025-03-01,1,3,36.5
CLI03209,2025-02-01,2,1,-8.1
CLI03209,2025-04-01,2,0,-12.1
CLI03209,2025-11-01,0,0,78.3
CLI03210,2024-02-01,0,1,27.2
CLI03211,2025-09-01,0,2,52.4
CLI03211,2025-12-01,0,1,63.1
CLI03212,2024-12-01,0,1,46.1
CLI03212,2025-07-01,0,0,24.0
CLI03212,2025-11-01,0,0,52.4
CLI03213,2025-01-01,0,2,94.9
CLI03213,2025-05-01,3,0,-3.3
CLI03214,2024-02-01,0,2,65.2
CLI03214,2024-06-01,0,2,48.9
CLI03214,2024-10-01,1,1,35.4
CLI03214,2025-02-01,0,2,38.8
CLI03215,2024-11-01,4,0,-5.5
CLI03216,2023-12-01,0,2,72.0
CLI03216,2025-03-01,0,0,74.2
CLI03216,2025-04-01,0,0,72.3
CLI03216,2025-12-01,0,0,24.1
CLI03217,2024-08-01,1,1,-25.4
CLI03217,2025-09-01,0,0,27.5
CLI03218,2025-03-01,3,1,-47.1
CLI03219,2025-04-01,4,3,12.0
CLI03220,2022-08-01,0,0,80.6
CLI03220,2024-07-01,3,2,-20.8
CLI03220,2024-08-01,2,1,3.8
CLI03221,2023-08-01,0,0,82.0
CLI03221,2025-01-01,1,0,-48.4
CLI03221,2025-02-01,1,1,-62.5
CLI03223,2023-08-01,0,2,29.0
CLI03223,2025-02-01,4,3,8.5
CLI03224,2024-12-01,2,1,-53.9
CLI03224,2025-01-01,1,0,-32.3
CLI03225,2022-11-01,0,0,79.0
CLI03225,2023-06-01,0,1,54.2
CLI03225,2024-08-01,1,2,-15.4
CLI03225,2024-10-01,2,1,-34.3
CLI03225,2025-10-01,2,0,39.3
CLI03226,2024-11-01,0,2,-4.2
CLI03226,2025-02-01,1,0,98.8
CLI03227,2024-07-01,1,3,-29.3
CLI03227,2024-08-01,4,0,-16.2
CLI03228,2022-11-01,0,0,34.2
CLI03228,2023-01-01,0,0,56.5
CLI03228,2024-08-01,0,2,73.6
CLI03230,2024-03-01,2,1,53.7
CLI03230,2025-08-01,0,1,61.4
CLI03231,2023-09-01,0,0,35.3
CLI03231,2025-01-01,1,1,-41.0
CLI03232,2023-11-01,1,0,8.9
CLI03232,2025-05-01,0,0,36.8
CLI03233,2023-02-01,0,0,52.0
CLI03233,2024-08-01,0,0,18.8
CLI03233,2024-11-01,0,2,100.0
CLI03233,2025-06-01,2,2,-8.2
CLI03233,2025-08-01,1,0,4.1
CLI03234,2025-04-01,1,0,63.4
CLI03234,2025-11-01,0,1,49.1
CLI03235,2023-12-01,0,1,49.0
CLI03235,2024-11-01,1,0,-21.6
CLI03235,2024-12-01,1,1,-36.1
CLI03235,2025-01-01,1,0,0.6
CLI03235,2025-06-01,0,3,42.7
CLI03236,2024-02-01,1,1,48.6
CLI03237,2024-08-01,0,2,-14.8
CLI03237,2024-09-01,2,3,-66.9
CLI03237,2025-09-01,0,0,68.1
CLI03238,2022-12-01,0,1,70.9
CLI03238,2023-07-01,1,1,79.4
CLI03238,2025-02-01,1,1,18.6
CLI03238,2025-03-01,2,1,-10.5
CLI03239,2023-07-01,0,0,20.8
CLI03239,2023-10-01,0,0,51.5
CLI03239,2023-12-01,1,3,-7.8
CLI03239,2024-02-01,2,1,-28.1
CLI03240,2023-04-01,0,0,68.4
CLI03240,2025-08-01,1,0,23.5
CLI03241,2023-06-01,0,1,-2.2
CLI03241,2023-10-01,0,1,54.4
CLI03241,2024-10-01,1,1,11.0
CLI03242,2023-04-01,0,1,30.8
CLI03242,2023-08-01,0,1,45.6
CLI03242,2024-07-01,0,2,26.0
CLI03242,2024-12-01,0,0,42.6
CLI03242,2025-02-01,2,0,-18.6
CLI03243,2022-08-01,0,2,81.6
CLI03243,2023-12-01,2,0,31.3
CLI03244,2024-04-01,1,0,6.5
CLI03244,2025-01-01,1,0,-0.8
CLI03244,2025-03-01,0,0,44.7
CLI03246,2024-04-01,0,0,38.6
CLI03246,2024-11-01,2,0,-15.0
CLI03246,2024-12-01,1,2,-9.8
CLI03247,2023-08-01,0,3,25.4
CLI03247,2025-01-01,1,1,-12.8
CLI03248,2024-03-01,0,1,-41.0
CLI03249,2022-09-01,0,0,65.8
CLI03249,2023-05-01,0,0,45.0
CLI03249,2023-07-01,0,2,3.8
CLI03249,2024-10-01,0,0,24.0
CLI03249,2025-10-01,0,1,40.9
CLI03250,2023-12-01,0,1,91.8
CLI03250,2024-10-01,0,0,54.8
CLI03251,2023-12-01,0,0,21.1
CLI03251,2024-05-01,0,0,51.6
CLI03251,2025-05-01,0,1,9.4
CLI03252,2024-11-01,2,2,15.7
CLI03252,2024-12-01,1,0,0.0
CLI03252,2025-07-01,0,0,65.5
CLI03253,2024-05-01,0,0,27.5
CLI03253,2025-03-01,0,1,35.6
CLI03253,2025-11-01,0,0,85.8
CLI03254,2024-12-01,3,0,-49.3
CLI03255,2025-02-01,0,0,-7.0
CLI03255,2025-03-01,2,3,36.6
CLI03255,2025-04-01,2,3,-46.8
CLI03255,2025-05-01,0,1,5.1
CLI03255,2025-11-01,1,1,29.3
CLI03255,2025-12-01,0,0,51.8
CLI03256,2024-08-01,1,1,39.7
CLI03256,2024-10-01,2,1,82.5
CLI03257,2023-06-01,0,1,21.9
CLI03257,2023-07-01,0,1,63.2
CLI03257,2024-04-01,0,0,65.0
CLI03257,2024-11-01,1,5,-10.0
CLI03257,2024-12-01,5,1,14.6
CLI03257,2025-02-01,3,4,-10.1
CLI03257,2025-06-01,0,0,46.8
CLI03258,2023-09-01,0,0,22.7
CLI03258,2025-06-01,1,3,-36.1
CLI03259,2024-02-01,1,0,11.2
CLI03259,2024-07-01,3,0,9.5
CLI03260,2023-04-01,1,1,-29.5
CLI03260,2023-07-01,0,2,56.2
CLI03260,2025-06-01,0,0,-10.1
CLI03261,2022-10-01,0,0,53.8
CLI03261,2024-12-01,0,2,77.3
CLI03261,2025-11-01,0,0,68.6
CLI03262,2024-09-01,2,1,-15.1
CLI03262,2024-11-01,0,1,46.6
CLI03263,2024-06-01,0,0,71.3
CLI03263,2025-04-01,6,1,27.5
CLI03264,2024-12-01,2,0,16.2
CLI03265,2025-07-01,3,1,-51.4
CLI03266,2025-04-01,4,1,-51.7
CLI03266,2025-09-01,0,0,63.5
CLI03267,2025-02-01,2,1,-11.5
CLI03269,2023-06-01,1,1,16.1
CLI03270,2025-07-01,5,0,-24.6
CLI03270,2025-08-01,5,0,-14.1
CLI03271,2023-05-01,1,1,45.5
CLI03271,2023-07-01,2,2,18.6
CLI03271,2023-10-01,3,1,8.2
CLI03271,2024-09-01,0,0,41.6
CLI03273,2024-08-01,0,0,13.7
CLI03273,2025-02-01,1,1,-43.9
CLI03273,2025-04-01,4,2,20.5
CLI03274,2024-08-01,1,1,42.4
CLI03274,2025-03-01,1,0,59.2
CLI03274,2025-04-01,3,1,-42.6
CLI03274,2025-07-01,0,0,-30.5
CLI03275,2025-03-01,2,0,7.8
CLI03275,2025-07-01,0,0,50.6
CLI03275,2025-12-01,0,2,89.5
CLI03276,2024-07-01,0,0,26.4
CLI03277,2024-10-01,1,1,0.8
CLI03277,2024-12-01,3,2,-71.2
CLI03277,2025-04-01,0,2,13.7
CLI03277,2025-06-01,0,0,27.5
CLI03279,2024-05-01,1,0,36.5
CLI03279,2025-06-01,2,0,34.2
CLI03279,2025-07-01,1,2,-51.9
CLI03279,2025-09-01,0,1,-10.6
CLI03280,2023-11-01,0,1,62.1
CLI03281,2023-02-01,0,0,31.2
CLI03281,2023-04-01,1,1,25.1
CLI03281,2025-03-01,1,1,-2.2
CLI03281,2025-04-01,3,1,-33.3
CLI03281,2025-05-01,2,3,39.3
CLI03281,2025-11-01,0,1,2.9
CLI03283,2023-11-01,1,0,18.9
CLI03283,2024-06-01,0,1,-3.3
CLI03283,2024-10-01,0,1,85.9
CLI03284,2025-08-01,0,1,-30.5
CLI03284,2025-09-01,2,4,-56.0
CLI03286,2024-01-01,0,0,9.8
CLI03286,2024-04-01,1,2,4.8
CLI03286,2024-05-01,1,0,-12.3
CLI03287,2025-10-01,0,4,70.9
CLI03287,2025-12-01,0,0,45.5
CLI03289,2024-11-01,0,0,65.4
CLI03289,2025-06-01,2,1,-42.9
CLI03289,2025-07-01,1,1,-35.9
CLI03290,2023-07-01,1,1,20.6
CLI03290,2023-12-01,1,1,28.3
CLI03290,2024-04-01,0,3,9.8
CLI03290,2024-05-01,0,0,44.9
CLI03290,2024-06-01,0,0,29.1
CLI03290,2025-07-01,0,0,-12.3
CLI03291,2023-08-01,0,1,80.0
CLI03291,2024-12-01,1,1,8.6
CLI03291,2025-01-01,0,1,-36.2
CLI03291,2025-02-01,2,0,35.0
CLI03292,2023-12-01,0,0,65.3
CLI03292,2025-04-01,3,1,-36.8
CLI03292,2025-09-01,2,0,32.7
CLI03293,2022-11-01,0,2,36.3
CLI03293,2023-10-01,0,0,51.6
CLI03293,2023-11-01,0,0,30.2
CLI03293,2024-08-01,1,0,44.0
CLI03294,2022-04-01,1,1,33.5
CLI03294,2024-07-01,0,0,32.9
CLI03295,2024-10-01,0,3,3.0
CLI03295,2024-11-01,0,0,27.3
CLI03296,2023-02-01,0,1,-6.0
CLI03296,2023-04-01,1,0,25.1
CLI03296,2025-02-01,3,1,1.7
CLI03296,2025-03-01,1,2,16.5
CLI03298,2025-03-01,2,0,-35.7
CLI03298,2025-05-01,2,0,-75.8
CLI03299,2024-09-01,0,0,75.0
CLI03299,2025-05-01,5,1,-20.8
CLI03300,2023-05-01,0,0,34.3
CLI03300,2024-08-01,0,0,67.4
CLI03301,2024-02-01,0,0,41.4
CLI03301,2025-06-01,6,2,5.6
CLI03302,2024-09-01,2,2,-1.0
CLI03302,2025-12-01,0,0,58.2
CLI03303,2025-03-01,2,2,-20.7
CLI03303,2025-07-01,0,1,72.0
CLI03303,2025-11-01,0,0,33.1
CLI03305,2024-03-01,0,0,50.8
CLI03305,2024-05-01,0,0,21.4
CLI03305,2025-01-01,3,1,42.7
CLI03305,2025-02-01,4,0,2.9
CLI03305,2025-12-01,0,0,100.0
CLI03306,2022-08-01,0,0,-1.0
CLI03306,2023-12-01,0,1,32.1
CLI03306,2024-03-01,0,0,84.9
CLI03306,2024-04-01,0,2,11.9
CLI03307,2024-04-01,0,0,27.6
CLI03307,2024-08-01,1,0,55.2
CLI03308,2024-07-01,0,1,100.0
CLI03308,2024-10-01,1,1,62.4
CLI03308,2025-05-01,1,1,-24.9
CLI03309,2024-03-01,0,0,56.3
CLI03309,2025-01-01,2,0,-13.7
CLI03310,2022-10-01,1,0,7.0
CLI03310,2023-03-01,1,1,56.5
CLI03310,2023-04-01,0,0,47.0
CLI03310,2024-06-01,0,1,74.4
CLI03311,2023-09-01,0,1,86.4
CLI03311,2024-07-01,0,0,22.9
CLI03311,2024-09-01,2,1,-31.3
CLI03312,2023-04-01,0,1,47.8
CLI03313,2023-07-01,0,3,88.2
CLI03313,2023-10-01,1,1,60.4
CLI03313,2024-09-01,0,0,-2.6
CLI03314,2025-02-01,0,0,54.8
CLI03314,2025-07-01,1,1,-39.7
CLI03315,2025-11-01,0,1,67.9
CLI03315,2025-12-01,1,0,39.4
CLI03316,2024-09-01,0,0,47.0
CLI03316,2025-11-01,0,2,46.0
CLI03317,2025-03-01,1,0,11.8
CLI03318,2023-02-01,0,1,88.6
CLI03319,2024-04-01,1,4,39.3
CLI03319,2025-06-01,1,0,-26.8
CLI03319,2025-08-01,0,1,-26.8
CLI03320,2024-02-01,0,2,55.3
CLI03320,2025-02-01,1,2,-4.4
CLI03320,2025-11-01,0,1,52.7
CLI03322,2023-01-01,0,0,48.6
CLI03322,2024-10-01,0,1,-27.4
CLI03322,2025-09-01,1,2,55.3
CLI03323,2023-06-01,1,0,7.7
CLI03323,2024-12-01,1,0,23.5
CLI03324,2023-11-01,0,2,51.7
CLI03324,2023-12-01,0,0,66.0
CLI03324,2024-10-01,0,1,20.5
CLI03324,2025-03-01,0,0,33.4
CLI03324,2025-05-01,0,2,49.1
CLI03325,2022-10-01,0,0,93.7
CLI03325,2023-10-01,0,0,50.3
CLI03325,2025-09-01,0,0,56.2
CLI03326,2024-02-01,1,0,-5.6
CLI03326,2024-03-01,0,0,26.6
CLI03326,2024-07-01,0,0,48.3
CLI03327,2024-09-01,2,1,-52.9
CLI03328,2024-03-01,2,1,8.6
CLI03328,2024-06-01,1,1,-18.3
CLI03329,2024-11-01,1,0,38.0
CLI03329,2025-01-01,3,0,14.7
CLI03330,2025-04-01,2,2,-16.4
CLI03330,2025-06-01,1,2,70.5
CLI03331,2023-04-01,0,2,-35.1
CLI03333,2023-01-01,0,1,28.3
CLI03333,2023-09-01,0,0,76.2
CLI03333,2023-12-01,0,1,16.8
CLI03333,2024-09-01,1,0,31.4
CLI03333,2025-01-01,1,0,56.4
CLI03333,2025-08-01,0,0,37.5
CLI03333,2025-11-01,0,1,48.9
CLI03334,2025-06-01,0,3,-25.5
CLI03335,2024-10-01,1,0,32.6
CLI03335,2025-03-01,1,1,-14.5
CLI03335,2025-04-01,0,1,-16.2
CLI03336,2025-10-01,0,0,49.6
CLI03337,2024-09-01,2,0,-45.4
CLI03337,2025-05-01,0,0,40.9
CLI03338,2024-09-01,1,1,37.0
CLI03339,2025-04-01,1,1,-38.8
CLI03340,2023-12-01,0,0,37.9
CLI03340,2024-03-01,0,0,55.4
CLI03340,2024-11-01,1,2,51.4
CLI03341,2022-09-01,0,0,4.3
CLI03342,2024-01-01,0,0,-1.3
CLI03342,2024-07-01,2,0,25.9
CLI03342,2024-08-01,1,3,-50.2
CLI03342,2025-01-01,0,3,46.0
CLI03342,2025-04-01,1,0,86.9
CLI03342,2025-05-01,0,0,19.9
CLI03343,2024-12-01,0,0,47.9
CLI03343,2025-05-01,0,1,-23.4
CLI03344,2025-03-01,1,2,45.1
CLI03344,2025-07-01,0,0,67.4
CLI03345,2023-10-01,0,1,51.5
CLI03345,2025-02-01,1,2,29.0
CLI03345,2025-12-01,1,0,13.3
CLI03347,2023-08-01,0,2,39.8
CLI03348,2024-03-01,1,3,-1.9
CLI03348,2024-09-01,0,1,4.6
CLI03349,2022-09-01,0,0,60.1
CLI03349,2023-06-01,0,2,60.3
CLI03349,2024-01-01,0,1,26.3
CLI03349,2024-06-01,1,1,-43.8
CLI03349,2024-08-01,2,1,-0.4
CLI03349,2024-12-01,0,0,55.4
CLI03349,2025-08-01,1,1,70.8
CLI03349,2025-10-01,1,2,7.5
CLI03351,2022-09-01,0,2,61.9
CLI03351,2022-11-01,0,1,37.7
CLI03352,2022-04-01,0,1,45.8
CLI03354,2025-02-01,3,1,8.7
CLI03354,2025-03-01,0,0,-49.7
CLI03355,2024-05-01,0,0,35.3
CLI03356,2024-01-01,0,2,-3.0
CLI03356,2024-05-01,1,0,43.4
CLI03356,2024-06-01,0,1,45.9
CLI03356,2024-10-01,0,0,-10.4
CLI03356,2024-12-01,1,1,-30.6
CLI03356,2025-01-01,3,1,7.2
CLI03356,2025-09-01,0,1,57.5
CLI03356,2025-12-01,0,0,76.6
CLI03357,2025-04-01,2,1,-31.4
CLI03358,2025-05-01,1,0,-15.3
CLI03358,2025-08-01,0,0,26.9
CLI03360,2024-06-01,1,0,9.3
CLI03360,2024-08-01,0,1,88.1
CLI03361,2023-12-01,0,0,22.4
CLI03361,2025-05-01,0,0,25.5
CLI03362,2022-12-01,0,0,31.5
CLI03362,2023-08-01,1,0,56.9
CLI03362,2025-06-01,4,2,-7.8
CLI03362,2025-09-01,0,0,82.8
CLI03362,2025-10-01,0,0,100.0
CLI03363,2022-06-01,0,0,38.9
CLI03363,2023-10-01,0,1,44.2
CLI03363,2025-08-01,0,1,20.8
CLI03364,2023-10-01,0,0,72.4
CLI03364,2025-01-01,0,0,49.6
CLI03364,2025-06-01,1,0,58.6
CLI03365,2025-01-01,1,2,-31.2
CLI03366,2024-06-01,0,0,65.3
CLI03366,2025-05-01,1,2,-34.0
CLI03366,2025-10-01,0,1,37.3
CLI03366,2025-12-01,0,1,34.4
CLI03367,2023-10-01,1,0,29.4
CLI03367,2024-10-01,3,0,-0.3
CLI03367,2024-11-01,1,1,7.1
CLI03367,2025-08-01,0,2,4.0
CLI03369,2022-11-01,0,0,55.4
CLI03369,2023-06-01,0,0,44.7
CLI03369,2025-05-01,0,0,35.5
CLI03369,2025-07-01,0,0,12.4
CLI03369,2025-08-01,0,0,58.6
CLI03370,2024-12-01,1,1,-9.3
CLI03371,2023-08-01,1,2,55.6
CLI03371,2024-01-01,1,0,10.5
CLI03371,2024-02-01,0,1,38.5
CLI03371,2025-03-01,0,1,41.6
CLI03372,2025-08-01,0,1,80.4
CLI03373,2022-08-01,0,2,51.3
CLI03373,2025-07-01,0,2,11.2
CLI03374,2023-10-01,0,0,34.9
CLI03374,2025-01-01,1,1,-100.0
CLI03374,2025-02-01,1,2,-53.7
CLI03374,2025-08-01,0,2,67.2
CLI03375,2024-11-01,0,0,-56.9
CLI03375,2025-01-01,0,0,10.0
CLI03376,2024-04-01,2,2,-7.2
CLI03377,2022-12-01,1,0,47.0
CLI03377,2023-06-01,3,0,100.0
CLI03377,2023-12-01,0,2,35.7
CLI03377,2024-02-01,0,0,40.7
CLI03377,2025-04-01,3,1,-72.3
CLI03378,2024-06-01,1,0,29.6
CLI03378,2024-12-01,4,1,-14.8
CLI03378,2025-01-01,0,2,-42.4
CLI03378,2025-04-01,0,1,71.1
CLI03378,2025-06-01,0,0,8.1
CLI03379,2023-03-01,0,0,6.2
CLI03379,2024-07-01,2,2,-18.6
CLI03379,2024-08-01,1,1,-18.4
CLI03380,2025-07-01,0,1,35.1
CLI03381,2023-02-01,0,0,28.9
CLI03381,2024-11-01,0,1,41.3
CLI03381,2025-03-01,4,2,-81.1
CLI03381,2025-04-01,1,2,-9.8
CLI03381,2025-05-01,0,1,-38.3
CLI03381,2025-06-01,1,1,-26.3
CLI03382,2023-04-01,0,2,35.1
CLI03382,2024-05-01,1,3,-45.7
CLI03383,2024-07-01,0,1,85.3
CLI03383,2024-11-01,2,4,-81.2
CLI03383,2024-12-01,1,0,-37.2
CLI03383,2025-02-01,0,2,-35.9
CLI03384,2022-09-01,0,0,28.8
CLI03384,2022-11-01,0,3,42.3
CLI03384,2025-04-01,0,1,51.1
CLI03386,2023-11-01,1,1,53.9
CLI03386,2024-03-01,0,0,34.2
CLI03386,2024-09-01,2,0,6.2
CLI03386,2024-10-01,4,0,-3.5
CLI03386,2025-06-01,1,0,88.7
CLI03387,2024-08-01,2,1,26.6
CLI03388,2022-09-01,0,0,43.1
CLI03388,2023-09-01,0,0,30.5
CLI03388,2024-04-01,0,1,68.9
CLI03388,2025-08-01,0,2,-42.0
CLI03390,2025-08-01,1,5,-26.4
CLI03391,2024-07-01,0,1,72.7
CLI03391,2024-09-01,2,1,56.4
CLI03391,2024-10-01,4,0,31.6
CLI03391,2024-11-01,0,2,-20.3
CLI03391,2025-11-01,1,1,36.7
CLI03392,2024-04-01,2,2,-16.6
CLI03392,2024-05-01,0,0,-36.1
CLI03393,2023-11-01,1,0,74.0
CLI03393,2024-10-01,0,1,52.3
CLI03393,2025-02-01,0,2,-22.1
CLI03394,2022-12-01,1,0,13.8
CLI03394,2024-07-01,3,2,-74.4
CLI03394,2025-08-01,0,0,-1.9
CLI03394,2025-09-01,0,0,49.5
CLI03395,2025-01-01,1,1,-36.6
CLI03395,2025-02-01,2,0,-15.4
CLI03395,2025-08-01,0,0,31.2
CLI03396,2023-03-01,0,0,35.7
CLI03396,2024-01-01,0,2,34.4
CLI03397,2023-08-01,1,0,52.7
CLI03397,2024-04-01,0,0,53.8
CLI03397,2025-01-01,0,0,8.8
CLI03397,2025-02-01,2,1,19.8
CLI03398,2023-07-01,2,0,60.2
CLI03398,2023-12-01,0,1,84.6
CLI03398,2024-05-01,0,0,32.0
CLI03398,2024-06-01,1,1,-10.0
CLI03398,2025-09-01,0,0,29.6
CLI03399,2024-04-01,0,3,72.2
CLI03399,2024-11-01,1,0,1.5
CLI03399,2025-02-01,0,0,9.9
CLI03400,2024-11-01,3,0,-13.4
CLI03400,2025-03-01,0,1,46.1
CLI03400,2025-04-01,1,0,54.7
CLI03400,2025-10-01,0,1,85.7
CLI03401,2023-02-01,3,0,29.6
CLI03401,2024-04-01,1,0,41.4
CLI03404,2024-01-01,1,0,52.2
CLI03404,2025-06-01,0,0,22.4
CLI03405,2025-05-01,4,1,-6.7
CLI03405,2025-12-01,0,0,17.3
CLI03406,2024-05-01,1,1,30.6
CLI03406,2024-10-01,0,1,53.6
CLI03406,2025-06-01,0,0,21.9
CLI03406,2025-11-01,0,0,72.5
CLI03407,2024-07-01,0,0,74.5
CLI03407,2024-12-01,2,2,42.8
CLI03408,2024-10-01,0,0,43.6
CLI03408,2024-12-01,3,2,-18.5
CLI03408,2025-06-01,1,0,47.9
CLI03408,2025-09-01,0,0,68.7
CLI03409,2023-02-01,0,0,24.7
CLI03409,2025-06-01,2,2,-29.5
CLI03410,2024-10-01,0,1,23.8
CLI03410,2024-12-01,1,0,-35.8
CLI03411,2025-06-01,2,2,-11.0
CLI03412,2023-06-01,1,0,11.0
CLI03413,2023-09-01,0,0,54.6
CLI03413,2023-10-01,0,0,53.2
CLI03413,2024-12-01,2,2,41.7
CLI03413,2025-05-01,0,0,17.1
CLI03414,2023-08-01,0,1,20.2
CLI03414,2023-09-01,1,0,23.9
CLI03414,2024-09-01,0,0,95.3
CLI03414,2025-03-01,3,2,-8.3
CLI03414,2025-04-01,3,3,-0.2
CLI03414,2025-05-01,2,0,-37.2
CLI03415,2023-11-01,2,1,-4.1
CLI03415,2024-07-01,0,3,67.6
CLI03415,2025-01-01,0,0,-29.2
CLI03415,2025-04-01,1,2,33.8
CLI03416,2023-07-01,0,2,43.3
CLI03417,2024-11-01,3,2,-20.3
CLI03417,2024-12-01,1,1,-22.0
CLI03418,2024-09-01,1,1,-24.3
CLI03418,2025-09-01,0,0,51.5
CLI03419,2024-07-01,0,0,18.2
CLI03419,2025-04-01,0,1,-4.1
CLI03419,2025-08-01,0,1,50.0
CLI03420,2024-05-01,1,0,-3.9
CLI03421,2024-11-01,1,1,-3.8
CLI03421,2025-12-01,2,1,73.4
CLI03422,2024-03-01,0,1,37.9
CLI03422,2024-04-01,0,0,63.9
CLI03422,2025-05-01,0,0,10.6
CLI03422,2025-11-01,0,1,47.7
CLI03423,2022-10-01,0,2,70.5
CLI03423,2024-03-01,0,0,62.1
CLI03423,2025-06-01,3,2,-0.5
CLI03423,2025-07-01,1,1,-10.5
CLI03423,2025-08-01,2,1,-11.0
CLI03423,2025-11-01,0,1,27.8
CLI03424,2025-04-01,0,0,79.2
CLI03425,2023-02-01,1,1,56.1
CLI03425,2023-07-01,0,1,56.6
CLI03425,2024-04-01,0,0,37.7
CLI03425,2025-03-01,2,0,-53.7
CLI03425,2025-04-01,2,1,-67.6
CLI03425,2025-06-01,1,1,-4.7
CLI03426,2025-03-01,0,1,-14.5
CLI03426,2025-05-01,0,1,-15.9
CLI03426,2025-07-01,1,1,-66.7
CLI03427,2025-01-01,4,0,6.6
CLI03427,2025-05-01,0,0,39.0
CLI03428,2024-07-01,2,0,16.6
CLI03428,2024-08-01,0,1,1.6
CLI03428,2025-01-01,0,1,32.4
CLI03429,2024-05-01,1,1,-27.6
CLI03429,2024-07-01,1,2,-2.1
CLI03429,2025-08-01,0,0,49.8
CLI03430,2025-05-01,1,0,28.1
CLI03431,2022-10-01,0,0,70.3
CLI03432,2025-06-01,2,3,5.0
CLI03432,2025-07-01,2,3,-2.3
CLI03433,2025-05-01,0,3,42.9
CLI03435,2023-08-01,0,0,-15.0
CLI03435,2024-09-01,1,0,62.1
CLI03435,2024-10-01,0,0,83.2
CLI03435,2025-08-01,1,1,65.6
CLI03435,2025-09-01,0,0,64.9
CLI03436,2023-10-01,0,0,68.1
CLI03436,2024-02-01,0,1,42.2
CLI03436,2025-06-01,3,2,-40.3
CLI03436,2025-08-01,0,0,1.9
CLI03438,2023-06-01,0,1,24.1
CLI03438,2024-01-01,1,0,-1.8
CLI03438,2024-11-01,2,0,43.9
CLI03438,2025-02-01,1,1,-13.8
CLI03439,2023-07-01,0,0,25.4
CLI03439,2023-12-01,0,1,-2.3
CLI03439,2024-12-01,0,0,18.3
CLI03439,2025-05-01,0,1,82.4
CLI03440,2024-04-01,0,1,24.7
CLI03440,2025-05-01,7,1,-16.4
CLI03441,2022-12-01,1,0,91.6
CLI03441,2024-03-01,0,2,-3.1
CLI03441,2025-06-01,2,0,-37.9
CLI03442,2023-06-01,0,0,49.4
CLI03442,2024-04-01,0,1,57.7
CLI03442,2025-04-01,0,0,-19.4
CLI03442,2025-06-01,3,0,69.1
CLI03442,2025-11-01,1,1,34.1
CLI03444,2023-03-01,1,0,89.6
CLI03444,2024-11-01,2,1,-34.3
CLI03445,2025-06-01,0,0,34.9
CLI03446,2024-08-01,0,1,-38.5
CLI03447,2023-07-01,1,0,41.0
CLI03448,2024-12-01,1,1,-27.5
CLI03448,2025-11-01,0,2,44.5
CLI03449,2024-04-01,0,0,2.7
CLI03449,2025-03-01,7,0,-17.2
CLI03449,2025-07-01,1,1,66.8
CLI03450,2024-11-01,1,1,-4.0
CLI03450,2024-12-01,1,1,-14.0
CLI03450,2025-01-01,1,1,-49.9
CLI03450,2025-02-01,2,1,2.8
CLI03450,2025-05-01,0,1,77.6
CLI03451,2024-08-01,0,0,100.0
CLI03451,2025-08-01,0,2,-12.1
CLI03452,2024-09-01,1,0,37.1
CLI03454,2025-01-01,3,0,-37.3
CLI03454,2025-04-01,2,1,-19.2
CLI03455,2023-05-01,0,1,39.1
CLI03456,2025-03-01,1,1,-34.3
CLI03457,2025-06-01,0,0,-8.9
CLI03457,2025-07-01,3,2,-35.9
CLI03458,2023-02-01,0,1,69.6
CLI03458,2023-05-01,0,0,53.8
CLI03458,2024-05-01,0,0,34.6
CLI03458,2025-11-01,1,0,22.7
CLI03459,2022-05-01,0,0,-6.1
CLI03459,2022-09-01,0,1,57.0
CLI03459,2023-06-01,0,2,11.2
CLI03459,2023-11-01,0,1,8.7
CLI03459,2023-12-01,0,0,24.2
CLI03459,2024-03-01,2,0,13.3
CLI03460,2022-10-01,0,2,28.8
CLI03460,2023-06-01,0,1,2.7
CLI03460,2025-04-01,1,1,17.6
CLI03461,2023-04-01,0,1,13.5
CLI03461,2024-06-01,0,1,16.0
CLI03461,2024-07-01,2,1,39.0
CLI03461,2024-08-01,1,0,-31.7
CLI03461,2025-01-01,0,1,25.1
CLI03461,2025-03-01,0,1,53.9
CLI03462,2025-04-01,0,1,92.4
CLI03463,2024-04-01,0,0,17.1
CLI03463,2024-07-01,1,0,-6.1
CLI03463,2025-02-01,0,1,90.4
CLI03464,2022-02-01,0,2,49.6
CLI03464,2023-04-01,0,0,58.1
CLI03464,2023-11-01,0,1,40.3
CLI03464,2024-01-01,1,2,32.2
CLI03465,2022-09-01,0,0,71.8
CLI03465,2024-06-01,0,1,68.8
CLI03465,2025-04-01,5,0,-33.6
CLI03467,2023-12-01,0,0,15.7
CLI03467,2025-06-01,2,1,20.5
CLI03468,2024-10-01,1,2,51.7
CLI03468,2025-02-01,0,2,-14.9
CLI03469,2023-06-01,1,0,33.9
CLI03469,2024-04-01,0,0,28.7
CLI03469,2024-09-01,2,1,-5.9
CLI03469,2024-10-01,4,1,-51.5
CLI03469,2024-11-01,1,0,-54.5
CLI03469,2024-12-01,0,1,-41.2
CLI03470,2024-07-01,0,0,11.3
CLI03470,2025-05-01,2,3,-30.6
CLI03471,2023-08-01,0,1,29.2
CLI03471,2025-06-01,0,2,12.4
CLI03471,2025-07-01,4,1,-66.1
CLI03471,2025-08-01,1,2,8.0
CLI03472,2023-08-01,1,0,-1.3
CLI03472,2024-11-01,2,0,-8.2
CLI03472,2024-12-01,1,1,4.5
CLI03473,2025-04-01,3,0,11.7
CLI03473,2025-09-01,0,0,67.7
CLI03473,2025-12-01,2,1,32.8
CLI03474,2023-01-01,0,1,58.1
CLI03474,2025-11-01,0,3,9.6
CLI03475,2023-06-01,0,1,50.4
CLI03475,2023-07-01,1,1,14.7
CLI03475,2023-08-01,0,0,-2.4
CLI03475,2024-12-01,2,1,-62.6
CLI03475,2025-01-01,4,0,-22.7
CLI03476,2023-03-01,0,2,61.5
CLI03476,2024-02-01,0,1,58.5
CLI03476,2024-07-01,2,2,-55.6
CLI03477,2025-08-01,4,2,1.5
CLI03477,2025-09-01,1,2,0.7
CLI03477,2025-11-01,1,0,-2.4
CLI03478,2023-07-01,1,1,36.7
CLI03478,2024-08-01,0,0,51.6
CLI03478,2025-05-01,0,1,33.7
CLI03479,2023-02-01,0,2,36.8
CLI03479,2024-02-01,1,0,-31.1
CLI03479,2024-03-01,2,0,23.9
CLI03480,2024-12-01,0,0,64.2
CLI03481,2023-07-01,0,1,60.5
CLI03481,2024-06-01,0,0,34.6
CLI03481,2025-03-01,2,1,-22.6
CLI03481,2025-04-01,2,2,-5.1
CLI03483,2023-08-01,0,0,33.2
CLI03483,2024-08-01,1,0,8.6
CLI03484,2024-06-01,1,1,71.8
CLI03485,2022-11-01,0,0,36.4
CLI03485,2023-04-01,0,0,72.5
CLI03485,2024-10-01,4,2,-12.6
CLI03485,2024-12-01,4,0,-38.0
CLI03486,2023-07-01,0,0,68.9
CLI03486,2025-06-01,0,1,-12.5
CLI03486,2025-08-01,2,3,39.1
CLI03487,2023-06-01,0,0,53.1
CLI03487,2024-08-01,1,0,-11.3
CLI03487,2024-11-01,0,0,41.8
CLI03487,2025-08-01,0,1,52.9
CLI03489,2025-08-01,0,0,8.1
CLI03490,2024-12-01,0,0,83.7
CLI03491,2023-10-01,0,2,40.4
CLI03491,2025-05-01,2,1,-40.1
CLI03491,2025-07-01,3,0,-42.7
CLI03492,2024-09-01,2,0,64.0
CLI03492,2024-12-01,0,1,17.0
CLI03492,2025-03-01,2,1,-10.3
CLI03492,2025-04-01,0,2,42.7
CLI03492,2025-11-01,1,1,24.6
CLI03493,2024-07-01,0,0,61.0
CLI03493,2025-01-01,5,1,33.0
CLI03493,2025-03-01,1,0,13.1
CLI03493,2025-08-01,0,0,55.2
CLI03493,2025-12-01,1,2,20.6
CLI03494,2022-11-01,0,2,-13.5
CLI03494,2023-08-01,1,1,44.8
CLI03494,2025-01-01,1,1,-24.1
CLI03495,2024-06-01,0,0,49.5
CLI03495,2025-03-01,0,0,-15.2
CLI03495,2025-04-01,2,2,15.8
CLI03495,2025-07-01,0,2,32.5
CLI03496,2024-02-01,2,0,-40.2
CLI03496,2024-04-01,2,1,27.8
CLI03498,2022-11-01,1,2,43.4
CLI03498,2023-09-01,0,0,27.3
CLI03498,2024-04-01,2,1,-7.3
CLI03498,2024-06-01,2,1,26.8
CLI03498,2024-09-01,0,0,30.5
CLI03499,2022-07-01,0,1,3.8
CLI03499,2024-03-01,1,2,-22.3
CLI03499,2024-05-01,0,2,63.1
CLI03500,2023-02-01,0,1,92.2
CLI03500,2024-07-01,1,0,-20.1
CLI03500,2024-08-01,1,0,3.3
CLI03500,2025-07-01,0,1,72.4
CLI03501,2025-01-01,1,0,46.0
CLI03501,2025-04-01,2,0,98.4
CLI03502,2023-07-01,0,0,75.7
CLI03502,2024-05-01,2,0,15.6
CLI03502,2024-06-01,0,0,-19.7
CLI03502,2024-11-01,0,0,68.2
CLI03502,2025-11-01,0,0,100.0
CLI03503,2025-04-01,2,2,46.2
CLI03504,2023-07-01,0,1,19.6
CLI03504,2024-08-01,0,1,33.1
CLI03504,2025-08-01,3,3,1.0
CLI03504,2025-11-01,0,0,55.9
CLI03505,2022-09-01,1,0,59.2
CLI03505,2023-12-01,0,0,24.9
CLI03505,2024-08-01,3,0,-52.7
CLI03505,2024-09-01,3,0,-23.3
CLI03505,2025-06-01,0,0,24.9
CLI03506,2024-06-01,0,1,20.2
CLI03506,2025-02-01,0,0,28.0
CLI03507,2024-06-01,0,0,-43.0
CLI03507,2024-07-01,3,1,1.3
CLI03507,2024-08-01,1,0,-19.0
CLI03507,2025-03-01,0,2,49.7
CLI03507,2025-10-01,0,1,27.5
CLI03508,2024-01-01,0,2,-15.6
CLI03508,2025-04-01,0,1,-8.9
CLI03509,2023-08-01,0,1,44.1
CLI03509,2024-02-01,0,1,81.5
CLI03509,2025-03-01,2,3,-3.0
CLI03510,2025-08-01,1,1,42.4
CLI03511,2023-08-01,1,2,0.0
CLI03511,2023-12-01,3,0,-18.2
CLI03511,2024-12-01,0,0,83.2
CLI03511,2025-02-01,0,0,57.4
CLI03511,2025-04-01,0,0,44.4
CLI03512,2023-06-01,0,1,19.2
CLI03512,2023-09-01,0,1,37.3
CLI03512,2024-03-01,0,0,23.6
CLI03513,2024-03-01,1,0,-16.5
CLI03514,2023-02-01,1,1,27.9
CLI03514,2023-04-01,2,0,3.8
CLI03514,2023-08-01,1,0,63.7
CLI03515,2024-01-01,0,0,53.3
CLI03515,2024-05-01,1,0,-59.5
CLI03515,2024-08-01,3,4,-7.2
CLI03516,2023-11-01,0,1,65.1
CLI03516,2025-03-01,2,0,0.2
CLI03516,2025-06-01,0,0,34.2
CLI03517,2022-12-01,0,0,60.8
CLI03517,2024-11-01,0,0,87.8
CLI03517,2025-06-01,2,2,-75.4
CLI03518,2023-07-01,0,2,35.7
CLI03518,2024-01-01,0,0,65.3
CLI03518,2024-08-01,1,2,19.2
CLI03518,2025-07-01,1,2,-14.4
CLI03519,2024-02-01,0,0,25.8
CLI03519,2024-06-01,1,0,10.0
CLI03519,2024-10-01,0,1,76.4
CLI03520,2023-12-01,2,2,13.9
CLI03521,2023-10-01,0,1,49.6
CLI03521,2023-12-01,1,0,24.7
CLI03521,2024-09-01,2,1,1.3
CLI03521,2025-06-01,0,1,58.4
CLI03521,2025-11-01,0,1,28.3
CLI03522,2025-03-01,1,0,83.5
CLI03523,2025-05-01,0,0,10.4
CLI03523,2025-07-01,2,1,29.0
CLI03524,2025-05-01,0,0,-11.7
CLI03524,2025-12-01,0,0,34.3
CLI03525,2025-06-01,0,2,-15.0
CLI03525,2025-12-01,0,2,88.8
CLI03526,2023-03-01,0,1,1.2
CLI03526,2023-05-01,1,0,32.9
CLI03526,2025-10-01,1,0,0.4
CLI03527,2025-06-01,1,0,-26.7
CLI03527,2025-09-01,2,2,99.5
CLI03527,2025-12-01,0,1,-6.8
CLI03529,2024-10-01,1,1,65.2
CLI03529,2024-12-01,0,1,54.0
CLI03530,2022-07-01,3,0,-96.2
CLI03530,2023-10-01,0,3,72.7
CLI03530,2024-07-01,0,0,21.6
CLI03530,2024-11-01,1,2,-18.8
CLI03530,2025-09-01,2,0,-9.5
CLI03531,2024-11-01,1,0,-61.6
CLI03531,2024-12-01,5,2,-7.6
CLI03531,2025-03-01,0,1,27.7
CLI03532,2022-11-01,0,2,45.8
CLI03532,2023-03-01,0,1,30.8
CLI03532,2024-09-01,1,0,56.2
CLI03532,2024-12-01,0,1,29.0
CLI03532,2025-01-01,1,0,92.3
CLI03532,2025-03-01,0,0,-54.8
CLI03532,2025-05-01,0,0,-26.3
CLI03532,2025-08-01,1,1,5.5
CLI03533,2025-06-01,0,1,-17.0
CLI03534,2025-03-01,0,0,27.9
CLI03536,2024-03-01,0,2,70.3
CLI03536,2024-06-01,2,0,-45.4
CLI03538,2023-06-01,0,0,51.2
CLI03538,2025-04-01,0,1,52.7
CLI03538,2025-05-01,2,1,-83.0
CLI03538,2025-06-01,4,0,19.7
CLI03538,2025-09-01,1,1,75.2
CLI03538,2025-10-01,1,0,93.9
CLI03539,2024-06-01,1,1,60.4
CLI03539,2024-12-01,0,0,0.2
CLI03539,2025-01-01,0,1,18.9
CLI03539,2025-02-01,1,0,-23.4
CLI03539,2025-04-01,3,0,-34.8
CLI03539,2025-05-01,2,2,-32.5
CLI03540,2024-08-01,0,1,69.0
CLI03540,2025-01-01,2,1,23.5
CLI03541,2023-11-01,0,1,47.5
CLI03541,2025-01-01,2,0,-6.4
CLI03542,2023-10-01,0,3,24.3
CLI03542,2024-04-01,2,0,41.8
CLI03542,2024-05-01,1,3,34.8
CLI03542,2024-07-01,1,1,-30.7
CLI03543,2025-04-01,1,3,-1.7
CLI03544,2024-01-01,1,0,-20.7
CLI03544,2024-04-01,0,0,50.0
CLI03545,2024-05-01,0,0,25.6
CLI03545,2025-09-01,0,0,26.0
CLI03546,2024-11-01,0,2,-25.0
CLI03547,2023-02-01,0,3,48.6
CLI03547,2025-03-01,1,0,69.9
CLI03548,2023-07-01,0,0,50.6
CLI03548,2024-04-01,1,0,71.6
CLI03548,2025-05-01,4,0,-81.7
CLI03548,2025-07-01,4,0,42.2
CLI03548,2025-08-01,0,1,-3.9
CLI03549,2024-09-01,0,0,7.5
CLI03549,2025-03-01,0,0,57.5
CLI03550,2024-06-01,0,3,35.6
CLI03550,2024-07-01,0,0,32.1
CLI03550,2025-01-01,0,1,77.8
CLI03550,2025-10-01,1,1,65.7
CLI03551,2022-05-01,0,1,16.9
CLI03551,2022-07-01,0,0,55.0
CLI03551,2023-03-01,0,0,41.8
CLI03551,2025-05-01,2,3,24.9
CLI03552,2023-10-01,0,0,32.0
CLI03552,2025-03-01,0,1,31.6
CLI03553,2024-03-01,0,0,60.4
CLI03553,2025-07-01,2,1,30.3
CLI03554,2024-07-01,0,0,37.4
CLI03554,2025-04-01,0,0,21.2
CLI03554,2025-06-01,1,2,-21.8
CLI03554,2025-08-01,1,1,-11.1
CLI03554,2025-10-01,0,0,13.8
CLI03555,2024-10-01,1,0,65.2
CLI03555,2025-05-01,1,2,-39.6
CLI03555,2025-08-01,1,0,35.9
CLI03556,2022-12-01,1,1,65.7
CLI03556,2024-06-01,1,0,-5.8
CLI03556,2024-08-01,0,1,87.1
CLI03556,2025-07-01,1,1,37.9
CLI03556,2025-12-01,0,0,59.0
CLI03557,2023-04-01,0,0,61.6
CLI03557,2024-11-01,0,3,-12.3
CLI03558,2022-12-01,0,1,46.1
CLI03558,2024-06-01,1,3,-57.5
CLI03558,2025-03-01,0,2,15.6
CLI03559,2023-01-01,0,0,45.8
CLI03559,2023-05-01,0,0,30.1
CLI03559,2024-10-01,1,0,-9.9
CLI03560,2024-09-01,1,1,19.0
CLI03561,2022-04-01,0,2,39.5
CLI03561,2022-08-01,0,0,-6.0
CLI03561,2022-12-01,2,1,10.8
CLI03561,2025-01-01,0,0,43.5
CLI03561,2025-11-01,0,1,15.6
CLI03562,2023-11-01,1,0,32.1
CLI03562,2023-12-01,1,0,12.4
CLI03562,2025-06-01,0,0,29.9
CLI03563,2023-07-01,0,1,13.7
CLI03563,2023-12-01,0,1,67.3
CLI03563,2024-05-01,0,0,13.4
CLI03563,2024-06-01,0,2,36.1
CLI03565,2024-09-01,3,0,-35.3
CLI03565,2025-04-01,2,0,42.1
CLI03566,2025-01-01,1,0,-13.9
CLI03566,2025-09-01,0,1,82.1
CLI03568,2023-06-01,0,0,63.7
CLI03568,2024-12-01,4,0,12.4
CLI03568,2025-03-01,2,3,-61.8
CLI03570,2025-04-01,2,0,-33.4
CLI03570,2025-05-01,0,0,47.1
CLI03570,2025-12-01,0,1,40.1
CLI03571,2024-09-01,0,1,53.2
CLI03571,2025-09-01,0,3,19.5
CLI03572,2022-08-01,0,0,15.0
CLI03572,2023-01-01,0,0,44.0
CLI03572,2023-03-01,0,1,27.2
CLI03572,2023-05-01,0,1,55.2
CLI03572,2023-07-01,0,1,44.8
CLI03572,2024-06-01,1,0,28.9
CLI03572,2024-10-01,0,0,37.5
CLI03572,2024-12-01,2,1,-11.8
CLI03572,2025-01-01,1,2,47.9
CLI03572,2025-02-01,4,2,12.6
CLI03572,2025-06-01,0,0,34.4
CLI03572,2025-11-01,0,1,51.7
CLI03573,2023-09-01,1,1,-6.2
CLI03573,2024-06-01,0,1,72.1
CLI03573,2025-09-01,0,0,17.6
CLI03573,2025-12-01,0,2,80.5
CLI03574,2024-04-01,3,1,6.7
CLI03574,2024-06-01,1,0,-30.9
CLI03574,2025-05-01,1,0,67.0
CLI03574,2025-06-01,0,0,68.4
CLI03575,2023-08-01,0,1,46.6
CLI03575,2025-06-01,0,2,-22.6
CLI03576,2023-08-01,0,0,29.6
CLI03576,2025-03-01,0,0,38.4
CLI03577,2024-09-01,0,1,88.9
CLI03578,2024-08-01,0,3,81.2
CLI03578,2024-12-01,3,3,-8.9
CLI03578,2025-01-01,3,3,-4.9
CLI03578,2025-11-01,1,0,40.7
CLI03580,2024-08-01,1,1,9.8
CLI03580,2025-07-01,0,1,44.9
CLI03581,2024-05-01,1,1,14.0
CLI03581,2024-08-01,3,2,6.2
CLI03581,2025-06-01,0,0,24.0
CLI03582,2024-08-01,0,1,36.9
CLI03582,2025-05-01,3,0,-10.3
CLI03583,2024-11-01,0,2,-5.1
CLI03583,2025-01-01,0,0,83.8
CLI03585,2024-04-01,1,0,70.3
CLI03586,2023-08-01,0,2,64.0
CLI03586,2025-10-01,0,0,17.8
CLI03587,2024-01-01,1,1,53.0
CLI03587,2024-05-01,0,3,55.7
CLI03588,2024-12-01,0,1,63.5
CLI03589,2022-04-01,0,0,41.1
CLI03589,2024-08-01,1,0,-31.8
CLI03589,2024-10-01,3,0,-64.4
CLI03589,2024-12-01,0,0,-27.1
CLI03589,2025-04-01,1,0,43.8
CLI03589,2025-09-01,0,0,82.3
CLI03591,2023-09-01,0,0,23.6
CLI03592,2023-05-01,0,0,38.8
CLI03592,2025-03-01,0,2,-52.8
CLI03595,2023-03-01,0,0,63.1
CLI03595,2023-06-01,0,1,76.2
CLI03595,2023-08-01,0,0,13.2
CLI03596,2024-04-01,0,0,27.8
CLI03596,2024-10-01,1,0,-7.7
CLI03598,2024-11-01,1,1,89.2
CLI03598,2025-01-01,2,1,39.1
CLI03598,2025-02-01,2,2,-21.2
CLI03599,2024-04-01,0,1,26.0
CLI03600,2024-01-01,0,0,42.4
CLI03600,2025-05-01,0,1,-5.1
CLI03601,2024-02-01,0,1,48.2
CLI03601,2025-01-01,0,0,25.0
CLI03602,2024-07-01,1,1,19.5
CLI03602,2024-12-01,0,1,42.3
CLI03602,2025-06-01,0,0,49.9
CLI03603,2023-05-01,1,2,36.0
CLI03603,2023-08-01,2,0,-33.0
CLI03603,2023-09-01,3,1,5.6
CLI03604,2024-04-01,0,1,41.6
CLI03606,2022-11-01,0,1,44.5
CLI03606,2024-05-01,0,2,78.6
CLI03606,2024-09-01,0,2,37.0
CLI03607,2024-07-01,0,3,-14.7
CLI03608,2023-07-01,0,1,69.9
CLI03608,2024-07-01,0,0,2.1
CLI03609,2025-01-01,0,1,12.6
CLI03610,2023-10-01,0,1,49.6
CLI03610,2025-03-01,1,0,40.9
CLI03610,2025-04-01,2,1,28.2
CLI03612,2024-08-01,0,0,37.3
CLI03612,2024-12-01,3,0,-13.7
CLI03613,2023-03-01,0,1,57.5
CLI03613,2024-11-01,1,0,34.0
CLI03613,2025-09-01,1,0,-17.6
CLI03614,2025-03-01,0,0,-29.5
CLI03614,2025-04-01,4,3,-20.9
CLI03615,2024-08-01,1,0,-2.9
CLI03615,2024-10-01,0,1,-7.1
CLI03615,2024-11-01,3,0,24.6
CLI03616,2024-11-01,0,2,38.4
CLI03616,2025-05-01,1,1,-19.5
CLI03617,2024-01-01,0,0,68.3
CLI03617,2024-08-01,1,0,-18.2
CLI03617,2024-09-01,4,1,-12.0
CLI03617,2025-04-01,0,0,61.0
CLI03618,2025-06-01,0,2,20.6
CLI03618,2025-08-01,2,3,-26.2
CLI03619,2023-06-01,0,1,9.9
CLI03619,2023-11-01,0,0,60.1
CLI03620,2022-10-01,3,0,-54.7
CLI03621,2024-07-01,0,2,36.2
CLI03621,2024-08-01,0,0,42.1
CLI03621,2025-10-01,0,0,100.0
CLI03622,2024-01-01,0,0,28.7
CLI03622,2025-03-01,2,1,-15.4
CLI03623,2023-06-01,1,1,15.7
CLI03623,2025-05-01,2,1,13.0
CLI03623,2025-06-01,3,1,-26.2
CLI03626,2025-02-01,2,1,-15.1
CLI03626,2025-03-01,3,0,-63.9
CLI03626,2025-11-01,0,1,53.2
CLI03629,2024-06-01,2,1,-13.9
CLI03629,2025-09-01,0,2,42.3
CLI03630,2023-04-01,0,0,24.3
CLI03630,2024-01-01,1,0,18.7
CLI03630,2025-03-01,0,1,48.9
CLI03631,2022-12-01,0,0,55.8
CLI03631,2023-03-01,0,1,56.9
CLI03631,2023-05-01,0,0,46.7
CLI03631,2024-06-01,0,0,90.6
CLI03631,2025-07-01,0,2,27.4
CLI03631,2025-11-01,0,0,65.7
CLI03632,2024-03-01,1,0,85.1
CLI03632,2024-05-01,0,0,67.2
CLI03632,2024-10-01,0,1,27.3
CLI03632,2025-02-01,1,1,-75.5
CLI03632,2025-03-01,2,2,27.1
CLI03633,2024-06-01,1,2,51.4
CLI03634,2023-04-01,0,1,100.0
CLI03635,2024-10-01,1,1,18.3
CLI03635,2024-11-01,0,0,26.1
CLI03636,2025-05-01,1,4,-35.6
CLI03637,2024-10-01,2,0,11.0
CLI03637,2025-10-01,2,0,39.1
CLI03637,2025-11-01,0,1,81.0
CLI03638,2024-01-01,2,0,-14.9
CLI03640,2023-05-01,0,2,17.8
CLI03640,2025-08-01,0,0,11.1
CLI03641,2024-05-01,0,2,-8.6
CLI03641,2024-08-01,0,0,57.9
CLI03641,2025-07-01,0,1,19.6
CLI03642,2023-12-01,3,0,-22.1
CLI03642,2025-02-01,1,0,74.2
CLI03643,2024-03-01,2,0,-46.6
CLI03643,2024-08-01,0,1,67.6
CLI03643,2025-01-01,0,1,26.8
CLI03644,2024-02-01,5,1,-15.3
CLI03644,2024-05-01,1,2,-19.8
CLI03644,2025-03-01,0,0,30.3
CLI03644,2025-10-01,1,0,90.4
CLI03644,2025-11-01,0,0,43.5
CLI03645,2023-07-01,1,1,9.3
CLI03645,2023-12-01,0,0,89.2
CLI03645,2025-05-01,0,0,50.8
CLI03646,2024-11-01,0,0,46.8
CLI03646,2025-07-01,2,1,-30.4
CLI03647,2024-11-01,0,1,-14.5
CLI03648,2025-04-01,0,1,32.1
CLI03649,2024-01-01,1,0,28.2
CLI03649,2025-02-01,0,1,36.6
CLI03649,2025-03-01,0,0,-6.9
CLI03649,2025-06-01,3,2,-16.6
CLI03650,2023-08-01,0,0,33.1
CLI03650,2024-09-01,0,0,-22.3
CLI03650,2025-02-01,0,0,55.4
CLI03650,2025-08-01,0,1,9.9
CLI03651,2024-05-01,2,1,67.0
CLI03651,2024-12-01,2,1,-10.9
CLI03651,2025-01-01,2,1,29.8
CLI03652,2023-10-01,0,0,80.7
CLI03652,2024-11-01,0,0,97.1
CLI03653,2023-07-01,0,0,5.8
CLI03654,2024-09-01,3,1,-3.5
CLI03654,2025-02-01,1,2,55.4
CLI03654,2025-12-01,0,0,61.0
CLI03655,2024-08-01,0,0,70.7
CLI03655,2025-02-01,0,0,63.0
CLI03656,2025-01-01,0,0,-49.9
CLI03657,2025-08-01,1,2,-57.7
CLI03659,2022-11-01,0,2,42.8
CLI03659,2024-05-01,0,1,61.2
CLI03659,2025-07-01,2,1,12.6
CLI03660,2024-04-01,0,0,68.8
CLI03660,2024-09-01,0,0,63.8
CLI03660,2025-03-01,2,0,47.6
CLI03660,2025-04-01,2,2,9.3
CLI03661,2023-01-01,1,1,5.2
CLI03661,2024-12-01,0,1,85.6
CLI03661,2025-12-01,0,1,30.1
CLI03662,2025-02-01,1,1,21.7
CLI03662,2025-06-01,1,1,8.6
CLI03662,2025-08-01,0,2,24.8
CLI03663,2025-06-01,0,1,-22.3
CLI03664,2025-04-01,0,2,-10.7
CLI03665,2023-03-01,0,0,56.9
CLI03665,2023-06-01,1,0,17.8
CLI03665,2024-05-01,1,0,42.6
CLI03665,2025-04-01,0,1,48.2
CLI03665,2025-09-01,0,0,59.0
CLI03666,2024-07-01,0,1,26.9
CLI03666,2025-08-01,3,0,-1.1
CLI03666,2025-09-01,2,1,22.6
CLI03667,2024-04-01,0,0,-5.3
CLI03667,2025-04-01,2,1,24.5
CLI03667,2025-06-01,1,2,-10.4
CLI03668,2024-08-01,0,1,55.2
CLI03668,2024-11-01,1,2,10.3
CLI03668,2025-01-01,1,3,47.8
CLI03668,2025-02-01,1,0,27.1
CLI03668,2025-06-01,1,0,52.5
CLI03668,2025-08-01,1,2,13.3
CLI03669,2023-07-01,2,1,-1.8
CLI03669,2024-11-01,0,0,18.6
CLI03670,2023-04-01,1,2,48.0
CLI03670,2024-08-01,0,2,5.4
CLI03670,2025-03-01,1,0,36.5
CLI03671,2024-08-01,0,0,50.7
CLI03672,2024-06-01,1,0,27.5
CLI03673,2024-11-01,0,1,52.3
CLI03673,2025-03-01,0,0,47.7
CLI03674,2024-11-01,0,0,53.7
CLI03674,2025-03-01,1,2,-30.0
CLI03677,2023-10-01,0,1,67.5
CLI03677,2024-07-01,0,1,27.8
CLI03677,2025-01-01,2,1,26.8
CLI03677,2025-02-01,1,1,-14.1
CLI03678,2024-06-01,1,0,17.2
CLI03679,2022-12-01,2,0,37.4
CLI03679,2023-07-01,0,2,51.1
CLI03679,2023-12-01,0,0,39.3
CLI03680,2023-04-01,0,0,51.1
CLI03680,2023-10-01,0,1,25.7
CLI03680,2025-04-01,0,0,40.5
CLI03680,2025-08-01,1,1,55.9
CLI03681,2024-02-01,1,0,47.3
CLI03683,2024-08-01,0,0,17.3
CLI03683,2025-06-01,0,2,-15.4
CLI03683,2025-07-01,2,0,-27.1
CLI03684,2024-07-01,3,0,-11.2
CLI03684,2025-06-01,0,0,76.3
CLI03685,2023-05-01,0,0,69.2
CLI03685,2025-02-01,2,2,16.3
CLI03685,2025-03-01,4,0,-3.1
CLI03686,2022-10-01,0,0,13.9
CLI03686,2025-04-01,2,0,-7.1
CLI03686,2025-10-01,0,0,100.0
CLI03687,2023-02-01,0,1,68.5
CLI03688,2024-11-01,1,0,17.7
CLI03689,2023-08-01,0,1,33.9
CLI03689,2023-12-01,2,0,64.8
CLI03689,2024-08-01,0,0,68.3
CLI03690,2023-07-01,2,2,-27.4
CLI03690,2023-08-01,0,2,15.1
CLI03691,2023-11-01,1,0,23.8
CLI03691,2024-06-01,1,0,35.2
CLI03691,2024-12-01,0,1,46.1
CLI03692,2022-09-01,0,1,98.5
CLI03692,2023-03-01,0,0,19.2
CLI03692,2023-11-01,0,0,29.5
CLI03692,2024-08-01,2,1,-24.6
CLI03693,2023-02-01,0,1,62.5
CLI03693,2023-04-01,4,0,4.1
CLI03693,2024-03-01,0,2,22.6
CLI03695,2024-08-01,2,0,-0.3
CLI03695,2024-09-01,0,0,6.5
CLI03695,2024-10-01,2,1,32.8
CLI03695,2025-05-01,0,1,65.2
CLI03696,2025-03-01,0,0,56.4
CLI03697,2022-10-01,0,1,47.7
CLI03697,2023-03-01,0,0,25.0
CLI03697,2025-09-01,0,1,-0.2
CLI03698,2023-03-01,0,0,49.0
CLI03698,2025-01-01,5,0,16.9
CLI03699,2025-01-01,0,1,-14.6
CLI03699,2025-05-01,1,0,61.6
CLI03700,2023-09-01,0,0,26.8
CLI03700,2025-02-01,1,1,44.3
CLI03700,2025-07-01,3,0,-3.6
CLI03700,2025-08-01,1,1,2.3
CLI03701,2022-12-01,0,0,34.9
CLI03701,2025-06-01,1,1,-6.9
CLI03702,2025-06-01,3,1,-49.1
CLI03703,2025-01-01,1,1,31.1
CLI03703,2025-05-01,2,1,4.8
CLI03703,2025-06-01,0,0,-20.8
CLI03703,2025-07-01,2,1,-37.9
CLI03704,2024-12-01,0,0,34.5
CLI03705,2025-04-01,0,1,61.4
CLI03706,2023-02-01,0,0,34.0
CLI03706,2024-03-01,0,0,68.4
CLI03707,2023-10-01,0,1,67.8
CLI03707,2024-09-01,1,0,-69.3
CLI03707,2024-10-01,1,1,-44.6
CLI03707,2024-12-01,0,1,57.1
CLI03708,2023-11-01,0,0,42.3
CLI03708,2025-01-01,1,1,0.5
CLI03710,2023-06-01,0,0,-58.9
CLI03710,2023-07-01,2,0,4.0
CLI03710,2025-12-01,0,1,28.6
CLI03711,2024-04-01,0,0,42.7
CLI03711,2024-08-01,2,3,14.6
CLI03711,2025-04-01,0,0,7.9
CLI03712,2023-07-01,0,0,16.8
CLI03712,2025-01-01,3,1,-27.0
CLI03712,2025-03-01,4,0,-6.1
CLI03712,2025-11-01,0,1,34.3
CLI03713,2025-01-01,1,0,60.6
CLI03713,2025-04-01,2,1,-12.9
CLI03713,2025-06-01,2,2,37.8
CLI03713,2025-07-01,0,0,-26.7
CLI03714,2024-04-01,0,0,9.7
CLI03714,2025-02-01,1,3,29.7
CLI03715,2024-10-01,0,2,-0.3
CLI03715,2024-12-01,0,0,-54.1
CLI03715,2025-01-01,2,0,-9.4
CLI03715,2025-02-01,1,0,10.6
CLI03716,2024-03-01,0,3,69.7
CLI03716,2024-08-01,0,1,63.9
CLI03717,2023-06-01,0,1,50.8
CLI03717,2024-05-01,1,0,-3.6
CLI03717,2024-07-01,1,1,-25.2
CLI03718,2023-04-01,0,0,70.9
CLI03718,2023-06-01,0,0,69.2
CLI03718,2023-10-01,1,0,64.4
CLI03718,2023-11-01,2,0,37.2
CLI03718,2024-07-01,2,0,-23.3
CLI03718,2024-08-01,1,1,-3.7
CLI03719,2023-10-01,0,1,49.5
CLI03719,2024-01-01,1,0,38.8
CLI03719,2025-03-01,2,2,51.1
CLI03719,2025-09-01,0,1,20.0
CLI03720,2023-12-01,0,1,56.1
CLI03720,2025-01-01,0,1,60.5
CLI03721,2024-02-01,0,0,88.0
CLI03721,2024-06-01,0,0,-3.2
CLI03721,2025-09-01,1,2,1.0
CLI03722,2022-06-01,0,1,24.4
CLI03722,2023-08-01,1,1,65.0
CLI03722,2024-03-01,0,1,55.7
CLI03722,2024-05-01,0,0,53.4
CLI03722,2024-09-01,2,1,-12.1
CLI03722,2024-11-01,2,1,-35.7
CLI03722,2025-03-01,1,1,22.6
CLI03723,2022-12-01,0,1,7.8
CLI03723,2023-06-01,0,2,89.8
CLI03723,2025-04-01,1,2,3.3
CLI03723,2025-11-01,0,0,41.9
CLI03724,2024-09-01,0,0,34.1
CLI03724,2025-07-01,2,5,-27.8
CLI03725,2023-12-01,3,0,14.7
CLI03725,2025-02-01,0,1,85.2
CLI03726,2025-05-01,0,0,35.0
CLI03726,2025-08-01,0,2,68.2
CLI03726,2025-12-01,1,1,58.2
CLI03727,2022-12-01,0,2,25.7
CLI03728,2024-12-01,2,2,-36.6
CLI03729,2023-07-01,0,0,21.9
CLI03729,2024-01-01,0,0,72.6
CLI03729,2024-11-01,0,0,19.7
CLI03730,2023-04-01,1,1,-5.6
CLI03730,2023-05-01,2,0,1.6
CLI03730,2023-06-01,2,2,17.1
CLI03730,2025-06-01,0,0,70.9
CLI03731,2024-09-01,3,1,-33.4
CLI03731,2024-10-01,4,0,-3.2
CLI03732,2024-11-01,1,0,45.5
CLI03732,2025-02-01,3,0,23.6
CLI03732,2025-03-01,0,3,-0.2
CLI03732,2025-04-01,0,1,53.4
CLI03733,2023-02-01,0,1,25.2
CLI03733,2024-09-01,0,1,37.4
CLI03733,2025-03-01,2,1,45.1
CLI03733,2025-05-01,1,0,-71.3
CLI03734,2024-07-01,1,2,69.6
CLI03734,2024-12-01,1,0,28.6
CLI03734,2025-01-01,2,0,18.0
CLI03734,2025-02-01,2,0,2.7
CLI03734,2025-08-01,0,1,51.7
CLI03735,2024-03-01,0,0,92.8
CLI03735,2025-06-01,3,1,49.5
CLI03735,2025-09-01,0,1,52.7
CLI03737,2022-10-01,1,0,-20.9
CLI03737,2024-03-01,2,0,90.3
CLI03737,2024-09-01,0,1,74.4
CLI03737,2024-10-01,0,0,27.9
CLI03737,2025-06-01,2,0,9.3
CLI03737,2025-07-01,2,0,7.2
CLI03737,2025-12-01,1,1,51.5
CLI03738,2024-03-01,1,0,13.5
CLI03738,2024-10-01,1,1,45.2
CLI03739,2024-04-01,0,1,56.6
CLI03740,2023-01-01,0,0,18.3
CLI03740,2023-06-01,0,0,37.7
CLI03740,2025-02-01,1,1,-39.2
CLI03740,2025-06-01,0,0,43.1
CLI03741,2024-05-01,0,1,47.0
CLI03743,2022-12-01,0,1,49.6
CLI03743,2023-08-01,0,2,-6.7
CLI03743,2025-05-01,2,1,-5.3
CLI03743,2025-06-01,2,0,-42.0
CLI03743,2025-08-01,1,0,63.5
CLI03743,2025-10-01,0,1,9.5
CLI03744,2024-05-01,0,0,72.8
CLI03744,2025-02-01,2,1,10.6
CLI03745,2023-11-01,0,0,54.2
CLI03745,2024-08-01,1,2,74.0
CLI03745,2024-12-01,1,4,3.8
CLI03746,2024-06-01,0,2,-6.6
CLI03747,2023-07-01,0,1,40.4
CLI03747,2024-09-01,1,0,-16.0
CLI03748,2024-01-01,5,2,-3.6
CLI03749,2024-11-01,3,1,42.1
CLI03749,2024-12-01,0,1,-14.6
CLI03750,2022-07-01,0,0,39.0
CLI03750,2023-06-01,0,1,19.5
CLI03750,2024-11-01,2,0,-47.3
CLI03750,2024-12-01,2,0,-56.9
CLI03750,2025-03-01,0,1,48.2
CLI03751,2024-03-01,1,2,-0.8
CLI03751,2024-12-01,0,0,35.4
CLI03751,2025-03-01,0,2,94.1
CLI03752,2023-10-01,0,0,20.4
CLI03752,2024-12-01,1,1,52.1
CLI03752,2025-01-01,0,2,31.2
CLI03752,2025-02-01,1,1,9.1
CLI03752,2025-04-01,1,2,-16.2
CLI03753,2024-02-01,0,2,1.5
CLI03753,2025-07-01,2,0,12.3
CLI03753,2025-12-01,0,0,41.9
CLI03754,2024-09-01,0,1,27.2
CLI03754,2024-10-01,0,0,42.9
CLI03754,2024-12-01,0,1,53.1
CLI03754,2025-01-01,0,0,6.0
CLI03754,2025-04-01,2,3,-9.3
CLI03755,2025-06-01,2,0,-17.7
CLI03756,2025-11-01,0,1,49.0
CLI03758,2023-06-01,0,1,37.8
CLI03758,2023-11-01,1,1,66.6
CLI03758,2024-07-01,2,2,-50.8
CLI03758,2024-09-01,1,0,-4.4
CLI03758,2025-07-01,0,0,7.5
CLI03759,2024-07-01,1,0,13.0
CLI03759,2024-09-01,0,1,-61.5
CLI03759,2024-11-01,1,1,65.7
CLI03760,2025-02-01,1,0,-8.8
CLI03760,2025-08-01,0,0,44.8
CLI03761,2025-03-01,3,0,28.0
CLI03762,2024-02-01,0,0,26.3
CLI03762,2025-10-01,1,1,60.0
CLI03763,2023-11-01,0,1,71.1
CLI03763,2023-12-01,0,0,40.8
CLI03763,2024-01-01,1,1,16.9
CLI03763,2024-07-01,3,0,-16.8
CLI03763,2024-08-01,1,2,15.0
CLI03763,2025-10-01,0,0,10.5
CLI03763,2025-11-01,0,0,18.9
CLI03764,2023-08-01,0,0,60.5
CLI03764,2024-09-01,2,0,-49.4
CLI03764,2024-11-01,4,0,30.6
CLI03765,2025-01-01,2,2,10.8
CLI03766,2023-04-01,0,0,21.2
CLI03766,2025-04-01,1,0,-5.5
CLI03767,2024-10-01,0,1,74.1
CLI03768,2024-04-01,0,1,65.0
CLI03768,2024-05-01,0,0,-15.3
CLI03768,2025-03-01,0,1,-12.1
CLI03769,2023-01-01,0,0,50.5
CLI03769,2024-12-01,1,4,22.0
CLI03770,2023-02-01,1,0,69.9
CLI03770,2023-10-01,1,1,3.7
CLI03771,2024-09-01,2,0,-15.3
CLI03771,2024-12-01,5,0,-21.9
CLI03771,2025-04-01,0,0,44.7
CLI03771,2025-06-01,1,1,46.0
CLI03771,2025-07-01,0,1,48.3
CLI03773,2025-04-01,1,3,-22.9
CLI03774,2024-09-01,0,2,-12.0
CLI03774,2024-10-01,1,0,15.1
CLI03774,2024-11-01,1,1,12.0
CLI03774,2025-01-01,1,1,47.0
CLI03774,2025-12-01,1,0,21.4
CLI03775,2023-03-01,0,0,18.4
CLI03775,2023-05-01,0,2,53.3
CLI03775,2024-11-01,1,1,-34.3
CLI03775,2024-12-01,1,1,-47.3
CLI03775,2025-02-01,0,0,78.2
CLI03776,2024-07-01,1,0,17.6
CLI03776,2024-09-01,2,2,19.7
CLI03776,2025-04-01,1,2,49.9
CLI03777,2024-01-01,0,0,42.8
CLI03777,2024-07-01,4,0,-43.3
CLI03777,2024-08-01,0,3,-27.0
CLI03779,2025-02-01,0,0,37.6
CLI03779,2025-06-01,4,0,-8.8
CLI03779,2025-07-01,2,0,-3.5
CLI03779,2025-08-01,3,1,-26.4
CLI03781,2023-06-01,0,2,28.9
CLI03782,2025-01-01,1,3,2.5
CLI03783,2023-02-01,1,1,40.8
CLI03783,2023-03-01,0,0,74.8
CLI03783,2025-06-01,3,1,-32.6
CLI03784,2023-11-01,0,0,37.0
CLI03784,2025-01-01,0,1,89.8
CLI03785,2023-05-01,0,1,34.2
CLI03785,2025-02-01,1,0,50.1
CLI03786,2023-02-01,0,0,18.8
CLI03787,2024-10-01,0,2,26.9
CLI03787,2025-11-01,0,0,28.4
CLI03788,2025-02-01,1,0,-6.2
CLI03788,2025-06-01,1,1,1.5
CLI03788,2025-07-01,1,0,55.3
CLI03788,2025-10-01,0,0,86.6
CLI03789,2023-03-01,0,3,23.5
CLI03789,2023-12-01,0,2,5.1
CLI03789,2024-01-01,0,1,29.2
CLI03789,2024-08-01,1,0,46.9
CLI03789,2025-09-01,0,0,24.8
CLI03790,2024-08-01,0,1,28.8
CLI03790,2025-01-01,1,1,-19.6
CLI03791,2025-03-01,1,0,31.4
CLI03791,2025-06-01,1,1,-41.7
CLI03791,2025-08-01,0,1,-52.6
CLI03792,2024-01-01,0,1,38.1
CLI03792,2025-02-01,1,0,-79.4
CLI03792,2025-03-01,0,0,62.7
CLI03792,2025-05-01,2,1,49.7
CLI03793,2023-02-01,0,1,59.5
CLI03793,2023-08-01,1,0,43.8
CLI03793,2024-02-01,0,0,77.7
CLI03793,2024-09-01,0,0,54.3
CLI03793,2025-07-01,1,1,-56.5
CLI03793,2025-08-01,2,2,-5.9
CLI03795,2024-11-01,2,1,-13.7
CLI03795,2025-04-01,0,1,43.8
CLI03795,2025-07-01,0,1,14.8
CLI03796,2025-05-01,2,0,22.1
CLI03796,2025-07-01,2,1,-16.5
CLI03796,2025-08-01,2,1,-10.5
CLI03797,2024-05-01,0,3,-45.6
CLI03797,2025-02-01,0,1,26.4
CLI03797,2025-03-01,0,2,30.0
CLI03797,2025-08-01,1,2,58.6
CLI03798,2023-06-01,2,0,68.7
CLI03798,2023-08-01,0,0,44.1
CLI03798,2025-06-01,1,1,-40.2
CLI03798,2025-11-01,0,0,46.5
CLI03799,2023-05-01,0,1,81.0
CLI03799,2023-08-01,0,0,23.0
CLI03799,2025-01-01,0,2,28.0
CLI03799,2025-04-01,0,0,81.8
CLI03799,2025-12-01,0,0,20.9
CLI03800,2025-01-01,1,1,24.4
CLI03800,2025-04-01,3,3,-14.8
CLI03801,2024-06-01,0,1,19.4
CLI03801,2024-09-01,0,0,35.3
CLI03801,2025-10-01,1,1,41.4
CLI03802,2024-07-01,0,0,49.1
CLI03802,2025-03-01,0,0,10.6
CLI03802,2025-05-01,4,1,2.6
CLI03802,2025-07-01,0,1,-34.6
CLI03803,2024-12-01,1,1,-68.9
CLI03803,2025-03-01,1,0,-18.3
CLI03804,2024-03-01,2,1,31.1
CLI03804,2025-01-01,1,1,56.1
CLI03804,2025-04-01,2,0,76.6
CLI03805,2023-07-01,0,0,62.6
CLI03805,2025-07-01,1,2,-21.2
CLI03805,2025-08-01,1,0,-13.7
CLI03806,2022-07-01,2,0,68.6
CLI03806,2023-07-01,0,0,41.2
CLI03806,2024-04-01,1,1,74.6
CLI03807,2023-09-01,0,1,32.8
CLI03807,2023-12-01,1,1,41.1
CLI03807,2024-05-01,3,1,-70.2
CLI03807,2025-01-01,0,0,81.8
CLI03808,2025-12-01,0,1,44.8
CLI03809,2025-02-01,0,0,-57.3
CLI03809,2025-03-01,1,4,12.0
CLI03810,2024-08-01,0,1,47.3
CLI03810,2025-03-01,0,2,-34.4
CLI03810,2025-05-01,0,0,77.9
CLI03811,2024-03-01,0,0,49.8
CLI03811,2024-12-01,2,0,-47.8
CLI03811,2025-01-01,4,1,3.5
CLI03811,2025-06-01,0,0,8.5
CLI03812,2022-11-01,0,0,62.6
CLI03812,2023-04-01,0,0,46.7
CLI03813,2025-02-01,0,0,-3.3
CLI03813,2025-03-01,0,1,-72.9
CLI03814,2023-12-01,0,0,51.3
CLI03814,2024-02-01,0,1,22.5
CLI03814,2025-02-01,1,2,-33.7
CLI03815,2024-10-01,1,2,-33.6
CLI03816,2023-09-01,2,1,60.4
CLI03817,2024-01-01,1,0,-26.6
CLI03817,2024-02-01,1,1,14.2
CLI03817,2024-04-01,2,2,38.0
CLI03817,2025-05-01,0,3,42.0
CLI03818,2025-09-01,1,0,-8.4
CLI03819,2024-04-01,0,2,13.0
CLI03819,2024-10-01,2,6,15.7
CLI03819,2024-11-01,2,0,1.5
CLI03820,2023-07-01,0,0,40.3
CLI03820,2023-09-01,2,2,48.6
CLI03820,2024-09-01,1,1,-49.7
CLI03820,2024-10-01,0,0,-54.9
CLI03820,2024-11-01,1,0,-20.9
CLI03821,2022-05-01,0,1,100.0
CLI03821,2024-07-01,0,0,0.3
CLI03822,2022-09-01,0,0,55.2
CLI03822,2024-12-01,2,0,73.2
CLI03822,2025-01-01,5,1,-54.1
CLI03822,2025-06-01,1,0,33.1
CLI03823,2024-11-01,0,1,49.0
CLI03823,2025-05-01,0,0,-12.1
CLI03824,2022-11-01,0,0,60.3
CLI03824,2023-03-01,0,0,33.5
CLI03824,2023-12-01,0,2,-15.7
CLI03824,2025-05-01,0,0,43.8
CLI03825,2022-11-01,0,1,51.7
CLI03825,2023-07-01,2,1,14.2
CLI03825,2025-04-01,0,0,-10.4
CLI03825,2025-06-01,1,0,-18.2
CLI03826,2025-03-01,4,2,18.5
CLI03827,2024-11-01,0,1,21.8
CLI03827,2025-07-01,1,3,-41.8
CLI03828,2024-12-01,5,3,-52.0
CLI03828,2025-02-01,1,0,-18.6
CLI03828,2025-12-01,0,0,2.2
CLI03829,2022-11-01,0,0,15.9
CLI03829,2023-10-01,0,0,-27.7
CLI03829,2024-10-01,7,0,-12.9
CLI03830,2022-12-01,1,1,44.4
CLI03830,2025-11-01,0,1,69.7
CLI03831,2022-11-01,0,0,-22.8
CLI03831,2024-03-01,0,2,39.5
CLI03831,2024-06-01,0,2,66.7
CLI03831,2024-08-01,1,0,7.1
CLI03831,2025-05-01,3,1,-25.6
CLI03831,2025-06-01,2,0,-28.6
CLI03831,2025-11-01,0,0,67.8
CLI03832,2022-08-01,1,0,56.2
CLI03832,2023-08-01,0,2,57.7
CLI03832,2024-09-01,0,1,36.1
CLI03832,2025-07-01,1,0,1.6
CLI03832,2025-08-01,1,1,17.6
CLI03833,2025-08-01,4,2,-42.9
CLI03834,2024-09-01,0,2,59.4
CLI03834,2025-01-01,0,0,73.8
CLI03834,2025-02-01,0,0,12.3
CLI03835,2025-04-01,1,0,-13.2
CLI03835,2025-05-01,3,1,-46.2
CLI03835,2025-06-01,2,0,-26.2
CLI03835,2025-07-01,1,3,-21.8
CLI03836,2025-02-01,0,0,35.3
CLI03837,2024-12-01,0,0,10.0
CLI03837,2025-03-01,0,0,-11.9
CLI03837,2025-04-01,2,1,-39.5
CLI03837,2025-05-01,0,2,-33.6
CLI03837,2025-08-01,0,0,44.7
CLI03838,2022-12-01,0,0,9.4
CLI03838,2024-11-01,1,3,23.6
CLI03838,2025-01-01,2,1,12.7
CLI03838,2025-02-01,4,0,-4.5
CLI03838,2025-09-01,0,2,14.9
CLI03839,2025-02-01,0,0,21.8
CLI03840,2024-07-01,4,0,-8.1
CLI03841,2025-04-01,1,0,-33.1
CLI03841,2025-06-01,1,0,-10.2
CLI03842,2024-11-01,0,0,4.8
CLI03842,2025-06-01,0,1,93.2
CLI03843,2024-11-01,3,3,25.8
CLI03843,2024-12-01,0,0,-36.2
CLI03845,2023-03-01,0,0,34.3
CLI03845,2025-08-01,1,0,17.0
CLI03845,2025-09-01,3,0,-3.5
CLI03846,2024-09-01,2,0,61.3
CLI03847,2023-12-01,1,1,0.7
CLI03847,2024-02-01,3,1,-24.0
CLI03847,2025-02-01,0,0,86.8
CLI03847,2025-06-01,2,0,61.9
CLI03848,2025-01-01,2,0,-59.4
CLI03848,2025-05-01,0,0,53.7
CLI03850,2023-12-01,1,0,95.7
CLI03850,2024-04-01,0,0,10.4
CLI03850,2024-10-01,0,0,-19.5
CLI03850,2025-02-01,1,0,11.8
CLI03851,2024-02-01,0,0,18.8
CLI03851,2025-06-01,3,1,-47.7
CLI03851,2025-08-01,2,2,-28.8
CLI03851,2025-12-01,0,1,42.1
CLI03852,2023-07-01,0,0,30.6
CLI03852,2024-04-01,0,1,20.8
CLI03852,2024-11-01,1,0,14.4
CLI03853,2023-09-01,1,1,60.8
CLI03853,2025-06-01,1,0,-27.8
CLI03853,2025-08-01,4,2,-54.1
CLI03853,2025-09-01,0,1,-38.6
CLI03854,2024-05-01,1,0,37.8
CLI03854,2024-09-01,0,0,45.4
CLI03854,2024-10-01,0,0,69.3
CLI03854,2024-12-01,0,0,70.9
CLI03854,2025-06-01,3,2,35.0
CLI03855,2023-08-01,0,0,79.2
CLI03855,2024-09-01,0,1,34.4
CLI03856,2023-05-01,0,1,28.7
CLI03856,2024-01-01,0,1,45.8
CLI03856,2024-12-01,0,0,-3.4
CLI03858,2024-06-01,0,0,82.1
CLI03858,2024-07-01,1,2,26.0
CLI03859,2024-08-01,3,1,26.4
CLI03859,2024-11-01,1,1,-44.6
CLI03860,2025-10-01,0,0,64.5
CLI03861,2025-06-01,0,2,-21.4
CLI03862,2023-09-01,0,0,45.5
CLI03863,2023-10-01,0,0,25.0
CLI03863,2024-04-01,1,0,9.7
CLI03863,2025-06-01,1,0,27.8
CLI03863,2025-07-01,1,1,14.4
CLI03863,2025-09-01,0,1,79.7
CLI03864,2022-04-01,1,0,14.2
CLI03864,2024-12-01,2,2,18.1
CLI03866,2025-01-01,0,0,73.5
CLI03868,2022-04-01,1,0,42.2
CLI03868,2022-12-01,1,0,36.9
CLI03869,2024-01-01,0,2,44.6
CLI03869,2024-10-01,2,1,40.9
CLI03869,2025-07-01,0,0,39.0
CLI03870,2023-02-01,1,1,53.2
CLI03870,2023-03-01,0,0,17.1
CLI03870,2024-06-01,2,0,29.0
CLI03870,2024-07-01,2,1,-23.9
CLI03870,2024-10-01,0,1,65.1
CLI03871,2023-06-01,0,0,58.3
CLI03871,2023-07-01,1,0,43.9
CLI03871,2025-01-01,1,1,15.1
CLI03871,2025-03-01,2,0,-37.2
CLI03872,2023-03-01,2,0,37.0
CLI03872,2023-11-01,0,0,64.2
CLI03872,2025-05-01,2,2,-22.2
CLI03872,2025-06-01,2,0,32.0
CLI03872,2025-07-01,1,0,-44.7
CLI03873,2024-08-01,3,2,-5.4
CLI03875,2023-08-01,1,1,-6.5
CLI03875,2024-05-01,3,1,13.8
CLI03875,2025-11-01,1,2,38.8
CLI03876,2022-11-01,0,2,-9.1
CLI03876,2024-05-01,2,1,-24.2
CLI03877,2023-07-01,0,1,46.4
CLI03877,2024-04-01,0,2,16.0
CLI03877,2025-04-01,2,2,7.1
CLI03877,2025-05-01,4,1,-39.0
CLI03877,2025-06-01,3,0,14.6
CLI03877,2025-07-01,1,2,-15.1
CLI03878,2024-07-01,0,1,95.0
CLI03878,2025-05-01,0,0,-71.2
CLI03878,2025-09-01,1,0,72.5
CLI03878,2025-11-01,1,1,93.8
CLI03879,2024-09-01,2,0,60.5
CLI03879,2024-10-01,0,0,48.4
CLI03879,2025-01-01,2,0,-17.1
CLI03879,2025-03-01,1,0,35.2
CLI03879,2025-05-01,0,2,27.6
CLI03879,2025-10-01,0,2,99.3
CLI03880,2025-09-01,2,0,38.0
CLI03880,2025-11-01,0,2,61.1
CLI03881,2025-01-01,3,0,-8.4
CLI03881,2025-05-01,0,1,65.9
CLI03882,2022-11-01,0,0,47.9
CLI03882,2022-12-01,0,0,100.0
CLI03882,2023-04-01,0,0,70.7
CLI03882,2024-10-01,1,0,-33.9
CLI03882,2024-12-01,1,2,36.0
CLI03883,2024-03-01,0,0,55.1
CLI03883,2025-02-01,1,1,-12.0
CLI03883,2025-11-01,0,0,82.0
CLI03884,2025-10-01,0,0,62.1
CLI03885,2024-07-01,0,0,87.9
CLI03885,2025-08-01,1,2,56.3
CLI03886,2024-03-01,0,1,74.7
CLI03886,2024-12-01,2,0,34.9
CLI03886,2025-09-01,0,0,21.4
CLI03887,2023-05-01,1,1,-48.9
CLI03887,2023-07-01,0,0,-23.2
CLI03887,2025-07-01,0,0,35.3
CLI03888,2023-05-01,0,0,26.9
CLI03888,2025-01-01,4,1,-45.0
CLI03888,2025-02-01,2,0,-49.0
CLI03888,2025-04-01,0,0,59.3
CLI03889,2024-06-01,1,1,-38.2
CLI03889,2024-09-01,1,2,-8.8
CLI03889,2024-10-01,1,1,48.2
CLI03889,2024-11-01,1,0,52.9
CLI03889,2025-03-01,0,1,65.2
CLI03890,2023-01-01,1,0,21.9
CLI03890,2024-07-01,0,1,66.3
CLI03890,2025-06-01,0,0,48.1
CLI03891,2023-07-01,0,1,96.5
CLI03891,2024-06-01,1,2,17.3
CLI03891,2024-08-01,0,2,-64.4
CLI03891,2024-09-01,0,1,-1.7
CLI03892,2023-12-01,1,3,-11.5
CLI03892,2024-01-01,3,2,21.9
CLI03892,2024-04-01,0,0,24.6
CLI03893,2024-10-01,1,1,25.3
CLI03893,2025-06-01,0,2,36.6
CLI03894,2023-10-01,0,1,74.0
CLI03895,2023-02-01,0,1,60.8
CLI03895,2024-04-01,1,1,50.9
CLI03896,2023-09-01,0,0,-6.0
CLI03896,2024-03-01,0,0,59.3
CLI03897,2023-11-01,0,0,30.1
CLI03897,2024-12-01,1,0,26.1
CLI03898,2024-05-01,0,0,42.5
CLI03898,2024-07-01,3,0,36.2
CLI03898,2024-10-01,0,3,-52.6
CLI03899,2023-11-01,0,0,43.7
CLI03899,2024-02-01,0,0,39.5
CLI03899,2024-04-01,1,1,83.2
CLI03899,2024-08-01,2,0,3.3
CLI03899,2024-09-01,4,0,-6.6
CLI03900,2023-08-01,0,0,52.5
CLI03900,2023-10-01,1,0,-100.0
CLI03901,2025-12-01,0,1,64.1
CLI03902,2023-01-01,0,1,61.6
CLI03902,2025-05-01,2,2,-4.5
CLI03902,2025-06-01,5,3,-23.5
CLI03902,2025-10-01,0,1,48.3
CLI03903,2024-07-01,0,0,30.2
CLI03903,2024-09-01,0,0,20.5
CLI03904,2023-10-01,0,0,54.3
CLI03905,2024-09-01,0,2,37.0
CLI03907,2023-11-01,0,0,33.1
CLI03907,2025-01-01,2,3,-22.7
CLI03907,2025-03-01,0,3,31.0
CLI03907,2025-04-01,0,0,-10.4
CLI03909,2022-12-01,1,1,18.8
CLI03909,2023-01-01,0,1,72.3
CLI03909,2023-08-01,1,0,-59.5
CLI03909,2024-01-01,0,0,-10.7
CLI03910,2023-10-01,1,1,-10.9
CLI03910,2025-01-01,0,0,30.1
CLI03910,2025-04-01,1,0,-20.4
CLI03910,2025-06-01,3,2,-3.1
CLI03911,2025-03-01,1,2,22.5
CLI03912,2024-04-01,0,2,84.3
CLI03912,2025-05-01,0,2,-32.1
CLI03912,2025-07-01,0,1,-5.4
CLI03913,2024-11-01,0,0,37.5
CLI03914,2023-06-01,1,1,58.0
CLI03914,2023-07-01,0,1,66.0
CLI03914,2023-10-01,0,0,31.7
CLI03914,2025-08-01,3,1,0.1
CLI03915,2024-01-01,0,1,40.0
CLI03915,2024-03-01,1,2,51.8
CLI03915,2025-04-01,1,2,84.6
CLI03916,2024-03-01,1,0,-11.6
CLI03917,2022-12-01,2,1,-21.1
CLI03917,2023-01-01,2,0,-84.1
CLI03917,2024-05-01,0,1,71.0
CLI03919,2024-11-01,1,3,-18.1
CLI03920,2024-05-01,3,0,-19.7
CLI03921,2024-10-01,1,0,-6.4
CLI03921,2024-12-01,2,1,20.1
CLI03921,2025-06-01,1,0,82.5
CLI03921,2025-11-01,0,1,27.4
CLI03922,2024-02-01,1,2,23.1
CLI03922,2024-06-01,1,1,71.0
CLI03922,2024-08-01,1,0,-24.2
CLI03922,2024-10-01,1,0,-10.4
CLI03922,2024-12-01,0,0,41.5
CLI03923,2025-09-01,0,0,53.4
CLI03924,2023-05-01,0,1,-2.3
CLI03924,2023-09-01,0,1,57.1
CLI03925,2024-03-01,0,1,62.3
CLI03926,2024-02-01,2,1,1.2
CLI03926,2024-10-01,0,1,89.4
CLI03926,2025-08-01,0,0,18.5
CLI03927,2024-03-01,0,1,85.4
CLI03927,2024-12-01,1,2,-1.0
CLI03928,2024-03-01,2,2,-31.9
CLI03928,2025-01-01,0,1,13.4
CLI03928,2025-02-01,0,0,53.4
CLI03929,2024-08-01,1,0,75.8
CLI03929,2024-12-01,0,0,53.8
CLI03929,2025-02-01,1,3,-0.4
CLI03929,2025-04-01,1,0,6.0
CLI03930,2024-05-01,0,0,33.9
CLI03930,2025-03-01,2,1,-30.4
CLI03930,2025-04-01,1,0,-41.1
CLI03930,2025-05-01,1,2,-20.5
CLI03930,2025-06-01,0,1,27.1
CLI03930,2025-07-01,0,1,22.0
CLI03931,2023-09-01,0,3,-32.7
CLI03931,2025-12-01,1,1,60.2
CLI03933,2024-03-01,1,0,72.5
CLI03933,2024-05-01,0,0,34.1
CLI03934,2024-06-01,1,2,36.8
CLI03934,2024-07-01,0,0,25.1
CLI03934,2024-09-01,0,2,51.3
CLI03934,2025-11-01,0,0,57.7
CLI03935,2023-07-01,0,3,82.2
CLI03935,2024-01-01,1,0,22.1
CLI03935,2024-03-01,0,0,49.7
CLI03935,2024-11-01,0,0,-3.5
CLI03936,2023-08-01,0,1,66.1
CLI03936,2024-01-01,0,0,70.1
CLI03936,2024-02-01,0,0,65.6
CLI03936,2024-05-01,0,0,28.6
CLI03936,2025-01-01,2,1,-32.9
CLI03936,2025-05-01,0,0,46.3
CLI03937,2025-08-01,0,0,28.2
CLI03937,2025-12-01,0,0,20.8
CLI03939,2023-04-01,0,0,60.7
CLI03939,2024-03-01,1,1,6.5
CLI03940,2025-10-01,0,0,64.7
CLI03941,2024-03-01,0,1,25.3
CLI03941,2025-02-01,1,1,0.0
CLI03941,2025-11-01,0,0,46.7
CLI03942,2023-08-01,0,1,97.5
CLI03942,2025-03-01,1,1,74.5
CLI03942,2025-08-01,1,1,-41.2
CLI03942,2025-10-01,0,1,54.0
CLI03944,2024-01-01,0,0,37.5
CLI03944,2025-02-01,3,1,-72.5
CLI03945,2024-07-01,0,0,31.9
CLI03946,2023-05-01,0,1,56.7
CLI03946,2025-12-01,0,0,63.1
CLI03947,2023-04-01,0,0,37.1
CLI03947,2024-05-01,3,1,-24.2
CLI03947,2024-07-01,3,0,-84.4
CLI03948,2023-04-01,0,0,12.4
CLI03948,2024-05-01,0,2,67.9
CLI03948,2025-05-01,2,1,-9.1
CLI03948,2025-06-01,0,1,-32.0
CLI03949,2024-03-01,0,2,41.2
CLI03949,2024-09-01,1,3,-60.0
CLI03949,2024-11-01,3,0,-44.3
CLI03949,2024-12-01,1,3,-29.0
CLI03949,2025-02-01,0,1,53.6
CLI03951,2025-03-01,0,1,64.8
CLI03952,2025-06-01,0,1,53.8
CLI03953,2023-03-01,0,1,68.9
CLI03953,2025-03-01,2,1,-11.4
CLI03953,2025-06-01,2,1,-2.6
CLI03954,2024-11-01,1,2,-37.3
CLI03955,2025-03-01,1,1,33.3
CLI03955,2025-07-01,1,1,25.3
CLI03956,2024-01-01,0,0,41.9
CLI03956,2024-05-01,0,1,87.1
CLI03956,2025-04-01,0,0,48.7
CLI03956,2025-06-01,2,3,-16.8
CLI03956,2025-09-01,0,0,-12.7
CLI03957,2024-08-01,0,1,33.2
CLI03957,2025-01-01,0,0,27.1
CLI03958,2025-03-01,1,2,31.8
CLI03958,2025-05-01,6,1,1.0
CLI03958,2025-12-01,1,1,79.0
CLI03959,2024-12-01,1,3,-0.3
CLI03959,2025-07-01,0,0,52.3
CLI03960,2024-04-01,2,1,-6.8
CLI03960,2025-05-01,0,1,-6.2
CLI03960,2025-06-01,0,0,31.7
CLI03960,2025-09-01,0,0,19.4
CLI03960,2025-10-01,1,0,25.0
CLI03961,2024-08-01,0,1,66.6
CLI03961,2024-10-01,2,0,7.6
CLI03962,2024-06-01,0,1,20.2
CLI03962,2024-08-01,2,1,-20.6
CLI03962,2025-03-01,0,2,82.8
CLI03962,2025-09-01,0,0,29.7
CLI03963,2024-06-01,0,0,62.2
CLI03963,2025-05-01,0,2,-15.4
CLI03964,2025-01-01,1,3,-57.7
CLI03964,2025-04-01,0,0,85.0
CLI03965,2023-06-01,0,1,37.5
CLI03965,2025-06-01,0,0,44.0
CLI03966,2022-05-01,0,3,37.7
CLI03966,2022-12-01,1,1,38.2
CLI03966,2023-08-01,0,2,30.3
CLI03966,2023-10-01,1,0,60.8
CLI03966,2024-10-01,1,0,53.3
CLI03966,2025-09-01,0,1,76.6
CLI03967,2022-05-01,1,0,33.2
CLI03967,2023-06-01,2,1,11.9
CLI03967,2024-03-01,0,0,33.9
CLI03967,2025-06-01,1,2,10.4
CLI03967,2025-08-01,3,1,-26.4
CLI03968,2023-02-01,0,1,21.7
CLI03968,2023-06-01,0,1,52.7
CLI03968,2025-03-01,0,2,-34.0
CLI03968,2025-04-01,1,3,9.9
CLI03968,2025-05-01,1,2,-10.2
CLI03969,2025-01-01,2,1,39.2
CLI03969,2025-03-01,2,1,-25.4
CLI03970,2025-02-01,3,1,6.3
CLI03970,2025-03-01,1,1,-18.1
CLI03970,2025-08-01,1,3,32.7
CLI03971,2024-07-01,1,0,20.1
CLI03971,2024-09-01,1,0,5.0
CLI03971,2024-10-01,0,0,-1.9
CLI03972,2023-12-01,0,1,29.3
CLI03972,2024-12-01,4,0,-57.4
CLI03972,2025-04-01,0,1,-25.7
CLI03972,2025-09-01,0,0,71.6
CLI03973,2024-03-01,0,0,20.8
CLI03973,2024-08-01,0,0,27.7
CLI03973,2025-04-01,1,2,-12.6
CLI03973,2025-07-01,2,0,35.6
CLI03973,2025-10-01,0,1,36.3
CLI03974,2024-08-01,1,0,63.3
CLI03975,2025-05-01,0,1,10.6
CLI03975,2025-06-01,0,1,-5.5
CLI03976,2025-02-01,2,3,50.1
CLI03976,2025-03-01,5,0,-29.9
CLI03977,2022-09-01,0,0,55.9
CLI03978,2025-02-01,2,1,60.9
CLI03979,2024-08-01,1,0,2.1
CLI03980,2024-10-01,0,1,32.3
CLI03980,2025-05-01,0,1,1.7
CLI03980,2025-08-01,1,1,2.6
CLI03981,2023-01-01,1,1,41.0
CLI03981,2023-07-01,0,0,85.0
CLI03981,2025-06-01,1,1,54.8
CLI03982,2023-11-01,0,0,74.7
CLI03982,2025-01-01,0,1,-65.1
CLI03982,2025-03-01,0,0,-4.2
CLI03983,2023-05-01,0,2,56.9
CLI03983,2023-08-01,1,1,47.8
CLI03983,2024-03-01,0,0,50.1
CLI03984,2024-04-01,2,0,-35.2
CLI03984,2024-06-01,3,2,44.6
CLI03984,2025-11-01,0,0,97.5
CLI03985,2023-10-01,1,0,-3.5
CLI03985,2024-09-01,0,0,61.9
CLI03986,2023-12-01,0,0,43.4
CLI03986,2025-01-01,1,2,43.9
CLI03986,2025-04-01,2,1,1.7
CLI03987,2025-12-01,0,1,30.6
CLI03988,2024-08-01,0,1,49.8
CLI03988,2024-11-01,0,0,39.0
CLI03988,2025-03-01,2,2,-47.6
CLI03988,2025-06-01,0,0,68.1
CLI03989,2024-12-01,1,0,-9.4
CLI03990,2022-12-01,0,0,46.7
CLI03990,2024-11-01,1,5,-17.5
CLI03991,2022-08-01,0,1,70.8
CLI03991,2023-03-01,0,1,51.7
CLI03991,2023-05-01,0,0,63.3
CLI03991,2023-10-01,2,1,-17.6
CLI03992,2025-03-01,2,0,-2.9
CLI03993,2025-01-01,0,0,84.5
CLI03993,2025-02-01,1,0,60.5
CLI03993,2025-04-01,1,0,8.8
CLI03993,2025-06-01,2,1,-43.4
CLI03993,2025-07-01,0,4,-16.3
CLI03994,2024-12-01,2,0,-20.3
CLI03994,2025-07-01,0,2,30.0
CLI03995,2025-01-01,2,3,34.1
CLI03995,2025-03-01,2,2,-7.0
CLI03995,2025-04-01,0,0,-6.5
CLI03995,2025-06-01,1,0,15.4
CLI03996,2023-07-01,0,0,45.0
CLI03996,2025-01-01,2,1,-31.6
CLI03997,2024-02-01,2,1,56.2
CLI03997,2024-11-01,0,1,36.1
CLI03998,2024-02-01,0,0,100.0
CLI03998,2024-04-01,0,2,71.0
CLI04000,2023-04-01,0,0,30.1
CLI04000,2024-09-01,2,2,-40.0
CLI04001,2023-07-01,0,0,96.3
CLI04001,2024-12-01,1,0,-45.4
CLI04001,2025-02-01,1,2,57.2
CLI04001,2025-03-01,1,1,-21.2
CLI04003,2024-07-01,0,0,44.9
CLI04003,2024-09-01,0,0,10.0
CLI04003,2025-03-01,1,1,-3.3
CLI04003,2025-06-01,1,2,-47.3
CLI04003,2025-08-01,1,1,-16.9
CLI04003,2025-09-01,2,0,-25.4
CLI04004,2022-12-01,0,0,72.8
CLI04004,2025-05-01,1,2,14.2
CLI04004,2025-07-01,0,0,36.4
CLI04005,2023-08-01,0,1,28.9
CLI04005,2024-01-01,0,1,15.2
CLI04005,2024-05-01,0,0,19.6
CLI04005,2024-12-01,1,3,-46.7
CLI04007,2025-02-01,0,0,27.1
CLI04008,2023-09-01,0,1,20.4
CLI04008,2024-10-01,1,3,-23.6
CLI04009,2023-01-01,0,0,54.6
CLI04009,2023-02-01,0,0,34.7
CLI04009,2024-09-01,0,2,10.0
CLI04009,2025-02-01,2,0,13.8
CLI04009,2025-03-01,0,0,-7.6
CLI04010,2024-01-01,0,0,43.3
CLI04010,2024-10-01,1,1,100.0
CLI04010,2024-12-01,1,0,66.6
CLI04010,2025-07-01,2,0,13.2
CLI04011,2022-11-01,0,0,26.5
CLI04011,2023-02-01,0,0,52.5
CLI04011,2024-04-01,0,1,52.8
CLI04011,2025-08-01,0,0,83.8
CLI04011,2025-12-01,0,1,27.2
CLI04012,2024-11-01,2,0,18.9
CLI04012,2025-05-01,1,1,-14.7
CLI04013,2024-03-01,2,0,-65.6
CLI04013,2025-01-01,1,0,49.9
CLI04013,2025-11-01,1,1,41.1
CLI04014,2023-03-01,0,0,71.1
CLI04014,2024-09-01,0,1,65.6
CLI04014,2025-06-01,4,1,-2.4
CLI04014,2025-10-01,0,1,-16.0
CLI04015,2024-05-01,2,1,-20.7
CLI04015,2024-07-01,2,0,-6.6
CLI04015,2025-07-01,0,1,58.6
CLI04016,2024-01-01,0,2,32.7
CLI04017,2023-04-01,1,0,73.3
CLI04017,2023-05-01,1,0,54.5
CLI04017,2023-08-01,0,1,71.9
CLI04017,2025-05-01,2,0,-8.5
CLI04017,2025-06-01,0,0,-35.4
CLI04018,2022-10-01,0,0,27.2
CLI04018,2022-12-01,0,0,5.8
CLI04018,2025-05-01,1,2,-17.1
CLI04018,2025-06-01,1,4,-40.9
CLI04019,2024-08-01,3,1,-9.7
CLI04019,2024-09-01,2,1,-30.8
CLI04020,2025-03-01,0,1,-28.3
CLI04022,2023-08-01,2,1,-20.4
CLI04022,2025-03-01,0,0,33.5
CLI04022,2025-05-01,1,0,25.7
CLI04023,2024-02-01,1,0,-28.3
CLI04023,2024-03-01,1,0,8.3
CLI04023,2024-08-01,0,0,81.9
CLI04023,2024-09-01,0,0,64.4
CLI04024,2025-06-01,0,1,2.5
CLI04024,2025-11-01,0,0,-6.6
CLI04025,2025-03-01,3,1,-8.5
CLI04026,2024-10-01,2,0,0.3
CLI04026,2024-12-01,2,1,8.5
CLI04026,2025-01-01,1,0,-41.1
CLI04026,2025-09-01,0,0,-9.7
CLI04028,2025-06-01,2,1,27.9
CLI04028,2025-07-01,3,0,-30.8
CLI04028,2025-08-01,1,1,-6.6
CLI04029,2023-12-01,0,1,62.4
CLI04030,2023-09-01,0,0,85.1
CLI04030,2024-01-01,2,1,-23.7
CLI04030,2024-05-01,2,0,38.5
CLI04031,2024-10-01,1,1,-4.7
CLI04031,2025-01-01,1,1,-7.8
CLI04031,2025-04-01,2,2,24.7
CLI04032,2023-07-01,0,0,42.7
CLI04032,2023-08-01,0,1,69.1
CLI04032,2023-11-01,0,0,27.0
CLI04033,2023-12-01,1,0,-45.7
CLI04033,2024-01-01,1,1,-33.5
CLI04033,2024-05-01,0,0,21.5
CLI04033,2025-03-01,0,0,100.0
CLI04035,2024-08-01,3,0,15.3
CLI04035,2024-09-01,0,1,-50.6
CLI04035,2025-01-01,0,0,19.8
CLI04035,2025-03-01,0,1,31.5
CLI04035,2025-07-01,1,0,22.1
CLI04036,2025-10-01,0,1,30.7
CLI04037,2023-09-01,1,0,-25.9
CLI04037,2023-10-01,1,0,-85.2
CLI04037,2025-09-01,0,2,34.3
CLI04038,2025-02-01,1,1,-14.3
CLI04039,2025-06-01,0,0,69.8
CLI04039,2025-09-01,0,1,68.7
CLI04040,2025-02-01,2,0,-18.2
CLI04040,2025-04-01,2,0,-52.0
CLI04042,2022-06-01,0,0,37.6
CLI04042,2022-09-01,1,0,39.7
CLI04042,2025-05-01,0,0,20.1
CLI04042,2025-09-01,1,0,40.1
CLI04044,2024-08-01,0,1,6.5
CLI04044,2025-06-01,0,0,-7.4
CLI04044,2025-09-01,4,1,-33.9
CLI04044,2025-12-01,0,0,63.5
CLI04046,2024-12-01,0,2,-36.3
CLI04046,2025-01-01,2,1,76.0
CLI04048,2024-06-01,0,1,30.8
CLI04048,2025-02-01,0,0,58.7
CLI04048,2025-10-01,0,0,27.7
CLI04050,2024-06-01,0,1,-11.7
CLI04050,2024-10-01,0,1,69.1
CLI04051,2023-06-01,0,1,35.1
CLI04051,2023-10-01,0,0,75.7
CLI04051,2025-01-01,1,1,19.3
CLI04051,2025-03-01,4,1,12.1
CLI04051,2025-05-01,1,1,3.9
CLI04052,2025-05-01,0,0,-24.9
CLI04053,2023-12-01,0,0,59.3
CLI04055,2024-12-01,0,1,37.9
CLI04056,2023-01-01,0,1,61.0
CLI04056,2025-05-01,0,0,-12.8
CLI04056,2025-09-01,0,0,86.4
CLI04058,2025-05-01,2,3,7.5
CLI04059,2025-04-01,0,1,-38.0
CLI04060,2025-03-01,0,1,42.5
CLI04060,2025-09-01,3,1,45.6
CLI04061,2024-04-01,0,0,-12.8
CLI04061,2024-06-01,0,2,57.9
CLI04061,2024-09-01,0,0,54.0
CLI04061,2025-01-01,0,0,78.8
CLI04061,2025-08-01,2,1,-16.3
CLI04062,2024-07-01,0,0,44.7
CLI04062,2025-01-01,2,1,-10.8
CLI04062,2025-04-01,0,1,-27.4
CLI04063,2023-07-01,0,0,0.2
CLI04063,2025-11-01,0,0,-2.1
CLI04064,2024-05-01,0,1,85.3
CLI04064,2025-02-01,1,1,11.7
CLI04064,2025-04-01,1,2,21.9
CLI04064,2025-05-01,1,0,-58.5
CLI04065,2023-09-01,2,0,-59.8
CLI04065,2023-10-01,2,0,3.1
CLI04065,2023-12-01,2,0,18.5
CLI04065,2025-12-01,0,1,71.4
CLI04066,2022-06-01,0,1,40.1
CLI04067,2024-04-01,1,0,-23.0
CLI04067,2024-05-01,2,1,-45.1
CLI04067,2025-07-01,1,0,81.7
CLI04068,2022-11-01,0,0,48.7
CLI04068,2025-12-01,0,1,57.0
CLI04069,2024-07-01,0,0,36.5
CLI04069,2024-08-01,1,1,-32.7
CLI04069,2025-06-01,0,0,35.9
CLI04070,2023-05-01,0,0,30.5
CLI04071,2024-09-01,0,2,60.3
CLI04072,2022-09-01,2,0,15.8
CLI04072,2025-07-01,0,0,87.3
CLI04073,2023-11-01,0,0,29.4
CLI04073,2025-01-01,1,1,32.3
CLI04073,2025-02-01,1,2,-34.4
CLI04074,2025-02-01,0,1,3.4
CLI04074,2025-03-01,1,2,-79.7
CLI04074,2025-04-01,1,0,-6.9
CLI04075,2023-05-01,1,0,18.3
CLI04075,2023-10-01,0,0,45.4
CLI04076,2024-01-01,0,0,55.9
CLI04076,2024-03-01,0,2,83.4
CLI04076,2024-07-01,0,1,25.4
CLI04076,2024-08-01,1,0,75.2
CLI04076,2025-08-01,0,4,33.0
CLI04077,2023-09-01,0,2,59.3
CLI04077,2025-11-01,1,2,34.1
CLI04078,2023-02-01,0,1,1.4
CLI04078,2023-07-01,0,1,29.3
CLI04078,2024-07-01,0,0,45.1
CLI04078,2024-08-01,0,1,34.7
CLI04078,2025-05-01,1,2,-21.3
CLI04082,2023-11-01,1,1,-0.4
CLI04082,2023-12-01,1,1,21.8
CLI04083,2023-10-01,0,1,61.2
CLI04083,2024-03-01,0,1,59.0
CLI04083,2024-07-01,0,0,41.1
CLI04083,2025-02-01,2,4,43.7
CLI04083,2025-11-01,0,1,86.9
CLI04084,2024-03-01,0,1,27.1
CLI04084,2025-02-01,0,1,26.0
CLI04084,2025-12-01,0,0,42.5
CLI04085,2023-12-01,1,1,24.2
CLI04085,2025-01-01,0,1,57.8
CLI04086,2025-02-01,0,0,22.7
CLI04087,2023-04-01,2,2,-28.7
CLI04087,2024-06-01,0,1,19.9
CLI04087,2025-06-01,0,0,18.7
CLI04088,2025-07-01,3,1,-16.0
CLI04088,2025-09-01,0,2,-7.4
CLI04089,2023-10-01,0,1,18.0
CLI04089,2024-12-01,0,0,23.1
CLI04090,2023-01-01,0,1,69.1
CLI04090,2023-10-01,0,1,28.9
CLI04090,2025-08-01,0,0,39.0
CLI04091,2025-03-01,1,1,40.7
CLI04091,2025-04-01,0,0,60.9
CLI04091,2025-06-01,0,1,55.2
CLI04091,2025-11-01,1,1,64.3
CLI04093,2023-01-01,0,1,74.5
CLI04093,2023-06-01,0,0,32.3
CLI04093,2023-07-01,0,1,38.0
CLI04093,2023-08-01,0,0,24.4
CLI04093,2024-04-01,2,0,59.1
CLI04093,2024-06-01,2,0,0.5
CLI04095,2024-09-01,0,1,23.3
CLI04095,2025-11-01,1,0,100.0
CLI04096,2024-12-01,0,0,80.8
CLI04096,2025-02-01,1,1,25.0
CLI04096,2025-04-01,4,1,-28.8
CLI04097,2025-01-01,0,1,-1.8
CLI04098,2025-05-01,1,1,-41.2
CLI04098,2025-09-01,2,0,58.8
CLI04099,2024-05-01,0,0,31.6
CLI04099,2024-08-01,1,2,20.9
CLI04100,2023-02-01,0,0,52.9
CLI04100,2023-08-01,0,0,16.0
CLI04100,2024-10-01,1,1,-42.2
CLI04100,2025-04-01,0,0,37.2
CLI04100,2025-11-01,0,1,37.4
CLI04102,2024-04-01,1,0,28.5
CLI04102,2025-02-01,0,0,74.1
CLI04103,2022-06-01,0,0,59.6
CLI04103,2022-09-01,0,0,11.0
CLI04103,2024-02-01,1,0,38.6
CLI04103,2024-09-01,1,4,33.2
CLI04103,2025-08-01,0,0,33.1
CLI04104,2025-03-01,0,1,-28.8
CLI04106,2025-02-01,0,0,16.2
CLI04106,2025-08-01,3,1,1.6
CLI04107,2024-03-01,0,0,45.0
CLI04107,2025-02-01,0,1,53.4
CLI04108,2023-10-01,1,0,53.7
CLI04108,2024-08-01,0,0,16.5
CLI04109,2024-10-01,1,2,38.1
CLI04110,2024-02-01,0,0,20.6
CLI04110,2024-06-01,0,2,78.6
CLI04110,2024-09-01,0,0,37.1
CLI04110,2025-03-01,0,3,1.2
CLI04110,2025-04-01,1,0,-31.2
CLI04111,2025-09-01,1,2,-34.3
CLI04111,2025-10-01,0,1,96.1
CLI04112,2024-08-01,2,0,-9.0
CLI04112,2024-11-01,1,1,76.2
CLI04112,2025-03-01,1,2,54.0
CLI04113,2022-04-01,0,2,43.7
CLI04114,2023-12-01,1,2,58.8
CLI04114,2025-04-01,0,1,60.5
CLI04114,2025-07-01,5,1,-20.4
CLI04115,2024-09-01,1,0,-30.3
CLI04115,2025-03-01,0,0,35.0
CLI04115,2025-05-01,0,0,85.0
CLI04116,2025-12-01,0,0,64.8
CLI04117,2024-06-01,1,1,58.3
CLI04117,2025-02-01,1,0,62.8
CLI04118,2022-08-01,0,0,34.8
CLI04118,2023-06-01,0,1,5.0
CLI04118,2023-11-01,0,1,60.8
CLI04119,2024-08-01,1,1,-31.6
CLI04119,2024-10-01,1,2,-27.9
CLI04120,2023-05-01,0,0,29.7
CLI04120,2024-04-01,0,0,34.0
CLI04121,2024-05-01,0,0,43.6
CLI04123,2024-10-01,1,1,34.7
CLI04123,2025-03-01,0,1,63.1
CLI04124,2024-02-01,0,0,46.8
CLI04124,2024-08-01,0,0,26.3
CLI04124,2025-01-01,0,0,28.0
CLI04124,2025-06-01,0,1,3.4
CLI04124,2025-08-01,0,0,-45.8
CLI04125,2023-06-01,0,1,78.6
CLI04125,2023-10-01,1,0,66.7
CLI04125,2024-03-01,0,0,8.6
CLI04125,2025-07-01,1,0,0.3
CLI04125,2025-08-01,1,2,10.7
CLI04125,2025-09-01,3,0,-1.5
CLI04127,2023-06-01,1,2,70.7
CLI04127,2023-10-01,0,1,66.0
CLI04127,2025-05-01,1,2,-56.3
CLI04128,2025-05-01,0,2,-54.8
CLI04129,2024-02-01,0,0,24.2
CLI04129,2024-07-01,0,2,36.3
CLI04129,2025-12-01,0,0,27.4
CLI04130,2023-09-01,0,3,36.4
CLI04130,2025-03-01,0,1,8.0
CLI04131,2023-09-01,0,2,35.1
CLI04132,2023-09-01,0,1,28.5
CLI04132,2024-11-01,2,1,-69.6
CLI04132,2025-04-01,0,0,51.3
CLI04132,2025-07-01,0,0,45.2
CLI04132,2025-12-01,0,1,71.2
CLI04133,2024-04-01,0,0,52.8
CLI04133,2024-11-01,0,1,-19.3
CLI04133,2025-07-01,0,0,51.3
CLI04134,2024-05-01,0,2,-31.0
CLI04136,2023-07-01,1,0,-8.5
CLI04136,2023-09-01,1,0,-2.0
CLI04137,2025-03-01,0,0,82.0
CLI04138,2023-10-01,0,0,76.4
CLI04139,2024-06-01,3,2,36.9
CLI04139,2024-08-01,2,1,14.2
CLI04139,2024-09-01,2,3,-57.9
CLI04139,2025-02-01,0,4,8.8
CLI04142,2024-11-01,1,2,2.7
CLI04142,2024-12-01,2,1,-30.6
CLI04143,2023-09-01,0,0,83.9
CLI04143,2024-03-01,1,0,55.8
CLI04143,2025-04-01,3,0,-44.7
CLI04144,2024-09-01,3,2,-22.0
CLI04144,2024-11-01,0,0,-18.9
CLI04145,2023-03-01,1,0,58.9
CLI04145,2023-07-01,0,0,22.0
CLI04145,2023-09-01,0,1,45.2
CLI04145,2024-01-01,0,1,76.8
CLI04145,2024-06-01,2,0,-27.4
CLI04145,2025-06-01,0,0,35.9
CLI04146,2023-09-01,0,1,-7.6
CLI04146,2023-10-01,0,0,62.4
CLI04146,2024-06-01,1,0,83.6
CLI04146,2025-09-01,0,0,54.2
CLI04146,2025-10-01,0,0,100.0
CLI04147,2023-03-01,0,1,32.5
CLI04147,2025-05-01,1,1,-15.3
CLI04148,2023-10-01,0,1,72.0
CLI04148,2024-09-01,0,0,45.4
CLI04149,2025-07-01,3,1,35.1
CLI04150,2024-04-01,0,1,28.8
CLI04150,2025-08-01,0,0,17.3
CLI04150,2025-09-01,0,0,23.5
CLI04151,2025-02-01,3,1,-38.7
CLI04153,2025-01-01,0,1,76.5
CLI04153,2025-11-01,0,0,37.6
CLI04154,2023-09-01,0,0,8.7
CLI04154,2025-02-01,0,0,-0.1
CLI04155,2024-03-01,1,1,13.6
CLI04157,2024-08-01,1,1,16.4
CLI04157,2024-10-01,1,1,5.1
CLI04157,2025-12-01,1,0,41.7
CLI04158,2025-05-01,0,3,-21.1
CLI04158,2025-06-01,1,4,-2.4
CLI04159,2024-12-01,2,0,-16.4
CLI04160,2023-08-01,0,0,39.7
CLI04160,2024-02-01,0,1,80.7
CLI04160,2024-12-01,3,1,-6.1
CLI04160,2025-02-01,0,1,36.1
CLI04160,2025-11-01,0,1,53.4
CLI04161,2022-11-01,0,2,65.7
CLI04161,2022-12-01,0,1,90.6
CLI04161,2024-04-01,0,1,-3.2
CLI04161,2025-01-01,1,2,16.8
CLI04161,2025-09-01,2,0,94.1
CLI04163,2025-07-01,0,0,-53.9
CLI04164,2024-01-01,0,1,1.9
CLI04165,2024-11-01,0,0,47.5
CLI04165,2025-06-01,2,3,-17.9
CLI04166,2023-02-01,0,3,16.7
CLI04166,2024-06-01,0,1,45.2
CLI04166,2025-01-01,3,0,100.0
CLI04167,2025-09-01,0,1,74.5
CLI04167,2025-12-01,1,0,18.5
CLI04168,2023-01-01,0,0,70.3
CLI04168,2023-06-01,0,0,76.7
CLI04168,2023-12-01,3,1,-7.5
CLI04168,2025-10-01,0,1,70.0
CLI04169,2024-07-01,0,0,44.0
CLI04170,2025-06-01,0,0,91.0
CLI04170,2025-09-01,1,0,69.0
CLI04171,2024-12-01,4,1,-42.9
CLI04172,2024-03-01,0,1,78.8
CLI04173,2025-05-01,0,0,44.8
CLI04174,2024-10-01,0,0,-58.7
CLI04174,2024-11-01,0,2,-18.9
CLI04174,2025-06-01,0,0,100.0
CLI04175,2024-11-01,1,1,54.7
CLI04176,2024-09-01,1,0,23.9
CLI04176,2024-10-01,3,0,38.0
CLI04176,2024-11-01,1,1,-45.6
CLI04177,2025-04-01,0,0,62.6
CLI04177,2025-11-01,1,0,-0.7
CLI04178,2023-05-01,0,0,21.5
CLI04178,2025-05-01,0,0,50.0
CLI04178,2025-08-01,0,2,40.2
CLI04179,2023-09-01,1,0,63.2
CLI04180,2022-07-01,0,0,30.7
CLI04181,2024-02-01,0,2,50.5
CLI04181,2025-05-01,0,1,-14.2
CLI04181,2025-06-01,1,2,32.2
CLI04182,2024-07-01,0,0,26.7
CLI04182,2025-06-01,5,1,19.5
CLI04183,2024-01-01,0,1,50.3
CLI04183,2025-01-01,0,0,22.5
CLI04183,2025-07-01,2,0,-0.1
CLI04184,2025-12-01,0,1,71.9
CLI04185,2024-08-01,2,0,32.2
CLI04185,2025-02-01,0,0,44.8
CLI04186,2024-04-01,0,1,75.9
CLI04186,2025-10-01,0,1,59.5
CLI04187,2024-01-01,1,0,4.9
CLI04187,2025-06-01,3,1,1.6
CLI04187,2025-07-01,2,1,-61.0
CLI04188,2024-09-01,2,0,10.1
CLI04188,2024-10-01,3,0,17.5
CLI04189,2023-09-01,0,0,62.3
CLI04190,2025-04-01,0,0,51.3
CLI04190,2025-08-01,0,0,40.7
CLI04191,2023-05-01,0,2,79.2
CLI04191,2024-04-01,0,1,26.3
CLI04191,2025-04-01,1,2,5.9
CLI04192,2025-04-01,0,0,24.8
CLI04192,2025-07-01,1,1,20.1
CLI04192,2025-09-01,1,1,16.5
CLI04193,2022-11-01,0,1,16.9
CLI04193,2023-12-01,0,0,66.3
CLI04193,2024-01-01,0,1,49.6
CLI04195,2024-07-01,1,2,-32.2
CLI04195,2025-05-01,1,1,39.8
CLI04195,2025-08-01,1,1,46.6
CLI04196,2024-01-01,1,3,-55.3
CLI04196,2024-04-01,0,2,26.0
CLI04196,2024-11-01,1,0,-9.2
CLI04197,2024-12-01,0,0,57.1
CLI04198,2023-10-01,0,1,61.5
CLI04199,2024-04-01,0,0,66.0
CLI04199,2025-01-01,0,1,44.5
CLI04199,2025-05-01,2,1,-36.9
CLI04199,2025-09-01,0,1,43.6
CLI04201,2023-01-01,0,1,56.8
CLI04202,2023-04-01,1,2,24.4
CLI04202,2025-02-01,0,1,26.9
CLI04202,2025-03-01,1,0,2.3
CLI04202,2025-06-01,1,1,15.5
CLI04203,2025-01-01,1,2,21.1
CLI04203,2025-02-01,1,0,-12.5
CLI04205,2025-05-01,0,2,-86.8
CLI04206,2024-07-01,4,2,-2.8
CLI04206,2025-08-01,0,1,81.6
CLI04206,2025-12-01,0,0,84.5
CLI04207,2025-07-01,0,0,-9.4
CLI04208,2025-03-01,0,0,71.6
CLI04209,2024-12-01,1,1,36.9
CLI04210,2023-12-01,0,0,42.4
CLI04212,2025-01-01,2,1,12.4
CLI04212,2025-03-01,0,0,-37.9
CLI04213,2022-09-01,1,0,31.9
CLI04213,2023-01-01,0,1,18.3
CLI04213,2024-07-01,0,1,43.3
CLI04213,2024-11-01,0,0,45.4
CLI04213,2024-12-01,0,2,100.0
CLI04214,2023-11-01,0,0,6.8
CLI04214,2025-01-01,0,0,56.7
CLI04215,2025-04-01,1,1,-58.6
CLI04215,2025-09-01,0,0,54.0
CLI04216,2024-03-01,2,1,3.5
CLI04216,2025-01-01,1,2,-1.3
CLI04217,2024-01-01,0,0,-11.7
CLI04217,2024-05-01,0,1,-38.5
CLI04217,2024-10-01,1,0,48.3
CLI04217,2025-06-01,1,0,2.0
CLI04218,2024-06-01,0,4,-52.3
CLI04218,2024-07-01,2,1,12.6
CLI04219,2025-03-01,5,0,7.3
CLI04220,2025-01-01,2,1,16.3
CLI04221,2023-05-01,0,0,73.8
CLI04221,2024-08-01,0,0,58.1
CLI04221,2025-08-01,1,1,29.7
CLI04222,2023-12-01,1,0,28.3
CLI04222,2024-01-01,1,3,54.9
CLI04222,2024-05-01,0,0,46.1
CLI04222,2025-06-01,0,1,77.6
CLI04223,2024-04-01,0,2,27.4
CLI04224,2023-09-01,1,2,11.0
CLI04224,2024-09-01,0,2,46.1
CLI04224,2025-06-01,1,1,31.6
CLI04225,2023-05-01,0,1,36.2
CLI04225,2024-09-01,0,0,18.5
CLI04225,2025-04-01,0,1,42.1
CLI04226,2025-03-01,1,0,47.3
CLI04226,2025-08-01,0,0,-6.5
CLI04227,2023-09-01,3,1,-29.6
CLI04227,2023-11-01,1,1,-69.5
CLI04227,2023-12-01,0,0,42.9
CLI04227,2024-10-01,0,0,3.4
CLI04228,2025-04-01,2,0,42.0
CLI04228,2025-05-01,2,0,-47.8
CLI04229,2024-11-01,4,0,32.5
CLI04229,2024-12-01,1,1,-25.8
CLI04229,2025-01-01,1,2,-20.2
CLI04230,2025-01-01,0,1,44.6
CLI04230,2025-03-01,1,0,47.6
CLI04231,2024-10-01,0,1,-22.5
CLI04232,2025-04-01,1,1,26.0
CLI04233,2024-10-01,0,0,27.6
CLI04233,2025-03-01,3,0,-41.6
CLI04233,2025-04-01,1,0,29.4
CLI04233,2025-05-01,0,0,-11.9
CLI04233,2025-06-01,0,1,20.2
CLI04233,2025-07-01,0,0,1.6
CLI04234,2024-10-01,2,2,-20.5
CLI04235,2022-07-01,1,1,23.3
CLI04235,2024-03-01,1,0,26.8
CLI04235,2024-08-01,0,2,-42.7
CLI04235,2025-06-01,0,0,53.4
CLI04236,2022-12-01,0,0,42.3
CLI04236,2024-07-01,0,0,24.9
CLI04237,2024-05-01,0,0,25.8
CLI04237,2024-12-01,0,0,-30.9
CLI04237,2025-01-01,0,1,22.3
CLI04237,2025-08-01,1,0,42.7
CLI04239,2023-06-01,1,2,4.8
CLI04239,2023-09-01,1,0,-19.4
CLI04239,2024-03-01,0,0,43.7
CLI04240,2023-09-01,0,0,47.9
CLI04240,2023-11-01,0,0,19.8
CLI04240,2024-12-01,0,0,84.5
CLI04240,2025-01-01,1,1,20.6
CLI04242,2025-10-01,0,0,36.8
CLI04243,2022-10-01,0,1,45.4
CLI04243,2024-01-01,2,0,3.8
CLI04243,2024-03-01,2,3,25.2
CLI04243,2024-09-01,0,1,20.4
CLI04244,2024-08-01,0,1,-13.2
CLI04245,2024-10-01,2,1,46.4
CLI04245,2024-12-01,2,0,-52.6
CLI04245,2025-07-01,0,0,48.5
CLI04245,2025-11-01,0,0,41.7
CLI04246,2025-02-01,0,1,27.9
CLI04246,2025-07-01,3,0,-79.5
CLI04247,2025-01-01,3,0,5.6
CLI04248,2023-04-01,2,0,26.1
CLI04248,2023-05-01,2,0,-25.6
CLI04248,2025-04-01,1,2,53.1
CLI04248,2025-07-01,0,2,40.3
CLI04249,2025-04-01,1,0,57.2
CLI04251,2024-08-01,1,2,-76.7
CLI04251,2024-10-01,3,2,-63.5
CLI04252,2024-11-01,1,0,-46.5
CLI04252,2025-06-01,1,0,60.2
CLI04253,2024-11-01,0,3,-11.7
CLI04254,2024-10-01,0,0,79.8
CLI04255,2024-02-01,0,0,39.8
CLI04255,2024-12-01,1,0,-21.7
CLI04255,2025-02-01,4,0,-22.7
CLI04256,2024-05-01,1,0,96.2
CLI04256,2024-09-01,1,0,-44.4
CLI04257,2025-07-01,0,0,64.5
CLI04259,2023-09-01,0,1,55.4
CLI04259,2024-02-01,1,0,51.8
CLI04259,2025-03-01,0,0,28.0
CLI04259,2025-10-01,0,0,32.1
CLI04260,2023-09-01,2,1,-31.1
CLI04260,2024-07-01,0,1,67.8
CLI04261,2022-11-01,0,1,59.6
CLI04261,2024-05-01,0,0,46.2
CLI04261,2024-09-01,0,0,33.7
CLI04261,2024-12-01,0,0,42.9
CLI04261,2025-05-01,2,3,40.4
CLI04262,2023-03-01,0,1,-8.2
CLI04262,2024-05-01,0,0,49.5
CLI04262,2025-02-01,2,3,-39.3
CLI04262,2025-09-01,0,0,55.1
CLI04263,2024-10-01,1,0,-1.1
CLI04264,2022-04-01,0,0,78.8
CLI04264,2023-07-01,2,1,-23.8
CLI04265,2024-11-01,3,1,-9.1
CLI04265,2025-01-01,2,0,-10.5
CLI04266,2025-04-01,0,1,100.0
CLI04269,2024-10-01,3,1,-3.1
CLI04271,2022-05-01,0,2,52.6
CLI04271,2022-06-01,0,0,50.7
CLI04271,2025-02-01,2,3,-11.3
CLI04272,2024-01-01,0,0,52.8
CLI04272,2025-04-01,3,1,14.7
CLI04272,2025-05-01,3,0,16.8
CLI04272,2025-07-01,2,1,-40.9
CLI04273,2024-10-01,1,0,11.6
CLI04274,2025-02-01,0,1,50.1
CLI04274,2025-05-01,1,0,48.1
CLI04274,2025-06-01,0,0,-14.9
CLI04274,2025-08-01,2,0,14.1
CLI04275,2025-01-01,3,1,23.2
CLI04275,2025-03-01,2,2,-1.0
CLI04276,2024-10-01,0,1,36.2
CLI04276,2025-05-01,0,1,53.1
CLI04276,2025-07-01,1,0,18.3
CLI04277,2022-06-01,0,0,21.9
CLI04277,2023-10-01,0,0,36.9
CLI04277,2025-03-01,3,3,25.7
CLI04277,2025-06-01,0,1,65.0
CLI04278,2024-02-01,0,0,80.6
CLI04278,2025-03-01,2,2,-49.5
CLI04278,2025-04-01,2,0,-7.4
CLI04278,2025-05-01,2,1,39.1
CLI04278,2025-06-01,1,2,32.3
CLI04280,2025-01-01,3,0,18.8
CLI04280,2025-02-01,3,3,-31.5
CLI04280,2025-03-01,2,1,-10.7
CLI04282,2024-08-01,0,0,14.3
CLI04282,2024-12-01,0,1,54.1
CLI04282,2025-03-01,2,0,11.5
CLI04282,2025-04-01,0,0,-0.7
CLI04282,2025-10-01,0,0,15.0
CLI04284,2025-06-01,2,0,-31.5
CLI04285,2023-03-01,1,1,42.8
CLI04285,2025-09-01,0,2,36.6
CLI04285,2025-11-01,0,1,56.2
CLI04285,2025-12-01,0,1,36.3
CLI04287,2023-08-01,0,0,60.2
CLI04287,2024-07-01,0,4,44.5
CLI04287,2024-09-01,0,0,4.4
CLI04288,2024-01-01,2,5,-28.6
CLI04288,2025-01-01,0,1,30.8
CLI04289,2025-04-01,1,0,-14.7
CLI04290,2022-10-01,0,1,44.5
CLI04290,2023-03-01,1,0,13.4
CLI04290,2023-04-01,1,0,30.4
CLI04290,2023-11-01,0,0,65.1
CLI04290,2025-11-01,1,1,40.3
CLI04291,2024-03-01,1,1,15.8
CLI04291,2025-07-01,2,0,-41.2
CLI04292,2025-05-01,0,0,54.3
CLI04293,2023-07-01,0,0,41.4
CLI04293,2023-09-01,0,0,62.9
CLI04293,2024-12-01,0,0,58.7
CLI04293,2025-11-01,0,0,24.0
CLI04294,2023-07-01,0,0,5.3
CLI04294,2024-12-01,0,2,47.9
CLI04294,2025-06-01,0,0,42.4
CLI04294,2025-08-01,0,1,69.9
CLI04294,2025-12-01,0,0,24.6
CLI04295,2025-02-01,0,0,40.5
CLI04295,2025-04-01,0,0,21.8
CLI04295,2025-05-01,1,0,-30.2
CLI04295,2025-07-01,1,0,0.2
CLI04296,2022-12-01,0,0,66.4
CLI04296,2024-10-01,1,3,-10.8
CLI04296,2024-11-01,4,0,-15.3
CLI04296,2024-12-01,0,1,-22.6
CLI04296,2025-07-01,0,1,87.4
CLI04296,2025-10-01,0,1,87.4
CLI04298,2024-07-01,0,0,31.4
CLI04299,2024-04-01,1,0,13.2
CLI04299,2025-02-01,3,2,-18.3
CLI04299,2025-03-01,2,4,-21.5
CLI04299,2025-05-01,2,1,-18.2
CLI04300,2022-07-01,0,0,63.0
CLI04300,2024-03-01,3,1,-70.1
CLI04300,2024-06-01,1,0,21.6
CLI04300,2024-08-01,1,0,64.5
CLI04301,2024-03-01,0,0,30.8
CLI04301,2025-04-01,1,1,22.8
CLI04302,2025-07-01,3,1,-26.6
CLI04302,2025-09-01,3,0,3.5
CLI04303,2025-01-01,0,0,35.2
CLI04305,2024-03-01,0,0,55.9
CLI04305,2025-02-01,0,1,52.1
CLI04306,2024-09-01,0,1,100.0
CLI04306,2024-10-01,0,2,80.0
CLI04306,2025-02-01,2,1,-25.8
CLI04306,2025-09-01,0,0,62.3
CLI04308,2025-04-01,0,0,4.3
CLI04308,2025-06-01,0,0,48.7
CLI04308,2025-09-01,0,1,40.8
CLI04309,2022-08-01,0,1,15.6
CLI04309,2022-09-01,0,0,53.7
CLI04309,2024-10-01,0,0,45.5
CLI04309,2025-03-01,1,2,-77.4
CLI04310,2024-08-01,0,0,50.1
CLI04310,2025-11-01,0,0,-15.1
CLI04311,2023-01-01,0,0,58.3
CLI04311,2023-02-01,0,0,43.6
CLI04311,2023-06-01,0,0,13.5
CLI04311,2025-12-01,1,1,14.7
CLI04312,2024-07-01,0,0,76.2
CLI04312,2024-09-01,0,0,29.6
CLI04312,2025-06-01,1,1,-100.0
CLI04313,2023-07-01,0,1,61.1
CLI04313,2023-08-01,0,0,70.6
CLI04313,2023-10-01,0,0,38.1
CLI04313,2023-12-01,1,0,52.4
CLI04313,2024-10-01,0,1,-27.3
CLI04313,2024-12-01,4,2,-5.2
CLI04314,2025-03-01,0,1,-24.5
CLI04314,2025-05-01,2,1,22.2
CLI04315,2023-03-01,0,0,50.0
CLI04315,2024-08-01,0,2,20.5
CLI04315,2024-12-01,0,3,34.1
CLI04316,2022-10-01,0,0,15.0
CLI04316,2023-01-01,0,0,97.8
CLI04316,2023-08-01,0,3,55.0
CLI04316,2023-12-01,2,0,30.8
CLI04316,2025-07-01,1,1,35.7
CLI04317,2023-02-01,0,1,48.0
CLI04317,2023-06-01,1,0,21.6
CLI04317,2023-09-01,0,0,1.4
CLI04317,2024-11-01,1,1,8.4
CLI04317,2024-12-01,3,1,10.4
CLI04317,2025-07-01,1,0,44.3
CLI04317,2025-09-01,0,0,86.9
CLI04318,2025-02-01,0,1,27.6
CLI04318,2025-05-01,1,4,27.7
CLI04319,2023-12-01,0,1,37.9
CLI04320,2025-02-01,0,0,51.5
CLI04320,2025-11-01,0,2,67.6
CLI04321,2023-10-01,0,1,-4.4
CLI04321,2025-03-01,0,1,63.4
CLI04321,2025-11-01,0,0,74.4
CLI04322,2024-11-01,1,1,-0.9
CLI04322,2024-12-01,1,1,-9.4
CLI04322,2025-02-01,2,0,38.9
CLI04322,2025-07-01,0,0,45.0
CLI04323,2024-02-01,0,0,23.9
CLI04323,2024-11-01,1,1,-94.3
CLI04323,2024-12-01,0,0,-32.8
CLI04323,2025-06-01,0,1,33.6
CLI04324,2024-04-01,0,0,39.5
CLI04324,2024-09-01,1,2,-8.9
CLI04325,2022-10-01,0,1,62.5
CLI04325,2024-01-01,0,0,33.0
CLI04325,2024-08-01,2,0,-43.0
CLI04325,2024-09-01,0,0,12.4
CLI04325,2024-10-01,5,2,4.6
CLI04326,2023-01-01,0,1,42.9
CLI04326,2023-04-01,0,0,44.0
CLI04326,2024-12-01,3,1,-30.3
CLI04327,2025-07-01,1,1,-9.7
CLI04327,2025-08-01,3,1,-9.0
CLI04328,2025-04-01,0,0,48.9
CLI04328,2025-05-01,0,0,1.5
CLI04331,2023-08-01,0,1,61.7
CLI04331,2024-07-01,0,0,82.4
CLI04331,2024-12-01,0,0,17.1
CLI04331,2025-04-01,0,3,48.4
CLI04331,2025-07-01,5,0,-47.4
CLI04332,2025-06-01,2,2,34.7
CLI04332,2025-07-01,4,0,-24.4
CLI04332,2025-08-01,1,1,-64.6
CLI04332,2025-09-01,1,0,-17.7
CLI04333,2024-09-01,5,0,-17.0
CLI04333,2024-10-01,3,2,-5.7
CLI04334,2024-08-01,0,1,57.5
CLI04334,2025-03-01,2,3,-54.3
CLI04334,2025-04-01,2,0,10.0
CLI04335,2024-04-01,1,1,-56.1
CLI04337,2023-04-01,0,1,32.4
CLI04337,2025-04-01,4,1,13.0
CLI04338,2023-03-01,1,0,38.3
CLI04338,2023-04-01,1,1,3.1
CLI04338,2024-11-01,0,0,-44.7
CLI04338,2025-02-01,0,1,44.4
CLI04338,2025-05-01,0,2,83.0
CLI04339,2024-12-01,0,0,25.6
CLI04339,2025-03-01,0,0,43.5
CLI04339,2025-04-01,0,0,-15.9
CLI04340,2024-02-01,0,1,45.7
CLI04340,2024-10-01,0,0,46.2
CLI04340,2025-02-01,0,0,12.0
CLI04341,2025-05-01,2,0,-62.1
CLI04341,2025-06-01,1,0,56.0
CLI04342,2022-12-01,0,1,19.3
CLI04342,2024-03-01,0,0,27.4
CLI04343,2024-05-01,0,1,77.5
CLI04344,2023-11-01,0,0,-7.7
CLI04345,2023-07-01,0,0,84.7
CLI04345,2024-04-01,0,1,12.6
CLI04345,2025-03-01,0,0,60.4
CLI04345,2025-05-01,0,1,-22.7
CLI04347,2023-11-01,0,0,11.6
CLI04347,2024-06-01,0,3,27.5
CLI04347,2025-07-01,0,0,-15.6
CLI04348,2025-09-01,0,1,58.9
CLI04349,2022-05-01,0,0,92.7
CLI04349,2022-07-01,0,0,52.6
CLI04349,2023-10-01,1,0,10.9
CLI04349,2024-02-01,0,1,32.5
CLI04349,2024-11-01,2,0,-23.3
CLI04350,2023-01-01,1,0,-2.5
CLI04350,2023-09-01,0,1,27.5
CLI04350,2024-06-01,0,0,51.3
CLI04350,2025-08-01,1,0,-40.0
CLI04351,2024-11-01,1,2,-3.4
CLI04351,2024-12-01,2,0,-33.3
CLI04351,2025-12-01,0,4,82.5
CLI04352,2024-10-01,1,2,52.0
CLI04352,2024-11-01,1,0,-39.8
CLI04352,2024-12-01,6,1,19.5
CLI04352,2025-02-01,0,0,47.9
CLI04353,2025-06-01,1,2,-22.0
CLI04354,2023-02-01,0,1,27.2
CLI04354,2024-08-01,5,3,-63.4
CLI04354,2025-01-01,0,0,57.0
CLI04355,2023-12-01,2,0,2.4
CLI04355,2024-02-01,2,2,-26.4
CLI04355,2024-05-01,0,0,51.2
CLI04356,2023-02-01,0,0,54.1
CLI04356,2024-12-01,1,3,-39.5
CLI04356,2025-01-01,1,0,-29.3
CLI04356,2025-05-01,0,0,58.0
CLI04357,2023-08-01,2,3,-29.3
CLI04357,2023-09-01,2,3,49.7
CLI04357,2023-10-01,2,1,25.6
CLI04357,2023-11-01,3,2,-36.7
CLI04357,2024-12-01,0,0,31.6
CLI04357,2025-01-01,0,1,15.6
CLI04358,2024-03-01,0,0,62.9
CLI04358,2024-12-01,0,1,33.6
CLI04358,2025-05-01,1,1,-18.7
CLI04359,2023-06-01,0,0,58.2
CLI04359,2024-04-01,0,0,58.6
CLI04359,2025-02-01,4,1,9.2
CLI04360,2022-11-01,1,2,75.4
CLI04360,2023-06-01,0,0,47.9
CLI04360,2023-07-01,1,0,2.0
CLI04360,2023-09-01,1,0,30.8
CLI04360,2023-10-01,3,1,-22.5
CLI04361,2024-12-01,3,2,-15.1
CLI04363,2023-07-01,0,0,57.1
CLI04363,2025-03-01,2,1,-34.6
CLI04363,2025-10-01,0,0,48.2
CLI04364,2025-06-01,1,2,-15.4
CLI04364,2025-08-01,0,0,-49.3
CLI04364,2025-09-01,4,1,4.4
CLI04366,2025-01-01,2,0,13.2
CLI04367,2023-01-01,0,0,54.3
CLI04367,2024-01-01,0,2,35.2
CLI04367,2025-09-01,2,0,67.1
CLI04369,2025-02-01,3,0,-10.7
CLI04369,2025-06-01,0,0,43.5
CLI04370,2025-03-01,0,1,2.8
CLI04370,2025-04-01,5,0,-23.7
CLI04370,2025-10-01,0,1,40.2
CLI04370,2025-12-01,0,1,86.4
CLI04371,2023-03-01,0,1,9.3
CLI04371,2024-07-01,1,1,43.9
CLI04371,2025-04-01,0,0,-28.3
CLI04372,2025-05-01,0,2,-85.1
CLI04373,2023-11-01,0,1,34.4
CLI04373,2025-04-01,0,0,50.0
CLI04373,2025-06-01,3,1,-47.2
CLI04374,2023-12-01,2,1,27.8
CLI04374,2025-06-01,0,0,52.7
CLI04375,2025-01-01,2,3,-8.2
CLI04375,2025-02-01,1,2,23.9
CLI04376,2022-06-01,0,1,94.7
CLI04376,2025-02-01,3,1,-2.3
CLI04376,2025-04-01,5,1,8.3
CLI04378,2023-12-01,0,2,20.4
CLI04378,2024-01-01,0,0,29.2
CLI04378,2025-02-01,4,2,-27.0
CLI04378,2025-05-01,2,0,20.2
CLI04379,2023-06-01,0,0,8.1
CLI04379,2025-07-01,0,0,44.6
CLI04380,2023-07-01,1,4,8.0
CLI04380,2024-04-01,1,0,54.6
CLI04380,2024-07-01,0,3,34.9
CLI04380,2025-08-01,0,0,39.3
CLI04380,2025-10-01,0,1,60.2
CLI04381,2025-02-01,0,0,38.1
CLI04381,2025-05-01,1,1,-8.3
CLI04381,2025-07-01,1,1,15.2
CLI04382,2024-05-01,1,2,-30.1
CLI04383,2024-03-01,0,1,34.3
CLI04383,2024-08-01,1,0,37.6
CLI04383,2025-04-01,0,0,14.1
CLI04384,2024-06-01,1,0,29.4
CLI04384,2024-09-01,0,1,65.0
CLI04384,2025-04-01,1,0,-42.9
CLI04386,2023-11-01,0,0,29.3
CLI04386,2023-12-01,0,0,51.2
CLI04386,2024-06-01,0,0,39.4
CLI04386,2025-05-01,0,2,43.2
CLI04387,2024-01-01,0,0,4.1
CLI04387,2024-02-01,0,0,-2.6
CLI04387,2024-03-01,3,1,46.7
CLI04387,2024-08-01,1,0,49.5
CLI04387,2025-08-01,1,0,12.2
CLI04388,2024-06-01,0,0,17.1
CLI04388,2025-12-01,0,1,73.6
CLI04390,2024-05-01,0,0,58.7
CLI04390,2024-09-01,1,2,81.8
CLI04390,2024-11-01,2,1,-92.2
CLI04390,2024-12-01,1,3,-3.0
CLI04390,2025-06-01,1,0,56.1
CLI04391,2025-07-01,0,0,-30.5
CLI04391,2025-12-01,0,0,39.7
CLI04392,2024-11-01,1,1,-23.2
CLI04392,2024-12-01,2,0,-32.1
CLI04392,2025-02-01,3,1,50.2
CLI04393,2024-08-01,0,0,11.3
CLI04393,2025-09-01,0,0,33.8
CLI04394,2023-04-01,1,0,13.6
CLI04394,2023-08-01,1,0,30.2
CLI04395,2022-12-01,0,2,54.3
CLI04395,2023-10-01,1,1,28.6
CLI04397,2025-06-01,1,0,-27.4
CLI04398,2024-10-01,0,1,-5.3
CLI04398,2024-11-01,3,2,7.7
CLI04398,2025-02-01,0,1,15.5
CLI04398,2025-07-01,0,0,61.7
CLI04398,2025-12-01,0,1,50.6
CLI04399,2022-05-01,0,2,62.8
CLI04399,2022-09-01,0,1,81.7
CLI04399,2023-05-01,1,0,38.6
CLI04399,2025-05-01,1,0,-46.7
CLI04399,2025-09-01,0,0,41.3
CLI04400,2023-07-01,1,0,46.1
CLI04400,2024-02-01,0,0,100.0
CLI04400,2024-04-01,0,0,53.4
CLI04400,2024-12-01,0,1,51.8
CLI04401,2025-05-01,0,0,-24.5
CLI04401,2025-10-01,0,0,77.5
CLI04403,2024-02-01,0,0,62.4
CLI04403,2024-03-01,0,2,8.9
CLI04403,2024-12-01,3,0,16.3
CLI04403,2025-01-01,0,0,28.1
CLI04403,2025-03-01,2,2,-18.6
CLI04403,2025-09-01,0,0,32.7
CLI04404,2025-11-01,0,0,42.8
CLI04405,2025-03-01,0,1,12.2
CLI04405,2025-04-01,0,1,38.2
CLI04405,2025-06-01,4,1,-2.5
CLI04405,2025-09-01,0,0,72.6
CLI04406,2024-12-01,2,2,7.1
CLI04406,2025-01-01,1,1,-22.1
CLI04407,2025-01-01,2,0,26.4
CLI04408,2023-04-01,0,1,35.8
CLI04408,2024-12-01,3,2,-44.2
CLI04408,2025-01-01,2,2,-8.9
CLI04408,2025-03-01,2,2,-39.6
CLI04409,2025-02-01,4,1,16.7
CLI04409,2025-11-01,0,1,-28.7
CLI04410,2025-03-01,0,1,25.6
CLI04411,2022-05-01,0,0,25.1
CLI04411,2024-02-01,1,0,8.6
CLI04411,2025-09-01,0,0,11.6
CLI04412,2024-09-01,2,1,-26.5
CLI04412,2025-01-01,0,0,25.9
CLI04413,2024-04-01,0,0,50.7
CLI04413,2024-12-01,0,1,56.7
CLI04414,2024-05-01,0,1,65.6
CLI04414,2024-11-01,0,0,2.9
CLI04414,2025-03-01,0,1,-14.0
CLI04414,2025-05-01,1,2,-28.6
CLI04415,2025-03-01,0,0,43.8
CLI04415,2025-04-01,1,0,5.6
CLI04415,2025-05-01,4,1,-0.4
CLI04416,2025-12-01,0,0,38.5
CLI04417,2024-11-01,2,1,-29.3
CLI04417,2024-12-01,4,1,2.3
CLI04417,2025-02-01,0,0,-32.2
CLI04417,2025-06-01,0,1,30.1
CLI04417,2025-08-01,0,0,25.9
CLI04418,2024-07-01,0,0,67.6
CLI04418,2024-08-01,0,2,53.6
CLI04418,2025-04-01,1,0,-34.2
CLI04418,2025-06-01,1,3,-35.8
CLI04419,2023-08-01,4,3,-57.2
CLI04419,2025-08-01,0,0,25.5
CLI04421,2025-12-01,0,0,55.7
CLI04422,2025-03-01,2,2,8.5
CLI04423,2024-08-01,0,1,41.1
CLI04423,2024-12-01,0,0,45.1
CLI04423,2025-02-01,1,3,20.3
CLI04423,2025-08-01,1,0,43.2
CLI04424,2024-01-01,1,0,51.2
CLI04424,2024-09-01,1,0,-11.8
CLI04425,2022-12-01,0,2,94.9
CLI04425,2023-09-01,1,0,61.6
CLI04425,2024-05-01,0,0,90.1
CLI04425,2025-03-01,3,1,-71.6
CLI04426,2023-12-01,0,0,61.8
CLI04426,2024-01-01,2,3,64.1
CLI04426,2024-03-01,2,0,-9.6
CLI04427,2023-04-01,0,0,84.5
CLI04428,2023-12-01,0,1,44.3
CLI04428,2024-05-01,1,0,-32.1
CLI04428,2024-08-01,2,2,60.4
CLI04428,2025-04-01,0,0,12.6
CLI04429,2024-12-01,0,1,18.0
CLI04429,2025-07-01,0,1,-50.4
CLI04430,2022-09-01,0,0,33.4
CLI04430,2023-06-01,0,0,44.7
CLI04430,2024-02-01,0,0,42.6
CLI04430,2024-11-01,0,0,69.1
CLI04431,2024-12-01,1,0,-5.0
CLI04432,2025-01-01,4,0,-2.1
CLI04432,2025-02-01,1,0,16.4
CLI04432,2025-11-01,0,0,12.7
CLI04433,2025-03-01,2,2,-48.3
CLI04434,2024-10-01,1,0,-28.0
CLI04435,2024-10-01,0,2,-72.8
CLI04435,2025-12-01,0,0,50.6
CLI04436,2025-03-01,1,1,-56.6
CLI04436,2025-06-01,2,0,-27.7
CLI04437,2022-09-01,0,2,-21.8
CLI04437,2024-07-01,1,1,73.5
CLI04438,2024-05-01,0,1,23.6
CLI04438,2024-06-01,1,0,44.0
CLI04438,2025-05-01,0,2,23.3
CLI04439,2025-08-01,3,3,-27.7
CLI04440,2023-08-01,0,0,53.5
CLI04440,2024-11-01,0,0,73.1
CLI04440,2025-02-01,1,1,-1.4
CLI04440,2025-03-01,1,4,-6.5
CLI04440,2025-04-01,0,0,23.1
CLI04441,2024-04-01,0,1,50.1
CLI04441,2024-11-01,1,0,-29.1
CLI04441,2024-12-01,1,0,-48.7
CLI04441,2025-02-01,3,1,22.2
CLI04443,2024-05-01,0,0,14.2
CLI04444,2024-11-01,0,0,100.0
CLI04444,2025-01-01,2,0,-39.8
CLI04445,2025-03-01,1,2,5.3
CLI04445,2025-06-01,4,1,-16.8
CLI04445,2025-08-01,0,3,70.0
CLI04446,2024-05-01,0,1,31.2
CLI04446,2025-02-01,1,1,16.0
CLI04446,2025-04-01,1,2,17.1
CLI04446,2025-08-01,3,2,1.9
CLI04447,2024-04-01,1,0,27.0
CLI04447,2024-06-01,0,0,2.8
CLI04447,2025-06-01,0,1,6.1
CLI04448,2023-03-01,0,2,50.8
CLI04448,2025-11-01,1,2,37.6
CLI04449,2024-07-01,2,2,9.0
CLI04449,2025-03-01,0,0,70.6
CLI04450,2023-12-01,0,0,56.0
CLI04450,2025-01-01,2,1,-5.1
CLI04450,2025-02-01,0,3,-27.1
CLI04451,2024-12-01,2,2,-81.6
CLI04451,2025-01-01,2,3,-13.1
CLI04452,2023-06-01,0,0,-1.3
CLI04452,2025-04-01,0,1,22.2
CLI04452,2025-07-01,2,1,4.5
CLI04452,2025-08-01,0,2,2.9
CLI04454,2024-01-01,0,1,43.2
CLI04454,2024-06-01,3,1,-17.6
CLI04454,2024-07-01,4,0,-5.7
CLI04454,2024-08-01,1,2,-14.6
CLI04454,2024-11-01,0,0,9.8
CLI04454,2025-04-01,0,0,77.4
CLI04455,2025-03-01,1,2,-7.2
CLI04456,2023-03-01,0,0,45.0
CLI04456,2024-01-01,0,2,47.3
CLI04457,2023-06-01,0,1,-30.4
CLI04457,2023-07-01,3,6,-58.2
CLI04457,2023-10-01,0,0,59.6
CLI04457,2025-10-01,0,0,100.0
CLI04458,2024-05-01,3,1,-41.1
CLI04458,2024-06-01,3,0,18.0
CLI04459,2023-01-01,0,0,54.7
CLI04459,2023-06-01,0,1,86.0
CLI04459,2023-10-01,1,0,68.2
CLI04459,2024-01-01,4,1,-17.5
CLI04459,2024-04-01,1,1,-36.6
CLI04460,2022-12-01,0,1,41.2
CLI04460,2023-01-01,0,2,27.6
CLI04460,2023-07-01,0,1,73.7
CLI04461,2023-05-01,2,1,11.7
CLI04461,2025-03-01,3,0,36.7
CLI04461,2025-07-01,0,1,62.5
CLI04461,2025-08-01,0,0,49.9
CLI04461,2025-11-01,0,0,72.8
CLI04462,2023-04-01,0,1,24.9
CLI04462,2025-08-01,0,3,-0.2
CLI04462,2025-09-01,0,2,42.1
CLI04462,2025-10-01,0,0,29.2
CLI04463,2024-03-01,0,3,59.6
CLI04463,2025-01-01,3,1,-43.0
CLI04464,2025-08-01,0,1,58.3
CLI04464,2025-11-01,1,3,18.7
CLI04465,2024-03-01,0,0,25.0
CLI04465,2024-11-01,0,0,-3.3
CLI04466,2024-04-01,0,1,51.6
CLI04466,2024-07-01,2,1,-18.1
CLI04466,2024-08-01,1,1,-41.3
CLI04466,2024-09-01,1,0,17.0
CLI04467,2024-11-01,1,2,-21.2
CLI04470,2024-03-01,0,0,31.9
CLI04470,2024-08-01,3,1,-21.9
CLI04470,2024-10-01,2,0,3.1
CLI04471,2025-07-01,1,1,93.7
CLI04472,2024-12-01,0,1,40.8
CLI04473,2024-04-01,0,0,-31.9
CLI04473,2024-06-01,3,2,6.3
CLI04473,2024-08-01,0,0,33.9
CLI04473,2025-07-01,1,0,38.1
CLI04474,2025-03-01,1,1,1.6
CLI04474,2025-04-01,0,2,-4.4
CLI04475,2025-05-01,2,2,-8.6
CLI04476,2024-11-01,2,2,7.5
CLI04476,2025-05-01,0,3,30.3
CLI04477,2025-07-01,2,2,-59.2
CLI04478,2023-01-01,0,4,41.5
CLI04478,2025-01-01,1,1,40.6
CLI04479,2024-11-01,0,0,61.0
CLI04480,2024-05-01,1,3,20.8
CLI04480,2024-06-01,0,1,47.6
CLI04480,2025-02-01,0,0,-78.1
CLI04481,2025-10-01,0,1,32.3
CLI04482,2023-05-01,0,1,100.0
CLI04482,2023-07-01,0,0,43.3
CLI04482,2025-12-01,0,1,12.6
CLI04484,2023-08-01,0,1,29.6
CLI04484,2024-12-01,5,1,25.7
CLI04484,2025-06-01,0,0,84.0
CLI04485,2022-08-01,1,0,42.9
CLI04485,2025-06-01,0,1,63.2
CLI04486,2024-06-01,1,4,22.6
CLI04486,2025-03-01,1,0,-25.3
CLI04487,2024-08-01,1,1,35.3
CLI04487,2025-03-01,0,1,16.3
CLI04487,2025-04-01,0,1,-43.5
CLI04487,2025-05-01,3,1,-21.7
CLI04488,2024-11-01,2,3,5.6
CLI04489,2024-04-01,0,0,50.4
CLI04489,2025-11-01,0,0,31.0
CLI04490,2024-09-01,0,1,3.8
CLI04490,2025-02-01,1,0,10.8
CLI04491,2025-02-01,0,0,-7.0
CLI04491,2025-03-01,2,3,-53.2
CLI04491,2025-04-01,2,4,-36.1
CLI04491,2025-05-01,0,2,71.6
CLI04491,2025-11-01,0,0,14.5
CLI04492,2023-09-01,0,0,29.4
CLI04492,2024-06-01,3,2,-3.3
CLI04493,2024-02-01,0,0,72.4
CLI04493,2024-12-01,1,3,-3.8
CLI04493,2025-10-01,0,0,19.2
CLI04494,2024-08-01,0,2,-26.3
CLI04494,2024-10-01,0,1,-38.4
CLI04494,2025-03-01,0,0,68.4
CLI04494,2025-11-01,0,1,75.3
CLI04495,2025-06-01,0,1,6.4
CLI04495,2025-09-01,0,1,83.9
CLI04496,2024-01-01,3,1,-4.8
CLI04497,2024-04-01,0,0,43.9
CLI04497,2025-05-01,0,1,55.4
CLI04497,2025-07-01,1,2,-49.6
CLI04497,2025-09-01,0,0,19.1
CLI04498,2024-09-01,1,0,15.2
CLI04498,2025-09-01,1,0,51.4
CLI04498,2025-12-01,0,0,100.0
CLI04499,2024-05-01,0,0,61.1
CLI04499,2024-09-01,1,2,-23.5
CLI04499,2024-11-01,2,1,1.7
CLI04499,2025-03-01,0,0,36.3
CLI04500,2024-01-01,0,0,69.8
CLI04500,2024-03-01,0,0,32.5
CLI04500,2024-05-01,0,1,65.8
CLI04500,2024-08-01,1,0,-29.1
CLI04500,2025-03-01,0,1,56.6
CLI04501,2023-07-01,0,1,85.8
CLI04501,2025-07-01,0,0,61.6
CLI04502,2024-09-01,0,2,27.8
CLI04503,2023-12-01,0,1,28.2
CLI04503,2024-07-01,0,0,12.8
CLI04504,2025-02-01,4,1,-70.2
CLI04507,2022-06-01,0,0,46.2
CLI04507,2023-07-01,0,2,61.1
CLI04507,2024-03-01,0,0,26.7
CLI04507,2024-06-01,0,0,42.7
CLI04507,2025-02-01,4,3,52.4
CLI04507,2025-04-01,3,1,-10.1
CLI04508,2025-01-01,0,1,37.3
CLI04509,2022-03-01,0,2,41.7
CLI04509,2024-10-01,0,0,60.7
CLI04509,2025-01-01,0,0,84.1
CLI04509,2025-03-01,2,1,-18.6
CLI04509,2025-04-01,2,0,-31.9
CLI04509,2025-05-01,3,1,-12.6
CLI04510,2023-03-01,0,0,44.8
CLI04510,2025-06-01,0,1,59.2
CLI04510,2025-12-01,0,1,36.3
CLI04511,2023-09-01,0,1,6.8
CLI04511,2024-04-01,0,0,53.9
CLI04511,2024-05-01,0,1,9.6
CLI04511,2025-02-01,0,2,43.4
CLI04512,2023-09-01,0,0,82.4
CLI04512,2024-08-01,0,2,-14.4
CLI04512,2024-11-01,0,2,25.6
CLI04513,2023-03-01,0,0,41.3
CLI04513,2024-09-01,3,1,-63.9
CLI04513,2025-08-01,0,0,50.2
CLI04514,2023-03-01,1,1,14.0
CLI04515,2023-12-01,4,0,2.1
CLI04515,2024-03-01,0,0,-17.3
CLI04516,2025-03-01,0,1,75.7
CLI04517,2023-05-01,0,1,45.5
CLI04517,2023-09-01,0,0,52.6
CLI04517,2023-11-01,1,1,75.1
CLI04517,2024-12-01,0,1,-8.6
CLI04517,2025-02-01,3,1,13.0
CLI04517,2025-03-01,4,2,6.4
CLI04518,2025-04-01,0,0,76.9
CLI04518,2025-05-01,0,2,-27.8
CLI04518,2025-09-01,0,0,1.3
CLI04519,2024-04-01,0,0,64.0
CLI04519,2025-02-01,0,0,86.5
CLI04520,2024-09-01,3,0,23.8
CLI04520,2024-12-01,1,1,27.9
CLI04521,2024-03-01,0,0,44.9
CLI04521,2024-11-01,5,0,-32.4
CLI04521,2025-01-01,0,0,-63.5
CLI04522,2025-12-01,0,1,25.1
CLI04523,2023-03-01,0,2,38.0
CLI04523,2024-12-01,1,4,15.9
CLI04524,2024-04-01,1,1,21.2
CLI04524,2024-12-01,0,1,-10.0
CLI04524,2025-12-01,2,0,30.9
CLI04525,2023-10-01,0,0,87.9
CLI04525,2024-07-01,0,0,57.3
CLI04525,2025-09-01,0,1,37.0
CLI04525,2025-12-01,0,0,74.4
CLI04526,2024-06-01,0,3,67.2
CLI04526,2024-07-01,2,1,44.0
CLI04529,2024-01-01,1,0,37.1
CLI04529,2025-04-01,0,0,61.2
CLI04530,2023-02-01,0,2,72.9
CLI04530,2025-03-01,1,0,-76.3
CLI04531,2023-04-01,0,0,58.1
CLI04531,2023-09-01,2,0,39.5
CLI04531,2025-06-01,0,0,45.8
CLI04531,2025-07-01,1,1,-46.8
CLI04532,2024-10-01,0,0,52.3
CLI04532,2024-11-01,3,0,0.0
CLI04532,2024-12-01,2,1,10.5
CLI04532,2025-10-01,0,1,25.9
CLI04532,2025-11-01,0,1,57.6
CLI04533,2024-12-01,1,2,-19.8
CLI04533,2025-02-01,1,1,-45.1
CLI04534,2025-06-01,0,1,-27.2
CLI04534,2025-07-01,1,0,-63.1
CLI04535,2025-05-01,0,0,7.0
CLI04536,2024-04-01,0,0,41.9
CLI04536,2024-12-01,0,1,32.8
CLI04537,2023-10-01,2,2,31.0
CLI04537,2024-05-01,1,0,-33.8
CLI04537,2025-01-01,1,1,28.6
CLI04538,2023-03-01,0,1,54.5
CLI04538,2023-04-01,0,0,24.6
CLI04538,2024-04-01,3,0,-45.4
CLI04538,2024-05-01,0,0,9.0
CLI04538,2024-06-01,4,1,-32.2
CLI04539,2023-04-01,0,2,98.4
CLI04539,2023-05-01,1,1,19.2
CLI04539,2025-06-01,0,1,55.4
CLI04540,2023-11-01,0,0,98.0
CLI04540,2024-09-01,0,0,14.3
CLI04540,2025-02-01,0,1,82.7
CLI04541,2024-02-01,0,0,38.7
CLI04541,2024-08-01,1,3,43.1
CLI04541,2024-11-01,0,0,4.5
CLI04541,2025-08-01,0,1,95.3
CLI04541,2025-09-01,0,1,39.1
CLI04542,2025-11-01,1,0,68.2
CLI04543,2023-07-01,0,2,45.3
CLI04543,2025-03-01,0,0,82.1
CLI04544,2023-02-01,2,1,10.8
CLI04544,2023-12-01,0,2,56.7
CLI04544,2024-05-01,2,2,-15.4
CLI04544,2024-06-01,1,0,14.5
CLI04544,2025-07-01,0,0,98.9
CLI04545,2024-03-01,2,0,-35.3
CLI04545,2024-06-01,1,1,-21.6
CLI04545,2025-07-01,1,0,23.4
CLI04546,2025-05-01,5,0,-1.0
CLI04546,2025-07-01,1,2,17.5
CLI04546,2025-08-01,2,1,-15.4
CLI04547,2024-11-01,2,0,-33.4
CLI04548,2024-08-01,0,1,79.2
CLI04548,2025-03-01,1,1,-20.0
CLI04548,2025-05-01,1,2,-12.2
CLI04550,2024-06-01,0,1,39.8
CLI04550,2025-07-01,2,0,-20.3
CLI04550,2025-08-01,0,0,87.3
CLI04551,2024-07-01,0,0,66.1
CLI04551,2025-11-01,1,1,19.2
CLI04552,2023-06-01,0,0,82.7
CLI04552,2025-02-01,0,0,54.0
CLI04552,2025-08-01,0,5,3.4
CLI04553,2023-07-01,0,1,32.4
CLI04553,2023-10-01,1,0,88.3
CLI04553,2024-10-01,1,0,-34.8
CLI04553,2024-12-01,1,1,10.9
CLI04553,2025-01-01,2,1,1.6
CLI04553,2025-12-01,1,0,15.3
CLI04554,2024-12-01,0,1,-59.3
CLI04554,2025-02-01,1,0,-11.9
CLI04554,2025-03-01,2,2,-17.4
CLI04554,2025-07-01,0,0,29.9
CLI04556,2024-10-01,1,0,66.6
CLI04557,2024-12-01,1,0,16.0
CLI04557,2025-01-01,2,0,-15.8
CLI04557,2025-03-01,1,1,-28.5
CLI04557,2025-06-01,0,2,-16.6
CLI04558,2022-11-01,0,0,78.8
CLI04558,2023-02-01,0,3,86.7
CLI04558,2025-07-01,0,0,52.0
CLI04559,2024-09-01,0,3,-5.0
CLI04559,2024-11-01,3,0,-8.2
CLI04560,2025-07-01,1,0,-17.6
CLI04560,2025-08-01,3,0,-32.4
CLI04561,2022-11-01,0,1,14.1
CLI04561,2024-05-01,1,2,-20.1
CLI04561,2024-08-01,3,3,-1.2
CLI04561,2024-10-01,0,0,20.6
CLI04562,2024-10-01,0,0,3.3
CLI04562,2024-12-01,2,4,15.3
CLI04562,2025-11-01,0,1,26.6
CLI04564,2024-10-01,0,1,74.9
CLI04564,2024-12-01,0,4,-10.1
CLI04564,2025-02-01,2,0,29.2
CLI04565,2023-09-01,0,1,36.3
CLI04566,2023-10-01,1,2,56.1
CLI04567,2023-04-01,0,0,36.0
CLI04567,2023-09-01,0,0,47.9
CLI04567,2025-03-01,0,0,37.4
CLI04568,2023-01-01,0,1,79.1
CLI04569,2023-10-01,0,1,46.2
CLI04570,2022-11-01,0,1,81.2
CLI04570,2023-05-01,1,1,57.5
CLI04570,2025-01-01,1,1,-35.3
CLI04570,2025-02-01,2,1,-24.0
CLI04571,2024-08-01,2,0,20.1
CLI04571,2024-10-01,0,0,-44.1
CLI04571,2024-11-01,0,1,58.3
CLI04572,2024-06-01,0,1,74.4
CLI04572,2025-03-01,0,1,10.6
CLI04573,2023-05-01,0,1,89.3
CLI04574,2023-07-01,0,0,40.1
CLI04576,2023-07-01,0,2,51.8
CLI04576,2023-08-01,0,1,56.5
CLI04576,2024-05-01,0,0,4.0
CLI04576,2025-03-01,1,1,8.7
CLI04577,2025-08-01,0,3,11.1
CLI04578,2024-04-01,3,0,27.0
CLI04578,2024-06-01,0,1,52.7
CLI04578,2024-10-01,0,2,43.3
CLI04578,2024-11-01,1,1,11.8
CLI04580,2024-04-01,0,2,20.2
CLI04581,2024-05-01,0,4,99.3
CLI04581,2024-11-01,5,0,-31.8
CLI04581,2024-12-01,4,1,-40.6
CLI04582,2025-12-01,0,0,26.2
CLI04583,2025-04-01,1,0,67.4
CLI04584,2023-02-01,1,1,-5.8
CLI04584,2024-10-01,0,0,31.2
CLI04584,2025-07-01,0,4,27.0
CLI04584,2025-09-01,3,3,-26.9
CLI04585,2024-01-01,0,3,53.3
CLI04585,2025-01-01,0,0,44.4
CLI04585,2025-06-01,2,2,-30.6
CLI04587,2024-04-01,0,2,-34.3
CLI04587,2024-06-01,0,2,46.8
CLI04587,2025-08-01,0,1,56.7
CLI04588,2025-07-01,0,1,54.3
CLI04588,2025-11-01,1,1,66.4
CLI04588,2025-12-01,0,1,-5.0
CLI04589,2024-10-01,2,0,53.7
CLI04590,2023-05-01,1,0,63.6
CLI04590,2024-03-01,0,2,86.2
CLI04590,2024-08-01,2,0,17.0
CLI04590,2024-09-01,1,2,43.2
CLI04590,2024-10-01,1,0,-12.9
CLI04591,2024-12-01,1,1,42.3
CLI04593,2025-06-01,1,1,-65.2
CLI04593,2025-07-01,1,0,-14.5
CLI04594,2024-10-01,0,0,10.0
CLI04595,2023-05-01,0,2,44.0
CLI04595,2024-01-01,1,0,25.3
CLI04595,2024-12-01,2,0,-17.4
CLI04596,2022-10-01,0,0,48.8
CLI04596,2024-09-01,0,0,36.5
CLI04596,2025-02-01,2,4,-37.3
CLI04596,2025-03-01,1,1,-4.6
CLI04598,2023-02-01,0,0,27.1
CLI04599,2022-11-01,1,1,6.7
CLI04599,2023-06-01,0,0,23.5
CLI04599,2025-04-01,0,0,70.8
CLI04600,2024-02-01,0,0,30.2
CLI04600,2025-04-01,2,0,-10.6
CLI04600,2025-10-01,0,1,11.5
CLI04601,2025-03-01,0,1,46.8
CLI04602,2023-07-01,1,1,47.3
CLI04602,2025-01-01,0,0,71.7
CLI04603,2025-07-01,1,0,-17.7
CLI04604,2024-06-01,2,1,-42.5
CLI04604,2024-10-01,0,0,90.2
CLI04604,2025-08-01,0,1,58.9
CLI04605,2024-01-01,2,1,3.0
CLI04605,2024-09-01,0,0,47.2
CLI04605,2024-12-01,0,1,-5.2
CLI04605,2025-02-01,4,2,13.0
CLI04606,2023-09-01,0,0,66.8
CLI04606,2023-11-01,5,0,-10.6
CLI04607,2025-06-01,0,0,-13.9
CLI04607,2025-07-01,3,2,-19.8
CLI04608,2023-06-01,0,0,69.6
CLI04608,2024-04-01,1,0,45.7
CLI04608,2025-04-01,0,0,43.7
CLI04608,2025-07-01,0,2,-15.4
CLI04609,2024-10-01,0,0,39.6
CLI04609,2025-07-01,0,0,7.8
CLI04610,2022-07-01,1,1,8.8
CLI04610,2023-03-01,1,1,39.8
CLI04610,2023-11-01,0,0,58.3
CLI04610,2024-06-01,0,0,58.0
CLI04611,2025-01-01,1,0,47.5
CLI04611,2025-07-01,1,0,5.0
CLI04612,2023-02-01,0,0,42.0
CLI04612,2023-04-01,0,1,51.0
CLI04612,2025-03-01,1,3,-48.1
CLI04612,2025-04-01,0,1,-4.9
CLI04612,2025-12-01,0,2,67.4
CLI04613,2024-07-01,0,1,16.3
CLI04613,2025-03-01,0,0,75.1
CLI04613,2025-09-01,3,2,64.7
CLI04613,2025-11-01,0,0,19.3
CLI04614,2022-06-01,0,0,57.9
CLI04614,2022-07-01,0,1,34.8
CLI04614,2023-03-01,0,1,56.2
CLI04614,2024-08-01,4,0,-47.7
CLI04615,2024-11-01,0,3,60.9
CLI04616,2023-01-01,0,0,28.0
CLI04616,2023-08-01,1,0,71.6
CLI04616,2024-02-01,0,0,18.6
CLI04616,2024-03-01,0,2,-26.8
CLI04617,2025-08-01,0,0,3.8
CLI04618,2023-04-01,0,0,38.6
CLI04618,2025-04-01,1,1,20.6
CLI04618,2025-12-01,0,0,66.3
CLI04619,2025-03-01,1,1,-21.9
CLI04620,2024-06-01,0,0,27.2
CLI04620,2024-11-01,1,2,-100.0
CLI04620,2025-05-01,0,0,68.1
CLI04621,2023-04-01,0,2,2.3
CLI04621,2023-05-01,2,3,19.6
CLI04621,2025-06-01,0,1,48.9
CLI04622,2023-01-01,0,1,28.4
CLI04622,2025-01-01,1,2,-23.9
CLI04622,2025-02-01,3,0,-47.5
CLI04622,2025-03-01,1,2,-44.3
CLI04622,2025-04-01,1,1,11.5
CLI04622,2025-08-01,0,1,47.2
CLI04623,2023-08-01,0,0,19.4
CLI04623,2024-03-01,0,0,5.3
CLI04623,2024-08-01,0,0,43.0
CLI04623,2025-01-01,0,2,-50.6
CLI04623,2025-04-01,1,2,-48.2
CLI04623,2025-07-01,0,0,33.9
CLI04623,2025-12-01,0,0,39.4
CLI04624,2024-12-01,1,0,34.4
CLI04625,2023-03-01,1,1,63.6
CLI04625,2023-05-01,5,1,-31.2
CLI04626,2023-07-01,0,0,59.0
CLI04626,2023-08-01,1,2,66.6
CLI04626,2024-10-01,1,2,44.5
CLI04626,2024-12-01,0,2,31.9
CLI04626,2025-08-01,1,0,88.1
CLI04627,2024-05-01,0,1,67.3
CLI04627,2024-06-01,2,0,15.2
CLI04628,2024-08-01,2,1,-48.7
CLI04629,2024-09-01,0,2,61.5
CLI04630,2022-05-01,3,3,0.3
CLI04630,2022-06-01,0,1,-84.3
CLI04630,2022-07-01,1,0,-46.3
CLI04630,2023-05-01,0,0,100.0
CLI04631,2024-02-01,0,2,-21.9
CLI04631,2024-03-01,1,1,-30.2
CLI04631,2024-04-01,1,1,1.5
CLI04631,2025-01-01,0,0,-0.5
CLI04632,2025-05-01,1,0,-21.2
CLI04633,2024-02-01,0,0,36.2
CLI04633,2024-07-01,1,0,23.2
CLI04633,2025-01-01,0,2,-93.9
CLI04634,2024-05-01,1,2,-36.1
CLI04636,2025-05-01,0,0,71.8
CLI04637,2023-05-01,1,1,34.0
CLI04637,2024-04-01,0,1,-88.2
CLI04637,2024-05-01,1,0,-32.0
CLI04638,2024-04-01,0,0,32.9
CLI04638,2025-05-01,0,2,96.6
CLI04639,2023-06-01,1,1,87.8
CLI04639,2024-05-01,0,1,61.2
CLI04639,2024-08-01,0,4,75.2
CLI04639,2024-11-01,2,1,-12.4
CLI04640,2025-01-01,0,0,26.3
CLI04641,2024-03-01,0,0,67.2
CLI04641,2025-04-01,3,1,-1.1
CLI04641,2025-06-01,3,2,-11.5
CLI04642,2024-05-01,0,1,64.8
CLI04642,2024-11-01,2,0,-43.1
CLI04642,2024-12-01,2,1,30.8
CLI04642,2025-02-01,2,0,12.6
CLI04642,2025-05-01,0,1,68.4
CLI04643,2024-07-01,0,1,62.4
CLI04644,2025-01-01,3,0,-2.3
CLI04644,2025-10-01,2,0,52.1
CLI04645,2023-10-01,0,1,46.8
CLI04645,2024-04-01,0,1,56.0
CLI04645,2024-10-01,1,0,51.2
CLI04646,2024-03-01,0,1,42.6
CLI04646,2024-12-01,1,0,34.9
CLI04646,2025-06-01,0,0,50.1
CLI04647,2024-11-01,1,0,50.5
CLI04648,2025-04-01,1,1,-77.0
CLI04648,2025-05-01,5,6,41.7
CLI04650,2024-08-01,2,2,-64.8
CLI04650,2025-01-01,0,0,-5.2
CLI04651,2025-02-01,0,1,42.8
CLI04651,2025-04-01,2,0,-4.8
CLI04651,2025-07-01,2,1,12.3
CLI04652,2025-02-01,0,1,39.8
CLI04652,2025-03-01,0,0,12.1
CLI04653,2022-11-01,0,2,12.2
CLI04653,2022-12-01,0,1,54.1
CLI04653,2023-08-01,0,1,28.3
CLI04653,2023-12-01,0,0,49.4
CLI04655,2025-04-01,0,2,45.8
CLI04656,2023-02-01,1,2,19.3
CLI04656,2023-08-01,0,1,16.2
CLI04656,2025-06-01,1,1,-5.2
CLI04656,2025-07-01,2,0,57.9
CLI04656,2025-08-01,1,2,-15.3
CLI04656,2025-10-01,0,0,65.5
CLI04657,2023-06-01,0,0,10.7
CLI04657,2025-02-01,1,2,9.1
CLI04657,2025-08-01,2,2,-26.0
CLI04658,2023-02-01,0,2,12.1
CLI04658,2023-03-01,0,0,21.7
CLI04658,2025-02-01,0,0,48.2
CLI04658,2025-08-01,1,3,-23.6
CLI04658,2025-09-01,0,3,-5.2
CLI04659,2025-03-01,2,1,-54.5
CLI04660,2025-04-01,2,0,-49.0
CLI04660,2025-06-01,1,1,5.3
CLI04661,2025-03-01,0,2,37.3
CLI04662,2024-10-01,2,1,35.2
CLI04662,2025-09-01,0,0,88.0
CLI04664,2025-05-01,1,0,11.7
CLI04665,2022-09-01,0,0,49.5
CLI04665,2023-03-01,0,1,67.3
CLI04665,2025-03-01,2,3,11.5
CLI04665,2025-04-01,0,0,1.1
CLI04665,2025-11-01,0,0,60.4
CLI04666,2024-09-01,0,1,70.3
CLI04666,2024-10-01,1,1,62.6
CLI04666,2024-12-01,0,0,63.4
CLI04666,2025-04-01,1,1,-87.9
CLI04666,2025-06-01,1,0,-14.9
CLI04667,2025-10-01,0,1,18.1
CLI04669,2025-08-01,2,3,-7.9
CLI04670,2024-04-01,0,0,5.3
CLI04670,2025-03-01,1,1,1.3
CLI04671,2023-02-01,3,1,-6.8
CLI04671,2023-05-01,4,1,1.9
CLI04671,2023-10-01,0,1,72.0
CLI04671,2024-07-01,0,0,60.8
CLI04671,2024-11-01,0,0,53.3
CLI04671,2025-12-01,0,0,53.2
CLI04672,2022-12-01,0,1,5.0
CLI04672,2024-03-01,0,1,42.2
CLI04672,2024-07-01,1,0,68.6
CLI04672,2025-07-01,1,1,-6.8
CLI04672,2025-09-01,0,1,38.5
CLI04673,2024-12-01,1,3,-52.0
CLI04673,2025-02-01,4,2,-32.9
CLI04674,2023-05-01,1,0,41.3
CLI04674,2025-05-01,0,1,-42.3
CLI04674,2025-06-01,2,0,15.5
CLI04676,2024-05-01,0,1,-0.8
CLI04676,2024-12-01,1,2,2.6
CLI04676,2025-02-01,0,2,-39.7
CLI04676,2025-03-01,2,0,50.8
CLI04677,2024-10-01,1,1,-34.4
CLI04678,2024-01-01,1,1,34.7
CLI04678,2024-12-01,1,0,-39.5
CLI04678,2025-04-01,0,1,6.4
CLI04679,2024-12-01,0,1,63.4
CLI04679,2025-03-01,0,0,33.9
CLI04680,2025-01-01,1,2,-55.9
CLI04681,2022-11-01,1,2,-3.6
CLI04681,2024-01-01,0,0,28.2
CLI04681,2024-11-01,0,0,71.9
CLI04681,2025-02-01,0,2,25.2
CLI04681,2025-06-01,0,0,60.6
CLI04682,2025-03-01,2,1,-2.9
CLI04683,2025-03-01,0,0,-39.8
CLI04683,2025-10-01,0,1,67.1
CLI04684,2023-04-01,0,2,16.3
CLI04684,2025-09-01,3,0,-23.1
CLI04685,2023-09-01,0,0,46.6
CLI04685,2024-03-01,0,0,58.0
CLI04685,2024-04-01,0,1,72.6
CLI04685,2025-08-01,0,0,58.1
CLI04687,2022-12-01,0,0,79.0
CLI04687,2024-07-01,0,0,20.8
CLI04688,2023-07-01,0,0,51.6
CLI04688,2025-01-01,1,0,69.3
CLI04688,2025-08-01,1,1,-14.6
CLI04689,2024-03-01,0,0,31.0
CLI04689,2024-07-01,1,2,29.3
CLI04689,2024-08-01,0,1,84.8
CLI04689,2025-05-01,5,1,15.7
CLI04690,2024-02-01,0,1,30.9
CLI04690,2024-05-01,2,0,-7.9
CLI04691,2024-11-01,2,1,-18.3
CLI04692,2023-08-01,0,1,52.8
CLI04692,2023-10-01,0,0,53.4
CLI04692,2024-02-01,0,0,-7.5
CLI04693,2025-02-01,3,2,-3.6
CLI04694,2023-11-01,1,0,0.7
CLI04694,2024-02-01,1,0,13.6
CLI04694,2024-03-01,1,1,-23.0
CLI04694,2024-07-01,1,1,60.8
CLI04694,2025-08-01,1,1,31.8
CLI04695,2024-04-01,3,1,2.7
CLI04697,2024-11-01,2,0,20.9
CLI04697,2024-12-01,2,0,-37.2
CLI04697,2025-01-01,2,1,-36.5
CLI04698,2025-04-01,0,0,-33.5
CLI04699,2025-10-01,0,1,43.0
CLI04700,2024-06-01,0,2,58.4
CLI04700,2025-02-01,0,0,75.7
CLI04701,2024-11-01,0,1,64.4
CLI04701,2025-09-01,0,0,35.8
CLI04702,2025-07-01,1,1,-14.8
CLI04703,2025-05-01,3,1,-56.3
CLI04703,2025-11-01,0,0,42.8
CLI04704,2023-05-01,2,2,17.4
CLI04704,2024-11-01,0,1,42.3
CLI04704,2025-05-01,2,0,6.9
CLI04704,2025-06-01,3,2,-19.0
CLI04704,2025-08-01,3,0,53.5
CLI04705,2023-10-01,0,0,13.8
CLI04705,2024-10-01,1,3,40.4
CLI04706,2023-01-01,0,3,51.6
CLI04706,2023-03-01,0,0,86.3
CLI04706,2023-08-01,0,1,57.8
CLI04707,2023-10-01,0,0,87.1
CLI04707,2024-08-01,0,0,20.0
CLI04707,2024-11-01,0,2,-42.4
CLI04707,2024-12-01,0,5,-14.2
CLI04708,2023-03-01,0,0,55.4
CLI04708,2023-10-01,0,0,51.6
CLI04710,2023-11-01,1,4,47.0
CLI04710,2025-02-01,0,3,-38.7
CLI04710,2025-03-01,4,0,6.0
CLI04710,2025-04-01,0,1,-0.8
CLI04711,2024-03-01,0,1,43.2
CLI04711,2025-01-01,1,0,-23.4
CLI04711,2025-11-01,0,1,46.6
CLI04712,2025-08-01,0,1,20.4
CLI04712,2025-10-01,0,1,28.3
CLI04713,2025-02-01,1,1,75.9
CLI04714,2024-09-01,0,1,49.8
CLI04714,2024-10-01,0,0,34.9
CLI04714,2024-11-01,0,2,59.2
CLI04714,2025-07-01,1,1,15.5
CLI04715,2023-04-01,0,0,11.2
CLI04715,2024-02-01,0,0,53.6
CLI04715,2025-06-01,0,0,-53.9
CLI04716,2025-06-01,3,2,47.6
CLI04716,2025-08-01,3,1,-1.3
CLI04717,2025-04-01,0,0,22.1
CLI04718,2025-04-01,2,0,12.5
CLI04719,2024-02-01,0,0,64.4
CLI04719,2024-10-01,2,1,17.3
CLI04720,2024-01-01,0,0,10.3
CLI04720,2025-01-01,0,2,24.1
CLI04721,2022-11-01,0,0,20.4
CLI04721,2024-10-01,0,1,68.2
CLI04721,2025-04-01,0,1,-0.1
CLI04722,2025-05-01,2,0,-22.0
CLI04723,2025-08-01,1,1,-18.4
CLI04724,2023-12-01,2,0,-12.3
CLI04724,2024-01-01,4,0,-4.1
CLI04724,2025-04-01,0,0,90.3
CLI04725,2024-02-01,0,0,55.9
CLI04725,2024-12-01,0,0,-43.9
CLI04725,2025-03-01,0,1,51.4
CLI04726,2023-06-01,0,1,60.4
CLI04726,2024-12-01,0,0,54.1
CLI04727,2024-02-01,2,1,-7.5
CLI04727,2024-04-01,3,0,3.6
CLI04727,2025-08-01,0,0,7.6
CLI04727,2025-11-01,0,1,29.3
CLI04729,2023-11-01,0,0,87.5
CLI04729,2024-01-01,1,1,16.4
CLI04729,2024-02-01,1,2,-8.8
CLI04729,2024-03-01,0,2,-12.8
CLI04729,2025-11-01,0,0,70.3
CLI04730,2024-12-01,0,2,44.2
CLI04731,2024-09-01,3,1,-8.0
CLI04731,2024-11-01,3,1,17.6
CLI04731,2024-12-01,4,3,0.5
CLI04732,2024-08-01,0,1,50.0
CLI04732,2025-03-01,1,1,-47.6
CLI04733,2024-08-01,0,1,19.6
CLI04734,2024-02-01,1,1,36.7
CLI04734,2025-08-01,0,3,-5.9
CLI04735,2022-09-01,1,0,24.5
CLI04735,2023-11-01,0,1,16.9
CLI04735,2024-03-01,0,2,68.6
CLI04735,2024-09-01,0,1,56.2
CLI04735,2025-01-01,0,1,15.7
CLI04735,2025-03-01,1,2,-8.0
CLI04736,2023-02-01,0,0,51.2
CLI04736,2023-06-01,1,0,99.0
CLI04736,2024-10-01,1,3,-36.2
CLI04736,2025-03-01,1,1,61.8
CLI04736,2025-11-01,0,2,72.9
CLI04737,2023-04-01,1,0,83.0
CLI04737,2024-05-01,1,0,44.6
CLI04737,2024-11-01,0,2,27.3
CLI04737,2025-07-01,0,2,10.7
CLI04737,2025-08-01,2,0,72.5
CLI04737,2025-09-01,0,1,2.3
CLI04738,2025-08-01,2,1,1.5
CLI04739,2023-12-01,0,0,-23.1
CLI04739,2024-01-01,4,1,19.6
CLI04739,2024-11-01,0,1,26.9
CLI04740,2024-10-01,3,2,19.4
CLI04741,2023-06-01,0,0,94.5
CLI04741,2023-09-01,1,1,-11.5
CLI04741,2024-09-01,2,0,-22.7
CLI04741,2024-10-01,4,2,-3.6
CLI04742,2024-03-01,3,0,15.6
CLI04742,2024-12-01,0,1,52.4
CLI04743,2023-09-01,0,1,38.8
CLI04743,2024-06-01,0,2,42.4
CLI04743,2024-10-01,0,0,34.1
CLI04743,2024-11-01,0,0,55.6
CLI04744,2023-11-01,1,1,-26.5
CLI04744,2024-03-01,0,2,57.7
CLI04745,2022-09-01,0,0,16.7
CLI04745,2023-01-01,0,2,0.8
CLI04745,2023-09-01,0,0,33.3
CLI04745,2023-11-01,0,0,-16.3
CLI04745,2024-11-01,2,2,-91.7
CLI04745,2025-04-01,0,0,83.3
CLI04746,2023-10-01,3,0,15.6
CLI04746,2023-11-01,1,2,42.7
CLI04746,2024-06-01,0,1,35.1
CLI04746,2024-07-01,0,0,12.6
CLI04747,2023-01-01,0,1,14.8
CLI04747,2023-07-01,0,0,28.4
CLI04747,2025-06-01,3,0,-40.2
CLI04747,2025-08-01,0,1,-39.8
CLI04747,2025-09-01,2,1,16.5
CLI04748,2024-09-01,0,0,3.1
CLI04748,2025-04-01,2,0,45.4
CLI04749,2023-12-01,0,1,100.0
CLI04749,2025-03-01,4,0,4.2
CLI04749,2025-09-01,2,0,70.5
CLI04750,2023-05-01,1,0,27.9
CLI04750,2025-02-01,0,0,26.5
CLI04750,2025-06-01,0,1,1.9
CLI04750,2025-09-01,1,0,33.0
CLI04750,2025-12-01,0,0,21.3
CLI04751,2022-07-01,1,1,-11.4
CLI04751,2023-12-01,0,0,56.5
CLI04751,2024-07-01,1,0,44.7
CLI04752,2024-10-01,0,0,19.9
CLI04752,2024-11-01,5,3,15.1
CLI04752,2024-12-01,3,0,-0.5
CLI04752,2025-05-01,1,1,62.6
CLI04753,2023-08-01,2,1,-5.3
CLI04753,2023-09-01,2,2,11.9
CLI04753,2024-07-01,0,1,92.4
CLI04754,2025-07-01,0,2,29.2
CLI04755,2025-01-01,1,0,-31.6
CLI04755,2025-02-01,4,2,-18.7
CLI04755,2025-04-01,0,1,-28.5
CLI04755,2025-07-01,1,2,-14.5
CLI04757,2022-07-01,0,0,58.0
CLI04757,2023-01-01,0,1,88.8
CLI04758,2025-07-01,1,0,-44.3
CLI04760,2025-10-01,0,1,79.3
CLI04761,2025-01-01,3,1,1.6
CLI04762,2024-09-01,0,1,28.3
CLI04762,2025-04-01,2,1,-11.7
CLI04762,2025-06-01,1,1,-31.1
CLI04762,2025-11-01,0,1,10.2
CLI04763,2023-11-01,0,0,20.8
CLI04763,2024-07-01,0,1,36.1
CLI04763,2025-11-01,0,1,42.9
CLI04764,2024-01-01,0,0,57.3
CLI04764,2025-08-01,2,1,1.1
CLI04765,2023-08-01,0,1,73.6
CLI04765,2024-11-01,1,1,78.4
CLI04765,2025-03-01,0,2,81.9
CLI04765,2025-05-01,1,0,-30.0
CLI04767,2023-12-01,2,1,-20.1
CLI04769,2024-10-01,3,1,-28.6
CLI04769,2025-04-01,2,0,76.5
CLI04769,2025-08-01,0,0,79.5
CLI04769,2025-09-01,0,0,40.1
CLI04770,2023-10-01,1,0,18.6
CLI04771,2024-05-01,0,0,17.2
CLI04771,2025-07-01,0,2,76.6
CLI04772,2025-07-01,1,2,-80.5
CLI04773,2023-11-01,1,2,32.2
CLI04773,2025-02-01,1,0,25.5
CLI04773,2025-06-01,0,3,3.5
CLI04773,2025-08-01,3,0,-45.4
CLI04774,2023-07-01,0,1,100.0
CLI04774,2024-09-01,1,0,61.9
CLI04774,2024-11-01,0,0,34.3
CLI04774,2025-08-01,5,3,-25.3
CLI04775,2023-08-01,0,1,12.7
CLI04775,2024-01-01,2,0,2.0
CLI04776,2022-12-01,1,0,70.8
CLI04776,2023-07-01,0,0,49.4
CLI04776,2023-09-01,0,1,55.4
CLI04776,2024-12-01,0,1,14.6
CLI04776,2025-04-01,0,1,0.9
CLI04776,2025-05-01,1,0,27.1
CLI04776,2025-11-01,0,0,43.8
CLI04777,2024-03-01,0,0,52.5
CLI04777,2025-01-01,2,0,-9.2
CLI04777,2025-02-01,1,2,-17.7
CLI04777,2025-04-01,1,2,-6.0
CLI04778,2023-02-01,0,2,36.5
CLI04778,2025-01-01,0,1,-5.3
CLI04781,2023-09-01,2,1,0.2
CLI04781,2023-11-01,1,0,11.4
CLI04781,2024-02-01,1,0,44.6
CLI04781,2024-03-01,0,0,30.6
CLI04781,2025-03-01,0,1,71.8
CLI04782,2024-02-01,1,2,28.3
CLI04782,2025-01-01,2,0,67.5
CLI04783,2025-05-01,3,2,-47.4
CLI04783,2025-08-01,4,1,-36.2
CLI04784,2024-07-01,1,0,-18.7
CLI04784,2024-09-01,3,2,-49.9
CLI04785,2024-09-01,1,1,27.6
CLI04786,2025-02-01,2,2,75.3
CLI04787,2025-02-01,2,2,57.0
CLI04787,2025-06-01,2,1,48.0
CLI04788,2024-01-01,0,2,60.6
CLI04789,2024-05-01,0,2,58.9
CLI04789,2024-11-01,2,0,38.0
CLI04789,2025-01-01,1,1,-20.8
CLI04790,2024-02-01,1,1,58.8
CLI04790,2024-09-01,1,0,71.0
CLI04790,2025-01-01,0,0,45.5
CLI04790,2025-03-01,0,1,-50.4
CLI04790,2025-05-01,0,0,0.1
CLI04791,2023-11-01,0,1,74.2
CLI04792,2023-05-01,0,0,73.7
CLI04792,2023-11-01,0,2,76.0
CLI04792,2024-06-01,0,0,51.0
CLI04792,2024-09-01,1,0,34.4
CLI04792,2025-02-01,0,1,80.9
CLI04793,2024-03-01,0,0,64.5
CLI04793,2024-08-01,1,1,-12.4
CLI04793,2025-05-01,0,3,43.0
CLI04793,2025-06-01,0,0,55.9
CLI04794,2025-02-01,1,0,41.6
CLI04794,2025-03-01,1,1,-49.1
CLI04794,2025-04-01,5,1,-43.0
CLI04795,2023-11-01,0,0,49.5
CLI04796,2025-01-01,0,0,-46.4
CLI04796,2025-04-01,2,3,-29.2
CLI04797,2023-11-01,0,1,50.7
CLI04798,2023-05-01,0,0,74.5
CLI04798,2023-08-01,1,1,66.0
CLI04798,2023-11-01,0,1,12.7
CLI04798,2023-12-01,2,0,26.9
CLI04798,2024-11-01,0,0,77.6
CLI04798,2025-10-01,1,3,21.3
CLI04799,2025-02-01,1,2,-52.4
CLI04799,2025-05-01,4,1,-63.4
CLI04799,2025-11-01,0,0,36.0
CLI04800,2025-12-01,1,2,5.8
CLI04801,2023-12-01,0,2,54.4
CLI04801,2024-09-01,1,2,-76.1
CLI04801,2024-10-01,1,2,20.4
CLI04801,2024-11-01,3,3,-9.2
CLI04802,2024-04-01,0,1,17.9
CLI04802,2025-04-01,0,1,-13.1
CLI04803,2024-02-01,1,0,53.6
CLI04803,2024-03-01,0,0,62.8
CLI04803,2025-06-01,1,1,-28.6
CLI04803,2025-09-01,0,3,88.3
CLI04804,2024-07-01,0,1,99.8
CLI04805,2025-04-01,0,0,48.2
CLI04806,2024-06-01,0,2,-39.3
CLI04807,2024-04-01,0,0,35.2
CLI04807,2024-07-01,0,1,14.0
CLI04809,2024-11-01,1,0,-56.8
CLI04811,2022-12-01,0,2,-22.0
CLI04811,2024-01-01,0,0,51.5
CLI04811,2024-12-01,4,3,-0.6
CLI04813,2024-01-01,1,2,-18.5
CLI04813,2024-03-01,1,1,-2.4
CLI04813,2024-07-01,0,0,49.3
CLI04814,2024-06-01,0,0,50.4
CLI04814,2024-12-01,0,0,53.9
CLI04814,2025-05-01,1,0,59.0
CLI04814,2025-11-01,0,1,27.1
CLI04815,2024-06-01,3,0,-35.2
CLI04815,2025-02-01,0,1,92.0
CLI04816,2023-05-01,0,3,44.3
CLI04816,2024-01-01,1,3,-17.5
CLI04816,2024-02-01,1,2,-100.0
CLI04817,2025-06-01,1,1,50.1
CLI04818,2025-05-01,1,2,12.1
CLI04818,2025-06-01,1,1,-37.3
CLI04818,2025-07-01,4,2,65.1
CLI04819,2023-07-01,0,1,53.3
CLI04819,2025-01-01,0,0,10.7
CLI04819,2025-09-01,0,0,66.1
CLI04820,2024-03-01,2,0,-17.6
CLI04820,2024-04-01,4,3,-24.1
CLI04820,2024-06-01,2,1,-29.3
CLI04820,2025-07-01,0,0,56.1
CLI04821,2022-05-01,1,1,30.4
CLI04821,2024-11-01,5,1,-13.6
CLI04822,2022-11-01,0,0,49.9
CLI04822,2023-09-01,0,0,51.2
CLI04822,2024-03-01,0,0,73.1
CLI04822,2024-06-01,0,2,22.9
CLI04822,2024-09-01,1,1,28.6
CLI04823,2024-06-01,0,2,30.6
CLI04823,2025-01-01,0,0,55.8
CLI04823,2025-04-01,1,1,16.9
CLI04823,2025-05-01,2,1,-5.4
CLI04823,2025-07-01,0,1,-16.6
CLI04824,2022-08-01,0,0,29.5
CLI04824,2025-07-01,3,1,-20.3
CLI04824,2025-08-01,1,0,-27.0
CLI04824,2025-09-01,2,1,-59.3
CLI04825,2024-10-01,0,2,54.8
CLI04826,2024-09-01,0,0,50.7
CLI04826,2025-02-01,1,2,-55.1
CLI04828,2024-11-01,2,2,-1.0
CLI04828,2024-12-01,1,2,-73.8
CLI04829,2025-05-01,1,2,-20.7
CLI04829,2025-06-01,0,0,-7.0
CLI04829,2025-11-01,0,1,48.2
CLI04830,2023-03-01,0,1,18.7
CLI04830,2023-04-01,1,1,25.7
CLI04830,2023-07-01,0,0,64.5
CLI04830,2025-01-01,0,2,80.9
CLI04831,2024-02-01,0,1,40.3
CLI04831,2025-02-01,2,2,-20.0
CLI04831,2025-04-01,3,1,-0.4
CLI04831,2025-05-01,0,1,-13.2
CLI04832,2022-12-01,0,0,45.3
CLI04832,2023-03-01,0,2,26.2
CLI04832,2024-08-01,0,1,7.7
CLI04832,2025-07-01,4,2,-64.9
CLI04833,2024-10-01,2,1,18.5
CLI04833,2025-05-01,1,1,-22.3
CLI04833,2025-06-01,1,1,-16.5
CLI04834,2023-02-01,4,1,-22.1
CLI04834,2023-08-01,0,2,36.9
CLI04834,2025-11-01,1,0,82.7
CLI04835,2023-11-01,0,0,52.9
CLI04835,2024-03-01,0,2,31.3
CLI04835,2025-04-01,2,0,20.3
CLI04835,2025-05-01,3,2,-16.2
CLI04836,2023-01-01,0,1,64.1
CLI04836,2024-07-01,0,0,57.7
CLI04836,2025-08-01,1,1,-18.1
CLI04837,2024-11-01,1,0,-23.4
CLI04837,2024-12-01,0,0,42.8
CLI04837,2025-06-01,0,0,70.1
CLI04838,2023-03-01,0,0,55.6
CLI04838,2024-07-01,0,0,29.1
CLI04838,2025-02-01,1,0,0.7
CLI04839,2025-06-01,0,0,7.1
CLI04839,2025-09-01,1,0,-10.4
CLI04839,2025-12-01,1,2,14.3
CLI04840,2023-06-01,0,1,54.2
CLI04840,2024-07-01,2,2,-62.3
CLI04840,2024-08-01,1,2,-84.1
CLI04840,2024-12-01,1,1,40.4
CLI04840,2025-03-01,0,2,33.4
CLI04840,2025-11-01,0,0,73.5
CLI04841,2023-12-01,1,1,67.4
CLI04841,2025-03-01,3,1,-9.8
CLI04841,2025-05-01,0,1,22.4
CLI04841,2025-06-01,1,2,71.0
CLI04844,2023-06-01,0,2,54.0
CLI04845,2024-08-01,0,0,42.6
CLI04845,2025-02-01,2,1,4.3
CLI04845,2025-03-01,0,1,-22.5
CLI04845,2025-05-01,5,2,-16.4
CLI04845,2025-11-01,1,0,65.5
CLI04846,2023-01-01,1,0,46.8
CLI04846,2024-06-01,1,0,-45.1
CLI04846,2024-07-01,4,1,-23.2
CLI04847,2024-01-01,0,1,52.2
CLI04847,2024-09-01,0,0,-4.9
CLI04847,2025-01-01,3,0,-7.1
CLI04848,2024-08-01,0,0,31.6
CLI04848,2025-05-01,3,0,-31.1
CLI04848,2025-06-01,4,0,-25.7
CLI04849,2025-02-01,1,2,-23.2
CLI04849,2025-03-01,2,0,22.1
CLI04850,2024-11-01,2,4,8.1
CLI04851,2023-01-01,1,2,35.0
CLI04851,2023-09-01,0,0,59.6
CLI04851,2025-05-01,0,0,-28.7
CLI04851,2025-08-01,1,0,14.8
CLI04851,2025-10-01,0,2,69.4
CLI04851,2025-12-01,0,1,-10.6
CLI04852,2023-02-01,1,0,51.7
CLI04852,2025-06-01,2,1,-23.1
CLI04852,2025-11-01,0,2,28.8
CLI04853,2023-06-01,0,1,66.5
CLI04853,2025-11-01,0,1,53.4
CLI04854,2024-07-01,1,0,-35.7
CLI04854,2024-08-01,2,1,-53.7
CLI04854,2024-10-01,0,3,14.2
CLI04854,2025-08-01,0,2,92.6
CLI04855,2023-09-01,0,0,49.5
CLI04855,2024-05-01,0,1,17.8
CLI04856,2024-06-01,3,1,-28.1
CLI04856,2024-08-01,2,1,-8.6
CLI04857,2024-06-01,0,0,54.1
CLI04857,2024-07-01,0,1,71.4
CLI04857,2025-04-01,1,0,1.4
CLI04857,2025-06-01,0,1,49.7
CLI04858,2023-03-01,0,0,97.4
CLI04858,2025-03-01,2,1,-18.4
CLI04859,2022-10-01,1,0,46.6
CLI04859,2024-07-01,0,1,60.2
CLI04859,2025-06-01,1,0,70.8
CLI04860,2024-08-01,0,0,88.7
CLI04860,2024-11-01,0,0,59.2
CLI04860,2025-01-01,3,3,21.3
CLI04861,2024-11-01,2,2,-14.4
CLI04861,2024-12-01,2,0,7.7
CLI04862,2023-05-01,1,0,-9.3
CLI04862,2023-08-01,0,2,-3.2
CLI04862,2025-01-01,0,1,41.1
CLI04863,2024-04-01,0,0,52.2
CLI04863,2024-10-01,0,1,44.7
CLI04863,2025-07-01,0,3,68.7
CLI04864,2023-07-01,0,0,83.5
CLI04864,2025-03-01,0,1,55.5
CLI04865,2023-06-01,0,0,55.9
CLI04865,2023-08-01,0,0,100.0
CLI04865,2024-06-01,0,1,-7.2
CLI04865,2024-07-01,0,1,9.7
CLI04866,2022-10-01,1,2,-32.3
CLI04866,2023-02-01,1,0,14.6
CLI04866,2024-11-01,1,1,52.6
CLI04866,2025-02-01,0,0,54.7
CLI04867,2022-09-01,0,0,59.8
CLI04867,2023-03-01,0,0,22.6
CLI04867,2023-04-01,0,1,34.3
CLI04867,2025-06-01,0,0,-51.7
CLI04868,2024-02-01,0,1,59.2
CLI04869,2022-12-01,0,1,75.6
CLI04869,2025-03-01,2,2,-32.1
CLI04870,2023-08-01,1,0,89.0
CLI04871,2025-03-01,0,1,72.5
CLI04873,2025-11-01,0,1,-17.2
CLI04874,2023-05-01,0,1,8.7
CLI04874,2024-03-01,0,1,19.9
CLI04874,2024-04-01,0,1,29.3
CLI04874,2025-11-01,0,1,60.9
CLI04876,2025-10-01,0,0,35.2
CLI04877,2025-03-01,0,1,45.3
CLI04877,2025-11-01,0,1,60.1
CLI04878,2024-05-01,0,1,44.1
CLI04878,2024-10-01,0,0,36.0
CLI04878,2025-01-01,0,0,15.3
CLI04879,2024-09-01,0,0,35.0
CLI04879,2025-04-01,0,1,5.7
CLI04879,2025-12-01,0,1,47.4
CLI04880,2023-04-01,1,0,17.5
CLI04880,2023-05-01,1,0,-14.7
CLI04880,2023-06-01,1,1,6.3
CLI04880,2024-02-01,0,0,39.7
CLI04881,2023-01-01,0,0,63.1
CLI04881,2024-06-01,0,2,58.0
CLI04881,2025-04-01,0,2,59.4
CLI04881,2025-11-01,1,1,78.7
CLI04882,2024-03-01,0,1,-28.1
CLI04882,2024-05-01,2,0,-8.8
CLI04882,2025-05-01,2,0,65.3
CLI04883,2023-01-01,0,1,7.6
CLI04883,2023-12-01,0,1,44.0
CLI04883,2024-09-01,0,1,95.6
CLI04883,2025-01-01,0,0,24.0
CLI04883,2025-07-01,4,0,1.7
CLI04884,2025-03-01,0,1,35.7
CLI04885,2023-09-01,0,1,42.6
CLI04885,2024-10-01,2,1,-3.7
CLI04885,2025-01-01,0,1,32.5
CLI04885,2025-05-01,0,0,54.5
CLI04885,2025-11-01,0,1,69.5
CLI04886,2023-09-01,3,0,-49.1
CLI04886,2023-10-01,0,2,30.9
CLI04886,2023-11-01,2,2,7.3
CLI04886,2023-12-01,0,1,-32.6
CLI04886,2025-09-01,1,1,22.3
CLI04886,2025-12-01,0,1,40.0
CLI04887,2025-04-01,2,1,-7.9
CLI04887,2025-07-01,0,0,51.2
CLI04888,2023-06-01,0,1,54.4
CLI04888,2024-01-01,1,1,38.5
CLI04888,2024-02-01,4,1,-31.4
CLI04888,2024-08-01,0,0,30.4
CLI04890,2022-06-01,0,0,78.4
CLI04890,2024-09-01,0,1,50.6
CLI04890,2025-03-01,1,1,27.2
CLI04890,2025-05-01,1,2,-6.0
CLI04891,2025-05-01,2,2,-0.8
CLI04891,2025-11-01,0,1,98.1
CLI04891,2025-12-01,0,0,19.3
CLI04892,2023-02-01,0,1,49.7
CLI04892,2024-05-01,0,0,36.0
CLI04892,2025-06-01,0,2,-21.3
CLI04892,2025-07-01,1,1,-20.6
CLI04893,2024-12-01,2,1,-17.0
CLI04895,2024-09-01,0,1,29.0
CLI04896,2023-02-01,0,0,60.0
CLI04896,2024-01-01,0,0,49.1
CLI04896,2024-04-01,0,0,42.3
CLI04896,2025-07-01,0,1,7.3
CLI04896,2025-11-01,0,1,18.7
CLI04896,2025-12-01,1,1,56.3
CLI04897,2024-09-01,0,0,-20.9
CLI04898,2025-05-01,2,1,-31.2
CLI04898,2025-07-01,0,0,-41.8
CLI04898,2025-08-01,1,2,7.9
CLI04898,2025-12-01,0,2,52.3
CLI04899,2024-06-01,0,1,25.2
CLI04900,2023-09-01,3,1,20.0
CLI04900,2023-10-01,1,1,-6.0
CLI04900,2024-04-01,0,1,41.4
CLI04901,2023-03-01,0,0,11.0
CLI04901,2023-07-01,2,1,27.9
CLI04901,2023-10-01,0,1,73.1
CLI04901,2025-09-01,0,0,73.0
CLI04902,2024-03-01,0,1,22.2
CLI04902,2024-12-01,0,0,74.9
CLI04902,2025-09-01,0,0,60.2
CLI04903,2023-12-01,1,1,40.3
CLI04903,2025-04-01,3,0,-19.3
CLI04904,2023-12-01,1,0,32.4
CLI04904,2024-05-01,1,1,24.8
CLI04904,2025-03-01,1,1,43.6
CLI04904,2025-04-01,0,1,3.9
CLI04905,2024-04-01,0,3,63.5
CLI04906,2025-02-01,0,0,15.5
CLI04907,2024-05-01,0,1,37.1
CLI04907,2024-09-01,1,1,-46.8
CLI04907,2025-02-01,0,2,6.8
CLI04909,2023-07-01,2,2,32.9
CLI04909,2025-10-01,0,1,33.6
CLI04910,2024-04-01,0,0,62.6
CLI04910,2025-04-01,3,1,-21.7
CLI04910,2025-09-01,0,1,21.8
CLI04911,2023-08-01,2,0,77.3
CLI04911,2024-05-01,0,0,21.8
CLI04911,2024-11-01,1,2,-11.9
CLI04911,2025-05-01,0,0,42.8
CLI04912,2024-12-01,0,1,64.3
CLI04912,2025-02-01,1,1,1.4
CLI04912,2025-04-01,1,2,-34.4
CLI04913,2023-11-01,0,1,-3.0
CLI04913,2025-02-01,0,0,24.4
CLI04914,2025-03-01,1,1,29.9
CLI04914,2025-06-01,2,0,-14.6
CLI04915,2023-08-01,0,1,33.0
CLI04915,2024-11-01,0,0,71.4
CLI04916,2023-05-01,0,0,39.7
CLI04916,2024-02-01,1,0,100.0
CLI04916,2024-05-01,0,0,25.6
CLI04916,2025-01-01,1,3,-20.3
CLI04917,2023-07-01,0,1,2.7
CLI04917,2025-04-01,2,2,-9.4
CLI04917,2025-06-01,2,2,18.5
CLI04917,2025-10-01,0,0,48.1
CLI04917,2025-11-01,2,0,90.4
CLI04918,2024-02-01,0,1,53.2
CLI04918,2024-05-01,1,2,-10.8
CLI04919,2024-11-01,1,1,43.4
CLI04919,2025-02-01,2,3,-10.0
CLI04919,2025-03-01,0,1,-21.3
CLI04920,2024-11-01,2,0,14.5
CLI04921,2023-09-01,0,1,93.0
CLI04921,2024-06-01,0,0,87.0
CLI04922,2023-09-01,0,1,57.2
CLI04922,2024-11-01,0,1,69.5
CLI04922,2025-05-01,4,0,-6.3
CLI04922,2025-09-01,1,0,30.0
CLI04923,2023-02-01,0,2,98.9
CLI04923,2023-10-01,0,2,45.5
CLI04923,2024-05-01,1,0,54.5
CLI04923,2024-12-01,0,0,35.9
CLI04923,2025-04-01,0,0,-19.9
CLI04924,2025-01-01,2,2,-60.8
CLI04924,2025-04-01,2,0,62.4
CLI04925,2024-07-01,0,0,47.4
CLI04925,2025-03-01,1,1,-39.3
CLI04926,2024-10-01,1,0,19.3
CLI04926,2024-12-01,0,0,2.1
CLI04926,2025-01-01,3,1,6.1
CLI04927,2024-09-01,0,1,100.0
CLI04927,2025-07-01,2,0,48.9
CLI04927,2025-08-01,2,0,-9.3
CLI04928,2024-04-01,2,0,-30.5
CLI04928,2024-07-01,0,0,-30.4
CLI04928,2024-08-01,0,1,73.2
CLI04928,2025-10-01,0,0,85.5
CLI04930,2023-11-01,0,1,78.5
CLI04930,2025-11-01,0,0,49.9
CLI04931,2023-10-01,1,0,72.4
CLI04931,2024-01-01,0,0,21.6
CLI04931,2024-04-01,0,0,72.9
CLI04932,2024-04-01,0,2,17.2
CLI04932,2024-08-01,0,1,42.0
CLI04932,2025-02-01,0,3,-27.4
CLI04932,2025-03-01,1,0,-12.6
CLI04933,2024-08-01,2,0,1.7
CLI04933,2025-03-01,0,3,-4.3
CLI04933,2025-04-01,1,1,-41.4
CLI04935,2023-04-01,0,0,100.0
CLI04935,2023-08-01,0,0,14.8
CLI04935,2025-07-01,0,1,78.8
CLI04936,2022-06-01,0,0,20.2
CLI04936,2024-02-01,0,0,26.1
CLI04936,2024-10-01,1,0,9.9
CLI04937,2024-01-01,0,2,63.3
CLI04937,2025-04-01,1,0,-10.8
CLI04938,2023-04-01,0,0,-6.0
CLI04938,2024-09-01,0,1,21.8
CLI04938,2025-03-01,0,0,62.4
CLI04938,2025-04-01,4,1,7.9
CLI04939,2025-04-01,3,2,19.2
CLI04939,2025-05-01,3,4,13.4
CLI04939,2025-08-01,0,0,83.6
CLI04940,2022-07-01,0,1,19.0
CLI04940,2022-11-01,1,0,63.0
CLI04940,2024-04-01,0,1,72.9
CLI04940,2024-10-01,0,2,-25.6
CLI04941,2024-12-01,0,0,26.1
CLI04942,2025-02-01,4,2,-32.4
CLI04942,2025-04-01,3,2,-62.9
CLI04943,2024-01-01,0,1,46.3
CLI04943,2025-06-01,4,2,-5.0
CLI04944,2022-12-01,0,2,95.0
CLI04944,2024-02-01,0,0,77.0
CLI04944,2025-04-01,0,1,28.6
CLI04945,2023-10-01,0,0,84.1
CLI04945,2025-05-01,2,0,-8.7
CLI04946,2025-01-01,3,5,-30.1
CLI04946,2025-07-01,0,1,79.3
CLI04947,2023-06-01,0,1,6.8
CLI04947,2024-05-01,2,0,7.4
CLI04948,2023-03-01,1,0,53.4
CLI04948,2023-10-01,2,1,3.4
CLI04948,2024-06-01,0,2,56.6
CLI04949,2023-11-01,0,0,53.6
CLI04949,2024-02-01,2,0,-51.2
CLI04949,2024-03-01,1,1,11.6
CLI04949,2025-11-01,0,1,78.7
CLI04950,2023-08-01,0,0,67.9
CLI04950,2024-04-01,1,2,21.4
CLI04950,2024-05-01,2,0,-65.2
CLI04950,2024-07-01,3,1,27.4
CLI04950,2024-12-01,0,0,-2.7
CLI04950,2025-01-01,0,0,50.6
CLI04951,2023-10-01,2,0,9.1
CLI04951,2024-06-01,1,1,46.7
CLI04951,2025-07-01,0,0,54.6
CLI04952,2025-07-01,1,0,74.3
CLI04953,2023-03-01,1,0,34.6
CLI04953,2024-03-01,0,0,100.0
CLI04954,2023-05-01,0,0,-18.3
CLI04954,2024-12-01,0,0,65.1
CLI04954,2025-07-01,0,3,29.5
CLI04955,2024-11-01,0,1,25.9
CLI04955,2025-08-01,0,2,62.6
CLI04956,2023-12-01,0,0,24.5
CLI04956,2024-09-01,0,0,44.3
CLI04956,2024-10-01,1,1,-45.3
CLI04956,2024-11-01,3,0,12.2
CLI04957,2023-08-01,0,1,75.2
CLI04957,2023-12-01,1,1,52.0
CLI04957,2024-04-01,4,0,0.4
CLI04958,2023-09-01,0,0,55.4
CLI04958,2024-02-01,0,0,74.9
CLI04958,2024-12-01,0,1,-39.8
CLI04958,2025-02-01,3,1,-19.7
CLI04958,2025-11-01,0,0,40.9
CLI04959,2024-03-01,0,0,73.0
CLI04959,2024-10-01,0,2,24.9
CLI04959,2025-08-01,1,3,-16.9
CLI04961,2023-03-01,0,1,23.8
CLI04962,2025-10-01,0,0,31.6
CLI04963,2024-05-01,1,0,-7.8
CLI04964,2024-12-01,3,1,-8.0
CLI04965,2023-07-01,0,1,32.1
CLI04965,2024-12-01,0,0,42.8
CLI04965,2025-12-01,0,0,20.5
CLI04966,2023-12-01,0,0,38.0
CLI04966,2024-04-01,1,2,65.5
CLI04966,2024-10-01,1,1,18.5
CLI04966,2025-03-01,0,2,19.4
CLI04967,2023-06-01,0,0,39.2
CLI04967,2024-08-01,2,1,-35.6
CLI04969,2023-11-01,0,3,-2.4
CLI04971,2022-10-01,0,1,97.8
CLI04971,2023-06-01,0,1,25.2
CLI04971,2024-01-01,0,0,52.1
CLI04971,2024-11-01,3,1,59.9
CLI04972,2025-07-01,0,0,27.3
CLI04973,2025-04-01,0,0,20.4
CLI04974,2024-10-01,1,0,14.4
CLI04976,2022-03-01,0,0,100.0
CLI04976,2023-01-01,1,0,6.7
CLI04976,2023-04-01,0,1,22.1
CLI04976,2025-01-01,4,0,0.1
CLI04977,2025-05-01,3,0,-27.4
CLI04977,2025-07-01,3,2,-54.7
CLI04977,2025-09-01,0,1,26.4
CLI04978,2024-11-01,0,0,26.4
CLI04978,2025-12-01,0,0,47.1
CLI04979,2023-12-01,0,0,21.3
CLI04979,2024-03-01,0,0,100.0
CLI04979,2024-08-01,1,2,29.8
CLI04980,2023-09-01,0,2,28.8
CLI04980,2024-07-01,1,1,32.4
CLI04980,2025-06-01,2,1,-13.0
CLI04980,2025-08-01,1,2,-21.1
CLI04981,2023-03-01,0,0,10.4
CLI04982,2024-05-01,0,1,38.4
CLI04982,2025-04-01,4,3,-4.7
CLI04982,2025-09-01,1,1,46.6
CLI04983,2024-07-01,1,3,-14.2
CLI04983,2024-09-01,1,1,-40.0
CLI04983,2024-12-01,0,0,32.5
CLI04983,2025-03-01,0,0,46.4
CLI04983,2025-07-01,0,0,57.6
CLI04984,2023-05-01,1,0,74.6
CLI04984,2025-02-01,2,3,10.8
CLI04984,2025-03-01,4,1,-5.9
CLI04984,2025-07-01,0,2,75.1
CLI04985,2024-10-01,1,1,6.5
CLI04986,2025-05-01,2,3,6.4
CLI04987,2024-04-01,0,2,5.5
CLI04987,2025-11-01,3,0,73.5
CLI04988,2024-02-01,0,2,30.2
CLI04988,2024-11-01,1,0,53.9
CLI04989,2024-07-01,0,1,18.6
CLI04989,2025-06-01,0,4,-32.1
CLI04989,2025-08-01,1,2,46.8
CLI04989,2025-09-01,1,0,-7.5
CLI04990,2022-10-01,0,0,31.5
CLI04990,2023-04-01,0,1,15.1
CLI04990,2024-07-01,3,2,26.2
CLI04990,2024-09-01,6,1,-56.1
CLI04991,2022-02-01,1,0,58.0
CLI04991,2022-11-01,0,0,34.4
CLI04991,2023-02-01,0,1,47.7
CLI04991,2023-11-01,0,0,62.1
CLI04991,2024-10-01,3,5,-60.5
CLI04991,2024-11-01,1,1,-20.3
CLI04991,2024-12-01,2,1,23.6
CLI04991,2025-09-01,0,1,57.8
CLI04992,2024-02-01,0,0,49.0
CLI04992,2025-04-01,4,1,-37.4
CLI04992,2025-05-01,1,2,0.5
CLI04992,2025-12-01,0,1,65.2
CLI04993,2025-12-01,1,0,31.0
CLI04994,2024-01-01,2,1,9.0
CLI04994,2024-07-01,0,0,97.9
CLI04994,2025-04-01,1,2,39.8
CLI04994,2025-05-01,2,0,-48.5
CLI04995,2023-02-01,0,2,11.6
CLI04996,2023-03-01,0,2,75.1
CLI04996,2023-11-01,2,0,10.2
CLI04996,2023-12-01,0,0,11.8
CLI04997,2025-05-01,0,2,-52.5
CLI04998,2023-10-01,0,1,30.7
CLI04998,2024-08-01,1,0,39.4
CLI04998,2024-11-01,2,1,12.3
CLI04999,2023-10-01,1,0,44.2
CLI04999,2024-08-01,2,2,-52.4
CLI04999,2025-07-01,0,3,92.9
CLI05000,2024-06-01,0,3,49.2
CLI05000,2025-03-01,1,2,-14.0
CLI05001,2024-11-01,0,1,36.4
CLI05001,2025-02-01,0,0,61.3
CLI05001,2025-06-01,0,1,-57.8
CLI05001,2025-07-01,2,3,-71.7
CLI05002,2023-04-01,1,0,46.1
CLI05002,2024-09-01,1,0,7.4
CLI05002,2025-02-01,0,0,28.4
CLI05002,2025-12-01,1,1,-19.4
CLI05003,2022-12-01,1,1,30.4
CLI05003,2024-05-01,0,1,40.6
CLI05003,2024-11-01,3,1,16.3
CLI05003,2024-12-01,4,0,-21.3
CLI05005,2024-06-01,0,1,44.3
CLI05006,2023-10-01,0,1,32.6
CLI05006,2024-01-01,0,2,60.5
CLI05006,2024-07-01,0,0,75.2
CLI05007,2023-03-01,1,1,68.3
CLI05007,2024-10-01,0,0,58.5
CLI05008,2022-11-01,0,1,28.2
CLI05008,2023-11-01,0,0,55.1
CLI05008,2025-02-01,0,0,-23.6
CLI05010,2023-06-01,0,2,77.1
CLI05010,2025-06-01,2,1,-32.8
CLI05010,2025-07-01,0,0,-32.1
CLI05010,2025-08-01,0,1,29.7
CLI05010,2025-09-01,1,0,-10.6
CLI05011,2024-12-01,0,1,-23.7
CLI05014,2023-01-01,1,1,54.1
CLI05014,2023-08-01,0,1,0.2
CLI05014,2024-03-01,0,1,71.9
CLI05014,2024-12-01,3,1,-42.9
CLI05014,2025-01-01,1,0,18.7
CLI05014,2025-03-01,0,2,41.0
CLI05014,2025-12-01,0,1,69.1
CLI05015,2024-06-01,1,1,37.8
CLI05015,2024-09-01,2,0,-36.7
CLI05016,2023-08-01,1,0,26.0
CLI05016,2024-08-01,0,0,3.7
CLI05016,2025-03-01,0,0,-38.5
CLI05017,2025-03-01,1,0,-26.2
CLI05018,2022-10-01,0,3,53.8
CLI05018,2022-12-01,1,0,74.1
CLI05018,2023-04-01,0,1,87.1
CLI05019,2025-03-01,0,0,-48.3
CLI05020,2023-02-01,1,0,87.9
CLI05020,2024-05-01,1,2,61.5
CLI05020,2024-09-01,2,2,-70.0
CLI05020,2024-10-01,2,0,-14.6
CLI05022,2024-09-01,4,2,-45.2
CLI05022,2024-10-01,0,0,-14.1
CLI05022,2025-01-01,0,1,2.2
CLI05023,2022-09-01,0,0,38.2
CLI05023,2023-08-01,0,1,-15.4
CLI05023,2023-11-01,0,1,39.8
CLI05024,2025-02-01,1,0,22.9
CLI05024,2025-05-01,1,1,-35.0
CLI05025,2022-11-01,0,2,7.0
CLI05025,2025-02-01,1,0,-53.9
CLI05025,2025-07-01,0,0,40.0
CLI05026,2023-10-01,0,0,93.8
CLI05028,2023-07-01,1,1,3.1
CLI05028,2024-07-01,0,1,71.6
CLI05029,2023-04-01,0,1,61.4
CLI05029,2025-05-01,2,2,9.7
CLI05030,2025-06-01,0,1,61.7
CLI05031,2023-11-01,0,1,34.1
CLI05031,2024-12-01,0,1,65.2
CLI05032,2024-04-01,1,1,33.6
CLI05032,2024-09-01,0,1,-2.8
CLI05033,2023-06-01,1,2,29.6
CLI05033,2025-02-01,1,2,0.8
CLI05034,2024-11-01,0,0,70.5
CLI05034,2025-01-01,0,1,38.0
CLI05034,2025-03-01,1,2,47.8
CLI05035,2023-07-01,0,0,54.8
CLI05035,2024-07-01,2,1,37.8
CLI05035,2025-02-01,1,1,-32.2
CLI05035,2025-03-01,0,0,-26.4
CLI05036,2025-06-01,2,0,31.1
CLI05036,2025-09-01,1,2,6.3
CLI05037,2024-05-01,1,1,37.5
CLI05038,2023-05-01,0,0,23.5
CLI05038,2024-03-01,0,2,-13.2
CLI05038,2025-04-01,1,2,-27.0
CLI05039,2023-12-01,0,0,30.0
CLI05039,2024-09-01,2,0,-52.2
CLI05040,2024-07-01,1,0,-2.5
CLI05040,2025-01-01,1,1,11.5
CLI05040,2025-03-01,3,3,31.6
CLI05041,2023-12-01,0,0,8.4
CLI05041,2025-02-01,1,1,30.3
CLI05042,2025-05-01,2,1,-4.1
CLI05043,2024-12-01,1,1,-6.8
CLI05043,2025-01-01,2,0,-26.4
CLI05043,2025-02-01,4,1,27.1
CLI05043,2025-12-01,0,1,30.8
CLI05045,2025-08-01,0,4,3.3
CLI05046,2024-03-01,0,2,37.5
CLI05046,2024-07-01,1,0,-15.9
CLI05046,2024-08-01,1,1,-3.0
CLI05046,2025-01-01,0,0,33.7
CLI05047,2025-02-01,2,1,-73.7
CLI05047,2025-05-01,0,1,54.4
CLI05048,2024-04-01,0,0,23.3
CLI05048,2024-07-01,0,0,84.2
CLI05048,2025-06-01,0,0,-58.8
CLI05049,2024-03-01,0,0,79.8
CLI05049,2025-12-01,0,0,66.4
CLI05051,2023-12-01,0,2,39.9
CLI05051,2024-03-01,0,0,30.7
CLI05051,2024-06-01,1,0,-32.4
CLI05051,2024-08-01,0,1,-2.1
CLI05051,2025-01-01,1,0,60.5
CLI05051,2025-11-01,0,1,7.9
CLI05054,2025-02-01,1,0,33.5
CLI05055,2023-09-01,0,2,25.6
CLI05055,2023-11-01,0,0,29.4
CLI05055,2024-02-01,0,1,75.5
CLI05055,2024-05-01,0,0,29.2
CLI05055,2024-12-01,2,0,9.1
CLI05056,2023-06-01,0,0,8.4
CLI05056,2024-11-01,0,0,23.6
CLI05056,2025-01-01,3,1,-67.9
CLI05056,2025-03-01,3,2,-33.6
CLI05058,2024-08-01,0,1,39.9
CLI05058,2024-11-01,1,1,99.1
CLI05058,2025-11-01,0,0,40.4
CLI05059,2024-05-01,0,1,-30.5
CLI05059,2024-08-01,1,3,-19.5
CLI05059,2025-02-01,0,1,45.8
CLI05060,2023-11-01,0,0,8.4
CLI05060,2023-12-01,0,1,85.6
CLI05060,2024-07-01,1,1,-25.6
CLI05060,2024-08-01,3,1,-12.0
CLI05061,2022-07-01,0,0,86.7
CLI05061,2022-11-01,0,0,67.6
CLI05061,2023-11-01,0,0,39.3
CLI05061,2023-12-01,0,0,43.2
CLI05061,2024-07-01,0,3,61.3
CLI05061,2025-02-01,0,1,-4.2
CLI05062,2023-06-01,1,0,73.5
CLI05062,2023-09-01,3,1,-28.5
CLI05062,2023-11-01,2,1,32.5
CLI05062,2025-05-01,0,0,-26.3
CLI05063,2022-09-01,0,0,57.6
CLI05063,2023-04-01,0,0,48.8
CLI05063,2024-09-01,0,1,66.9
CLI05063,2025-03-01,1,0,-33.2
CLI05064,2024-08-01,2,0,-49.1
CLI05065,2024-01-01,2,1,-2.4
CLI05065,2025-08-01,0,1,37.5
CLI05066,2022-04-01,0,1,22.1
CLI05066,2023-10-01,1,0,6.5
CLI05067,2024-01-01,2,3,-42.8
CLI05068,2025-01-01,0,1,38.2
CLI05068,2025-05-01,0,1,-39.9
CLI05068,2025-07-01,3,0,-28.9
CLI05069,2025-10-01,1,1,40.3
CLI05070,2024-02-01,0,0,42.5
CLI05070,2025-06-01,1,1,11.6
CLI05072,2023-01-01,0,0,32.6
CLI05072,2024-03-01,0,1,44.6
CLI05072,2025-07-01,0,1,39.6
CLI05072,2025-10-01,0,1,93.6
CLI05073,2023-08-01,0,2,56.0
CLI05073,2023-12-01,0,0,34.7
CLI05073,2024-02-01,1,1,23.5
CLI05073,2025-03-01,2,0,17.2
CLI05073,2025-05-01,0,0,-44.2
CLI05074,2024-04-01,1,2,49.8
CLI05074,2024-06-01,0,0,-2.2
CLI05074,2024-07-01,2,2,-12.6
CLI05074,2024-12-01,0,0,70.3
CLI05074,2025-02-01,0,0,25.7
CLI05075,2025-02-01,0,2,94.6
CLI05075,2025-06-01,1,0,-28.9
CLI05075,2025-09-01,0,2,34.2
CLI05077,2024-07-01,0,1,48.8
CLI05077,2024-09-01,0,2,11.9
CLI05077,2024-11-01,0,1,16.2
CLI05077,2025-08-01,3,0,-19.5
CLI05078,2023-05-01,1,2,35.3
CLI05078,2025-06-01,1,1,60.6
CLI05079,2024-05-01,1,1,0.4
CLI05079,2024-06-01,4,1,12.9
CLI05079,2025-04-01,0,2,17.7
CLI05080,2023-05-01,0,1,59.2
CLI05080,2024-11-01,0,1,38.0
CLI05080,2025-03-01,1,0,-48.0
CLI05080,2025-04-01,3,3,-43.5
CLI05080,2025-05-01,2,1,15.3
CLI05080,2025-09-01,0,0,29.4
CLI05081,2023-08-01,1,0,68.0
CLI05081,2024-02-01,0,0,64.3
CLI05081,2025-02-01,1,0,1.6
CLI05081,2025-03-01,0,0,-38.7
CLI05082,2023-05-01,2,0,81.9
CLI05082,2024-08-01,0,1,33.6
CLI05082,2024-11-01,1,1,34.0
CLI05082,2025-04-01,3,0,-12.2
CLI05082,2025-05-01,3,2,-6.1
CLI05082,2025-10-01,0,1,52.4
CLI05083,2023-04-01,0,1,76.7
CLI05083,2024-11-01,0,0,63.8
CLI05083,2025-04-01,0,1,90.1
CLI05086,2025-10-01,0,0,36.9
CLI05087,2022-06-01,1,2,30.0
CLI05089,2024-05-01,0,0,45.3
CLI05090,2023-08-01,0,1,-5.2
CLI05090,2024-12-01,0,0,24.3
CLI05090,2025-07-01,3,0,11.5
CLI05091,2024-02-01,0,0,-11.3
CLI05091,2024-03-01,1,2,24.8
CLI05092,2023-02-01,0,1,32.1
CLI05092,2023-04-01,1,0,60.1
CLI05092,2024-12-01,2,0,-6.0
CLI05093,2024-03-01,0,0,4.2
CLI05093,2025-06-01,2,1,-8.3
CLI05093,2025-07-01,0,1,35.1
CLI05094,2023-03-01,0,1,39.3
CLI05094,2023-09-01,1,1,39.5
CLI05094,2023-11-01,0,0,16.1
CLI05094,2024-08-01,0,0,51.3
CLI05094,2025-01-01,0,2,33.6
CLI05095,2024-02-01,1,0,11.7
CLI05095,2024-06-01,1,1,-13.1
CLI05095,2024-10-01,2,2,-32.5
CLI05096,2023-09-01,1,0,66.5
CLI05096,2025-06-01,0,0,7.9
CLI05096,2025-09-01,2,0,-21.6
CLI05096,2025-11-01,0,0,37.0
CLI05096,2025-12-01,0,1,-5.7
CLI05097,2025-05-01,0,2,64.9
CLI05097,2025-06-01,2,0,-26.0
CLI05099,2025-05-01,2,1,-7.6
CLI05099,2025-12-01,0,1,41.6
CLI05100,2024-06-01,0,0,-4.0
CLI05100,2025-02-01,0,0,32.8
CLI05100,2025-03-01,2,1,-24.6
CLI05102,2024-04-01,1,0,64.7
CLI05102,2025-01-01,0,0,76.8
CLI05102,2025-08-01,2,2,-31.2
CLI05103,2023-11-01,0,1,-17.9
CLI05104,2023-08-01,3,0,-18.4
CLI05104,2024-11-01,0,0,34.7
CLI05105,2024-08-01,0,0,46.0
CLI05105,2024-12-01,1,0,33.3
CLI05105,2025-05-01,2,0,-16.4
CLI05105,2025-06-01,1,1,-20.5
CLI05105,2025-12-01,0,1,12.7
CLI05106,2024-07-01,3,2,11.0
CLI05106,2025-08-01,0,2,38.0
CLI05107,2024-07-01,1,1,17.1
CLI05107,2024-08-01,0,1,16.0
CLI05108,2024-04-01,0,0,36.9
CLI05108,2024-09-01,2,1,57.0
CLI05109,2023-10-01,1,1,-7.4
CLI05109,2025-09-01,0,0,50.7
CLI05110,2022-06-01,0,1,75.2
CLI05110,2022-10-01,0,3,15.6
CLI05111,2023-11-01,0,2,33.4
CLI05111,2024-05-01,0,0,40.5
CLI05111,2024-10-01,4,1,30.8
CLI05112,2024-03-01,0,0,26.0
CLI05112,2024-11-01,0,1,52.7
CLI05113,2023-06-01,0,0,40.6
CLI05113,2025-04-01,2,0,-14.5
CLI05113,2025-06-01,0,1,67.3
CLI05114,2023-04-01,0,0,12.5
CLI05114,2023-05-01,1,0,77.7
CLI05114,2024-04-01,0,0,62.1
CLI05114,2025-02-01,0,0,26.0
CLI05114,2025-04-01,0,0,-5.5
CLI05115,2024-08-01,1,1,24.3
CLI05115,2025-11-01,1,0,69.6
CLI05116,2024-09-01,0,0,26.9
CLI05117,2023-04-01,2,1,32.1
CLI05117,2025-08-01,0,0,91.6
CLI05117,2025-09-01,0,1,27.0
CLI05120,2023-09-01,3,0,4.7
CLI05120,2024-06-01,0,1,24.7
CLI05121,2024-06-01,1,1,7.7
CLI05121,2024-09-01,0,1,0.8
CLI05121,2025-08-01,3,1,-28.0
CLI05122,2025-01-01,3,1,0.7
CLI05122,2025-02-01,1,1,25.0
CLI05123,2023-03-01,0,0,45.3
CLI05124,2025-07-01,4,2,33.8
CLI05124,2025-08-01,0,1,47.4
CLI05124,2025-11-01,0,1,28.8
CLI05125,2024-02-01,1,1,-24.9
CLI05126,2023-07-01,0,1,17.9
CLI05127,2023-08-01,1,1,25.7
CLI05127,2023-11-01,0,0,16.5
CLI05127,2024-03-01,1,0,-62.5
CLI05127,2024-09-01,0,0,21.2
CLI05127,2024-11-01,0,0,57.3
CLI05127,2025-06-01,0,0,7.0
CLI05128,2025-07-01,2,1,-32.3
CLI05130,2023-11-01,0,1,38.4
CLI05130,2024-09-01,1,0,72.2
CLI05130,2024-11-01,2,2,-30.2
CLI05133,2024-01-01,0,0,20.5
CLI05133,2024-09-01,0,0,83.0
CLI05133,2025-04-01,1,3,42.3
CLI05133,2025-09-01,2,3,44.9
CLI05134,2023-09-01,0,1,21.2
CLI05134,2024-03-01,3,2,-11.4
CLI05134,2024-05-01,2,2,20.9
CLI05134,2024-12-01,1,0,74.4
CLI05135,2023-10-01,0,2,35.5
CLI05135,2025-07-01,0,0,-43.0
CLI05135,2025-12-01,0,0,24.6
CLI05136,2023-07-01,0,2,12.8
CLI05137,2023-11-01,1,1,34.4
CLI05137,2024-06-01,0,0,52.1
CLI05138,2024-07-01,6,0,13.3
CLI05138,2024-09-01,1,1,35.8
CLI05138,2024-11-01,0,2,38.0
CLI05139,2024-07-01,1,0,61.8
CLI05139,2025-04-01,0,1,-10.3
CLI05139,2025-06-01,3,0,52.1
CLI05139,2025-07-01,2,0,13.3
CLI05140,2024-07-01,0,1,18.2
CLI05140,2025-01-01,1,0,15.9
CLI05141,2024-12-01,2,3,-1.5
CLI05141,2025-02-01,0,1,-6.9
CLI05141,2025-03-01,1,0,-49.1
CLI05141,2025-11-01,1,1,27.2
CLI05142,2023-07-01,0,3,38.7
CLI05142,2025-07-01,0,0,100.0
CLI05143,2024-03-01,0,0,-28.9
CLI05143,2025-05-01,1,1,1.7
CLI05143,2025-06-01,3,2,-49.4
CLI05143,2025-07-01,4,2,-34.3
CLI05143,2025-11-01,0,0,40.6
CLI05144,2024-01-01,1,0,9.7
CLI05144,2025-05-01,1,1,48.4
CLI05147,2023-09-01,0,2,-9.6
CLI05148,2023-08-01,1,0,52.0
CLI05148,2025-04-01,0,0,94.9
CLI05148,2025-07-01,1,0,79.9
CLI05149,2023-12-01,0,0,26.3
CLI05149,2024-09-01,0,0,29.1
CLI05149,2025-03-01,0,0,15.7
CLI05149,2025-05-01,1,1,-18.3
CLI05149,2025-07-01,2,2,-33.6
CLI05149,2025-12-01,0,0,33.6
CLI05150,2024-01-01,0,1,65.5
CLI05150,2025-03-01,0,2,64.6
CLI05150,2025-05-01,1,1,-7.3
CLI05150,2025-06-01,3,0,28.9
CLI05150,2025-07-01,4,2,4.1
CLI05151,2024-09-01,0,2,31.5
CLI05151,2025-03-01,1,0,25.0
CLI05151,2025-05-01,2,1,20.6
CLI05152,2023-02-01,0,0,21.8
CLI05153,2024-01-01,0,0,47.0
CLI05154,2022-09-01,1,0,32.0
CLI05154,2023-02-01,1,0,31.0
CLI05155,2023-05-01,0,1,-58.5
CLI05155,2024-07-01,0,0,60.2
CLI05155,2025-01-01,1,0,52.3
CLI05156,2024-12-01,0,0,8.3
CLI05157,2025-07-01,1,0,56.1
CLI05157,2025-08-01,0,0,3.9
CLI05158,2023-07-01,0,0,58.8
CLI05158,2024-03-01,0,1,34.7
CLI05159,2023-08-01,0,0,50.5
CLI05159,2025-02-01,4,2,-7.5
CLI05159,2025-04-01,0,0,-20.0
CLI05161,2022-10-01,0,0,1.7
CLI05161,2023-01-01,0,1,55.9
CLI05161,2023-03-01,0,1,56.3
CLI05161,2023-06-01,0,0,37.2
CLI05161,2024-04-01,1,1,64.3
CLI05161,2025-11-01,1,1,38.1
CLI05162,2024-08-01,0,1,47.6
CLI05162,2025-01-01,0,0,53.5
CLI05162,2025-04-01,0,0,31.7
CLI05162,2025-11-01,1,0,91.3
CLI05163,2023-09-01,0,0,51.6
CLI05163,2024-02-01,2,2,-74.4
CLI05163,2024-04-01,3,1,-21.6
CLI05164,2023-09-01,0,1,35.2
CLI05165,2023-07-01,0,0,48.0
CLI05165,2024-09-01,3,0,14.6
CLI05165,2024-11-01,3,1,-45.0
CLI05166,2023-07-01,0,0,24.2
CLI05166,2023-09-01,0,0,21.8
CLI05166,2024-06-01,1,0,-16.8
CLI05166,2024-08-01,1,2,22.1
CLI05168,2024-10-01,1,0,8.0
CLI05168,2025-03-01,0,1,37.7
CLI05168,2025-05-01,2,1,-23.3
CLI05169,2023-10-01,1,3,75.6
CLI05169,2025-06-01,5,1,19.1
CLI05170,2023-10-01,5,0,-1.3
CLI05171,2023-06-01,0,2,44.2
CLI05171,2025-09-01,1,0,58.9
CLI05172,2023-07-01,0,1,16.2
CLI05172,2025-05-01,0,1,25.3
CLI05172,2025-09-01,1,2,20.2
CLI05173,2023-08-01,0,1,17.4
CLI05173,2024-05-01,0,0,43.4
CLI05173,2025-11-01,0,2,74.3
CLI05174,2023-11-01,0,1,32.3
CLI05174,2025-03-01,0,0,-6.9
CLI05174,2025-05-01,1,0,-65.0
CLI05175,2023-06-01,1,2,10.3
CLI05175,2024-03-01,0,2,81.7
CLI05176,2025-09-01,2,0,42.4
CLI05177,2022-08-01,0,1,96.8
CLI05177,2024-03-01,0,0,15.7
CLI05177,2024-05-01,1,0,43.1
CLI05177,2024-07-01,2,0,-20.4
CLI05177,2024-09-01,3,2,6.7
CLI05178,2022-10-01,0,1,24.9
CLI05178,2024-05-01,0,0,50.9
CLI05178,2024-06-01,1,1,-2.0
CLI05178,2024-07-01,4,0,-21.6
CLI05178,2024-09-01,2,0,-41.2
CLI05178,2024-10-01,0,0,76.1
CLI05178,2024-11-01,0,1,87.4
CLI05178,2024-12-01,1,0,60.2
CLI05179,2023-12-01,0,0,-4.3
CLI05179,2024-01-01,0,1,-13.7
CLI05179,2024-09-01,0,1,49.7
CLI05180,2024-07-01,0,1,91.5
CLI05180,2025-01-01,1,3,13.6
CLI05181,2023-08-01,0,1,69.9
CLI05181,2023-12-01,0,1,33.6
CLI05181,2024-06-01,2,2,18.0
CLI05182,2023-10-01,0,1,97.5
CLI05182,2023-11-01,0,0,60.7
CLI05183,2024-11-01,2,0,31.7
CLI05183,2025-01-01,0,1,-13.3
CLI05183,2025-06-01,1,0,58.6
CLI05184,2024-09-01,2,1,-46.6
CLI05185,2023-08-01,0,0,18.1
CLI05185,2024-06-01,0,1,10.6
CLI05185,2024-12-01,0,1,80.3
CLI05185,2025-02-01,1,0,-19.9
CLI05185,2025-03-01,4,0,-30.4
CLI05185,2025-05-01,1,2,-47.5
CLI05186,2024-06-01,0,0,46.1
CLI05186,2024-12-01,2,2,-22.5
CLI05186,2025-11-01,0,0,-3.8
CLI05186,2025-12-01,1,0,64.3
CLI05187,2023-08-01,2,1,-41.3
CLI05187,2023-09-01,3,0,-21.5
CLI05187,2023-12-01,0,0,52.0
CLI05187,2025-09-01,0,1,40.6
CLI05188,2025-02-01,0,1,-31.8
CLI05189,2022-10-01,0,1,52.3
CLI05189,2023-01-01,0,1,-14.7
CLI05189,2024-05-01,2,0,79.0
CLI05189,2024-08-01,5,2,-41.6
CLI05190,2024-08-01,3,0,9.4
CLI05190,2024-11-01,1,0,33.1
CLI05192,2023-04-01,0,1,29.5
CLI05192,2023-06-01,0,2,64.6
CLI05193,2025-01-01,3,0,-72.8
CLI05193,2025-02-01,1,0,-22.3
CLI05193,2025-03-01,0,2,-32.9
CLI05194,2024-08-01,0,1,17.8
CLI05195,2024-09-01,0,0,35.7
CLI05195,2025-10-01,0,2,74.6
CLI05196,2023-05-01,0,2,62.4
CLI05196,2023-10-01,0,1,15.6
CLI05196,2023-11-01,0,1,32.8
CLI05196,2024-11-01,0,1,-13.8
CLI05196,2024-12-01,3,1,-1.8
CLI05196,2025-06-01,0,0,55.6
CLI05197,2023-08-01,0,0,57.7
CLI05197,2024-07-01,1,0,-44.1
CLI05197,2024-08-01,0,2,13.5
CLI05197,2025-04-01,0,1,27.0
CLI05198,2023-11-01,1,2,53.9
CLI05198,2024-04-01,3,1,-19.7
CLI05198,2025-12-01,0,0,41.7
CLI05199,2024-09-01,0,1,60.0
CLI05199,2025-06-01,2,1,9.3
CLI05200,2024-02-01,0,1,34.9
CLI05200,2025-08-01,1,1,48.5
CLI05201,2023-04-01,0,0,-61.1
CLI05201,2024-03-01,1,0,54.7
CLI05202,2022-05-01,0,0,63.3
CLI05202,2023-12-01,0,1,59.1
CLI05202,2024-02-01,0,0,2.9
CLI05202,2025-05-01,0,1,36.3
CLI05203,2024-03-01,0,2,43.0
CLI05203,2024-04-01,0,1,64.7
CLI05203,2024-05-01,3,1,24.5
CLI05203,2025-05-01,0,1,36.2
CLI05204,2024-03-01,0,0,35.5
CLI05204,2025-01-01,0,0,43.9
CLI05204,2025-02-01,0,1,72.2
CLI05204,2025-11-01,0,0,35.1
CLI05205,2024-11-01,1,1,-54.0
CLI05205,2024-12-01,3,0,83.6
CLI05206,2025-02-01,0,1,44.2
CLI05206,2025-06-01,2,2,26.3
CLI05207,2025-08-01,0,0,28.8
CLI05208,2024-05-01,2,0,27.6
CLI05208,2024-10-01,3,1,55.5
CLI05208,2025-01-01,0,1,-33.7
CLI05208,2025-02-01,0,0,54.9
CLI05209,2024-02-01,1,0,11.5
CLI05209,2024-05-01,0,1,-12.1
CLI05209,2024-10-01,0,0,52.0
CLI05209,2025-08-01,1,2,52.1
CLI05210,2023-10-01,0,1,97.9
CLI05210,2023-11-01,0,1,69.4
CLI05210,2024-07-01,0,0,35.2
CLI05210,2025-06-01,2,2,0.4
CLI05211,2024-06-01,1,0,0.2
CLI05211,2024-09-01,1,1,4.2
CLI05211,2024-12-01,1,1,100.0
CLI05211,2025-07-01,0,1,29.5
CLI05212,2024-10-01,1,1,28.3
CLI05213,2025-02-01,1,2,58.5
CLI05214,2023-11-01,2,0,55.4
CLI05215,2022-12-01,1,0,36.6
CLI05216,2024-11-01,3,1,-26.0
CLI05217,2023-02-01,0,0,7.1
CLI05217,2024-03-01,1,1,-54.1
CLI05217,2024-05-01,2,5,3.1
CLI05217,2025-03-01,1,3,27.0
CLI05218,2023-02-01,4,4,-24.5
CLI05218,2023-03-01,1,1,1.2
CLI05218,2023-04-01,1,2,2.3
CLI05218,2025-07-01,1,0,100.0
CLI05219,2025-01-01,0,1,98.6
CLI05219,2025-02-01,1,1,-2.4
CLI05219,2025-03-01,1,0,-6.3
CLI05220,2025-03-01,0,1,9.6
CLI05220,2025-04-01,2,0,-33.2
CLI05220,2025-05-01,1,0,-79.9
CLI05220,2025-06-01,0,0,28.9
CLI05220,2025-12-01,0,1,100.0
CLI05221,2024-02-01,0,2,45.0
CLI05221,2024-03-01,0,1,-54.1
CLI05221,2025-07-01,1,0,42.5
CLI05222,2024-06-01,0,0,100.0
CLI05222,2025-01-01,2,2,-7.8
CLI05223,2023-06-01,0,0,54.2
CLI05223,2023-10-01,0,0,56.4
CLI05223,2024-08-01,0,1,5.6
CLI05223,2025-06-01,0,1,81.3
CLI05223,2025-09-01,1,1,18.7
CLI05224,2023-07-01,0,1,45.5
CLI05224,2025-05-01,1,2,-48.9
CLI05225,2024-02-01,0,1,81.2
CLI05225,2024-05-01,0,3,55.1
CLI05225,2024-06-01,0,0,74.2
CLI05225,2025-07-01,4,0,-17.6
CLI05225,2025-09-01,1,0,-30.9
CLI05226,2023-01-01,0,0,29.0
CLI05226,2023-03-01,2,0,-9.8
CLI05226,2023-04-01,3,1,-60.1
CLI05226,2023-05-01,1,0,-20.8
CLI05226,2023-06-01,4,1,-39.0
CLI05227,2024-03-01,0,0,35.7
CLI05227,2025-10-01,0,1,49.7
CLI05228,2024-03-01,0,1,12.2
CLI05228,2025-01-01,2,0,-36.0
CLI05228,2025-03-01,0,0,2.2
CLI05229,2023-08-01,0,1,44.2
CLI05230,2024-08-01,1,0,16.4
CLI05231,2024-02-01,0,1,-4.5
CLI05231,2024-03-01,2,3,-1.0
CLI05231,2024-04-01,0,1,-48.3
CLI05231,2025-04-01,0,1,24.7
CLI05232,2023-07-01,0,1,12.7
CLI05232,2024-07-01,0,1,-21.7
CLI05232,2025-03-01,0,0,42.3
CLI05232,2025-06-01,1,0,-40.5
CLI05232,2025-07-01,3,1,-33.7
CLI05232,2025-10-01,0,2,58.8
CLI05233,2025-04-01,0,1,13.9
CLI05233,2025-06-01,1,2,6.2
CLI05234,2024-09-01,0,0,-72.2
CLI05234,2024-11-01,2,0,-5.4
CLI05234,2025-06-01,1,0,45.8
CLI05235,2023-07-01,0,0,58.1
CLI05235,2024-08-01,0,0,38.9
CLI05236,2023-02-01,0,2,96.1
CLI05236,2023-07-01,0,0,65.0
CLI05236,2025-12-01,0,0,43.3
CLI05237,2024-02-01,0,1,34.4
CLI05237,2024-03-01,0,1,24.9
CLI05237,2024-10-01,1,1,74.7
CLI05237,2025-04-01,0,0,49.8
CLI05237,2025-07-01,2,3,35.6
CLI05238,2024-09-01,0,0,31.7
CLI05239,2023-10-01,0,0,33.1
CLI05239,2024-12-01,0,1,39.2
CLI05239,2025-04-01,1,0,2.1
CLI05239,2025-10-01,0,0,79.0
CLI05240,2024-04-01,0,4,11.6
CLI05240,2024-07-01,1,0,-14.9
CLI05240,2025-03-01,0,2,36.5
CLI05240,2025-08-01,1,0,27.9
CLI05241,2024-11-01,0,2,53.6
CLI05241,2025-03-01,1,3,8.7
CLI05241,2025-04-01,1,0,-9.3
CLI05241,2025-08-01,1,0,54.3
CLI05241,2025-11-01,0,1,46.3
CLI05242,2023-01-01,0,1,23.3
CLI05242,2023-05-01,0,3,52.2
CLI05242,2023-06-01,0,2,37.8
CLI05242,2024-12-01,0,0,17.0
CLI05242,2025-07-01,2,0,-21.4
CLI05243,2024-01-01,4,1,27.1
CLI05244,2023-10-01,1,1,27.4
CLI05244,2023-12-01,0,0,70.6
CLI05244,2024-07-01,0,1,61.7
CLI05244,2025-03-01,0,1,39.7
CLI05244,2025-04-01,5,0,38.8
CLI05244,2025-06-01,3,3,-28.5
CLI05245,2025-03-01,1,1,-11.2
CLI05246,2025-02-01,0,1,44.9
CLI05246,2025-08-01,3,0,-4.4
CLI05247,2024-10-01,1,2,33.1
CLI05247,2024-12-01,0,0,59.8
CLI05247,2025-02-01,1,3,50.1
CLI05248,2022-10-01,0,0,57.7
CLI05248,2022-12-01,0,0,72.9
CLI05248,2024-03-01,2,1,49.3
CLI05248,2024-11-01,0,1,36.3
CLI05248,2025-05-01,0,0,62.7
CLI05249,2022-11-01,0,0,35.2
CLI05249,2023-12-01,0,0,45.1
CLI05249,2024-12-01,2,0,-37.9
CLI05249,2025-02-01,0,2,-17.9
CLI05250,2022-07-01,0,1,-17.2
CLI05250,2022-08-01,0,1,27.6
CLI05250,2023-03-01,0,1,88.7
CLI05250,2023-10-01,0,1,30.2
CLI05250,2025-04-01,1,3,-31.4
CLI05250,2025-05-01,0,0,-43.3
CLI05250,2025-06-01,2,0,-61.2
CLI05250,2025-12-01,1,0,24.5
CLI05251,2022-08-01,0,1,42.2
CLI05251,2024-01-01,0,0,10.6
CLI05251,2024-12-01,0,0,36.0
CLI05251,2025-02-01,0,0,48.2
CLI05251,2025-04-01,0,3,-24.4
CLI05251,2025-05-01,1,3,-25.4
CLI05251,2025-10-01,0,0,44.7
CLI05252,2024-02-01,1,2,45.1
CLI05252,2024-03-01,0,1,79.2
CLI05252,2024-10-01,0,0,-49.9
CLI05252,2024-12-01,1,0,-12.8
CLI05253,2024-01-01,0,0,80.5
CLI05253,2025-01-01,2,2,9.6
CLI05253,2025-03-01,1,0,-53.5
CLI05253,2025-07-01,0,0,54.6
CLI05254,2023-10-01,0,1,28.6
CLI05254,2023-12-01,0,0,49.8
CLI05255,2022-07-01,0,0,80.7
CLI05255,2024-02-01,0,0,39.9
CLI05255,2025-01-01,1,0,34.2
CLI05256,2023-05-01,0,1,44.7
CLI05256,2025-05-01,1,0,-55.8
CLI05256,2025-07-01,1,0,11.9
CLI05257,2023-06-01,1,1,-50.1
CLI05257,2023-07-01,1,1,9.5
CLI05257,2024-04-01,0,2,38.3
CLI05257,2024-10-01,0,0,81.2
CLI05257,2025-04-01,0,1,9.0
CLI05257,2025-07-01,0,0,38.4
CLI05258,2023-07-01,0,0,30.0
CLI05259,2024-12-01,2,2,-32.6
CLI05259,2025-01-01,2,4,-65.1
CLI05259,2025-03-01,2,1,7.4
CLI05260,2024-10-01,1,2,100.0
CLI05262,2025-07-01,2,2,1.4
CLI05262,2025-08-01,1,0,0.1
CLI05262,2025-09-01,0,0,6.1
CLI05263,2024-02-01,0,0,62.5
CLI05265,2024-09-01,0,1,57.4
CLI05265,2024-11-01,0,0,85.6
CLI05266,2024-06-01,0,0,30.7
CLI05266,2024-09-01,0,0,89.9
CLI05266,2025-03-01,1,0,41.7
CLI05266,2025-04-01,0,0,-21.1
CLI05266,2025-09-01,0,0,12.8
CLI05267,2022-06-01,0,0,-0.1
CLI05267,2023-02-01,0,1,59.3
CLI05268,2025-02-01,1,3,-46.8
CLI05268,2025-08-01,0,1,51.8
CLI05269,2022-09-01,0,0,16.8
CLI05269,2025-01-01,1,0,-18.6
CLI05270,2023-06-01,0,1,73.3
CLI05270,2025-03-01,1,1,56.0
CLI05271,2025-04-01,2,2,-11.9
CLI05272,2025-05-01,1,0,-15.2
CLI05273,2024-10-01,3,2,-38.0
CLI05273,2024-11-01,1,1,16.4
CLI05274,2022-11-01,0,0,40.6
CLI05274,2024-11-01,0,0,61.1
CLI05275,2025-08-01,1,1,12.2
CLI05276,2024-08-01,4,0,-51.3
CLI05277,2024-11-01,2,0,-48.5
CLI05278,2023-09-01,1,2,3.1
CLI05278,2024-06-01,0,0,25.6
CLI05278,2025-05-01,0,0,12.9
CLI05280,2025-03-01,0,0,14.6
CLI05280,2025-08-01,1,0,43.1
CLI05281,2022-12-01,1,2,10.8
CLI05281,2023-08-01,0,0,32.7
CLI05281,2023-10-01,1,0,36.4
CLI05281,2023-12-01,0,0,25.3
CLI05281,2024-10-01,0,0,20.3
CLI05281,2025-08-01,1,1,-13.9
CLI05282,2024-12-01,0,0,88.2
CLI05282,2025-07-01,1,1,-15.9
CLI05282,2025-09-01,1,3,63.7
CLI05283,2025-03-01,1,0,-4.4
CLI05284,2022-10-01,0,1,49.3
CLI05284,2024-02-01,0,1,-46.2
CLI05284,2024-09-01,1,0,21.0
CLI05285,2023-04-01,0,0,35.7
CLI05286,2024-07-01,1,2,13.6
CLI05286,2024-08-01,2,0,-29.6
CLI05287,2023-04-01,0,0,65.0
CLI05287,2023-07-01,0,1,38.3
CLI05287,2023-08-01,0,2,67.3
CLI05287,2023-12-01,0,0,45.6
CLI05287,2025-05-01,1,0,-4.2
CLI05287,2025-06-01,1,1,-7.2
CLI05287,2025-08-01,0,1,48.8
CLI05288,2024-02-01,0,0,38.9
CLI05288,2024-03-01,0,1,25.1
CLI05288,2024-04-01,3,1,4.1
CLI05288,2024-05-01,0,1,-35.3
CLI05288,2025-08-01,0,1,13.5
CLI05289,2024-05-01,0,0,66.6
CLI05289,2025-06-01,0,0,56.8
CLI05290,2025-10-01,0,0,47.3
CLI05291,2025-06-01,2,0,-42.6
CLI05291,2025-07-01,1,3,19.9
CLI05292,2025-04-01,3,1,-35.0
CLI05292,2025-06-01,2,0,28.3
CLI05293,2025-06-01,1,0,-13.5
CLI05294,2025-03-01,3,2,0.0
CLI05294,2025-05-01,2,2,50.0
CLI05295,2022-04-01,0,0,85.5
CLI05295,2023-05-01,0,2,78.1
CLI05295,2023-12-01,0,0,27.9
CLI05295,2024-11-01,1,0,10.4
CLI05295,2025-04-01,0,0,38.8
CLI05296,2023-02-01,1,0,1.8
CLI05296,2024-04-01,2,0,18.4
CLI05296,2024-09-01,1,0,2.4
CLI05297,2023-09-01,1,0,55.2
CLI05298,2023-02-01,0,0,70.2
CLI05298,2025-02-01,0,2,-24.6
CLI05300,2023-01-01,0,0,46.9
CLI05300,2024-04-01,0,0,28.9
CLI05300,2024-10-01,1,0,-28.9
CLI05300,2025-01-01,0,0,69.6
CLI05301,2023-09-01,1,0,59.8
CLI05301,2024-02-01,1,1,56.6
CLI05301,2024-05-01,1,0,33.9
CLI05301,2025-01-01,1,1,54.9
CLI05301,2025-10-01,1,1,29.9
CLI05302,2025-09-01,0,0,19.4
CLI05303,2024-05-01,0,0,46.6
CLI05303,2025-01-01,0,0,26.4
CLI05303,2025-03-01,0,0,-39.7
CLI05303,2025-04-01,3,1,-20.8
CLI05303,2025-05-01,6,1,-19.4
CLI05303,2025-06-01,3,0,8.4
CLI05304,2023-10-01,2,1,25.1
CLI05304,2024-03-01,1,2,35.7
CLI05304,2025-09-01,0,1,85.3
CLI05304,2025-10-01,0,1,87.8
CLI05305,2022-12-01,1,0,23.5
CLI05305,2023-04-01,1,0,31.1
CLI05305,2023-08-01,1,0,85.8
CLI05305,2024-09-01,0,0,23.5
CLI05305,2025-05-01,1,0,-56.0
CLI05305,2025-06-01,2,1,-31.4
CLI05306,2023-11-01,1,0,15.7
CLI05307,2022-08-01,0,2,28.5
CLI05307,2023-10-01,0,0,11.1
CLI05307,2024-10-01,5,2,35.4
CLI05307,2024-11-01,3,1,-32.9
CLI05307,2024-12-01,1,0,-36.7
CLI05308,2023-05-01,1,0,64.2
CLI05308,2024-05-01,0,2,17.6
CLI05308,2025-04-01,1,0,26.8
CLI05308,2025-09-01,1,2,28.5
CLI05309,2024-06-01,1,0,-16.6
CLI05309,2024-12-01,0,0,46.9
CLI05309,2025-07-01,0,0,36.7
CLI05310,2023-01-01,0,0,33.8
CLI05310,2023-09-01,0,1,9.4
CLI05310,2024-02-01,0,0,76.6
CLI05310,2024-11-01,0,0,-8.0
CLI05310,2025-11-01,0,0,40.8
CLI05311,2024-09-01,3,0,43.7
CLI05311,2025-02-01,1,0,7.3
CLI05311,2025-03-01,3,0,-34.5
CLI05311,2025-04-01,1,0,-31.6
CLI05311,2025-06-01,0,0,55.7
CLI05312,2025-07-01,1,0,-0.9
CLI05313,2024-05-01,1,0,16.6
CLI05313,2024-07-01,5,0,-38.8
CLI05313,2024-08-01,4,0,19.6
CLI05313,2024-10-01,2,0,-48.7
CLI05313,2025-09-01,0,0,22.6
CLI05314,2024-08-01,0,0,51.8
CLI05315,2023-12-01,1,0,39.1
CLI05315,2024-12-01,0,0,-18.9
CLI05315,2025-01-01,1,1,-5.7
CLI05316,2023-01-01,0,0,14.0
CLI05316,2023-11-01,0,0,47.0
CLI05317,2024-01-01,2,3,-48.7
CLI05317,2025-08-01,0,2,44.1
CLI05318,2023-11-01,1,2,40.1
CLI05319,2025-01-01,0,1,62.1
CLI05320,2025-04-01,0,1,65.1
CLI05321,2024-06-01,1,2,73.7
CLI05321,2024-12-01,0,1,48.8
CLI05321,2025-05-01,4,1,-29.7
CLI05322,2023-07-01,0,4,7.6
CLI05323,2025-03-01,2,1,-29.0
CLI05323,2025-04-01,1,1,36.5
CLI05324,2023-01-01,0,0,25.7
CLI05324,2023-03-01,0,1,40.8
CLI05324,2023-04-01,0,1,55.0
CLI05324,2023-10-01,0,0,58.8
CLI05324,2024-10-01,0,2,40.5
CLI05324,2025-01-01,1,1,-36.5
CLI05325,2024-12-01,1,2,-30.0
CLI05325,2025-02-01,1,0,24.1
CLI05325,2025-08-01,1,0,48.0
CLI05326,2022-10-01,1,0,43.5
CLI05326,2024-05-01,0,0,66.3
CLI05326,2025-07-01,0,1,10.4
CLI05327,2023-11-01,2,1,-12.6
CLI05327,2023-12-01,3,4,9.1
CLI05327,2024-07-01,0,1,31.6
CLI05327,2025-11-01,0,1,-16.5
CLI05328,2023-04-01,0,1,23.3
CLI05328,2024-05-01,3,2,-73.6
CLI05328,2024-08-01,0,1,-11.5
CLI05328,2025-03-01,0,1,35.1
CLI05329,2023-11-01,0,1,15.6
CLI05331,2023-05-01,0,0,45.7
CLI05331,2024-06-01,2,0,7.0
CLI05331,2024-07-01,6,1,-34.2
CLI05331,2025-12-01,0,3,53.5
CLI05332,2025-03-01,0,0,53.6
CLI05332,2025-04-01,4,2,-59.0
CLI05332,2025-05-01,2,0,-16.9
CLI05332,2025-11-01,0,1,84.5
CLI05332,2025-12-01,0,0,1.8
CLI05333,2024-01-01,0,0,69.2
CLI05333,2024-06-01,0,1,48.5
CLI05333,2025-07-01,2,2,-31.4
CLI05334,2023-11-01,0,1,58.5
CLI05334,2024-08-01,2,1,15.9
CLI05334,2024-09-01,1,3,-60.7
CLI05334,2025-07-01,0,1,33.3
CLI05335,2025-11-01,0,1,31.3
CLI05336,2024-02-01,0,1,50.2
CLI05337,2025-02-01,2,1,3.6
CLI05338,2025-03-01,0,1,-4.9
CLI05339,2024-08-01,0,0,31.7
CLI05339,2025-02-01,1,1,26.2
CLI05339,2025-06-01,2,0,-0.5
CLI05339,2025-12-01,0,1,52.8
CLI05340,2023-08-01,0,0,58.8
CLI05340,2024-11-01,1,1,25.8
CLI05340,2024-12-01,2,1,-9.3
CLI05340,2025-02-01,3,1,-30.9
CLI05340,2025-07-01,0,1,47.2
CLI05341,2023-08-01,1,0,-8.0
CLI05341,2024-12-01,2,0,52.5
CLI05341,2025-08-01,2,1,-2.9
CLI05342,2022-09-01,0,0,26.9
CLI05342,2023-06-01,0,0,43.2
CLI05342,2024-01-01,2,3,-20.2
CLI05342,2025-04-01,0,2,56.1
CLI05343,2024-03-01,0,2,93.9
CLI05344,2025-02-01,2,2,21.8
CLI05344,2025-11-01,0,0,64.0
CLI05344,2025-12-01,0,1,37.2
CLI05345,2023-05-01,0,2,50.6
CLI05345,2023-08-01,2,0,-58.2
CLI05345,2023-10-01,1,1,-13.5
CLI05345,2023-11-01,0,0,69.6
CLI05345,2024-04-01,0,0,53.2
CLI05345,2024-11-01,0,2,58.4
CLI05345,2025-04-01,1,0,71.0
CLI05346,2024-09-01,4,1,13.2
CLI05346,2024-11-01,0,3,14.6
CLI05346,2025-12-01,0,0,72.8
CLI05347,2024-07-01,0,1,54.8
CLI05347,2025-07-01,0,1,25.1
CLI05348,2025-01-01,2,0,60.8
CLI05349,2024-06-01,4,0,-25.0
CLI05349,2024-08-01,3,0,-41.3
CLI05349,2024-09-01,1,1,-31.3
CLI05349,2025-02-01,0,1,28.6
CLI05350,2024-08-01,0,0,15.1
CLI05350,2024-09-01,2,2,-13.7
CLI05350,2024-12-01,1,1,-7.8
CLI05351,2023-11-01,0,0,44.8
CLI05351,2025-04-01,3,2,-23.7
CLI05352,2025-01-01,0,0,30.8
CLI05353,2023-08-01,0,1,25.9
CLI05354,2024-03-01,0,1,0.0
CLI05354,2024-06-01,2,1,-19.4
CLI05355,2024-11-01,0,1,47.7
CLI05355,2025-01-01,0,0,59.8
CLI05357,2024-02-01,0,0,97.2
CLI05357,2025-05-01,0,0,31.1
CLI05358,2025-01-01,3,0,-24.6
CLI05359,2023-08-01,0,1,44.3
CLI05359,2024-07-01,3,1,-1.0
CLI05359,2024-09-01,0,0,-38.1
CLI05359,2024-10-01,1,2,-48.7
CLI05359,2024-12-01,0,0,17.5
CLI05359,2025-12-01,0,1,44.7
CLI05360,2024-11-01,0,1,47.1
CLI05360,2025-04-01,0,0,27.4
CLI05360,2025-11-01,0,0,6.3
CLI05362,2024-09-01,1,0,-70.3
CLI05362,2024-11-01,1,1,11.0
CLI05363,2022-09-01,0,1,29.9
CLI05364,2024-05-01,4,3,-12.6
CLI05364,2024-08-01,2,1,-7.3
CLI05365,2023-12-01,0,2,-2.6
CLI05365,2024-03-01,0,1,-14.0
CLI05365,2024-04-01,4,2,7.0
CLI05366,2025-02-01,1,0,6.2
CLI05367,2024-08-01,1,0,53.8
CLI05367,2025-01-01,1,0,-9.5
CLI05368,2025-12-01,0,0,62.8
CLI05369,2024-06-01,0,0,54.3
CLI05369,2024-10-01,0,0,34.9
CLI05370,2024-07-01,0,2,42.2
CLI05370,2024-08-01,0,0,5.9
CLI05370,2024-10-01,0,3,-26.2
CLI05370,2024-12-01,1,2,-37.7
CLI05370,2025-07-01,1,2,29.9
CLI05371,2023-04-01,0,0,76.7
CLI05371,2024-09-01,2,1,-6.5
CLI05371,2025-02-01,1,1,40.2
CLI05372,2023-06-01,0,1,17.7
CLI05372,2023-12-01,0,0,71.3
CLI05372,2025-02-01,1,0,-21.5
CLI05372,2025-04-01,1,1,-2.0
CLI05372,2025-05-01,1,1,7.4
CLI05373,2023-12-01,1,1,15.3
CLI05373,2024-01-01,0,1,-3.3
CLI05373,2024-10-01,0,0,0.1
CLI05374,2023-07-01,1,0,-4.9
CLI05374,2024-01-01,0,0,39.3
CLI05374,2024-07-01,0,0,73.7
CLI05374,2025-09-01,0,0,44.2
CLI05375,2024-05-01,3,2,-5.0
CLI05376,2023-04-01,0,1,72.9
CLI05376,2024-01-01,0,1,30.7
CLI05377,2025-03-01,2,2,-7.7
CLI05377,2025-08-01,0,0,18.8
CLI05377,2025-09-01,0,0,10.4
CLI05378,2025-04-01,1,1,-12.9
CLI05378,2025-09-01,0,0,26.5
CLI05379,2025-02-01,1,1,80.1
CLI05380,2024-07-01,4,0,64.7
CLI05380,2024-09-01,1,0,-23.3
CLI05380,2024-10-01,5,1,-61.0
CLI05380,2025-04-01,0,0,43.2
CLI05380,2025-11-01,1,1,53.8
CLI05382,2025-03-01,6,3,-18.8
CLI05382,2025-04-01,1,1,12.0
CLI05383,2023-10-01,0,1,35.4
CLI05383,2024-06-01,4,1,-6.6
CLI05383,2024-08-01,0,0,31.7
CLI05385,2022-08-01,0,0,36.3
CLI05385,2023-04-01,0,0,35.6
CLI05385,2023-05-01,0,1,20.7
CLI05385,2023-06-01,0,0,4.1
CLI05385,2023-10-01,0,0,89.8
CLI05385,2025-06-01,0,1,-14.1
CLI05386,2025-07-01,2,1,36.1
CLI05387,2023-11-01,0,2,30.0
CLI05387,2024-09-01,1,0,17.4
CLI05387,2025-06-01,3,1,17.3
CLI05388,2024-09-01,1,1,-51.8
CLI05389,2023-01-01,0,0,28.7
CLI05389,2025-05-01,0,0,52.8
CLI05389,2025-07-01,1,0,18.7
CLI05389,2025-09-01,2,2,20.3
CLI05390,2024-05-01,1,0,50.5
CLI05390,2025-07-01,1,0,7.5
CLI05390,2025-11-01,1,0,76.7
CLI05391,2022-09-01,1,0,47.3
CLI05391,2024-09-01,0,0,58.9
CLI05391,2025-08-01,1,0,17.8
CLI05392,2024-06-01,1,1,-28.2
CLI05393,2023-05-01,0,0,39.2
CLI05393,2024-05-01,0,1,13.2
CLI05393,2025-03-01,6,0,47.9
CLI05394,2025-08-01,1,2,-26.9
CLI05395,2024-06-01,2,3,-22.8
CLI05396,2024-12-01,0,1,31.6
CLI05397,2023-08-01,0,0,24.1
CLI05397,2023-10-01,0,0,28.8
CLI05397,2024-07-01,0,0,31.0
CLI05397,2025-03-01,2,1,-20.2
CLI05398,2023-08-01,0,0,8.8
CLI05398,2024-11-01,1,1,-23.8
CLI05398,2024-12-01,5,3,-19.1
CLI05399,2023-12-01,0,1,11.4
CLI05399,2025-03-01,0,2,61.7
CLI05400,2023-12-01,0,1,16.3
CLI05400,2024-10-01,0,0,47.6
CLI05401,2024-07-01,0,1,34.0
CLI05401,2024-08-01,0,0,-0.6
CLI05401,2025-02-01,2,3,26.7
CLI05401,2025-04-01,1,0,-6.6
CLI05401,2025-05-01,0,0,35.6
CLI05402,2023-07-01,0,0,24.2
CLI05402,2025-06-01,2,0,-2.1
CLI05403,2023-06-01,0,1,23.8
CLI05403,2025-06-01,1,0,57.6
CLI05404,2023-09-01,1,1,46.7
CLI05404,2023-10-01,0,0,36.7
CLI05404,2024-01-01,0,0,-14.6
CLI05404,2024-10-01,3,0,-30.5
CLI05404,2024-12-01,0,0,-11.8
CLI05405,2024-11-01,0,1,25.6
CLI05407,2025-01-01,1,4,-16.1
CLI05407,2025-09-01,0,1,20.9
CLI05408,2024-11-01,0,3,5.7
CLI05409,2022-03-01,1,0,100.0
CLI05409,2022-04-01,0,1,47.7
CLI05409,2024-02-01,0,0,34.5
CLI05409,2025-11-01,0,0,21.7
CLI05410,2023-10-01,3,0,16.0
CLI05410,2025-01-01,0,1,16.6
CLI05410,2025-04-01,0,1,-11.0
CLI05410,2025-12-01,0,0,-1.5
CLI05411,2023-06-01,4,1,3.0
CLI05411,2024-01-01,0,0,20.1
CLI05411,2024-07-01,0,1,64.4
CLI05411,2025-10-01,1,0,15.3
CLI05411,2025-12-01,0,1,13.9
CLI05412,2024-06-01,0,2,-6.1
CLI05412,2025-05-01,0,0,89.2
CLI05413,2023-11-01,0,0,61.6
CLI05413,2024-02-01,1,1,71.2
CLI05413,2024-11-01,0,1,20.1
CLI05414,2024-12-01,0,0,-39.9
CLI05414,2025-10-01,0,0,74.3
CLI05415,2022-10-01,0,1,87.6
CLI05415,2023-06-01,0,0,55.3
CLI05416,2023-03-01,0,0,22.4
CLI05416,2025-07-01,2,1,-60.3
CLI05417,2022-10-01,0,1,78.6
CLI05417,2024-07-01,0,0,47.3
CLI05417,2024-09-01,1,0,-9.9
CLI05418,2024-03-01,0,0,60.2
CLI05418,2025-01-01,1,0,16.3
CLI05418,2025-09-01,0,1,4.5
CLI05419,2024-08-01,0,1,44.0
CLI05419,2025-03-01,0,3,28.4
CLI05419,2025-04-01,1,1,28.9
CLI05420,2023-08-01,2,1,61.5
CLI05420,2023-12-01,1,0,44.9
CLI05420,2025-02-01,0,0,-22.2
CLI05421,2024-11-01,2,1,-33.1
CLI05421,2025-02-01,1,1,-0.7
CLI05422,2023-06-01,0,2,38.5
CLI05422,2024-02-01,1,1,52.7
CLI05422,2025-02-01,2,1,-70.4
CLI05423,2023-03-01,0,1,67.0
CLI05423,2023-07-01,0,0,27.4
CLI05423,2024-07-01,1,0,-7.9
CLI05423,2024-09-01,4,1,-15.2
CLI05423,2025-08-01,1,0,32.1
CLI05423,2025-09-01,0,1,-28.6
CLI05424,2025-02-01,0,1,95.8
CLI05424,2025-06-01,1,1,-15.7
CLI05424,2025-08-01,1,1,12.4
CLI05425,2023-09-01,0,1,17.0
CLI05425,2024-11-01,0,1,72.2
CLI05426,2025-09-01,3,0,-16.1
CLI05427,2025-02-01,0,3,-1.7
CLI05428,2023-09-01,0,0,35.4
CLI05428,2024-01-01,0,0,48.1
CLI05429,2025-02-01,0,3,43.6
CLI05429,2025-05-01,1,0,33.1
CLI05430,2025-06-01,1,0,-25.6
CLI05430,2025-08-01,1,1,-2.8
CLI05430,2025-10-01,1,0,35.8
CLI05431,2023-06-01,0,0,41.2
CLI05431,2023-08-01,0,1,93.4
CLI05431,2025-02-01,1,0,7.8
CLI05431,2025-04-01,2,0,-10.4
CLI05431,2025-06-01,0,1,37.7
CLI05432,2024-02-01,0,0,73.9
CLI05432,2024-06-01,0,1,45.0
CLI05432,2024-09-01,2,0,2.2
CLI05432,2024-12-01,0,2,9.0
CLI05434,2023-09-01,0,0,88.3
CLI05434,2024-12-01,1,2,-37.7
CLI05435,2024-08-01,0,1,40.4
CLI05435,2025-04-01,4,0,12.9
CLI05435,2025-05-01,3,0,-21.1
CLI05435,2025-06-01,1,0,15.0
CLI05435,2025-07-01,0,1,-0.5
CLI05436,2022-11-01,0,0,46.3
CLI05436,2025-01-01,0,0,35.1
CLI05436,2025-09-01,0,0,-25.6
CLI05437,2024-11-01,1,1,4.1
CLI05437,2024-12-01,2,2,-27.1
CLI05437,2025-01-01,0,1,-20.6
CLI05438,2022-11-01,1,1,55.5
CLI05438,2023-06-01,0,2,14.3
CLI05438,2023-11-01,0,0,59.3
CLI05440,2022-06-01,0,0,-10.2
CLI05440,2024-04-01,0,2,51.6
CLI05440,2024-11-01,0,1,24.1
CLI05440,2025-03-01,0,0,26.1
CLI05441,2025-06-01,3,0,27.9
CLI05442,2024-01-01,0,2,46.7
CLI05442,2024-09-01,0,3,77.8
CLI05442,2024-11-01,0,1,60.4
CLI05443,2023-10-01,1,3,4.3
CLI05443,2024-11-01,1,3,-31.9
CLI05444,2023-10-01,3,2,-3.6
CLI05444,2025-07-01,0,0,37.5
CLI05445,2024-11-01,0,0,29.8
CLI05445,2025-06-01,1,2,-15.5
CLI05445,2025-08-01,2,2,-13.5
CLI05447,2023-08-01,0,1,55.3
CLI05448,2024-09-01,2,2,9.8
CLI05449,2024-04-01,1,2,-12.8
CLI05449,2024-05-01,2,1,48.1
CLI05449,2024-06-01,1,0,-24.6
CLI05449,2025-03-01,1,0,35.3
CLI05449,2025-09-01,0,0,66.9
CLI05450,2023-03-01,1,1,35.7
CLI05450,2023-10-01,0,1,60.2
CLI05450,2025-07-01,0,0,56.2
CLI05451,2025-05-01,4,2,21.0
CLI05452,2024-04-01,2,1,-20.3
CLI05452,2024-05-01,1,2,-20.1
CLI05452,2024-07-01,3,3,-42.9
CLI05453,2023-11-01,0,0,56.6
CLI05453,2025-05-01,0,1,23.0
CLI05454,2024-07-01,1,2,35.7
CLI05454,2025-02-01,0,0,19.2
CLI05454,2025-03-01,2,0,-40.2
CLI05454,2025-04-01,3,2,-34.4
CLI05454,2025-09-01,0,0,59.2
CLI05455,2024-10-01,0,1,16.4
CLI05456,2024-05-01,0,0,73.7
CLI05456,2025-04-01,0,2,0.6
CLI05457,2025-07-01,2,1,41.5
CLI05458,2025-06-01,1,0,2.0
CLI05458,2025-11-01,0,1,50.9
CLI05459,2023-10-01,1,0,3.5
CLI05459,2025-03-01,1,1,4.0
CLI05460,2022-11-01,0,3,64.4
CLI05460,2023-06-01,0,1,44.4
CLI05460,2025-04-01,1,2,62.7
CLI05461,2025-03-01,0,0,-1.5
CLI05461,2025-04-01,2,1,15.6
CLI05461,2025-05-01,1,1,-30.4
CLI05462,2023-02-01,0,1,38.8
CLI05462,2023-06-01,0,1,94.3
CLI05462,2024-09-01,2,1,0.0
CLI05462,2024-11-01,0,0,26.8
CLI05463,2023-08-01,1,0,71.6
CLI05463,2024-03-01,0,4,-12.9
CLI05463,2024-09-01,0,1,-51.4
CLI05463,2025-05-01,0,1,42.5
CLI05464,2023-02-01,1,0,-13.5
CLI05464,2023-08-01,1,1,9.1
CLI05464,2024-02-01,0,0,80.8
CLI05464,2025-06-01,2,0,-9.8
CLI05464,2025-07-01,4,2,23.8
CLI05464,2025-08-01,3,0,-62.9
CLI05465,2022-10-01,1,0,-0.6
CLI05465,2023-02-01,0,1,44.9
CLI05465,2024-08-01,0,1,13.2
CLI05465,2025-01-01,1,1,-26.2
CLI05465,2025-03-01,1,1,-17.9
CLI05466,2024-04-01,0,1,52.4
CLI05466,2025-04-01,1,1,-14.4
CLI05466,2025-05-01,2,0,68.4
CLI05466,2025-06-01,0,0,-46.8
CLI05467,2024-08-01,1,1,-26.0
CLI05468,2024-07-01,2,0,12.1
CLI05468,2024-10-01,0,3,34.3
CLI05469,2023-11-01,0,0,27.8
CLI05469,2024-06-01,0,3,21.0
CLI05469,2024-07-01,1,1,33.5
CLI05469,2024-08-01,3,2,4.6
CLI05470,2024-09-01,4,0,-40.3
CLI05470,2025-06-01,0,0,66.1
CLI05471,2023-01-01,0,0,51.1
CLI05471,2024-10-01,3,2,-14.2
CLI05471,2024-11-01,2,0,-20.8
CLI05472,2022-12-01,0,1,47.9
CLI05474,2023-06-01,0,2,72.8
CLI05474,2024-02-01,1,2,-18.6
CLI05475,2024-11-01,0,1,89.8
CLI05475,2025-08-01,0,0,-11.2
CLI05476,2024-05-01,1,1,-59.5
CLI05477,2024-05-01,0,0,74.9
CLI05478,2024-06-01,1,1,-43.4
CLI05478,2024-07-01,0,3,34.0
CLI05478,2024-08-01,1,0,-16.9
CLI05478,2025-12-01,0,1,100.0
CLI05479,2025-05-01,2,3,-34.9
CLI05481,2024-03-01,2,1,-4.3
CLI05481,2024-04-01,0,0,-13.9
CLI05481,2024-09-01,0,1,18.4
CLI05481,2024-12-01,0,1,13.3
CLI05481,2025-03-01,0,1,93.9
CLI05482,2024-09-01,2,1,-52.8
CLI05483,2024-01-01,1,1,7.4
CLI05483,2025-03-01,0,1,31.7
CLI05483,2025-05-01,2,1,-43.6
CLI05484,2024-03-01,0,0,46.9
CLI05484,2025-09-01,3,1,35.9
CLI05485,2023-03-01,0,1,11.4
CLI05485,2024-12-01,0,1,71.4
CLI05486,2022-10-01,0,1,38.1
CLI05486,2023-05-01,0,0,53.9
CLI05486,2024-05-01,0,2,69.4
CLI05486,2025-02-01,1,1,14.8
CLI05487,2023-12-01,0,1,96.1
CLI05487,2024-11-01,1,0,30.4
CLI05487,2025-06-01,1,0,-46.5
CLI05488,2024-05-01,1,0,20.3
CLI05488,2025-07-01,0,1,51.2
CLI05489,2023-03-01,0,1,51.7
CLI05489,2023-12-01,0,0,55.9
CLI05489,2025-02-01,1,0,31.0
CLI05489,2025-05-01,1,1,-9.2
CLI05489,2025-08-01,1,2,-5.4
CLI05490,2022-05-01,0,1,42.0
CLI05490,2022-09-01,0,1,43.0
CLI05490,2024-06-01,0,1,-36.7
CLI05490,2025-10-01,0,0,89.5
CLI05491,2023-08-01,1,1,58.4
CLI05491,2025-04-01,0,0,43.7
CLI05492,2024-11-01,1,0,-0.6
CLI05492,2025-06-01,0,0,39.3
CLI05493,2023-08-01,0,0,66.7
CLI05494,2024-08-01,1,0,18.1
CLI05494,2024-11-01,3,0,1.9
CLI05494,2024-12-01,0,1,-71.3
CLI05495,2023-09-01,0,0,18.1
CLI05495,2024-05-01,2,2,6.7
CLI05495,2024-06-01,2,0,-9.6
CLI05496,2024-04-01,1,0,10.8
CLI05496,2025-05-01,0,1,39.6
CLI05497,2023-11-01,0,1,42.5
CLI05497,2024-04-01,0,2,-12.8
CLI05498,2023-09-01,0,1,62.3
CLI05498,2023-12-01,0,0,43.9
CLI05498,2025-03-01,0,2,46.1
CLI05498,2025-06-01,1,0,-42.6
CLI05499,2023-04-01,0,1,57.0
CLI05499,2025-01-01,0,1,64.1
CLI05499,2025-08-01,0,0,-26.5
CLI05500,2024-02-01,0,1,50.9
CLI05501,2024-10-01,1,0,12.5
CLI05501,2025-08-01,1,3,10.4
CLI05502,2023-07-01,0,0,35.6
CLI05502,2025-10-01,0,0,35.2
CLI05503,2025-01-01,1,0,-27.5
CLI05503,2025-02-01,4,2,-30.4
CLI05503,2025-12-01,0,0,42.9
CLI05504,2025-01-01,0,2,69.4
CLI05505,2023-04-01,0,0,55.2
CLI05505,2023-06-01,0,0,75.9
CLI05505,2025-01-01,1,3,-44.0
CLI05505,2025-03-01,3,2,-29.4
CLI05506,2024-05-01,0,0,47.7
CLI05506,2024-08-01,0,1,62.9
CLI05507,2023-10-01,0,0,66.3
CLI05508,2023-01-01,0,0,27.9
CLI05508,2025-08-01,1,0,75.9
CLI05509,2023-10-01,0,1,49.5
CLI05509,2023-12-01,1,0,36.9
CLI05509,2024-07-01,0,0,-2.8
CLI05509,2025-09-01,1,1,12.4
CLI05511,2024-05-01,0,1,33.1
CLI05511,2024-07-01,3,0,-11.4
CLI05511,2024-10-01,2,2,-14.1
CLI05512,2024-04-01,0,0,10.7
CLI05512,2025-06-01,2,0,-62.2
CLI05513,2023-07-01,0,1,54.2
CLI05513,2024-09-01,1,1,51.9
CLI05513,2025-05-01,2,1,-30.1
CLI05514,2023-11-01,1,3,78.8
CLI05514,2025-01-01,1,4,-80.1
CLI05514,2025-06-01,1,1,56.9
CLI05514,2025-11-01,2,1,0.3
CLI05515,2025-03-01,1,0,-12.1
CLI05515,2025-05-01,3,3,-69.1
CLI05516,2024-09-01,0,0,12.8
CLI05516,2024-11-01,0,0,61.0
CLI05516,2025-11-01,0,0,68.6
CLI05517,2024-06-01,0,0,29.1
CLI05517,2025-08-01,0,2,17.7
CLI05518,2023-10-01,0,1,51.8
CLI05518,2024-05-01,3,1,-15.6
CLI05518,2025-01-01,1,2,50.9
CLI05518,2025-05-01,0,1,40.3
CLI05519,2022-12-01,2,1,65.2
CLI05519,2023-09-01,0,1,-35.3
CLI05520,2022-10-01,0,1,43.2
CLI05520,2023-09-01,0,1,5.7
CLI05520,2024-10-01,1,2,58.8
CLI05520,2025-05-01,1,1,-39.4
CLI05520,2025-07-01,1,0,-17.0
CLI05521,2023-05-01,0,2,59.6
CLI05521,2024-01-01,0,1,21.9
CLI05521,2025-09-01,0,0,37.2
CLI05521,2025-10-01,0,1,57.4
CLI05523,2023-12-01,0,0,33.5
CLI05523,2024-06-01,0,1,46.4
CLI05523,2024-07-01,1,0,18.9
CLI05523,2024-08-01,0,1,82.4
CLI05523,2024-10-01,0,0,60.4
CLI05523,2025-12-01,0,0,82.4
CLI05524,2023-12-01,0,1,21.7
CLI05524,2024-06-01,0,0,5.8
CLI05525,2022-10-01,0,0,40.1
CLI05525,2023-07-01,2,1,0.7
CLI05525,2025-06-01,0,0,15.6
CLI05525,2025-08-01,0,2,49.1
CLI05526,2024-09-01,1,3,-27.0
CLI05527,2024-08-01,2,3,9.9
CLI05527,2024-09-01,1,3,-24.1
CLI05527,2025-07-01,0,2,1.5
CLI05528,2025-02-01,1,0,-38.8
CLI05528,2025-03-01,1,3,-55.9
CLI05528,2025-09-01,3,1,20.5
CLI05529,2024-12-01,2,1,-12.7
CLI05530,2023-08-01,6,1,-37.2
CLI05530,2025-02-01,1,0,9.3
CLI05530,2025-09-01,0,2,8.5
CLI05531,2025-07-01,1,1,13.6
CLI05532,2025-07-01,0,2,-14.5
CLI05533,2023-11-01,0,0,10.2
CLI05533,2024-09-01,0,2,40.7
CLI05533,2025-07-01,1,0,34.6
CLI05533,2025-09-01,3,1,16.8
CLI05534,2023-07-01,0,0,24.8
CLI05535,2024-11-01,0,0,28.2
CLI05535,2025-07-01,0,0,32.7
CLI05536,2023-02-01,0,0,51.4
CLI05536,2024-01-01,0,0,15.1
CLI05536,2024-06-01,0,0,70.3
CLI05537,2023-10-01,2,1,-40.9
CLI05537,2024-09-01,1,0,40.6
CLI05538,2024-01-01,1,0,24.9
CLI05538,2025-05-01,2,1,5.9
CLI05539,2022-12-01,0,0,29.4
CLI05539,2023-07-01,0,1,97.1
CLI05539,2024-10-01,0,0,57.4
CLI05540,2025-01-01,2,0,13.9
CLI05540,2025-08-01,0,0,23.8
CLI05541,2025-01-01,0,0,36.7
CLI05542,2023-05-01,2,0,60.1
CLI05542,2025-08-01,0,0,43.7
CLI05543,2023-04-01,0,2,27.7
CLI05543,2023-11-01,0,1,58.7
CLI05543,2024-07-01,1,0,8.2
CLI05543,2025-06-01,2,1,9.5
CLI05543,2025-07-01,2,1,-26.7
CLI05543,2025-09-01,0,1,40.6
CLI05544,2025-04-01,3,1,14.1
CLI05545,2023-05-01,0,0,29.5
CLI05545,2024-11-01,0,1,43.6
CLI05546,2023-02-01,0,0,63.7
CLI05546,2023-04-01,4,1,-18.4
CLI05546,2023-05-01,4,2,6.7
CLI05546,2023-07-01,5,0,-51.0
CLI05546,2023-12-01,0,2,41.3
CLI05547,2024-05-01,0,1,65.3
CLI05547,2024-07-01,0,0,21.7
CLI05547,2025-05-01,0,1,25.6
CLI05548,2025-03-01,3,2,-45.1
CLI05549,2023-01-01,0,0,32.8
CLI05549,2024-09-01,3,2,12.3
CLI05549,2024-11-01,4,1,-24.7
CLI05549,2024-12-01,0,0,21.5
CLI05549,2025-12-01,0,1,62.1
CLI05551,2025-11-01,0,0,80.6
CLI05554,2024-07-01,3,1,-11.9
CLI05554,2024-08-01,3,0,-9.8
CLI05555,2024-06-01,1,0,40.0
CLI05555,2024-07-01,0,0,68.9
CLI05555,2025-04-01,1,0,43.6
CLI05555,2025-06-01,1,0,-86.2
CLI05555,2025-07-01,0,2,-67.0
CLI05556,2025-02-01,2,1,15.3
CLI05556,2025-09-01,0,1,33.9
CLI05557,2025-06-01,0,2,-60.8
CLI05558,2024-12-01,1,1,-63.3
CLI05558,2025-01-01,1,0,39.9
CLI05558,2025-03-01,2,1,19.6
CLI05559,2024-12-01,1,1,19.6
CLI05559,2025-08-01,0,2,58.2
CLI05560,2024-11-01,0,2,33.5
CLI05560,2025-02-01,0,1,30.2
CLI05561,2024-03-01,0,2,16.5
CLI05561,2024-10-01,0,0,41.5
CLI05561,2025-07-01,1,0,42.0
CLI05561,2025-08-01,0,1,-8.5
CLI05562,2023-05-01,0,0,80.0
CLI05562,2023-12-01,2,1,69.2
CLI05562,2024-01-01,2,1,-16.8
CLI05562,2024-06-01,0,1,38.5
CLI05563,2024-03-01,0,0,52.5
CLI05563,2024-04-01,0,0,16.3
CLI05563,2024-07-01,0,1,19.4
CLI05563,2024-09-01,1,0,34.1
CLI05563,2025-07-01,0,1,24.0
CLI05564,2024-04-01,0,1,-70.5
CLI05564,2024-05-01,3,2,-64.7
CLI05564,2024-07-01,6,1,-22.3
CLI05564,2024-09-01,0,0,47.0
CLI05564,2024-10-01,1,2,75.2
CLI05564,2025-06-01,0,1,39.4
CLI05566,2022-09-01,0,0,39.8
CLI05566,2025-10-01,0,1,39.2
CLI05567,2025-03-01,0,0,19.0
CLI05567,2025-07-01,1,0,26.1
CLI05568,2023-02-01,0,0,84.8
CLI05568,2023-09-01,0,0,45.5
CLI05568,2024-12-01,0,0,51.8
CLI05568,2025-01-01,1,1,-80.2
CLI05569,2023-03-01,0,0,85.0
CLI05569,2025-07-01,0,0,94.3
CLI05570,2024-04-01,0,2,47.1
CLI05571,2023-02-01,1,0,48.5
CLI05571,2025-07-01,1,0,-22.0
CLI05571,2025-08-01,2,1,-4.4
CLI05571,2025-09-01,0,0,-20.8
CLI05571,2025-11-01,0,0,56.5
CLI05572,2024-05-01,1,0,43.9
CLI05572,2025-07-01,1,2,-20.8
CLI05573,2023-11-01,0,3,81.0
CLI05573,2024-10-01,1,0,35.5
CLI05574,2023-02-01,1,1,44.8
CLI05574,2025-02-01,4,0,4.7
CLI05575,2024-01-01,1,0,71.6
CLI05575,2025-05-01,0,0,32.6
CLI05576,2024-06-01,0,1,58.4
CLI05576,2024-10-01,2,2,-51.3
CLI05576,2024-11-01,0,1,28.2
CLI05576,2025-01-01,5,2,-17.2
CLI05577,2025-01-01,3,1,-24.4
CLI05577,2025-10-01,0,1,35.9
CLI05578,2023-12-01,0,0,100.0
CLI05578,2024-01-01,1,0,13.5
CLI05578,2025-01-01,2,0,33.3
CLI05578,2025-03-01,0,1,13.4
CLI05579,2025-02-01,4,0,-11.4
CLI05580,2023-03-01,1,0,13.4
CLI05581,2024-11-01,1,3,46.8
CLI05581,2025-04-01,2,1,-46.8
CLI05581,2025-05-01,0,0,16.8
CLI05581,2025-06-01,0,2,-49.7
CLI05581,2025-07-01,0,3,-22.2
CLI05582,2025-05-01,0,2,32.5
CLI05584,2023-09-01,1,1,22.4
CLI05585,2022-11-01,0,0,50.6
CLI05585,2023-11-01,0,2,30.1
CLI05585,2025-06-01,3,0,-0.0
CLI05586,2023-08-01,5,4,-7.9
CLI05586,2024-03-01,0,0,0.2
CLI05586,2024-07-01,1,0,48.5
CLI05586,2025-02-01,0,0,28.9
CLI05586,2025-05-01,0,0,47.3
CLI05586,2025-12-01,0,0,42.8
CLI05587,2022-07-01,0,0,45.4
CLI05587,2024-05-01,1,1,2.7
CLI05587,2024-08-01,1,0,12.5
CLI05588,2024-03-01,2,0,-6.2
CLI05589,2024-12-01,0,0,6.2
CLI05589,2025-05-01,1,1,-45.0
CLI05590,2024-01-01,1,1,-13.8
CLI05590,2024-09-01,0,0,86.6
CLI05592,2024-05-01,1,1,43.8
CLI05592,2024-06-01,1,1,-12.1
CLI05592,2024-07-01,1,1,-34.0
CLI05592,2025-05-01,0,1,81.7
CLI05593,2023-11-01,3,2,-17.2
CLI05593,2023-12-01,2,3,-48.0
CLI05593,2024-03-01,1,1,55.9
CLI05593,2025-05-01,0,0,54.8
CLI05594,2023-10-01,0,0,34.9
CLI05594,2024-06-01,0,1,32.1
CLI05595,2024-09-01,0,0,29.7
CLI05595,2024-11-01,1,2,53.2
CLI05596,2023-03-01,2,0,-45.6
CLI05596,2023-05-01,1,2,26.7
CLI05597,2024-04-01,0,0,-0.2
CLI05597,2025-08-01,0,2,45.0
CLI05598,2024-04-01,0,1,45.1
CLI05598,2025-05-01,1,0,-72.7
CLI05598,2025-06-01,1,0,-6.9
CLI05599,2023-03-01,1,0,60.6
CLI05599,2024-08-01,4,2,30.6
CLI05600,2024-06-01,1,2,-69.4
CLI05602,2023-11-01,1,0,28.7
CLI05602,2023-12-01,0,2,52.9
CLI05602,2024-03-01,0,0,8.7
CLI05602,2024-12-01,1,0,-21.4
CLI05602,2025-02-01,1,0,41.6
CLI05603,2025-05-01,0,0,38.6
CLI05603,2025-06-01,3,2,-11.3
CLI05603,2025-07-01,0,2,33.1
CLI05603,2025-09-01,0,2,-43.5
CLI05605,2023-04-01,0,0,6.0
CLI05605,2023-07-01,2,0,-25.1
CLI05606,2024-01-01,0,0,64.0
CLI05606,2024-10-01,1,0,61.7
CLI05606,2025-05-01,1,0,33.9
CLI05606,2025-09-01,1,0,22.2
CLI05607,2024-10-01,0,0,40.9
CLI05607,2025-06-01,0,1,43.3
CLI05608,2022-10-01,0,3,45.4
CLI05608,2023-06-01,0,0,53.0
CLI05608,2024-10-01,1,0,51.2
CLI05608,2025-09-01,0,0,36.0
CLI05609,2024-06-01,1,1,-21.9
CLI05609,2024-09-01,1,1,-14.2
CLI05610,2022-11-01,0,0,93.1
CLI05610,2025-02-01,1,1,30.7
CLI05610,2025-04-01,1,0,-28.7
CLI05610,2025-09-01,0,0,70.9
CLI05611,2024-07-01,2,2,-17.5
CLI05611,2025-02-01,0,4,43.4
CLI05611,2025-07-01,0,2,57.9
CLI05612,2024-07-01,3,1,17.9
CLI05612,2024-09-01,2,1,-29.7
CLI05612,2025-12-01,0,1,68.8
CLI05613,2022-10-01,0,2,31.3
CLI05613,2023-09-01,0,1,50.3
CLI05613,2024-11-01,0,1,18.8
CLI05613,2025-06-01,0,3,32.0
CLI05613,2025-12-01,0,0,32.2
CLI05614,2023-07-01,1,0,61.1
CLI05615,2025-03-01,0,1,29.4
CLI05616,2024-07-01,0,1,82.8
CLI05616,2025-02-01,1,0,-13.8
CLI05616,2025-03-01,1,0,13.8
CLI05616,2025-06-01,0,1,3.5
CLI05617,2023-07-01,1,0,81.7
CLI05617,2024-11-01,0,0,51.4
CLI05617,2025-06-01,1,1,-0.1
CLI05617,2025-07-01,0,0,-41.3
CLI05618,2024-11-01,0,0,52.8
CLI05618,2025-03-01,2,0,-36.3
CLI05618,2025-06-01,1,1,1.4
CLI05618,2025-07-01,1,0,68.7
CLI05619,2025-10-01,0,0,6.5
CLI05619,2025-11-01,0,0,62.1
CLI05619,2025-12-01,1,0,53.0
CLI05620,2025-07-01,1,1,91.6
CLI05620,2025-12-01,0,0,51.8
CLI05622,2023-10-01,0,1,-17.0
CLI05622,2024-02-01,2,3,43.1
CLI05622,2024-12-01,3,0,-20.4
CLI05623,2023-05-01,0,1,9.8
CLI05623,2023-06-01,2,0,-48.5
CLI05623,2023-08-01,0,1,24.4
CLI05623,2024-12-01,1,0,47.6
CLI05624,2023-12-01,0,1,15.4
CLI05624,2024-10-01,0,1,35.2
CLI05624,2025-06-01,1,0,27.7
CLI05625,2023-11-01,3,2,24.4
CLI05625,2024-05-01,0,1,47.3
CLI05626,2025-02-01,0,1,-6.4
CLI05627,2022-08-01,0,1,80.4
CLI05627,2025-05-01,1,2,41.6
CLI05628,2024-07-01,0,2,31.2
CLI05628,2025-02-01,0,0,-63.5
CLI05628,2025-04-01,2,0,-7.1
CLI05628,2025-12-01,0,0,71.3
CLI05629,2024-12-01,1,2,11.8
CLI05629,2025-05-01,4,0,-3.1
CLI05629,2025-06-01,2,1,-32.3
CLI05630,2023-04-01,1,0,66.1
CLI05630,2023-11-01,0,1,45.1
CLI05630,2024-06-01,0,0,-0.2
CLI05631,2024-10-01,1,0,36.3
CLI05631,2024-12-01,3,0,39.3
CLI05634,2025-05-01,1,0,-19.1
CLI05634,2025-06-01,1,1,-49.6
CLI05634,2025-07-01,0,1,-18.6
CLI05635,2023-12-01,1,2,60.6
CLI05637,2024-12-01,1,0,6.1
CLI05637,2025-02-01,3,1,-8.9
CLI05638,2024-08-01,2,0,100.0
CLI05638,2025-05-01,2,3,-6.0
CLI05638,2025-12-01,0,0,9.5
CLI05639,2025-01-01,1,1,72.7
CLI05639,2025-04-01,3,0,-27.6
CLI05640,2024-11-01,0,0,74.0
CLI05640,2024-12-01,0,0,68.4
CLI05643,2025-08-01,0,0,14.3
CLI05645,2025-02-01,4,0,-13.3
CLI05646,2024-01-01,0,0,11.0
CLI05646,2024-10-01,0,0,22.7
CLI05646,2025-06-01,1,3,27.8
CLI05646,2025-07-01,3,2,-52.3
CLI05647,2024-05-01,4,2,-91.9
CLI05647,2024-06-01,3,0,-47.4
CLI05649,2022-11-01,0,3,53.2
CLI05649,2023-04-01,0,0,55.8
CLI05649,2024-07-01,0,3,46.6
CLI05649,2025-03-01,2,3,15.2
CLI05650,2024-05-01,0,4,59.7
CLI05650,2024-09-01,0,2,18.2
CLI05650,2025-10-01,0,3,38.7
CLI05651,2022-12-01,0,0,72.1
CLI05651,2023-01-01,0,1,39.4
CLI05651,2024-06-01,2,0,-9.4
CLI05651,2024-11-01,0,0,28.1
CLI05651,2025-06-01,0,3,-19.5
CLI05652,2023-04-01,0,1,86.5
CLI05652,2023-08-01,2,2,-27.8
CLI05653,2024-11-01,1,1,-5.9
CLI05654,2023-03-01,0,0,20.0
CLI05654,2023-05-01,0,0,39.5
CLI05654,2024-07-01,0,0,37.3
CLI05655,2023-01-01,0,0,46.5
CLI05655,2023-11-01,0,0,75.7
CLI05655,2024-11-01,1,1,62.5
CLI05655,2025-05-01,1,0,-58.2
CLI05655,2025-06-01,1,2,-22.9
CLI05655,2025-11-01,1,1,58.4
CLI05656,2025-04-01,1,1,49.3
CLI05656,2025-05-01,2,1,-54.1
CLI05657,2024-05-01,1,1,-2.3
CLI05657,2025-11-01,0,1,13.1
CLI05658,2023-08-01,0,0,67.4
CLI05658,2023-10-01,0,0,23.8
CLI05658,2025-12-01,1,0,62.0
CLI05659,2023-10-01,1,1,-41.8
CLI05659,2024-01-01,2,0,27.7
CLI05659,2024-05-01,0,0,42.6
CLI05659,2025-07-01,0,0,20.0
CLI05660,2025-11-01,1,1,33.8
CLI05661,2022-10-01,0,0,38.8
CLI05661,2023-02-01,0,1,14.9
CLI05661,2024-08-01,1,1,2.5
CLI05662,2024-12-01,1,0,-36.2
CLI05662,2025-01-01,2,3,-87.8
CLI05662,2025-03-01,2,2,0.9
CLI05663,2025-01-01,2,1,-50.5
CLI05664,2023-10-01,1,2,21.7
CLI05664,2024-04-01,0,0,54.3
CLI05664,2025-03-01,0,2,61.4
CLI05664,2025-06-01,0,5,-24.2
CLI05665,2025-02-01,3,0,-29.0
CLI05665,2025-09-01,0,0,21.7
CLI05666,2023-11-01,0,0,42.5
CLI05666,2025-02-01,2,1,-11.3
CLI05666,2025-04-01,1,0,8.5
CLI05666,2025-05-01,0,1,76.2
CLI05666,2025-09-01,0,3,47.5
CLI05667,2024-10-01,0,1,79.3
CLI05668,2023-04-01,1,0,41.4
CLI05668,2025-01-01,1,0,33.1
CLI05669,2024-09-01,3,0,16.4
CLI05669,2025-03-01,0,0,88.1
CLI05671,2022-07-01,2,1,92.0
CLI05671,2023-12-01,0,1,73.1
CLI05672,2023-10-01,1,0,49.7
CLI05672,2024-01-01,1,0,11.5
CLI05673,2023-10-01,2,1,-48.2
CLI05673,2024-08-01,0,0,89.6
CLI05673,2024-12-01,0,1,49.6
CLI05673,2025-05-01,0,1,43.6
CLI05674,2022-12-01,1,0,60.1
CLI05674,2023-03-01,0,1,64.4
CLI05674,2024-03-01,2,0,-36.5
CLI05674,2024-05-01,2,1,-43.5
CLI05674,2024-10-01,0,0,62.1
CLI05675,2025-12-01,0,1,43.5
CLI05676,2025-08-01,1,1,-47.8
CLI05677,2025-04-01,3,1,-68.9
CLI05677,2025-07-01,1,0,-10.3
CLI05678,2022-06-01,0,0,28.4
CLI05678,2023-06-01,0,0,60.2
CLI05678,2025-01-01,0,0,100.0
CLI05680,2022-09-01,0,0,-2.1
CLI05680,2023-08-01,0,1,4.2
CLI05681,2024-06-01,0,0,-20.0
CLI05681,2024-08-01,2,0,22.7
CLI05682,2025-06-01,1,0,-67.3
CLI05682,2025-09-01,1,0,68.8
CLI05683,2023-08-01,0,1,20.6
CLI05683,2025-05-01,1,2,0.9
CLI05684,2023-07-01,0,0,0.1
CLI05684,2023-11-01,0,1,44.4
CLI05684,2024-02-01,1,2,63.4
CLI05684,2024-09-01,0,0,32.8
CLI05684,2025-08-01,0,0,56.8
CLI05685,2023-11-01,0,1,65.4
CLI05685,2024-04-01,0,0,54.6
CLI05685,2025-01-01,5,0,23.3
CLI05685,2025-02-01,3,2,19.8
CLI05685,2025-03-01,0,1,51.2
CLI05685,2025-09-01,0,1,57.4
CLI05686,2025-05-01,2,0,-37.5
CLI05687,2025-05-01,3,2,-14.7
CLI05687,2025-06-01,2,2,33.9
CLI05687,2025-07-01,3,1,-33.4
CLI05687,2025-11-01,0,0,33.0
CLI05688,2023-07-01,0,1,23.5
CLI05689,2023-05-01,0,0,64.1
CLI05689,2024-06-01,0,0,74.1
CLI05689,2025-03-01,0,0,51.0
CLI05689,2025-04-01,0,2,-14.0
CLI05690,2024-02-01,1,2,15.7
CLI05691,2025-05-01,0,0,81.4
CLI05692,2024-04-01,2,0,26.9
CLI05692,2024-06-01,2,1,-81.6
CLI05692,2025-10-01,0,0,74.4
CLI05694,2024-03-01,0,3,-31.8
CLI05695,2023-05-01,1,0,-20.3
CLI05695,2023-06-01,0,1,44.8
CLI05695,2024-02-01,1,0,28.4
CLI05696,2024-07-01,4,0,12.1
CLI05697,2022-08-01,0,1,42.6
CLI05697,2024-03-01,0,0,72.3
CLI05697,2024-10-01,4,0,-34.7
CLI05698,2023-11-01,0,0,66.0
CLI05698,2024-04-01,5,2,-52.3
CLI05699,2025-07-01,1,0,-25.0
CLI05701,2023-12-01,0,0,29.3
CLI05701,2024-04-01,2,1,-29.8
CLI05701,2024-05-01,1,2,-21.3
CLI05701,2025-04-01,0,0,48.6
CLI05701,2025-09-01,1,1,82.2
CLI05702,2024-12-01,1,1,0.9
CLI05702,2025-09-01,0,0,60.3
CLI05703,2024-08-01,1,2,-25.8
CLI05703,2024-09-01,3,2,5.9
CLI05703,2024-10-01,2,0,-63.4
CLI05703,2025-06-01,0,0,56.6
CLI05705,2023-10-01,0,0,46.9
CLI05705,2024-05-01,0,0,75.2
CLI05705,2024-09-01,0,0,-32.6
CLI05706,2025-08-01,1,1,48.5
CLI05707,2024-06-01,0,1,41.8
CLI05707,2025-06-01,2,0,-15.0
CLI05707,2025-07-01,0,1,60.8
CLI05708,2025-02-01,1,3,-8.9
CLI05709,2025-05-01,1,0,79.3
CLI05709,2025-09-01,0,0,14.2
CLI05710,2025-01-01,2,1,-45.3
CLI05710,2025-02-01,0,0,37.5
CLI05711,2023-09-01,0,0,29.8
CLI05711,2025-09-01,0,1,51.8
CLI05712,2025-02-01,0,1,13.3
CLI05713,2023-10-01,0,1,52.3
CLI05713,2024-02-01,0,0,25.6
CLI05713,2025-03-01,1,0,41.0
CLI05713,2025-04-01,1,0,-52.6
CLI05713,2025-06-01,3,0,-44.8
CLI05713,2025-08-01,1,1,26.1
CLI05714,2024-10-01,0,0,61.4
CLI05714,2024-11-01,4,1,-1.7
CLI05716,2024-12-01,4,0,1.3
CLI05716,2025-01-01,3,1,-21.5
CLI05716,2025-03-01,2,0,-51.3
CLI05717,2022-05-01,0,1,3.7
CLI05717,2022-06-01,1,0,61.0
CLI05717,2022-07-01,0,0,23.0
CLI05717,2025-02-01,0,2,-63.1
CLI05718,2024-02-01,0,1,33.8
CLI05718,2025-06-01,2,2,80.1
CLI05718,2025-08-01,2,1,-21.7
CLI05719,2023-09-01,0,0,38.7
CLI05719,2025-04-01,1,2,-15.7
CLI05719,2025-05-01,2,1,-0.5
CLI05720,2025-03-01,1,0,-46.3
CLI05720,2025-05-01,0,3,-63.7
CLI05721,2022-10-01,0,1,4.0
CLI05721,2023-11-01,0,1,57.2
CLI05721,2025-09-01,0,0,13.4
CLI05722,2023-12-01,0,0,19.3
CLI05722,2025-03-01,2,3,3.3
CLI05723,2023-07-01,0,1,54.8
CLI05723,2024-08-01,1,0,75.0
CLI05723,2025-03-01,1,0,46.9
CLI05723,2025-07-01,2,0,-25.7
CLI05724,2024-02-01,0,1,-24.0
CLI05724,2024-10-01,0,0,35.9
CLI05724,2025-07-01,0,1,34.7
CLI05724,2025-10-01,1,0,100.0
CLI05725,2024-07-01,0,1,-28.6
CLI05726,2022-11-01,0,1,66.1
CLI05726,2024-05-01,2,1,22.1
CLI05727,2024-06-01,0,1,48.2
CLI05727,2024-12-01,0,2,53.7
CLI05727,2025-02-01,1,1,22.5
CLI05727,2025-09-01,1,0,43.1
CLI05728,2023-07-01,1,0,74.4
CLI05728,2023-08-01,0,1,23.8
CLI05728,2024-10-01,0,0,67.1
CLI05728,2025-04-01,2,2,4.1
CLI05728,2025-05-01,3,0,29.7
CLI05728,2025-06-01,1,0,27.1
CLI05729,2023-07-01,0,1,50.4
CLI05729,2025-06-01,0,0,17.1
CLI05730,2023-09-01,0,0,65.2
CLI05730,2023-10-01,0,0,81.8
CLI05730,2024-03-01,0,1,-9.1
CLI05731,2024-05-01,0,0,37.7
CLI05731,2025-06-01,0,1,5.1
CLI05732,2023-09-01,1,1,9.2
CLI05732,2023-11-01,0,0,59.3
CLI05732,2024-01-01,0,1,7.9
CLI05733,2025-06-01,2,1,-39.4
CLI05734,2025-08-01,1,0,-18.2
CLI05735,2025-02-01,3,1,-28.5
CLI05736,2023-07-01,0,2,39.4
CLI05736,2024-01-01,1,2,43.0
CLI05736,2024-02-01,1,0,75.3
CLI05736,2024-04-01,2,1,-38.5
CLI05736,2024-05-01,0,1,-43.0
CLI05736,2025-02-01,0,1,12.1
CLI05736,2025-04-01,0,1,10.8
CLI05737,2023-11-01,0,1,36.5
CLI05737,2024-03-01,0,1,38.3
CLI05737,2024-06-01,0,0,19.6
CLI05737,2025-01-01,1,1,52.1
CLI05738,2023-08-01,1,0,39.7
CLI05738,2024-07-01,0,0,61.3
CLI05738,2025-04-01,3,2,-15.7
CLI05739,2022-09-01,1,1,-41.8
CLI05739,2022-11-01,1,0,10.0
CLI05739,2023-11-01,0,1,-11.7
CLI05741,2024-03-01,1,0,-8.2
CLI05741,2024-10-01,1,4,60.2
CLI05742,2024-12-01,4,3,-46.3
CLI05743,2023-12-01,0,0,15.8
CLI05743,2025-01-01,0,0,47.0
CLI05743,2025-04-01,0,2,26.3
CLI05743,2025-06-01,1,1,5.2
CLI05745,2023-07-01,0,0,-12.1
CLI05745,2024-06-01,2,1,-33.1
CLI05745,2024-07-01,4,1,17.9
CLI05745,2025-05-01,0,1,34.9
CLI05746,2022-11-01,0,0,23.9
CLI05748,2024-08-01,0,0,37.1
CLI05748,2025-07-01,1,1,-3.6
CLI05748,2025-11-01,0,1,35.9
CLI05749,2022-10-01,0,0,55.1
CLI05749,2024-04-01,0,0,57.9
CLI05749,2024-10-01,2,2,-7.4
CLI05749,2024-11-01,1,1,-50.9
CLI05749,2024-12-01,0,1,-3.8
CLI05750,2024-11-01,0,1,42.9
CLI05751,2024-12-01,0,0,32.2
CLI05752,2025-04-01,0,0,2.6
CLI05752,2025-07-01,0,1,43.6
CLI05753,2024-05-01,0,0,77.6
CLI05753,2024-07-01,3,2,30.3
CLI05755,2023-12-01,0,0,30.2
CLI05755,2024-04-01,1,0,13.3
CLI05756,2023-11-01,0,1,47.8
CLI05756,2025-05-01,1,0,-78.2
CLI05756,2025-10-01,0,2,32.7
CLI05757,2024-07-01,0,0,63.3
CLI05758,2024-10-01,1,2,-47.7
CLI05758,2025-04-01,0,2,68.0
CLI05758,2025-08-01,0,1,39.8
CLI05758,2025-09-01,0,0,53.9
CLI05760,2023-02-01,1,0,41.3
CLI05760,2023-07-01,0,1,59.2
CLI05760,2023-11-01,0,0,25.5
CLI05762,2024-09-01,0,1,46.1
CLI05762,2025-01-01,2,0,-4.6
CLI05762,2025-03-01,1,1,44.0
CLI05762,2025-04-01,0,0,25.3
CLI05763,2025-11-01,0,1,72.3
CLI05764,2023-02-01,1,0,57.5
CLI05764,2024-01-01,1,0,46.3
CLI05764,2024-08-01,0,0,69.4
CLI05765,2024-03-01,0,0,27.4
CLI05765,2024-06-01,2,1,-8.1
CLI05765,2024-07-01,2,0,-48.6
CLI05766,2023-03-01,1,1,22.5
CLI05766,2023-08-01,1,0,25.7
CLI05766,2025-09-01,0,0,-4.1
CLI05767,2024-12-01,2,0,33.5
CLI05767,2025-03-01,1,1,66.6
CLI05768,2023-06-01,0,0,65.5
CLI05768,2024-01-01,0,1,-28.5
CLI05768,2024-02-01,1,2,-24.0
CLI05768,2025-10-01,1,2,54.2
CLI05770,2023-07-01,2,3,33.1
CLI05770,2024-08-01,0,2,37.5
CLI05770,2025-01-01,2,1,-12.1
CLI05770,2025-10-01,1,1,43.5
CLI05771,2025-04-01,1,1,-5.8
CLI05771,2025-05-01,1,2,-4.3
CLI05772,2025-06-01,1,1,38.6
CLI05772,2025-11-01,1,1,82.9
CLI05773,2023-02-01,0,0,58.1
CLI05773,2023-09-01,0,0,44.3
CLI05773,2025-06-01,2,3,-14.7
CLI05773,2025-07-01,1,2,-8.8
CLI05774,2024-11-01,0,1,48.7
CLI05774,2025-03-01,0,1,3.0
CLI05774,2025-05-01,1,0,37.7
CLI05775,2023-05-01,0,0,45.4
CLI05775,2025-01-01,2,0,-0.7
CLI05775,2025-02-01,2,0,-11.7
CLI05775,2025-12-01,2,1,40.7
CLI05776,2024-03-01,1,1,93.5
CLI05777,2023-11-01,1,0,69.6
CLI05777,2025-05-01,0,0,21.0
CLI05778,2025-07-01,0,0,86.7
CLI05779,2022-04-01,1,2,98.8
CLI05779,2022-05-01,1,0,42.8
CLI05779,2022-07-01,0,3,1.2
CLI05779,2023-07-01,1,0,50.1
CLI05779,2025-03-01,2,1,-7.9
CLI05780,2025-06-01,1,1,-1.5
CLI05781,2023-03-01,1,0,31.0
CLI05781,2024-04-01,0,3,70.6
CLI05781,2024-07-01,0,0,77.7
CLI05781,2024-10-01,1,3,29.4
CLI05781,2025-09-01,2,1,69.1
CLI05782,2024-09-01,0,1,5.2
CLI05782,2024-11-01,3,0,-2.9
CLI05782,2024-12-01,2,1,-63.2
CLI05782,2025-01-01,1,0,-8.1
CLI05782,2025-03-01,0,0,22.6
CLI05782,2025-11-01,0,1,17.8
CLI05783,2024-12-01,2,0,-19.4
CLI05783,2025-01-01,0,0,0.7
CLI05783,2025-02-01,0,1,-31.4
CLI05785,2024-09-01,0,0,83.0
CLI05785,2025-09-01,0,1,40.6
CLI05786,2025-02-01,2,2,-18.2
CLI05786,2025-05-01,0,0,-35.2
CLI05788,2023-05-01,0,0,11.9
CLI05788,2023-12-01,2,1,91.4
CLI05788,2024-05-01,0,0,37.8
CLI05788,2025-02-01,2,3,-9.6
CLI05788,2025-05-01,1,5,-65.2
CLI05789,2024-04-01,0,1,42.8
CLI05789,2025-07-01,0,0,40.5
CLI05790,2022-06-01,0,0,18.1
CLI05791,2025-04-01,2,2,-15.6
CLI05791,2025-06-01,1,2,23.0
CLI05791,2025-10-01,1,0,16.1
CLI05791,2025-11-01,0,0,33.4
CLI05792,2022-09-01,0,3,40.9
CLI05792,2023-01-01,0,1,55.3
CLI05792,2024-08-01,0,1,57.9
CLI05792,2024-10-01,2,0,-8.0
CLI05792,2024-11-01,1,1,9.7
CLI05792,2025-01-01,0,1,-10.1
CLI05792,2025-03-01,0,1,50.1
CLI05792,2025-09-01,0,0,55.4
CLI05796,2025-04-01,1,4,-15.6
CLI05796,2025-06-01,1,0,6.4
CLI05796,2025-07-01,1,2,-10.9
CLI05797,2024-02-01,0,0,26.1
CLI05797,2024-09-01,2,2,-20.3
CLI05797,2025-01-01,0,1,-10.3
CLI05798,2022-03-01,0,0,20.3
CLI05798,2025-03-01,0,2,-14.7
CLI05798,2025-06-01,1,0,7.6
CLI05799,2025-03-01,3,0,12.1
CLI05800,2024-08-01,0,0,70.4
CLI05801,2023-06-01,3,0,76.6
CLI05801,2023-10-01,0,0,47.6
CLI05801,2024-01-01,0,0,27.5
CLI05801,2024-10-01,1,1,71.2
CLI05805,2023-12-01,0,0,61.0
CLI05805,2024-03-01,0,0,44.5
CLI05805,2024-06-01,0,1,39.0
CLI05806,2024-05-01,3,2,34.8
CLI05807,2024-12-01,4,2,-41.5
CLI05808,2023-05-01,0,0,28.0
CLI05808,2023-10-01,0,0,-3.2
CLI05808,2024-08-01,0,0,39.2
CLI05808,2024-11-01,0,2,53.0
CLI05808,2025-07-01,1,0,34.6
CLI05808,2025-10-01,1,1,3.3
CLI05809,2025-01-01,1,0,-83.3
CLI05810,2023-10-01,0,0,53.8
CLI05810,2024-08-01,0,0,39.4
CLI05810,2025-05-01,2,2,31.0
CLI05810,2025-06-01,0,0,22.3
CLI05811,2025-04-01,1,3,-22.2
CLI05811,2025-09-01,1,0,35.3
CLI05812,2025-04-01,2,1,29.6
CLI05812,2025-05-01,0,0,52.5
CLI05812,2025-06-01,2,0,-19.0
CLI05813,2025-06-01,0,2,53.4
CLI05814,2022-11-01,0,1,70.8
CLI05814,2023-09-01,0,1,70.0
CLI05814,2025-09-01,0,0,38.5
CLI05815,2023-01-01,0,1,37.0
CLI05816,2023-03-01,0,0,52.7
CLI05816,2024-10-01,4,2,-19.5
CLI05816,2024-11-01,1,1,6.4
CLI05816,2024-12-01,3,0,-29.4
CLI05817,2024-07-01,0,2,50.2
CLI05817,2024-10-01,0,0,55.8
CLI05818,2023-02-01,1,1,51.0
CLI05818,2024-10-01,1,1,16.5
CLI05818,2024-12-01,0,0,11.0
CLI05819,2025-03-01,4,0,-47.1
CLI05820,2023-02-01,0,1,60.2
CLI05820,2024-04-01,0,0,-57.4
CLI05820,2024-06-01,3,0,12.0
CLI05821,2024-03-01,0,0,78.7
CLI05822,2025-03-01,1,1,-55.3
CLI05822,2025-04-01,3,1,32.7
CLI05822,2025-05-01,0,1,-31.9
CLI05823,2024-08-01,2,0,-2.7
CLI05823,2024-11-01,0,0,23.7
CLI05824,2025-04-01,0,1,57.2
CLI05824,2025-08-01,0,1,32.4
CLI05825,2024-05-01,0,0,44.7
CLI05825,2024-10-01,0,1,43.2
CLI05825,2024-12-01,1,0,-8.0
CLI05825,2025-01-01,6,2,-24.1
CLI05825,2025-10-01,0,0,24.6
CLI05826,2024-01-01,1,1,26.4
CLI05826,2025-06-01,2,0,-7.3
CLI05827,2023-03-01,0,0,30.3
CLI05827,2025-04-01,0,1,30.5
CLI05828,2024-12-01,0,0,-6.5
CLI05828,2025-04-01,1,1,9.4
CLI05829,2025-03-01,3,3,-38.0
CLI05829,2025-05-01,0,0,84.6
CLI05829,2025-07-01,0,1,43.4
CLI05830,2023-03-01,0,2,81.1
CLI05830,2023-05-01,0,1,45.6
CLI05831,2024-09-01,0,1,41.7
CLI05831,2025-06-01,1,0,29.4
CLI05831,2025-07-01,1,0,1.0
CLI05832,2025-05-01,1,0,35.4
CLI05832,2025-06-01,2,0,-35.8
CLI05833,2023-09-01,1,0,20.8
CLI05834,2025-07-01,1,0,-49.3
CLI05834,2025-10-01,1,1,53.3
CLI05835,2025-01-01,1,0,-32.9
CLI05835,2025-03-01,1,1,95.1
CLI05836,2025-05-01,0,0,28.7
CLI05837,2024-07-01,0,1,63.6
CLI05837,2025-01-01,0,0,97.4
CLI05837,2025-08-01,2,0,53.0
CLI05838,2025-05-01,1,2,-27.6
CLI05839,2023-04-01,0,0,56.7
CLI05839,2023-12-01,0,2,-26.8
CLI05840,2025-06-01,0,2,35.7
CLI05840,2025-08-01,0,1,31.4
CLI05842,2024-10-01,2,0,-3.6
CLI05842,2024-11-01,0,0,-1.0
CLI05843,2022-09-01,0,0,13.2
CLI05843,2022-12-01,0,2,2.3
CLI05843,2023-10-01,0,0,28.6
CLI05843,2024-09-01,0,0,73.3
CLI05843,2024-12-01,0,0,-83.7
CLI05843,2025-01-01,1,0,-17.7
CLI05844,2025-03-01,2,2,-29.3
CLI05844,2025-05-01,0,2,-22.3
CLI05845,2024-07-01,0,1,13.1
CLI05845,2024-12-01,1,0,-20.0
CLI05845,2025-04-01,1,1,44.6
CLI05847,2022-10-01,0,0,-10.2
CLI05847,2023-05-01,0,0,37.3
CLI05847,2023-12-01,0,0,59.0
CLI05847,2024-04-01,0,0,73.3
CLI05847,2025-01-01,2,3,-6.9
CLI05848,2023-09-01,1,1,-16.8
CLI05848,2023-10-01,0,0,16.9
CLI05848,2023-12-01,0,1,52.4
CLI05848,2025-05-01,0,0,65.1
CLI05848,2025-07-01,0,0,67.3
CLI05849,2023-09-01,1,1,-4.6
CLI05849,2024-01-01,0,0,8.1
CLI05849,2025-01-01,0,0,44.7
CLI05850,2024-01-01,0,0,4.5
CLI05851,2024-09-01,0,0,44.1
CLI05851,2024-12-01,0,1,24.8
CLI05851,2025-01-01,0,0,60.9
CLI05851,2025-06-01,1,1,-95.0
CLI05852,2024-05-01,1,1,24.2
CLI05854,2024-07-01,0,1,12.3
CLI05854,2024-12-01,1,2,7.6
CLI05854,2025-11-01,1,0,69.4
CLI05855,2023-05-01,0,0,61.6
CLI05855,2023-09-01,0,1,75.5
CLI05855,2023-11-01,0,2,7.8
CLI05855,2024-08-01,0,1,31.1
CLI05855,2024-10-01,0,1,67.5
CLI05855,2024-12-01,0,0,27.8
CLI05856,2025-03-01,0,1,65.7
CLI05857,2024-06-01,0,0,51.5
CLI05858,2023-06-01,0,0,21.4
CLI05858,2023-08-01,0,0,72.9
CLI05858,2023-12-01,0,0,34.7
CLI05858,2025-06-01,0,1,48.0
CLI05858,2025-11-01,0,0,30.5
CLI05859,2024-04-01,0,3,60.9
CLI05860,2025-05-01,0,3,-55.5
CLI05860,2025-10-01,0,1,32.8
CLI05860,2025-11-01,0,2,-2.3
CLI05861,2023-12-01,0,0,27.4
CLI05862,2024-04-01,3,1,-43.3
CLI05863,2022-12-01,1,0,69.8
CLI05863,2023-06-01,0,0,42.3
CLI05863,2024-04-01,0,0,35.2
CLI05863,2024-08-01,0,1,34.5
CLI05863,2024-09-01,0,2,15.9
CLI05863,2025-05-01,3,1,24.9
CLI05863,2025-06-01,2,0,-7.7
CLI05864,2024-04-01,1,0,49.0
CLI05864,2024-12-01,1,1,-10.3
CLI05864,2025-11-01,0,0,65.2
CLI05865,2025-05-01,2,0,-18.5
CLI05865,2025-12-01,0,1,100.0
CLI05866,2024-12-01,0,0,-5.8
CLI05866,2025-07-01,1,0,6.1
CLI05867,2023-07-01,1,0,-66.7
CLI05867,2023-11-01,0,0,60.6
CLI05868,2025-02-01,0,1,22.5
CLI05868,2025-06-01,2,0,-8.6
CLI05869,2024-05-01,0,1,13.8
CLI05869,2025-12-01,0,0,50.2
CLI05870,2024-04-01,0,0,8.5
CLI05870,2025-05-01,2,0,4.9
CLI05870,2025-11-01,0,0,74.6
CLI05871,2024-07-01,1,0,72.9
CLI05871,2025-05-01,1,1,29.7
CLI05872,2023-07-01,0,0,40.9
CLI05872,2024-10-01,1,0,-10.9
CLI05872,2025-12-01,0,0,41.4
CLI05873,2023-12-01,1,2,-30.5
CLI05873,2024-02-01,0,2,-5.4
CLI05873,2024-04-01,1,1,65.6
CLI05874,2022-06-01,0,0,44.5
CLI05874,2024-12-01,0,1,48.1
CLI05874,2025-01-01,0,1,0.3
CLI05874,2025-04-01,2,1,-28.5
CLI05874,2025-11-01,0,0,79.9
CLI05876,2025-07-01,4,1,-16.2
CLI05876,2025-08-01,1,2,-53.2
CLI05876,2025-10-01,0,1,63.2
CLI05877,2024-01-01,0,0,95.9
CLI05877,2025-07-01,0,1,26.6
CLI05878,2022-05-01,0,0,68.5
CLI05878,2023-12-01,0,0,62.1
CLI05878,2025-09-01,0,0,46.9
CLI05879,2024-07-01,1,0,-3.4
CLI05880,2024-12-01,0,1,23.5
CLI05881,2023-09-01,3,1,-15.3
CLI05881,2025-01-01,0,0,-8.1
CLI05882,2023-01-01,0,1,28.7
CLI05882,2024-09-01,2,0,37.3
CLI05882,2024-11-01,1,0,3.5
CLI05883,2025-01-01,1,1,-4.0
CLI05883,2025-12-01,0,0,43.8
CLI05886,2023-11-01,0,0,98.1
CLI05886,2024-05-01,1,2,-28.7
CLI05886,2024-10-01,0,1,25.0
CLI05886,2025-06-01,0,1,85.0
CLI05887,2025-03-01,0,3,-52.1
CLI05888,2023-10-01,1,2,30.1
CLI05888,2023-11-01,0,3,39.5
CLI05888,2025-11-01,0,1,47.1
CLI05889,2024-12-01,1,1,-13.8
CLI05889,2025-02-01,0,0,82.6
CLI05890,2025-01-01,0,0,41.5
CLI05890,2025-06-01,1,0,-8.7
CLI05891,2023-06-01,0,0,47.7
CLI05891,2023-10-01,1,3,-7.2
CLI05891,2025-04-01,0,1,33.6
CLI05891,2025-05-01,1,0,59.6
CLI05892,2023-05-01,0,0,33.1
CLI05893,2025-02-01,0,2,-13.7
CLI05893,2025-08-01,0,0,37.8
CLI05894,2022-09-01,1,0,52.8
CLI05894,2023-09-01,0,1,54.6
CLI05895,2024-12-01,2,2,41.6
CLI05896,2024-07-01,1,1,-36.5
CLI05896,2024-08-01,3,0,-23.4
CLI05897,2024-09-01,1,0,54.0
CLI05897,2024-12-01,0,1,29.6
CLI05897,2025-11-01,0,0,82.1
CLI05898,2024-03-01,2,3,-14.4
CLI05898,2024-04-01,2,3,-9.9
CLI05899,2022-08-01,0,1,6.5
CLI05899,2023-11-01,0,0,42.8
CLI05899,2024-05-01,3,1,-1.8
CLI05899,2024-07-01,3,2,26.8
CLI05900,2024-02-01,0,0,73.7
CLI05901,2024-09-01,1,0,38.8
CLI05901,2025-05-01,0,1,-3.0
CLI05902,2023-11-01,0,1,20.7
CLI05903,2022-11-01,0,0,30.3
CLI05903,2023-10-01,0,1,61.4
CLI05903,2024-07-01,0,1,41.9
CLI05903,2024-12-01,0,1,-46.1
CLI05903,2025-01-01,1,2,-25.4
CLI05904,2025-04-01,2,1,-23.5
CLI05904,2025-09-01,0,1,46.1
CLI05905,2024-03-01,0,1,100.0
CLI05905,2024-07-01,2,1,29.6
CLI05905,2024-10-01,1,0,1.2
CLI05906,2023-10-01,0,0,96.3
CLI05906,2025-02-01,0,1,-72.7
CLI05907,2025-02-01,0,2,-27.8
CLI05907,2025-07-01,0,0,51.0
CLI05908,2023-12-01,0,0,14.4
CLI05908,2024-08-01,0,0,-38.1
CLI05908,2024-10-01,2,4,-6.1
CLI05908,2024-11-01,3,1,-9.6
CLI05908,2025-08-01,2,0,67.8
CLI05909,2025-01-01,0,1,-26.1
CLI05909,2025-02-01,0,1,-5.0
CLI05909,2025-04-01,2,1,18.6
CLI05909,2025-06-01,1,1,11.7
CLI05910,2024-08-01,0,2,-45.2
CLI05910,2024-11-01,0,0,20.0
CLI05911,2024-05-01,0,0,67.0
CLI05911,2025-06-01,0,0,-31.5
CLI05912,2022-08-01,0,0,46.2
CLI05912,2022-11-01,0,1,84.6
CLI05912,2023-08-01,0,0,20.5
CLI05912,2025-12-01,0,1,38.3
CLI05913,2023-10-01,0,0,49.1
CLI05913,2024-07-01,0,0,79.4
CLI05914,2023-05-01,0,0,83.6
CLI05914,2024-10-01,0,2,47.0
CLI05915,2023-03-01,0,0,38.3
CLI05915,2025-09-01,2,0,-3.7
CLI05916,2023-09-01,2,0,70.7
CLI05916,2025-02-01,0,1,12.3
CLI05917,2022-08-01,3,0,57.4
CLI05917,2022-09-01,3,1,-24.7
CLI05917,2022-10-01,0,0,-46.2
CLI05917,2023-08-01,0,1,41.4
CLI05917,2024-11-01,0,1,26.2
CLI05917,2024-12-01,0,1,20.7
CLI05918,2023-04-01,0,1,25.8
CLI05918,2023-06-01,0,2,23.3
CLI05918,2024-08-01,0,0,59.1
CLI05918,2025-05-01,0,2,31.5
CLI05918,2025-07-01,3,0,-23.8
CLI05919,2024-01-01,1,0,42.6
CLI05919,2024-07-01,1,1,-21.8
CLI05919,2025-08-01,0,1,15.7
CLI05919,2025-09-01,0,1,27.7
CLI05920,2023-10-01,0,1,12.5
CLI05920,2024-01-01,0,0,61.9
CLI05920,2024-09-01,1,5,-35.5
CLI05921,2023-04-01,0,1,30.5
CLI05921,2025-03-01,0,1,45.4
CLI05922,2025-04-01,2,1,-8.6
CLI05922,2025-05-01,2,1,-23.0
CLI05923,2024-10-01,1,0,-2.9
CLI05923,2024-11-01,3,1,-15.7
CLI05924,2024-10-01,0,1,-22.1
CLI05924,2024-11-01,1,0,-26.7
CLI05924,2025-05-01,0,1,58.0
CLI05924,2025-08-01,0,2,26.9
CLI05925,2023-09-01,1,1,-10.4
CLI05925,2025-01-01,0,1,64.7
CLI05925,2025-07-01,1,1,33.4
CLI05926,2023-06-01,0,0,68.8
CLI05926,2023-11-01,0,1,39.9
CLI05926,2025-06-01,1,3,-39.8
CLI05926,2025-09-01,2,0,-54.6
CLI05928,2024-03-01,0,2,-12.3
CLI05928,2024-11-01,1,0,58.1
CLI05928,2025-02-01,1,1,48.9
CLI05929,2024-05-01,0,0,67.8
CLI05929,2025-06-01,0,0,-17.6
CLI05930,2022-08-01,0,0,36.9
CLI05930,2022-11-01,0,0,65.0
CLI05930,2023-01-01,0,1,46.8
CLI05930,2023-04-01,1,1,44.6
CLI05930,2023-05-01,0,0,83.2
CLI05930,2023-06-01,0,1,12.8
CLI05932,2024-06-01,0,0,39.7
CLI05932,2025-02-01,0,1,52.0
CLI05932,2025-03-01,0,0,46.6
CLI05933,2025-08-01,0,0,19.9
CLI05934,2025-01-01,1,2,45.2
CLI05935,2025-01-01,1,1,16.4
CLI05935,2025-02-01,0,0,75.4
CLI05935,2025-03-01,0,1,44.9
CLI05936,2024-09-01,0,2,-50.1
CLI05936,2024-10-01,2,1,4.4
CLI05937,2025-10-01,1,2,95.2
CLI05938,2025-12-01,0,1,39.7
CLI05939,2023-03-01,0,1,44.9
CLI05939,2025-06-01,2,2,53.8
CLI05940,2023-03-01,0,0,82.3
CLI05940,2023-06-01,0,0,18.6
CLI05940,2025-06-01,0,0,96.7
CLI05940,2025-09-01,1,0,22.1
CLI05941,2024-10-01,0,1,39.7
CLI05941,2025-09-01,0,1,27.3
CLI05942,2024-11-01,2,1,32.0
CLI05942,2024-12-01,0,0,100.0
CLI05942,2025-06-01,1,1,-8.3
CLI05943,2022-10-01,0,0,37.3
CLI05943,2023-12-01,0,0,58.1
CLI05945,2024-02-01,0,3,42.7
CLI05945,2025-03-01,1,1,5.1
CLI05945,2025-04-01,1,0,-13.3
CLI05945,2025-11-01,0,1,18.3
CLI05946,2024-09-01,0,0,51.3
CLI05946,2025-04-01,2,1,1.4
CLI05946,2025-06-01,1,2,-16.6
CLI05946,2025-07-01,1,0,-91.8
CLI05948,2024-05-01,1,1,0.7
CLI05949,2023-05-01,0,0,56.9
CLI05949,2024-04-01,1,1,32.4
CLI05949,2024-06-01,4,2,10.2
CLI05949,2024-07-01,3,0,24.7
CLI05949,2025-02-01,0,2,34.2
CLI05950,2023-09-01,0,0,44.6
CLI05950,2024-10-01,0,0,60.4
CLI05951,2022-10-01,0,1,62.3
CLI05951,2022-11-01,0,0,27.4
CLI05951,2023-08-01,0,0,37.2
CLI05951,2025-05-01,0,0,31.1
CLI05952,2024-06-01,3,0,12.7
CLI05954,2024-07-01,0,0,29.0
CLI05954,2024-08-01,0,0,43.5
CLI05954,2025-06-01,1,0,5.1
CLI05954,2025-08-01,3,2,-16.3
CLI05954,2025-09-01,2,0,-30.6
CLI05955,2023-09-01,0,2,25.7
CLI05955,2024-09-01,0,1,7.3
CLI05955,2025-03-01,1,1,-1.4
CLI05956,2023-05-01,1,0,5.8
CLI05956,2023-06-01,0,1,45.8
CLI05956,2024-02-01,0,0,29.7
CLI05956,2025-02-01,1,0,45.5
CLI05957,2024-05-01,3,2,32.2
CLI05957,2025-02-01,1,1,48.2
CLI05958,2023-01-01,0,0,29.8
CLI05958,2023-08-01,0,0,-9.6
CLI05958,2023-09-01,0,1,-46.5
CLI05958,2023-10-01,1,3,-0.5
CLI05959,2022-10-01,0,2,38.2
CLI05959,2023-09-01,0,1,63.5
CLI05959,2024-03-01,0,1,71.4
CLI05960,2024-01-01,0,0,68.7
CLI05960,2025-05-01,1,1,18.6
CLI05961,2025-07-01,0,0,13.3
CLI05961,2025-08-01,0,1,-15.8
CLI05962,2023-11-01,1,1,39.3
CLI05962,2024-12-01,0,0,-13.4
CLI05962,2025-02-01,0,1,-19.4
CLI05963,2024-10-01,0,1,30.2
CLI05963,2024-12-01,1,0,-23.5
CLI05963,2025-03-01,1,2,35.9
CLI05964,2023-02-01,0,0,50.6
CLI05964,2023-10-01,1,1,22.4
CLI05964,2024-04-01,0,1,21.5
CLI05964,2025-03-01,2,1,-28.4
CLI05964,2025-05-01,0,0,15.5
CLI05965,2024-03-01,0,1,28.4
CLI05965,2024-05-01,0,1,50.0
CLI05965,2024-08-01,0,1,98.3
CLI05965,2025-01-01,1,0,19.3
CLI05965,2025-10-01,1,1,19.7
CLI05966,2022-11-01,0,0,18.8
CLI05966,2023-01-01,1,2,44.4
CLI05966,2024-07-01,0,0,-6.0
CLI05966,2025-06-01,0,0,6.9
CLI05967,2025-03-01,0,0,72.7
CLI05967,2025-04-01,0,1,30.0
CLI05968,2024-12-01,1,0,24.2
CLI05968,2025-08-01,3,2,31.8
CLI05969,2023-03-01,0,0,13.6
CLI05969,2025-02-01,6,1,-38.9
CLI05970,2025-04-01,2,0,-16.7
CLI05971,2023-04-01,0,1,83.0
CLI05971,2024-10-01,3,0,-4.5
CLI05971,2024-12-01,0,1,-3.3
CLI05973,2024-02-01,1,1,100.0
CLI05973,2024-07-01,1,0,34.3
CLI05973,2025-02-01,1,2,-5.3
CLI05973,2025-03-01,0,0,-19.4
CLI05974,2025-05-01,2,0,-34.4
CLI05974,2025-06-01,0,1,-10.7
CLI05975,2023-05-01,0,0,44.3
CLI05975,2023-11-01,0,1,48.1
CLI05975,2024-10-01,2,0,31.9
CLI05975,2025-07-01,0,0,71.7
CLI05976,2024-06-01,0,0,25.6
CLI05978,2023-09-01,1,0,77.9
CLI05979,2023-07-01,0,1,27.3
CLI05979,2024-12-01,1,2,66.3
CLI05981,2024-10-01,0,0,36.2
CLI05981,2025-04-01,6,2,-7.8
CLI05981,2025-06-01,0,0,28.6
CLI05981,2025-09-01,1,1,25.5
CLI05982,2024-10-01,0,0,71.0
CLI05982,2025-01-01,1,2,-31.3
CLI05983,2024-11-01,4,1,7.2
CLI05983,2024-12-01,1,1,59.9
CLI05984,2023-03-01,0,1,59.3
CLI05984,2023-05-01,0,1,39.1
CLI05984,2025-04-01,1,1,13.1
CLI05984,2025-05-01,0,0,-30.1
CLI05985,2024-04-01,0,1,13.1
CLI05985,2024-05-01,1,1,4.3
CLI05985,2024-11-01,1,0,-7.3
CLI05985,2025-01-01,2,0,-81.6
CLI05986,2023-03-01,0,0,45.3
CLI05986,2023-06-01,0,0,57.8
CLI05986,2025-04-01,1,2,-68.4
CLI05986,2025-07-01,0,1,71.8
CLI05987,2024-10-01,1,1,33.3
CLI05987,2025-06-01,0,1,57.2
CLI05988,2025-01-01,2,1,-19.8
CLI05988,2025-02-01,1,1,29.4
CLI05989,2022-09-01,0,2,26.9
CLI05989,2023-01-01,2,0,92.5
CLI05989,2023-10-01,0,0,47.4
CLI05989,2025-07-01,0,0,8.8
CLI05989,2025-11-01,0,0,6.8
CLI05990,2024-08-01,1,0,29.8
CLI05990,2025-09-01,2,0,36.1
CLI05992,2024-01-01,1,1,33.8
CLI05992,2024-08-01,1,0,-35.7
CLI05992,2024-09-01,0,1,79.2
CLI05992,2024-11-01,0,0,42.1
CLI05993,2025-01-01,2,3,-15.0
CLI05994,2023-06-01,0,0,1.8
CLI05994,2023-07-01,0,0,60.8
CLI05994,2024-11-01,1,2,-34.6
CLI05994,2024-12-01,2,1,-24.6
CLI05994,2025-01-01,2,1,-30.6
CLI05995,2024-01-01,0,1,38.0
CLI05995,2024-05-01,0,0,77.7
CLI05995,2024-06-01,2,0,-20.3
CLI05996,2024-10-01,0,1,37.7
CLI05996,2025-01-01,0,1,20.5
CLI05997,2024-12-01,2,1,43.4
CLI05997,2025-10-01,0,1,45.1
CLI05998,2023-04-01,1,0,29.0
CLI05999,2024-06-01,0,1,-32.0
CLI05999,2025-06-01,0,0,63.0
CLI06000,2023-05-01,0,0,36.2
CLI06000,2023-07-01,1,1,49.6
CLI06000,2024-01-01,0,0,84.3
CLI06000,2024-09-01,3,0,2.6
CLI06000,2024-12-01,0,1,-38.8
CLI06001,2024-07-01,2,1,48.5
CLI06002,2023-03-01,0,0,68.9
CLI06002,2023-04-01,0,1,46.7
CLI06002,2023-05-01,0,0,38.8
CLI06002,2023-06-01,0,0,75.0
CLI06002,2023-10-01,0,1,60.3
CLI06002,2024-06-01,0,1,88.4
CLI06002,2024-11-01,4,1,8.6
CLI06003,2024-11-01,0,1,-45.5
CLI06003,2025-02-01,1,0,4.9
CLI06004,2024-12-01,0,2,17.6
CLI06004,2025-04-01,2,1,-18.7
CLI06005,2024-05-01,0,1,26.2
CLI06005,2024-12-01,1,0,46.4
CLI06005,2025-03-01,1,2,-43.3
CLI06005,2025-06-01,2,4,-17.1
CLI06007,2024-12-01,0,2,-26.3
CLI06007,2025-01-01,4,1,26.1
CLI06008,2023-09-01,0,0,20.8
CLI06008,2024-01-01,0,0,74.6
CLI06008,2024-07-01,0,0,64.6
CLI06008,2024-10-01,2,0,24.7
CLI06008,2024-11-01,1,0,13.6
CLI06009,2023-04-01,0,0,30.8
CLI06009,2023-05-01,0,0,32.4
CLI06009,2023-07-01,1,1,19.2
CLI06011,2024-08-01,0,0,30.8
CLI06011,2025-02-01,2,0,-2.2
CLI06011,2025-04-01,0,1,8.9
CLI06012,2023-10-01,0,0,-1.8
CLI06012,2024-01-01,0,1,63.4
CLI06013,2023-05-01,0,4,66.1
CLI06013,2024-04-01,0,0,6.9
CLI06013,2024-06-01,1,0,71.3
CLI06014,2025-03-01,0,0,52.9
CLI06015,2025-10-01,0,2,32.8
CLI06016,2024-07-01,5,0,28.0
CLI06016,2024-12-01,0,0,68.9
CLI06016,2025-05-01,0,1,31.7
CLI06016,2025-06-01,0,1,47.5
CLI06016,2025-09-01,0,1,70.2
CLI06016,2025-12-01,0,2,43.9
CLI06017,2022-06-01,0,0,43.0
CLI06017,2024-02-01,0,1,55.0
CLI06017,2024-03-01,0,1,54.0
CLI06017,2024-10-01,0,0,25.5
CLI06018,2023-11-01,1,0,32.6
CLI06018,2025-01-01,0,1,-16.0
CLI06018,2025-03-01,2,1,-19.4
CLI06019,2024-03-01,0,0,21.7
CLI06019,2024-10-01,0,1,5.8
CLI06019,2025-02-01,1,0,70.8
CLI06020,2024-06-01,0,0,59.8
CLI06020,2024-12-01,1,5,-65.0
CLI06020,2025-01-01,1,0,27.5
CLI06020,2025-03-01,2,0,-21.3
CLI06021,2023-05-01,0,1,25.5
CLI06021,2024-03-01,0,1,76.8
CLI06021,2024-08-01,0,1,22.8
CLI06021,2025-01-01,1,0,25.0
CLI06021,2025-06-01,2,3,50.8
CLI06022,2025-03-01,1,2,23.0
CLI06023,2025-05-01,0,1,46.5
CLI06024,2025-01-01,0,0,82.4
CLI06025,2023-12-01,0,2,44.8
CLI06025,2024-03-01,0,0,35.5
CLI06025,2025-05-01,0,1,-35.6
CLI06025,2025-11-01,0,0,62.8
CLI06026,2023-08-01,0,1,42.7
CLI06026,2024-04-01,1,1,-27.1
CLI06026,2025-04-01,0,1,-27.5
CLI06026,2025-05-01,0,0,70.8
CLI06026,2025-07-01,0,0,-8.8
CLI06026,2025-11-01,0,2,58.9
CLI06027,2023-01-01,0,0,14.4
CLI06028,2023-11-01,1,1,50.2
CLI06028,2024-09-01,2,1,53.0
CLI06028,2024-11-01,1,0,-35.4
CLI06029,2024-09-01,0,1,30.5
CLI06030,2024-10-01,0,1,-26.9
CLI06031,2024-09-01,3,0,75.6
CLI06031,2025-04-01,0,1,12.4
CLI06031,2025-07-01,3,3,-10.0
CLI06031,2025-08-01,0,1,-26.6
CLI06032,2024-10-01,2,1,-34.9
CLI06032,2024-11-01,1,0,-29.3
CLI06032,2025-10-01,0,0,50.2
CLI06033,2023-01-01,0,1,64.4
CLI06033,2025-05-01,2,3,-40.3
CLI06033,2025-12-01,0,0,75.7
CLI06034,2023-11-01,0,1,59.1
CLI06034,2024-10-01,2,1,49.6
CLI06034,2025-01-01,5,2,-5.7
CLI06035,2025-03-01,1,1,-23.8
CLI06035,2025-04-01,1,0,13.8
CLI06035,2025-07-01,0,0,70.2
CLI06036,2022-10-01,1,1,29.6
CLI06036,2024-01-01,0,0,57.7
CLI06036,2024-11-01,2,0,11.2
CLI06037,2024-02-01,1,1,28.5
CLI06038,2023-08-01,0,0,43.9
CLI06038,2023-09-01,0,1,74.0
CLI06038,2023-10-01,0,1,56.1
CLI06038,2024-02-01,0,1,25.4
CLI06038,2024-07-01,1,1,81.7
CLI06039,2023-10-01,0,1,43.6
CLI06039,2024-09-01,2,1,-21.8
CLI06039,2024-11-01,1,0,-44.0
CLI06039,2025-08-01,0,2,76.8
CLI06040,2023-08-01,0,0,32.4
CLI06041,2023-09-01,0,1,84.9
CLI06041,2024-05-01,1,1,51.6
CLI06041,2025-02-01,5,0,17.5
CLI06041,2025-03-01,0,0,-6.8
CLI06042,2023-07-01,0,0,60.3
CLI06042,2025-03-01,0,0,55.2
CLI06043,2024-11-01,1,2,-59.7
CLI06043,2025-02-01,3,1,-48.1
CLI06044,2024-01-01,0,2,79.5
CLI06044,2025-03-01,1,0,-8.4
CLI06044,2025-05-01,1,0,-1.5
CLI06045,2024-10-01,2,1,39.2
CLI06045,2024-11-01,1,0,-33.4
CLI06045,2025-02-01,0,1,63.8
CLI06045,2025-03-01,1,0,37.6
CLI06046,2025-07-01,1,1,89.0
CLI06047,2024-07-01,0,0,-33.2
CLI06047,2024-08-01,3,2,53.4
CLI06047,2024-10-01,2,0,-62.2
CLI06047,2025-11-01,1,0,41.9
CLI06047,2025-12-01,0,1,60.3
CLI06048,2022-11-01,1,1,13.6
CLI06048,2024-01-01,3,0,-16.1
CLI06048,2024-02-01,2,1,-77.8
CLI06048,2024-03-01,2,2,-32.7
CLI06049,2024-03-01,0,0,50.5
CLI06049,2024-11-01,2,1,-35.3
CLI06050,2024-05-01,1,1,-33.4
CLI06050,2024-06-01,1,4,14.2
CLI06050,2025-01-01,0,1,73.7
CLI06050,2025-07-01,0,0,94.4
