id_cliente,fecha_alta,canal_alta,tienda_alta,genero,edad,provincia,acepta_marketing,email
CLI00001,2023-04-18,Tienda,T05,F,65.0,Entre Rios,True,camilagonzalez@example.net
CLI00002,2022-05-18,Tienda,T03,F,35.0,CABA,True,bustosdelfina@example.org
CLI00003,2023-09-26,Online,,M,42.0,CABA,True,martineznicolas@example.org
CLI00004,2025-04-22,Tienda,T14,F,47.0,Neuquen,True,duarteagustin@example.net
CLI00005,2025-10-15,Online,,F,30.0,Buenos Aires,True,orodriguez@example.org
CLI00006,2024-03-23,Tienda,T25,F,42.0,Salta,True,emiliafernandez@example.org
CLI00007,2024-04-13,Online,,F,41.0,Salta,False,santinoortiz@example.org
CLI00008,2023-06-28,Sucursal,T04,M,,Tucuman,True,ortizana-paula@example.com
CLI00009,2024-09-20,Online,,M,56.0,Tucuman,True,dramos@example.net
CLI00010,2025-09-10,Online,,F,,Neuquen,True,julieta23@example.org
CLI00011,2024-04-18,Online,,M,33.0,Salta,True,uhernandez@example.com
CLI00012,2023-02-25,Tienda,T15,F,39.0,Salta,True,gomezciro@example.com
CLI00013,2022-08-10,Tienda,T13,M,49.0,CABA,True,qflores@example.org
CLI00014,2025-01-21,Online,,F,38.0,Tucuman,True,alma59@example.com
CLI00015,2024-04-26,Tienda,T05,F,38.0,Salta,False,frodriguez@example.com
CLI00016,2023-11-24,Tienda,T18,F,21.0,Santa Fe,True,rodriguezconstanza@example.net
CLI00017,2024-04-23,Online,,F,49.0,Entre Rios,True,ygarcia@example.net
CLI00018,2023-05-22,Online,,F,43.0,Cordoba,True,nsosa@example.org
CLI00019,2023-12-22,Tienda,T19,F,45.0,Tucuman,True,camilofernandez@example.org
CLI00020,2023-08-04,Tienda,T21,F,20.0,Tucuman,True,crodriguez@example.com
CLI00021,2024-03-13,Sucursal,T16,M,65.0,Buenos Aires,False,saraguzman@example.com
CLI00022,2024-10-28,Online,,M,44.0,Entre Rios,True,thiago-ezequiel63@example.org
CLI00023,2022-05-02,Online,,F,36.0,Buenos Aires,True,franciscomartinez@example.com
CLI00024,2025-04-28,Tienda,T25,F,70.0,Entre Rios,True,thiago-benjamingonzalez@example.com
CLI00025,2024-02-20,Sucursal,T28,F,41.0,CABA,False,benjamin-alejandro89@example.net
CLI00026,2024-09-14,Tienda,T01,,21.0,Salta,True,medinatiziana@example.net
CLI00027,2025-03-10,Tienda,T24,,36.0,Tucuman,True,zruiz@example.org
CLI00028,2023-12-05,Tienda,T16,M,18.0,Mendoza,True,erodriguez@example.org
CLI00029,2023-10-06,Tienda,T22,F,56.0,Cordoba,True,romeroisabella@example.org
CLI00030,2024-04-07,Tienda,T26,X,36.0,Salta,True,duartemora@example.org
CLI00031,2025-06-30,Tienda,T05,F,31.0,Salta,False,qfernandez@example.com
CLI00032,2024-05-29,Sucursal,T22,X,57.0,Entre Rios,True,fgomez
CLI00033,2025-12-20,Online,,M,18.0,CABA,False,tsuarez@example.org
CLI00034,2022-07-30,Tienda,T07,F,,Neuquen,True,thiago-nicolas72@example.net
CLI00035,2022-02-03,Online,,M,18.0,Entre Rios,True,felipe80@example.net
CLI00036,2023-03-12,Tienda,T17,M,32.0,Santa Fe,True,ledesmathiago-benjamin@example.com
CLI00037,2025-08-19,Tienda,T20,M,25.0,Tucuman,True,thiago-nahuel88@example.net
CLI00038,2023-04-27,Online,,M,62.0,Cordoba,True,moracaceres@example.org
CLI00039,2025-03-22,Online,,M,66.0,Salta,True,ovillalba@example.org
CLI00040,2024-01-26,Tienda,T09,F,37.0,Salta,True,sebastian04@example.com
CLI00041,2023-01-14,Online,,X,53.0,Cordoba,False,tomas55@example.org
CLI00042,2022-11-18,Tienda,T03,F,39.0,Neuquen,False,valentinromero@example.com
CLI00043,2024-06-30,Online,,M,49.0,Santa Fe,False,suarezjeremias@example.net
CLI00044,2022-05-04,Tienda,T16,M,31.0,CABA,False,bustossofia-belen@example.org
CLI00045,2023-11-29,Tienda,T03,M,-3.0,Salta,False,lorenzogodoy@example.org
CLI00046,2025-03-15,Tienda,T03,F,18.0,Cordoba,False,vmedina@example.org
CLI00047,2024-11-24,Tienda,T25,F,47.0,CABA,False,samuelgonzalez@example.net
CLI00048,2025-08-14,Tienda,T18,M,73.0,Tucuman,True,tomasluna@example.com
CLI00049,2024-08-17,Tienda,T03,F,,Neuquen,True,felipe82@example.org
CLI00050,2022-01-21,Online,,F,34.0,Entre Rios,True,pereyrapaula@example.com
CLI00051,2025-12-11,Tienda,T23,F,68.0,Santa Fe,True,ezequieldiaz@example.com
CLI00052,2022-11-07,Online,,M,45.0,Salta,True,paulinaromero@example.net
CLI00053,2023-09-04,Tienda,T09,F,12.0,Entre Rios,True,isabellavillalba@example.com
CLI00054,2024-08-25,Online,,F,45.0,CABA,False,grivero@example.org
CLI00055,2024-02-16,Tienda,T07,M,,Santa Fe,True,hernandezsantiago-benjamin@example.net
CLI00056,2022-01-06,Tienda,T03,M,37.0,Mendoza,True,joaquinherrera@example.net
CLI00057,2022-06-25,Online,,F,21.0,Neuquen,True,romeromaximo@example.net
CLI00058,2023-12-06,Tienda,T12,,49.0,Entre Rios,True,cruzisabella
CLI00059,2022-10-07,Tienda,S06,F,40.0,Entre Rios,True,ramosbianca@example.net
CLI00060,2022-02-10,Tienda,S27,F,58.0,Mendoza,True,acostatomas@example.net
CLI00061,2024-06-03,Sucursal,T28,M,36.0,CABA,False,helenaacosta@example.net
CLI00062,2025-03-24,Tienda,T20,M,18.0,Entre Rios,True,constanzalucero@example.com
CLI00063,2025-09-09,Tienda,T17,M,40.0,Mendoza,False,giulianafernandez@example.org
CLI00064,2023-07-27,Online,,M,65.0,Mendoza,True,bautista36@example.org
CLI00065,2022-11-07,Tienda,T15,M,36.0,Cordoba,True,martin25
CLI00066,2022-07-28,Online,,M,29.0,Entre Rios,True,nahiaradiaz@example.org
CLI00067,2023-08-05,Tienda,T09,F,25.0,Cordoba,False,qlopez@example.org
CLI00068,2022-08-24,Tienda,T16,F,27.0,Cordoba,True,ztoledo@example.com
CLI00069,2023-09-08,Online,,F,37.0,Mendoza,True,juan-cruz50@example.com
CLI00070,2024-03-19,Tienda,T07,M,25.0,Entre Rios,True,yquiroga@example.com
CLI00071,2024-01-26,Sucursal,T18,F,62.0,Salta,True,agustina11@example.org
CLI00072,2025-11-19,Sucursal,T15,,38.0,Cordoba,True,rodriguezvictoria@example.org
CLI00073,2023-01-30,Tienda,T12,F,43.0,Entre Rios,True,tobiasroldan@example.net
CLI00074,2025-04-10,Tienda,T16,F,62.0,Salta,True,lola88@example.net
CLI00075,2023-12-24,Tienda,T13,F,63.0,Mendoza,True,catalina02@example.com
CLI00076,2025-07-31,Online,,F,132.0,Neuquen,True,maria-luz14@example.org
CLI00077,2024-06-06,Online,,F,,Neuquen,False,bautistaguzman@example.com
CLI00078,2022-01-17,Online,,M,52.0,Neuquen,True,rblanco@example.net
CLI00079,2022-07-08,Online,,F,39.0,CABA,False,maria-luzmartin@example.com
CLI00080,2022-03-15,Online,,F,18.0,Salta,True,paulamorales@example.net
CLI00081,2025-01-13,Tienda,T18,F,51.0,Tucuman,True,tomas24@example.com
CLI00082,2025-03-19,Online,,F,54.0,Salta,True,martina08@example.net
CLI00083,2025-11-28,Tienda,T07,M,47.0,Entre Rios,True,cmartinez@example.org
CLI00084,2024-08-19,Tienda,T05,M,29.0,Santa Fe,True,iferreyra@example.com
CLI00085,2025-11-17,Tienda,T19,F,39.0,CABA,True,luciano35@example.org
CLI00086,2025-04-30,Tienda,T25,F,33.0,Tucuman,True,lolasosa@example.org
CLI00087,2025-05-07,Online,,F,37.0,Cordoba,True,rodriguezthiago-nicolas@example.com
CLI00088,2023-09-21,Tienda,T27,M,60.0,Mendoza,True,rodriguezmaite@example.net
CLI00089,2024-09-05,Sucursal,T16,F,63.0,Entre Rios,False,matias40@example.com
CLI00090,2022-09-28,Tienda,T05,,,Salta,True,tomas45@example.com
CLI00091,2025-11-21,Tienda,T19,M,49.0,Neuquen,False,emma43@example.com
CLI00092,2022-09-25,Tienda,S25,F,51.0,Cordoba,True,olivia74@example.net
CLI00093,2024-08-15,Tienda,T10,,41.0,Tucuman,True,juan-bautistagonzalez@example.com
CLI00094,2025-04-07,Tienda,T08,F,40.0,Neuquen,True,camilagonzalez@example.org
CLI00095,2023-03-14,Online,,F,,CABA,False,catalinacampos@example.org
CLI00096,2024-08-18,Tienda,T14,F,41.0,Mendoza,False,ucoronel@example.com
CLI00097,2022-08-07,Tienda,T07,M,73.0,Cordoba,True,martinamiranda@example.net
CLI00098,2024-07-04,Online,,M,54.0,Salta,True,nahuelnavarro@example.net
CLI00099,2025-05-04,Tienda,T13,F,37.0,Santa Fe,True,riveromaria-victoria@example.net
CLI00100,2024-09-24,Tienda,T23,M,35.0,Buenos Aires,False,catalinagonzalez@example.net
CLI00101,2023-06-11,Online,,M,29.0,CABA,False,alvarezfacundo@example.org
CLI00102,2024-07-05,Tienda,T03,F,47.0,Buenos Aires,True,morenagonzalez@example.org
CLI00103,2024-12-28,Online,,F,47.0,Buenos Aires,True,dominguezbautista@example.net
CLI00104,2023-11-23,Online,,F,21.0,Salta,True,fariasfrancisco@example.org
CLI00105,2022-12-03,Online,,F,48.0,Buenos Aires,False,yaguirre@example.org
CLI00106,2023-12-01,Tienda,T20,F,34.0,Mendoza,True,camilo93@example.org
CLI00107,2024-05-25,Tienda,T01,M,61.0,Buenos Aires,True,valentina49@example.net
CLI00108,2022-07-14,Sucursal,T25,F,,Salta,True,rrodriguez@example.net
CLI00109,2022-05-26,Online,,F,66.0,Santa Fe,True,amparogarcia@example.net
CLI00110,2023-02-21,Tienda,T26,M,,CABA,False,hmedina@example.net
CLI00111,2022-10-18,Tienda,T18,F,37.0,Buenos Aires,False,maidanabenjamin@example.com
CLI00112,2022-04-22,Tienda,T16,,46.0,Santa Fe,True,ytoledo@example.org
CLI00113,2025-08-31,Online,,M,56.0,Buenos Aires,False,bautistagomez@example.net
CLI00114,2024-02-05,Tienda,T09,M,49.0,Cordoba,True,valentino84@example.org
CLI00115,2024-10-23,Online,,F,24.0,Neuquen,False,guillerminahernandez@example.com
CLI00116,2022-02-06,Online,,M,44.0,Buenos Aires,True,duartethiago-ezequiel@example.com
CLI00117,2023-03-17,Tienda,T12,F,42.0,Buenos Aires,True,cirotorres@example.org
CLI00118,2025-05-11,Tienda,T03,F,35.0,Salta,True,romeroalma@example.com
CLI00119,2022-06-25,Tienda,T21,M,32.0,Tucuman,True,luz-milagrosmendoza
CLI00120,2023-02-28,Tienda,T24,M,66.0,Mendoza,False,bautista69@example.org
CLI00121,2023-06-11,Online,,F,36.0,Salta,True,dnavarro@example.com
CLI00122,2022-05-29,Tienda,T18,M,30.0,CABA,True,juan-manuel23@example.com
CLI00123,2023-09-29,Tienda,T02,F,50.0,Tucuman,True,santiago56
CLI00124,2025-07-15,Online,,M,43.0,CABA,True,javila
CLI00125,2024-03-12,Tienda,T27,F,,Tucuman,True,rodriguezmaria-paz@example.com
CLI00126,2024-06-16,Online,,M,52.0,Buenos Aires,True,mia-valentinagarcia@example.org
CLI00127,2025-08-24,Tienda,T12,F,48.0,Buenos Aires,True,joaquinramirez@example.com
CLI00128,2023-03-11,Sucursal,T07,F,,Mendoza,False,lola34@example.com
CLI00129,2024-03-24,Online,,F,55.0,Santa Fe,True,pgomez@example.org
CLI00130,2022-04-20,Online,,F,45.0,Cordoba,True,cmolina@example.com
CLI00131,2025-12-25,Tienda,T05,F,33.0,Cordoba,True,jflores@example.org
CLI00132,2022-12-23,Tienda,T27,F,36.0,Neuquen,True,almagomez@example.org
CLI00133,2023-06-22,Tienda,T12,F,34.0,Mendoza,True,angelinacardozo@example.com
CLI00134,2023-07-13,Tienda,T20,M,,Santa Fe,False,thiagoromero@example.org
CLI00135,2023-12-29,Tienda,T12,F,26.0,Entre Rios,True,juan-ignacio88
CLI00136,2024-07-08,Online,,F,18.0,Buenos Aires,True,catalinaescobar@example.com
CLI00137,2023-08-07,Sucursal,T05,F,43.0,Buenos Aires,True,tbenitez@example.org
CLI00138,2022-07-05,Sucursal,T26,M,23.0,Buenos Aires,False,zvega@example.com
CLI00139,2025-11-14,Tienda,T20,F,18.0,Santa Fe,True,zgonzalez@example.net
CLI00140,2025-06-02,Online,,M,47.0,Tucuman,True,gmartinez@example.org
CLI00141,2022-08-14,Online,,M,32.0,Santa Fe,False,acunajoaquin@example.net
CLI00142,2025-05-20,Tienda,T28,F,48.0,Entre Rios,True,xrodriguez@example.org
CLI00143,2022-01-02,Tienda,T18,F,34.0,Neuquen,True,franciscoayala@example.net
CLI00144,2024-11-09,Tienda,T03,F,26.0,Mendoza,True,luciapereyra@example.com
CLI00145,2024-10-16,Sucursal,T28,M,24.0,Tucuman,False,gomezjulieta@example.net
CLI00146,2022-10-07,Tienda,T21,M,,Santa Fe,True,delfina90@example.org
CLI00147,2024-02-24,Tienda,T19,F,38.0,Tucuman,True,ugarcia@example.net
CLI00148,2025-05-10,Tienda,T12,M,30.0,Santa Fe,True,agustinmartinez@example.org
CLI00149,2022-02-12,Tienda,T03,M,,CABA,False,tvega@example.org
CLI00150,2022-02-01,Online,,M,20.0,Salta,True,pcruz@example.com
CLI00151,2022-04-29,Tienda,S01,M,42.0,Cordoba,True,valentina-blanco@example.org
CLI00152,2023-12-21,Online,,M,18.0,CABA,True,lucio56@example.org
CLI00153,2022-01-10,Online,,M,39.0,Neuquen,True,tiziano-benjamin81@example.org
CLI00154,2023-12-25,Online,,M,51.0,CABA,False,josefinamaldonado@example.org
CLI00155,2023-11-11,Online,,F,57.0,Buenos Aires,True,alejo41@example.net
CLI00156,2023-12-25,Online,,X,66.0,Neuquen,False,kiarasuarez@example.net
CLI00157,2022-03-24,Tienda,T26,,20.0,Cordoba,True,mateo-valentinrodriguez@example.org
CLI00158,2025-11-23,Online,,M,52.0,Santa Fe,False,renatavega@example.org
CLI00159,2023-07-29,Tienda,T08,F,58.0,Entre Rios,True,maria-paz12@example.com
CLI00160,2022-10-06,Online,,F,55.0,Neuquen,False,qgonzalez@example.net
CLI00161,2023-07-07,Online,,F,28.0,Buenos Aires,True,lucas-ezequiel72@example.org
CLI00162,2022-01-05,Tienda,S01,F,,Mendoza,True,catalina61@example.net
CLI00163,2025-11-08,Online,,F,68.0,Entre Rios,False,oliviavazquez@example.com
CLI00164,2025-04-15,Online,,X,21.0,Cordoba,True,trodriguez
CLI00165,2023-11-23,Online,,M,48.0,Neuquen,True,juan-pablo73@example.com
CLI00166,2023-06-16,Online,,F,57.0,Neuquen,True,agonzalez@example.org
CLI00167,2025-03-31,Online,,F,32.0,Entre Rios,True,cgonzalez@example.com
CLI00168,2022-04-02,Online,,F,50.0,Buenos Aires,True,perezthiago-valentin@example.net
CLI00169,2023-05-11,Tienda,T28,M,27.0,Neuquen,True,ignacio90
CLI00170,2023-01-18,Online,,,-3.0,Buenos Aires,True,carmela40@example.net
CLI00171,2025-01-08,Tienda,T12,,30.0,Santa Fe,True,gonzalezfrancisco@example.com
CLI00172,2024-11-10,Tienda,T04,X,44.0,Salta,False,ymoyano@example.com
CLI00173,2025-08-26,Online,,F,40.0,CABA,False,ffernandez@example.org
CLI00174,2022-01-13,Online,,F,55.0,CABA,False,gael29@example.org
CLI00175,2023-04-24,Online,,F,28.0,Entre Rios,True,malena91@example.net
CLI00176,2022-10-16,Tienda,T19,F,40.0,Entre Rios,False,emmarodriguez@example.org
CLI00177,2023-12-05,Online,,M,55.0,Salta,True,mateo61@example.org
CLI00178,2023-01-22,Tienda,T25,M,49.0,Santa Fe,False,diazciro@example.net
CLI00179,2025-11-20,Online,,F,23.0,Cordoba,True,franciscoramirez@example.net
CLI00180,2025-07-25,Tienda,T22,F,51.0,Santa Fe,False,lautaro-ezequielfarias@example.net
CLI00181,2025-01-13,Tienda,T21,M,35.0,CABA,True,juana94
CLI00182,2023-06-29,Tienda,T08,M,47.0,Salta,True,sofia32@example.org
CLI00183,2022-12-10,Tienda,T08,F,46.0,CABA,False,antonio93@example.com
CLI00184,2022-04-05,Online,,M,59.0,Cordoba,True,samuel88@example.org
CLI00185,2024-08-06,Tienda,T21,M,43.0,Cordoba,False,ferreyradylan-ezequiel@example.org
CLI00186,2022-01-07,Tienda,T14,F,18.0,Entre Rios,True,maiteavila@example.org
CLI00187,2025-07-04,Online,,M,22.0,Salta,False,juan-ignaciolopez@example.net
CLI00188,2022-10-11,Tienda,T23,X,52.0,Buenos Aires,False,torresmateo-ezequiel@example.com
CLI00189,2024-05-30,Tienda,T01,M,38.0,Entre Rios,True,gomezmatias@example.net
CLI00190,2023-05-26,Sucursal,T06,F,57.0,Buenos Aires,False,torresvalentino@example.org
CLI00191,2025-12-30,Tienda,T13,F,-3.0,CABA,True,juarezjeremias@example.org
CLI00192,2025-04-04,Tienda,T10,M,31.0,Entre Rios,False,renata52@example.net
CLI00193,2023-04-01,Tienda,T06,F,57.0,Cordoba,True,martinaaguirre@example.com
CLI00194,2022-04-03,Sucursal,T12,M,30.0,CABA,True,ariasvicente@example.org
CLI00195,2024-07-22,Tienda,T27,M,18.0,Cordoba,True,ferreyracamila@example.com
CLI00196,2023-08-22,Tienda,T06,M,70.0,Neuquen,True,valentina-60@example.com
CLI00197,2024-12-24,Tienda,T20,M,18.0,Tucuman,True,renata05@example.net
CLI00198,2022-10-15,Tienda,T19,M,,Tucuman,True,adiaz
CLI00199,2023-09-26,Sucursal,T21,F,55.0,Santa Fe,False,pedromaldonado@example.com
CLI00200,2024-04-23,Online,,F,44.0,Entre Rios,True,malena22@example.org
CLI00201,2022-03-17,Online,,M,18.0,Neuquen,True,santino-benjaminbustos@example.org
CLI00202,2024-04-16,Online,,F,56.0,Entre Rios,True,tiziano-benjamin22@example.com
CLI00203,2023-02-18,Tienda,T18,F,21.0,Santa Fe,False,gabrielgomez@example.com
CLI00204,2025-01-05,Online,,M,23.0,Tucuman,True,julietamiranda@example.org
CLI00205,2025-11-25,Online,,F,36.0,Buenos Aires,True,msanchez@example.net
CLI00206,2023-07-21,Tienda,T02,M,53.0,Tucuman,False,santino-benjaminmendez@example.net
CLI00207,2023-08-14,Online,,F,46.0,CABA,True,milenalopez@example.org
CLI00208,2022-03-02,Tienda,T16,M,53.0,Neuquen,True,oliviagomez@example.org
CLI00209,2025-11-18,Online,,F,35.0,CABA,True,martinaortiz@example.net
CLI00210,2022-02-25,Tienda,T07,M,39.0,Tucuman,False,juan-ignacio97@example.net
CLI00211,2025-05-24,Tienda,T02,F,26.0,CABA,True,lara49
CLI00212,2022-12-30,Tienda,T07,M,37.0,Mendoza,False,cdominguez@example.net
CLI00213,2023-10-02,Online,,M,50.0,Buenos Aires,True,gonzalezlucas-ezequiel@example.com
CLI00214,2022-12-10,Online,,F,37.0,Mendoza,True,zmiranda@example.com
CLI00215,2023-08-08,Tienda,T28,M,48.0,Entre Rios,False,fernandezlorenzo@example.org
CLI00216,2025-03-17,Tienda,T01,F,33.0,Mendoza,True,gonzalezvalentino@example.net
CLI00217,2023-04-04,Online,,F,33.0,CABA,True,rodriguezjuan-bautista
CLI00218,2023-07-06,Online,,X,42.0,Salta,False,benjaminrodriguez@example.net
CLI00219,2024-12-04,Tienda,T05,M,39.0,Mendoza,True,lopezlautaro-gabriel@example.com
CLI00220,2023-02-25,Tienda,T28,F,50.0,Neuquen,False,ramiromunoz@example.org
CLI00221,2022-04-06,Tienda,T02,M,44.0,Santa Fe,False,tomas42@example.com
CLI00222,2025-08-01,Online,,M,,Neuquen,False,florencia72@example.com
CLI00223,2024-01-04,Tienda,T21,M,38.0,CABA,True,qdiaz@example.net
CLI00224,2024-01-09,Online,,M,38.0,Tucuman,False,thiago32@example.com
CLI00225,2022-08-24,Tienda,S26,,27.0,CABA,True,agostina62@example.com
CLI00226,2022-06-18,Tienda,T25,F,,Tucuman,False,godoybenicio@example.com
CLI00227,2024-03-21,Tienda,T27,F,51.0,Cordoba,True,martinezmateo-benjamin@example.com
CLI00228,2024-12-13,Online,,M,31.0,Mendoza,True,thiago-benjamin59@example.org
CLI00229,2023-06-10,Online,,M,41.0,Neuquen,False,benitezjoaquin@example.net
CLI00230,2025-10-30,Online,,F,52.0,Entre Rios,True,tobias44@example.net
CLI00231,2025-11-11,Tienda,T18,M,40.0,Cordoba,True,maria-paz03@example.org
CLI00232,2023-03-01,Online,,X,34.0,Mendoza,False,xramirez@example.org
CLI00233,2022-07-12,Online,,M,55.0,Entre Rios,False,tomasgonzalez@example.org
CLI00234,2022-01-04,Tienda,T19,F,43.0,Neuquen,True,julieta85@example.net
CLI00235,2022-11-24,Tienda,T05,X,47.0,Buenos Aires,True,salvador35@example.net
CLI00236,2025-04-24,Tienda,T01,F,58.0,Mendoza,True,valentinomaidana@example.org
CLI00237,2024-10-29,Online,,M,58.0,Neuquen,True,ogomez@example.org
CLI00238,2025-06-26,Online,,,37.0,Mendoza,True,lola40@example.org
CLI00239,2024-07-30,Tienda,T02,M,34.0,Salta,True,mia97@example.net
CLI00240,2025-09-30,Online,,M,45.0,Buenos Aires,True,amartinez@example.org
CLI00241,2022-03-31,Sucursal,T22,F,40.0,Tucuman,False,ramirezemma@example.org
CLI00242,2025-08-24,Tienda,T09,X,,Entre Rios,False,gonzaleznicolas@example.org
CLI00243,2022-07-27,Online,,M,59.0,Salta,True,maximomoreno@example.net
CLI00244,2024-07-25,Online,,M,42.0,Salta,False,biancarodriguez@example.net
CLI00245,2022-03-12,Tienda,T04,F,52.0,Santa Fe,False,avera@example.com
CLI00246,2025-05-17,Online,,M,25.0,Cordoba,True,prodriguez@example.com
CLI00247,2022-09-14,Online,,M,60.0,CABA,False,perezmia-valentina@example.org
CLI00248,2023-05-05,Tienda,T27,F,,Tucuman,True,luz-milagros48@example.net
CLI00249,2023-09-29,Online,,M,40.0,Santa Fe,True,juana31@example.net
CLI00250,2022-01-23,Tienda,T27,M,22.0,Buenos Aires,True,florencia32@example.net
CLI00251,2025-08-28,Sucursal,T02,M,39.0,Cordoba,True,emilianoromero@example.org
CLI00252,2023-07-08,Online,,,38.0,Neuquen,False,hherrera@example.net
CLI00253,2022-01-10,Tienda,S06,M,39.0,Mendoza,True,benitezlisandro@example.net
CLI00254,2025-07-15,Tienda,T26,M,48.0,Santa Fe,True,francescanunez
CLI00255,2024-04-05,Tienda,T06,F,,Cordoba,False,felipegonzalez@example.org
CLI00256,2024-06-27,Tienda,T20,M,55.0,Santa Fe,True,lautarofernandez@example.org
CLI00257,2022-02-15,Online,,M,35.0,Buenos Aires,True,helenagodoy@example.net
CLI00258,2022-04-10,Online,,M,28.0,Neuquen,False,rodriguezsalvador@example.com
CLI00259,2022-10-18,Tienda,T25,M,,Santa Fe,True,lucerozoe@example.net
CLI00260,2025-10-10,Online,,M,50.0,Tucuman,True,martinezsofia@example.org
CLI00261,2022-02-20,Tienda,T23,M,59.0,CABA,True,pazagustin@example.com
CLI00262,2023-11-28,Tienda,T24,M,53.0,Entre Rios,False,santinonavarro@example.org
CLI00263,2023-03-06,Tienda,T20,F,,Neuquen,True,pedro05@example.com
CLI00264,2025-09-19,Online,,M,47.0,Salta,True,veraguadalupe@example.com
CLI00265,2025-01-28,Online,,M,62.0,Buenos Aires,True,nroldan@example.net
CLI00266,2022-02-15,Tienda,T04,F,42.0,Cordoba,True,hgonzalez@example.org
CLI00267,2023-05-22,Tienda,T27,F,,CABA,True,rojasdelfina@example.org
CLI00268,2024-04-18,Sucursal,T02,M,46.0,Cordoba,False,joaquin08@example.org
CLI00269,2023-02-25,Online,,,34.0,CABA,False,gonzalezmorena@example.com
CLI00270,2024-10-12,Sucursal,T12,F,,Mendoza,True,nahiaraluna@example.net
CLI00271,2023-01-16,Tienda,T17,M,41.0,CABA,False,emiliadiaz@example.net
CLI00272,2022-12-05,Online,,M,61.0,Mendoza,True,santinogodoy@example.org
CLI00273,2023-12-17,Online,,F,48.0,Mendoza,True,moralesbenicio@example.com
CLI00274,2025-09-17,Tienda,T02,F,31.0,Santa Fe,True,floresmia-valentina@example.com
CLI00275,2022-10-28,Tienda,S09,M,50.0,Salta,True,pedro88@example.org
CLI00276,2023-07-08,Tienda,T10,F,55.0,Entre Rios,True,juan-davidfernandez@example.net
CLI00277,2025-01-06,Tienda,T13,F,34.0,Salta,False,sosajuan-cruz@example.org
CLI00278,2025-06-21,Online,,F,36.0,Cordoba,True,vdominguez@example.com
CLI00279,2022-09-05,Tienda,T12,,18.0,Tucuman,True,qledesma@example.net
CLI00280,2022-12-04,Tienda,S25,M,54.0,Tucuman,True,malena38@example.org
CLI00281,2023-01-26,Tienda,T24,M,33.0,Santa Fe,True,lisandrobravo@example.net
CLI00282,2023-04-22,Tienda,T20,M,18.0,Entre Rios,True,mateo53@example.com
CLI00283,2025-11-24,Sucursal,T09,M,18.0,Santa Fe,True,lopezmilagros@example.org
CLI00284,2023-07-15,Tienda,T04,M,38.0,Santa Fe,True,geronimoponce@example.com
CLI00285,2023-02-04,Online,,F,52.0,Salta,True,godoysantino@example.org
CLI00286,2025-07-16,Tienda,T20,F,40.0,Salta,True,zgonzalez@example.com
CLI00287,2024-10-09,Online,,F,48.0,Cordoba,True,malena24@example.net
CLI00288,2024-12-13,Online,,M,26.0,Cordoba,False,villalbaluz-maria@example.com
CLI00289,2024-10-20,Tienda,T09,M,23.0,Entre Rios,False,qfarias@example.net
CLI00290,2024-08-10,Tienda,T17,M,54.0,Salta,True,agostinamoreno@example.com
CLI00291,2023-09-24,Online,,M,48.0,Buenos Aires,True,lucia16@example.org
CLI00292,2025-02-16,Online,,F,41.0,CABA,True,valentinaflores@example.com
CLI00293,2022-01-29,Sucursal,T11,M,59.0,Tucuman,True,qgutierrez@example.org
CLI00294,2025-07-29,Tienda,T04,M,28.0,Tucuman,False,santiago-benjamin67@example.org
CLI00295,2022-02-25,Tienda,T06,M,36.0,Cordoba,True,mateovargas@example.org
CLI00296,2024-01-29,Tienda,T19,,,Mendoza,True,fariasfacundo
CLI00297,2022-10-27,Online,,M,67.0,CABA,False,ogutierrez@example.com
CLI00298,2024-02-01,Tienda,T16,M,42.0,Entre Rios,True,dvillalba@example.org
CLI00299,2025-12-16,Online,,F,65.0,Entre Rios,True,francescacoronel@example.org
CLI00300,2024-11-30,Tienda,T27,M,33.0,Mendoza,True,luca44@example.com
CLI00301,2023-08-07,Tienda,T08,F,46.0,Neuquen,True,rodriguezsantino-gabriel@example.net
CLI00302,2024-10-16,Tienda,T07,F,39.0,Mendoza,True,clara13@example.com
CLI00303,2024-12-18,Tienda,T02,M,19.0,Mendoza,True,priscilasoto@example.com
CLI00304,2022-11-06,Tienda,T28,F,45.0,Salta,False,alexanderrodriguez@example.net
CLI00305,2022-10-10,Online,,M,55.0,CABA,False,zoe-valentinafernandez@example.net
CLI00306,2024-07-21,Tienda,T06,F,39.0,Mendoza,False,sherrera@example.net
CLI00307,2024-08-06,Tienda,T18,M,41.0,Buenos Aires,False,ososa@example.com
CLI00308,2024-10-25,Online,,F,61.0,Tucuman,True,lautaro-nahuel27
CLI00309,2022-01-04,Tienda,T05,F,24.0,Entre Rios,False,benicio45@example.com
CLI00310,2023-12-09,Online,,M,21.0,Tucuman,True,dominguezguadalupe@example.com
CLI00311,2025-06-01,Online,,F,32.0,Cordoba,True,rodrigueztiziano@example.com
CLI00312,2025-02-18,Online,,F,25.0,Tucuman,True,juliaromero@example.net
CLI00313,2022-01-22,Tienda,S25,M,,Neuquen,False,diazbautista@example.com
CLI00314,2023-01-01,Online,,F,5.0,Santa Fe,False,silvaian@example.org
CLI00315,2025-02-07,Online,,F,29.0,Entre Rios,False,martin36@example.net
CLI00316,2022-09-03,Tienda,S10,M,33.0,CABA,False,carrizoluciano-benjamin@example.net
CLI00317,2025-05-09,Online,,M,82.0,Santa Fe,True,morenadiaz@example.org
CLI00318,2024-12-19,Tienda,T14,F,33.0,Salta,True,hcarrizo@example.net
CLI00319,2022-06-22,Online,,F,,Cordoba,False,imartinez
CLI00320,2023-11-22,Tienda,T07,M,46.0,Mendoza,True,suarezmia-morena@example.net
CLI00321,2023-12-19,Online,,F,50.0,Entre Rios,True,mlopez@example.net
CLI00322,2022-01-10,Tienda,S01,M,45.0,Mendoza,False,valentin97@example.net
CLI00323,2023-03-10,Sucursal,T22,F,29.0,Cordoba,False,atorres@example.net
CLI00324,2022-04-21,Tienda,T24,M,25.0,Neuquen,True,juan-manuel00@example.net
CLI00325,2022-03-08,Tienda,T11,M,50.0,Salta,True,alma-valentina18@example.com
CLI00326,2023-12-09,Online,,M,41.0,Salta,False,martinavera
CLI00327,2024-07-01,Online,,F,,Cordoba,True,catalina55@example.com
CLI00328,2025-02-10,Tienda,T14,F,58.0,Santa Fe,True,emiliaromero@example.com
CLI00329,2024-03-19,Tienda,T08,F,52.0,Santa Fe,False,juana76@example.com
CLI00330,2024-01-06,Online,,F,38.0,Tucuman,True,francisca53@example.net
CLI00331,2023-12-20,Online,,M,38.0,Salta,False,romerojosefina@example.com
CLI00332,2022-07-06,Online,,F,45.0,Mendoza,True,caceresmartina@example.net
CLI00333,2024-03-20,Online,,F,32.0,Tucuman,True,dmolina@example.com
CLI00334,2023-03-15,Online,,F,23.0,Salta,True,gonzalezgael@example.com
CLI00335,2024-06-07,Online,,F,46.0,CABA,True,caceresnahuel@example.net
CLI00336,2023-07-04,Tienda,T03,M,21.0,Neuquen,True,luciaquiroga@example.net
CLI00337,2025-07-03,Tienda,T13,M,47.0,Santa Fe,False,diazvicente@example.com
CLI00338,2024-07-01,Online,,F,21.0,Neuquen,False,santinolopez@example.org
CLI00339,2023-09-08,Online,,F,40.0,Entre Rios,False,avilaambar@example.com
CLI00340,2025-06-27,Tienda,T04,M,40.0,CABA,False,maiacastro@example.com
CLI00341,2025-06-13,Tienda,T06,,66.0,Buenos Aires,True,cirosanchez@example.com
CLI00342,2024-04-06,Online,,F,27.0,Salta,True,aguirremaximo@example.org
CLI00343,2025-02-03,Tienda,T20,M,,CABA,True,zsilva@example.com
CLI00344,2022-04-09,Online,,M,32.0,Mendoza,True,qluna@example.org
CLI00345,2023-11-26,Tienda,T10,F,26.0,Tucuman,True,fmolina@example.net
CLI00346,2023-11-21,Tienda,T14,,33.0,Santa Fe,False,luciaflores@example.org
CLI00347,2024-09-25,Online,,F,47.0,Neuquen,True,velazquezalma-mia@example.org
CLI00348,2025-06-23,Online,,F,52.0,Entre Rios,False,agustinperez
CLI00349,2024-04-10,Online,,F,65.0,Tucuman,True,lponce@example.org
CLI00350,2023-06-19,Tienda,T15,F,31.0,Santa Fe,False,sebastianrodriguez@example.net
CLI00351,2024-03-24,Tienda,T27,F,78.0,Entre Rios,True,qmedina@example.org
CLI00352,2024-11-13,Tienda,T18,M,69.0,Entre Rios,False,rodriguezlautaro-nicolas@example.net
CLI00353,2025-04-08,Online,,M,39.0,Entre Rios,True,alvarezjosefina@example.net
CLI00354,2022-08-31,Tienda,T24,F,18.0,Entre Rios,True,ucabrera@example.com
CLI00355,2025-10-17,Online,,F,,Mendoza,True,kherrera
CLI00356,2022-07-31,Online,,,43.0,Buenos Aires,False,torresmia-valentina@example.net
CLI00357,2025-03-16,Online,,M,18.0,Tucuman,True,yalvarez@example.com
CLI00358,2025-10-11,Online,,M,43.0,Buenos Aires,True,juana09@example.net
CLI00359,2024-10-23,Tienda,T16,F,39.0,Buenos Aires,True,tiziana02@example.net
CLI00360,2025-04-30,Tienda,T22,F,31.0,Salta,True,pbravo@example.com
CLI00361,2023-07-20,Online,,M,50.0,Neuquen,True,ojuarez@example.com
CLI00362,2023-02-18,Online,,F,56.0,Neuquen,True,sanchezthiago-benjamin@example.org
CLI00363,2024-05-06,Online,,F,,Santa Fe,True,garciavalentino@example.net
CLI00364,2022-08-03,Online,,F,45.0,CABA,False,fsosa@example.net
CLI00365,2024-03-19,Tienda,T08,M,32.0,Buenos Aires,True,wdiaz@example.net
CLI00366,2025-09-22,Tienda,T20,F,30.0,Tucuman,False,josefinarodriguez@example.com
CLI00367,2023-11-11,Online,,F,43.0,Salta,True,gabrielnunez
CLI00368,2022-01-14,Sucursal,T02,M,49.0,CABA,True,fmedina@example.net
CLI00369,2025-03-23,Online,,M,34.0,Mendoza,False,martinezclara@example.com
CLI00370,2025-07-16,Tienda,T14,M,18.0,Tucuman,False,agustin93@example.org
CLI00371,2022-11-07,Online,,F,50.0,Tucuman,False,lopezconstanza@example.com
CLI00372,2024-04-23,Tienda,T18,M,19.0,Tucuman,True,lola82@example.org
CLI00373,2022-03-07,Tienda,T08,,43.0,Cordoba,True,gtorres@example.com
CLI00374,2024-07-12,Tienda,T19,M,66.0,Buenos Aires,True,fernandezmatias@example.com
CLI00375,2023-02-14,Online,,M,41.0,Buenos Aires,False,gomezsofia@example.net
CLI00376,2023-12-12,Tienda,T19,F,25.0,CABA,False,thiago-benjaminvargas@example.com
CLI00377,2022-05-22,Tienda,T06,F,,Santa Fe,True,mvazquez@example.org
CLI00378,2023-01-06,Tienda,T15,F,58.0,Entre Rios,True,romerojeronimo@example.com
CLI00379,2022-05-03,Sucursal,S20,F,41.0,Tucuman,False,gonzalezthiago
CLI00380,2024-10-27,Online,,F,49.0,Mendoza,True,eduarte@example.net
CLI00381,2024-07-23,Online,,F,54.0,Tucuman,True,vegacatalina@example.com
CLI00382,2024-04-04,Tienda,T20,F,,CABA,True,camposvalentina@example.com
CLI00383,2022-09-24,Online,,M,37.0,Mendoza,True,thiagomartinez@example.net
CLI00384,2022-11-20,Tienda,T01,F,28.0,Buenos Aires,True,acunanahiara-jazmin@example.org
CLI00385,2025-08-11,Online,,M,18.0,Tucuman,True,mirandaisabella@example.net
CLI00386,2024-11-02,Tienda,T02,M,20.0,Entre Rios,False,jrodriguez@example.com
CLI00387,2025-01-07,Tienda,T09,F,-3.0,Buenos Aires,True,amparogarcia@example.net
CLI00388,2023-10-07,Sucursal,T08,F,39.0,Mendoza,True,herrerathiago@example.com
CLI00389,2022-07-01,Tienda,T25,X,47.0,Santa Fe,False,calvarez@example.org
CLI00390,2025-03-25,Online,,M,40.0,Cordoba,True,herreraian-ezequiel@example.org
CLI00391,2022-08-18,Online,,M,44.0,Cordoba,True,bautistarios@example.com
CLI00392,2025-07-21,Online,,F,53.0,CABA,True,santiago-benjamincampos@example.com
CLI00393,2025-05-14,Tienda,T13,X,29.0,Cordoba,True,acostaalma
CLI00394,2025-04-16,Tienda,T12,F,37.0,Neuquen,True,xgomez@example.org
CLI00395,2023-04-30,Online,,F,19.0,Neuquen,False,lopezfacundo@example.org
CLI00396,2023-10-03,Tienda,T01,M,55.0,Santa Fe,True,thiago-benjaminramirez@example.org
CLI00397,2022-02-07,Tienda,T02,F,42.0,Tucuman,True,ignacio24@example.com
CLI00398,2022-06-09,Tienda,T05,F,48.0,Buenos Aires,True,hbarrios@example.org
CLI00399,2025-11-29,Tienda,T17,M,63.0,Santa Fe,True,moralesmaia@example.org
CLI00400,2024-03-28,Online,,M,57.0,Tucuman,False,juan-ignacio35
CLI00401,2023-09-23,Online,,M,41.0,Entre Rios,True,mateo-joaquin31@example.com
CLI00402,2023-02-27,Online,,F,53.0,Buenos Aires,False,isabellaojeda@example.com
CLI00403,2022-07-30,Tienda,S14,F,21.0,Entre Rios,True,benitezbianca@example.net
CLI00404,2022-07-24,Tienda,T03,F,48.0,Cordoba,False,caceresjuan-david@example.com
CLI00405,2022-09-29,Tienda,T03,F,43.0,Entre Rios,False,agonzalez@example.org
CLI00406,2023-02-09,Tienda,T15,M,19.0,CABA,False,valentinolopez@example.org
CLI00407,2024-11-04,Tienda,T11,M,60.0,Santa Fe,True,juan-martinrivero@example.net
CLI00408,2024-12-03,Tienda,T21,F,32.0,Neuquen,True,joaquin29@example.net
CLI00409,2024-10-30,Online,,M,51.0,Mendoza,False,maria-victoriadiaz
CLI00410,2022-04-06,Tienda,T21,M,36.0,Mendoza,True,dmansilla@example.net
CLI00411,2025-03-29,Tienda,T18,,55.0,CABA,True,emilia71@example.org
CLI00412,2023-08-21,Tienda,T22,M,60.0,Entre Rios,True,qfernandez@example.com
CLI00413,2022-12-29,Tienda,T27,M,,Salta,True,martina59@example.net
CLI00414,2025-06-06,Online,,F,20.0,Santa Fe,False,maximo78@example.org
CLI00415,2022-06-26,Online,,M,40.0,Mendoza,True,augustoguzman@example.com
CLI00416,2025-02-11,Tienda,T14,F,53.0,Buenos Aires,True,dsilva@example.com
CLI00417,2025-06-28,Tienda,T22,F,36.0,Salta,True,bacosta@example.net
CLI00418,2025-03-20,Online,,M,33.0,Santa Fe,True,benjaminmartin@example.org
CLI00419,2024-06-22,Tienda,T11,M,,Entre Rios,True,santinomartinez@example.org
CLI00420,2022-01-29,Tienda,T23,M,18.0,Neuquen,False,thiago-benjaminmiranda@example.net
CLI00421,2024-04-21,Online,,F,,Neuquen,True,federicogomez@example.org
CLI00422,2024-11-12,Tienda,T12,F,22.0,CABA,True,perezvalentin@example.net
CLI00423,2024-01-02,Tienda,T28,M,46.0,Cordoba,False,santino16@example.org
CLI00424,2024-03-01,Tienda,T07,F,31.0,Salta,True,candelafernandez@example.net
CLI00425,2023-11-06,Online,,M,26.0,Salta,False,blopez@example.net
CLI00426,2023-07-22,Sucursal,T06,M,,Salta,True,mluna@example.net
CLI00427,2022-02-22,Tienda,T07,F,21.0,Entre Rios,True,ramosalma@example.org
CLI00428,2025-05-09,Tienda,T28,F,41.0,Buenos Aires,True,kmansilla@example.com
CLI00429,2025-04-04,Tienda,T27,M,32.0,Salta,False,romerofelipe@example.net
CLI00430,2025-09-26,Online,,F,36.0,Mendoza,False,tizianadominguez@example.org
CLI00431,2023-06-17,Tienda,T01,F,31.0,Entre Rios,True,bautistabenitez@example.net
CLI00432,2024-09-03,Online,,M,54.0,CABA,True,valentinomartin@example.com
CLI00433,2024-07-13,Tienda,T14,M,40.0,Cordoba,True,gonzalezsantino-benjamin@example.com
CLI00434,2025-09-02,Online,,M,49.0,Santa Fe,True,lucia09@example.org
CLI00435,2023-01-01,Online,,M,48.0,Tucuman,True,benitezmaria-guadalupe@example.com
CLI00436,2022-06-15,Online,,F,30.0,Salta,True,lara10@example.net
CLI00437,2025-11-01,Online,,F,49.0,Salta,True,catalina98@example.org
CLI00438,2023-10-05,Online,,F,,Buenos Aires,False,antonioavila@example.net
CLI00439,2023-02-25,Online,,M,46.0,Cordoba,True,abrilvillalba@example.com
CLI00440,2025-05-11,Tienda,T27,F,36.0,Cordoba,True,jeremiasdiaz@example.net
CLI00441,2023-06-20,Tienda,T02,F,36.0,Neuquen,False,mora74@example.org
CLI00442,2022-12-20,Online,,X,52.0,Santa Fe,False,santiagomolina@example.net
CLI00443,2023-08-02,Online,,F,72.0,Santa Fe,True,mateo35@example.net
CLI00444,2023-04-21,Tienda,T26,M,30.0,Mendoza,True,emilia34@example.org
CLI00445,2025-02-01,Online,,M,49.0,Santa Fe,False,nicolasjuarez@example.com
CLI00446,2023-10-05,Tienda,T27,F,36.0,Cordoba,False,gutierrezmiguel-angel@example.com
CLI00447,2024-12-09,Tienda,T12,F,52.0,Buenos Aires,True,gutierrezjuan-sebastian@example.net
CLI00448,2024-12-14,Online,,M,48.0,Salta,True,cirocarrizo@example.org
CLI00449,2024-09-13,Tienda,T10,F,56.0,Mendoza,True,tobias81@example.net
CLI00450,2025-06-04,Tienda,T11,F,18.0,Tucuman,False,operez@example.net
CLI00451,2024-07-11,Tienda,T03,M,33.0,Entre Rios,True,renatagomez@example.com
CLI00452,2025-01-22,Tienda,T02,M,,Santa Fe,True,aguirreluisina@example.net
CLI00453,2022-08-07,Online,,M,40.0,Buenos Aires,True,luna91@example.com
CLI00454,2025-05-28,Tienda,T05,F,31.0,Cordoba,True,wgarcia@example.com
CLI00455,2023-05-31,Tienda,T15,F,33.0,Mendoza,True,amoreno@example.net
CLI00456,2025-05-25,Tienda,T07,,,Entre Rios,True,talvarez@example.org
CLI00457,2024-02-23,Online,,M,68.0,Cordoba,True,lorenzoalvarez@example.org
CLI00458,2022-05-09,Tienda,T09,F,18.0,Buenos Aires,True,juan-cruz93@example.com
CLI00459,2022-10-26,Online,,F,37.0,Entre Rios,False,apaez@example.org
CLI00460,2022-03-11,Online,,,46.0,Santa Fe,False,igarcia@example.com
CLI00461,2024-02-26,Tienda,T06,F,42.0,CABA,False,hgutierrez
CLI00462,2024-11-27,Tienda,T17,M,37.0,Tucuman,False,walvarez@example.org
CLI00463,2024-05-18,Online,,M,23.0,Mendoza,False,facundo01@example.net
CLI00464,2022-12-01,Online,,M,28.0,Buenos Aires,True,ztorres@example.net
CLI00465,2024-03-30,Online,,F,52.0,Tucuman,True,emilianosoto@example.com
CLI00466,2023-08-10,Online,,M,57.0,Neuquen,False,helena12@example.com
CLI00467,2023-04-10,Online,,M,43.0,Entre Rios,True,pazagustina@example.org
CLI00468,2024-08-15,Online,,F,30.0,Neuquen,False,luciano86@example.net
CLI00469,2022-08-17,Online,,M,43.0,Mendoza,True,augusto38@example.org
CLI00470,2023-08-25,Online,,X,38.0,CABA,False,moralesjuan-martin@example.com
CLI00471,2024-04-12,Online,,M,49.0,CABA,False,ledesmabenjamin
CLI00472,2022-01-05,Tienda,T04,M,43.0,Neuquen,True,avilacamila@example.org
CLI00473,2024-05-05,Tienda,T28,M,33.0,Tucuman,True,diazguillermina@example.net
CLI00474,2024-04-07,Tienda,T22,M,44.0,Cordoba,True,danteramirez
CLI00475,2022-06-27,Tienda,T09,F,25.0,Tucuman,False,maximogimenez@example.org
CLI00476,2022-05-27,Tienda,T16,M,53.0,Cordoba,False,abigailaguirre@example.com
CLI00477,2024-06-13,Tienda,T28,F,58.0,Salta,True,ferreyraramiro@example.net
CLI00478,2023-04-17,Online,,,25.0,Entre Rios,True,beniciolopez@example.com
CLI00479,2024-07-06,Tienda,T14,F,47.0,Salta,True,sosatomas@example.com
CLI00480,2022-01-29,Online,,M,28.0,Mendoza,False,mateo-agustinnunez@example.org
CLI00481,2023-10-04,Sucursal,T02,M,57.0,Buenos Aires,True,valentinagonzalez@example.net
CLI00482,2025-06-01,Online,,M,,Mendoza,False,benjamin74@example.com
CLI00483,2024-05-29,Online,,F,38.0,Entre Rios,True,echavez@example.org
CLI00484,2024-09-15,Online,,F,55.0,Neuquen,False,renataruiz
CLI00485,2024-11-05,Tienda,T03,M,35.0,CABA,True,ariasemma@example.org
CLI00486,2022-09-06,Online,,F,32.0,Salta,False,slopez@example.com
CLI00487,2024-03-30,Tienda,T17,M,34.0,Neuquen,False,romeroluna@example.com
CLI00488,2023-08-12,Tienda,T10,,40.0,Tucuman,False,sotociro@example.com
CLI00489,2024-03-19,Online,,F,37.0,Salta,True,slopez@example.com
CLI00490,2022-12-13,Tienda,T26,F,44.0,Salta,True,garciabenjamin@example.org
CLI00491,2022-12-20,Online,,F,33.0,Entre Rios,True,catalinaperez@example.org
CLI00492,2024-03-21,Online,,F,52.0,CABA,True,zmiranda@example.org
CLI00493,2022-08-21,Tienda,S25,M,56.0,Neuquen,True,delfina66@example.net
CLI00494,2025-10-31,Tienda,T03,M,35.0,CABA,False,juanaherrera@example.org
CLI00495,2022-11-28,Tienda,T06,M,22.0,CABA,True,tperalta@example.com
CLI00496,2024-05-20,Tienda,T13,M,52.0,Santa Fe,False,xnunez@example.net
CLI00497,2022-12-26,Tienda,S10,F,57.0,CABA,True,juan-ignaciocardozo
CLI00498,2024-09-16,Tienda,T14,F,39.0,Neuquen,False,molinavictoria@example.com
CLI00499,2022-02-11,Tienda,T08,M,23.0,Neuquen,False,josefinaalvarez@example.org
CLI00500,2024-10-11,Online,,M,,CABA,True,juan-cruzdominguez@example.org
CLI00501,2022-04-10,Online,,M,63.0,Cordoba,False,luciana43@example.org
CLI00502,2024-11-15,Online,,M,18.0,Mendoza,True,martinezjuan-ignacio@example.net
CLI00503,2023-08-06,Tienda,T01,F,48.0,Salta,True,lola72@example.com
CLI00504,2022-09-15,Online,,M,37.0,Salta,True,agostina56@example.org
CLI00505,2024-08-20,Tienda,T11,M,30.0,Entre Rios,False,zmartinez@example.com
CLI00506,2025-08-15,Online,,M,48.0,Santa Fe,True,lopezjuan-ignacio@example.net
CLI00507,2024-12-07,Tienda,T21,F,23.0,Buenos Aires,True,ruizsofia@example.com
CLI00508,2022-10-17,Tienda,T28,F,,Entre Rios,True,felipe08@example.com
CLI00509,2024-07-08,Tienda,T05,F,60.0,Salta,True,tizianomartinez@example.com
CLI00510,2024-11-12,Tienda,T25,F,44.0,Entre Rios,True,gabriel95@example.org
CLI00511,2022-06-13,Online,,M,29.0,Neuquen,False,santino-nicolas99@example.net
CLI00512,2022-03-11,Online,,M,18.0,Cordoba,True,thiago-ezequielgonzalez@example.com
CLI00513,2022-11-03,Online,,M,24.0,Santa Fe,True,lautaro-ezequiel16@example.net
CLI00514,2024-12-22,Tienda,T24,F,18.0,Mendoza,False,emiliagomez@example.com
CLI00515,2023-10-09,Tienda,T05,F,64.0,Salta,False,helena78@example.org
CLI00516,2024-09-14,Tienda,T27,,38.0,Entre Rios,True,pedrogutierrez@example.org
CLI00517,2023-12-16,Tienda,T01,X,27.0,Neuquen,False,martinaquiroga@example.net
CLI00518,2023-01-17,Online,,F,23.0,CABA,True,faustinogodoy
CLI00519,2024-03-05,Online,,F,5.0,Salta,False,ciro-benjaminlopez@example.com
CLI00520,2023-08-24,Online,,M,37.0,Entre Rios,False,lucafernandez@example.net
CLI00521,2024-10-29,Tienda,T08,F,24.0,Buenos Aires,True,pmartinez@example.org
CLI00522,2024-01-23,Tienda,T19,M,65.0,Salta,False,pfernandez@example.com
CLI00523,2024-10-16,Online,,F,31.0,Cordoba,False,antoniofernandez@example.net
CLI00524,2022-12-18,Online,,F,31.0,CABA,True,molinaalejo@example.org
CLI00525,2024-09-15,Tienda,T13,M,,Cordoba,True,matiasmedina@example.com
CLI00526,2025-04-28,Tienda,T07,M,62.0,Mendoza,True,ledesmabenjamin@example.com
CLI00527,2022-10-29,Online,,F,,CABA,True,escobarjulieta@example.org
CLI00528,2024-10-21,Online,,F,35.0,Buenos Aires,True,ksoto@example.com
CLI00529,2023-10-12,Tienda,T04,M,45.0,CABA,False,emilia81
CLI00530,2022-03-08,Online,,M,44.0,Entre Rios,True,wtoledo@example.com
CLI00531,2022-05-03,Tienda,T13,M,49.0,Santa Fe,False,giovanni94@example.org
CLI00532,2024-07-30,Tienda,T21,M,45.0,Buenos Aires,True,ysuarez@example.net
CLI00533,2023-04-15,Online,,F,28.0,Buenos Aires,True,alma-jazmin49@example.net
CLI00534,2024-08-10,Tienda,T16,M,24.0,Cordoba,True,jeremias12@example.net
CLI00535,2022-02-10,Online,,M,44.0,Salta,False,smansilla@example.com
CLI00536,2022-09-29,Tienda,T25,M,25.0,Mendoza,False,santinomunoz
CLI00537,2023-03-30,Online,,F,61.0,Santa Fe,True,olivia55@example.org
CLI00538,2023-06-23,Tienda,T26,F,42.0,Tucuman,True,luana43@example.org
CLI00539,2022-03-02,Online,,M,27.0,Tucuman,True,nbarrios@example.com
CLI00540,2023-09-10,Tienda,T08,M,37.0,Tucuman,True,jeronimojuarez@example.net
CLI00541,2022-04-28,Tienda,T03,F,,Tucuman,True,mateoacosta@example.com
CLI00542,2022-05-11,Tienda,T15,M,40.0,Entre Rios,True,roldanjazmin@example.org
CLI00543,2024-11-21,Tienda,T25,,55.0,Cordoba,True,gonzaleztomas@example.net
CLI00544,2023-09-14,Online,,F,21.0,Santa Fe,True,bautista08@example.net
CLI00545,2023-09-07,Online,,F,18.0,Tucuman,True,isabella02
CLI00546,2025-08-12,Tienda,T09,M,46.0,Santa Fe,True,oliviagonzalez@example.net
CLI00547,2024-09-12,Tienda,T03,M,39.0,Buenos Aires,True,valentinmolina@example.net
CLI00548,2023-11-04,Tienda,T17,M,44.0,Salta,True,martinsoto@example.net
CLI00549,2022-04-29,Tienda,T23,,,Salta,True,munozignacio@example.net
CLI00550,2023-03-10,Online,,F,,Tucuman,True,emoyano@example.net
CLI00551,2024-08-03,Tienda,T03,F,53.0,Neuquen,True,santino-ezequiel80@example.org
CLI00552,2022-11-21,Tienda,T02,M,29.0,Cordoba,True,jledesma@example.net
CLI00553,2024-04-25,Online,,X,42.0,Entre Rios,False,psosa@example.net
CLI00554,2023-10-07,Tienda,T12,F,30.0,Cordoba,False,juan-ignacio23@example.net
CLI00555,2024-12-30,Online,,F,26.0,Cordoba,False,morena-jazminperez@example.org
CLI00556,2022-10-01,Online,,F,,CABA,False,paloma38@example.com
CLI00557,2022-11-27,Tienda,S04,M,49.0,CABA,True,poncenahuel@example.net
CLI00558,2022-04-28,Tienda,S15,F,18.0,Salta,True,zperalta@example.com
CLI00559,2022-07-16,Tienda,T08,F,26.0,CABA,True,moralesthiago-daniel@example.net
CLI00560,2022-05-30,Tienda,T06,F,46.0,Salta,True,mmolina@example.net
CLI00561,2023-11-25,Online,,F,56.0,Tucuman,True,fernandezoctavio@example.org
CLI00562,2023-08-14,Tienda,T23,,32.0,Santa Fe,True,torresbenjamin@example.net
CLI00563,2025-10-27,Online,,M,39.0,Mendoza,True,tgarcia@example.org
CLI00564,2023-09-14,Online,,M,22.0,Tucuman,False,riosluna@example.net
CLI00565,2022-06-17,Online,,F,77.0,Salta,False,mateo50@example.com
CLI00566,2022-06-29,Tienda,T15,M,48.0,Tucuman,True,agustina85@example.net
CLI00567,2023-12-15,Online,,F,54.0,Cordoba,True,santino85@example.net
CLI00568,2022-06-14,Online,,M,51.0,Cordoba,True,valentinalopez@example.com
CLI00569,2022-02-01,Online,,F,55.0,Tucuman,True,bgomez@example.com
CLI00570,2022-06-11,Online,,M,50.0,Cordoba,False,santiago84
CLI00571,2025-06-29,Tienda,T15,M,37.0,CABA,True,lmiranda@example.com
CLI00572,2024-02-26,Sucursal,T05,M,,Santa Fe,True,santino-agustin00@example.com
CLI00573,2025-12-22,Tienda,T06,F,43.0,CABA,True,cgimenez@example.org
CLI00574,2022-04-19,Tienda,T24,X,60.0,Mendoza,True,kmansilla@example.net
CLI00575,2025-05-18,Online,,F,31.0,Santa Fe,False,nmartinez@example.net
CLI00576,2022-04-21,Online,,M,34.0,Entre Rios,True,bruno42@example.net
CLI00577,2024-06-30,Tienda,T22,M,51.0,Entre Rios,True,mateososa@example.com
CLI00578,2023-04-29,Online,,F,59.0,Neuquen,True,walvarez@example.com
CLI00579,2022-01-09,Tienda,S27,M,44.0,Salta,True,bromero@example.org
CLI00580,2023-11-02,Tienda,T11,M,32.0,Santa Fe,True,moralesian-benjamin@example.org
CLI00581,2023-02-03,Sucursal,T03,,40.0,CABA,True,isabella45@example.net
CLI00582,2024-04-17,Tienda,T23,F,35.0,Tucuman,True,samuelgonzalez@example.net
CLI00583,2025-08-10,Tienda,T02,M,68.0,CABA,True,hernandezoctavio@example.net
CLI00584,2024-04-14,Tienda,T18,F,54.0,CABA,True,torresemilia@example.org
CLI00585,2025-06-28,Online,,M,59.0,Buenos Aires,False,thiago-ezequielsanchez@example.com
CLI00586,2024-12-15,Online,,M,46.0,Cordoba,True,lautaromolina@example.com
CLI00587,2023-05-04,Tienda,T03,M,34.0,Mendoza,True,felicitas78
CLI00588,2023-06-21,Online,,F,58.0,Mendoza,False,alma-valentinafranco@example.org
CLI00589,2022-07-18,Tienda,T06,M,65.0,Mendoza,True,paezfelicitas@example.com
CLI00590,2023-10-13,Tienda,T16,F,50.0,Tucuman,True,alexander91@example.org
CLI00591,2023-03-17,Tienda,T03,F,41.0,Buenos Aires,True,valentina98@example.net
CLI00592,2025-09-30,Online,,M,57.0,Salta,True,bautista39@example.org
CLI00593,2024-05-03,Online,,M,36.0,CABA,True,clara75@example.net
CLI00594,2023-09-18,Online,,M,52.0,Santa Fe,True,mansillajuan-cruz@example.org
CLI00595,2023-02-07,Online,,F,32.0,Salta,True,manuel24@example.org
CLI00596,2024-10-25,Online,,F,28.0,Cordoba,False,isabellaacosta@example.net
CLI00597,2023-02-17,Tienda,T02,F,49.0,Cordoba,True,diazabril@example.org
CLI00598,2024-05-27,Tienda,T07,M,46.0,Neuquen,False,rodriguezaugusto@example.net
CLI00599,2023-05-14,Tienda,T15,M,68.0,Neuquen,True,benjaminperez@example.net
CLI00600,2025-07-02,Online,,F,38.0,Tucuman,True,thiago-gabriel35@example.com
CLI00601,2025-06-20,Online,,M,42.0,Buenos Aires,False,morenolola@example.net
CLI00602,2025-03-14,Online,,M,26.0,Buenos Aires,True,isabellaramirez@example.org
CLI00603,2022-05-08,Tienda,T09,M,18.0,Salta,False,octavio96@example.com
CLI00604,2025-10-04,Tienda,T25,X,18.0,Mendoza,True,gonzalezjosefina@example.net
CLI00605,2025-12-12,Tienda,T02,M,48.0,Entre Rios,True,ramirezpaloma@example.com
CLI00606,2022-08-17,Tienda,T03,M,25.0,Entre Rios,True,fernandezfelipe@example.org
CLI00607,2023-06-07,Sucursal,T02,F,57.0,Santa Fe,True,pedro89@example.net
CLI00608,2022-08-12,Online,,M,61.0,Cordoba,True,francisco94@example.net
CLI00609,2023-11-29,Tienda,T04,M,38.0,Entre Rios,True,ramosjosefina@example.net
CLI00610,2025-11-27,Online,,M,65.0,Santa Fe,True,xcastro@example.net
CLI00611,2024-02-13,Online,,M,45.0,Cordoba,False,valentino08@example.com
CLI00612,2022-05-26,Tienda,T26,F,57.0,Santa Fe,False,felipe36@example.org
CLI00613,2025-09-29,Online,,M,38.0,CABA,True,juan-ignaciomolina
CLI00614,2022-10-27,Tienda,T26,M,55.0,Tucuman,True,thiago-benjaminjuarez@example.net
CLI00615,2022-08-07,Online,,F,28.0,CABA,True,tizianamendez@example.org
CLI00616,2024-02-11,Online,,F,,Cordoba,False,santiago-benjamin37@example.com
CLI00617,2022-11-08,Online,,F,35.0,Neuquen,True,santino-nicolas67@example.org
CLI00618,2023-04-18,Online,,F,40.0,Tucuman,True,gomezmaria-paz@example.org
CLI00619,2025-03-23,Tienda,T11,M,50.0,Entre Rios,True,wperalta
CLI00620,2022-03-29,Tienda,T15,M,,Cordoba,False,yramirez@example.net
CLI00621,2024-07-04,Tienda,T01,M,40.0,Tucuman,True,martinagonzalez@example.net
CLI00622,2023-09-26,Tienda,T15,M,52.0,Salta,False,benicioromero@example.com
CLI00623,2024-07-27,Online,,M,53.0,Neuquen,False,emiliano73@example.net
CLI00624,2025-02-28,Online,,,22.0,Buenos Aires,True,xguzman@example.com
CLI00625,2025-10-25,Online,,F,49.0,Tucuman,False,gaelgarcia@example.com
CLI00626,2022-01-06,Online,,M,51.0,CABA,True,mateocastillo@example.net
CLI00627,2025-10-28,Tienda,T10,M,31.0,Tucuman,True,claracruz@example.org
CLI00628,2025-05-27,Tienda,T12,M,,CABA,True,isabella72@example.com
CLI00629,2025-06-15,Tienda,T11,F,,Santa Fe,True,ramiro12@example.org
CLI00630,2022-07-14,Online,,M,,Entre Rios,False,felipe51@example.org
CLI00631,2023-11-10,Online,,M,38.0,Tucuman,True,vgomez@example.net
CLI00632,2025-09-03,Online,,M,40.0,Cordoba,True,ccruz@example.net
CLI00633,2022-12-09,Tienda,T21,F,58.0,Neuquen,True,gonzalezjuan-bautista@example.org
CLI00634,2024-04-19,Online,,F,40.0,Tucuman,False,ojedaisabella@example.com
CLI00635,2022-04-05,Tienda,T08,F,50.0,Cordoba,False,gomezpilar@example.org
CLI00636,2024-02-07,Tienda,T20,M,27.0,CABA,False,lopezramiro@example.org
CLI00637,2024-07-13,Tienda,T03,M,34.0,Entre Rios,True,pereyragiuliana@example.org
CLI00638,2023-05-26,Online,,,22.0,Cordoba,False,elenavaldez@example.org
CLI00639,2024-12-03,Tienda,T14,F,39.0,Cordoba,True,federico04@example.com
CLI00640,2022-04-11,Tienda,T10,M,56.0,Salta,True,diazisabella@example.net
CLI00641,2025-10-21,Tienda,T17,F,,Buenos Aires,True,benjamin07@example.net
CLI00642,2023-02-16,Tienda,T24,F,54.0,CABA,True,helena46@example.com
CLI00643,2023-04-10,Tienda,T02,M,27.0,Tucuman,True,jalvarez@example.com
CLI00644,2025-01-15,Sucursal,T20,F,29.0,Mendoza,False,ocordoba@example.org
CLI00645,2022-12-16,Online,,M,35.0,Cordoba,True,juliana63@example.org
CLI00646,2024-08-26,Tienda,T06,F,50.0,Mendoza,True,mansillamartin@example.net
CLI00647,2022-03-14,Tienda,T17,F,46.0,Tucuman,True,ramiro78@example.net
CLI00648,2023-04-06,Tienda,T20,M,41.0,Mendoza,True,herreralara@example.com
CLI00649,2024-01-15,Online,,M,50.0,Tucuman,True,omartinez@example.net
CLI00650,2025-06-23,Tienda,T03,F,,Santa Fe,True,luz-milagros68@example.com
CLI00651,2024-06-13,Tienda,T24,,41.0,Buenos Aires,False,bautista83@example.net
CLI00652,2025-01-22,Tienda,T05,F,60.0,Salta,False,nahuel75@example.net
CLI00653,2024-05-10,Online,,M,33.0,Neuquen,True,angel-gabrielrodriguez@example.net
CLI00654,2023-06-16,Tienda,T23,M,44.0,Salta,True,brunocorrea@example.org
CLI00655,2024-09-10,Online,,,64.0,CABA,True,gaelmedina@example.net
CLI00656,2025-10-15,Tienda,T01,,43.0,Santa Fe,True,sanchezguadalupe@example.com
CLI00657,2022-06-29,Online,,M,51.0,Mendoza,False,federicotorres@example.com
CLI00658,2023-06-05,Tienda,T15,M,33.0,Tucuman,True,facundo14@example.com
CLI00659,2023-03-01,Tienda,T26,M,69.0,Santa Fe,True,cledesma@example.net
CLI00660,2023-11-30,Tienda,T26,M,18.0,Tucuman,True,alejofernandez@example.net
CLI00661,2022-07-10,Online,,F,26.0,Santa Fe,True,pgutierrez@example.net
CLI00662,2023-06-26,Online,,M,27.0,Mendoza,False,juan40@example.net
CLI00663,2022-10-21,Online,,F,64.0,Santa Fe,True,isabella24@example.net
CLI00664,2024-03-06,Online,,,46.0,Mendoza,True,valentina47@example.org
CLI00665,2024-02-06,Online,,M,38.0,Mendoza,True,mmendez@example.org
CLI00666,2023-09-10,Tienda,T04,M,24.0,Neuquen,True,ana-paula50@example.net
CLI00667,2023-10-09,Tienda,T27,M,47.0,Neuquen,True,martina46@example.com
CLI00668,2024-08-04,Online,,,43.0,Neuquen,True,lautaro69@example.org
CLI00669,2025-09-12,Sucursal,T16,,32.0,Santa Fe,False,maria-belenroldan@example.net
CLI00670,2023-06-28,Online,,M,21.0,Tucuman,True,ignaciorodriguez@example.com
CLI00671,2023-07-08,Online,,F,26.0,Buenos Aires,True,paguirre@example.org
CLI00672,2022-06-07,Tienda,T20,M,44.0,Tucuman,False,smaidana@example.com
CLI00673,2023-08-29,Online,,M,46.0,Entre Rios,True,elopez@example.com
CLI00674,2023-08-04,Tienda,T28,M,43.0,Mendoza,True,biancapaz@example.net
CLI00675,2022-12-06,Sucursal,S25,F,39.0,Salta,True,lolagonzalez@example.net
CLI00676,2023-03-06,Tienda,T02,M,18.0,Salta,True,milo71@example.org
CLI00677,2022-11-19,Tienda,T17,M,42.0,Santa Fe,False,ortizbenjamin@example.com
CLI00678,2022-05-09,Online,,M,27.0,Salta,False,tizianorodriguez@example.net
CLI00679,2022-10-19,Online,,F,42.0,Santa Fe,True,jazmin08@example.net
CLI00680,2024-12-27,Online,,F,48.0,Tucuman,True,mateo-joaquinmaldonado@example.net
CLI00681,2022-08-01,Online,,M,32.0,Tucuman,True,santiago02@example.net
CLI00682,2023-02-06,Sucursal,T22,M,27.0,Cordoba,True,catalina64@example.net
CLI00683,2025-06-07,Sucursal,T03,F,55.0,Buenos Aires,True,agutierrez@example.net
CLI00684,2022-03-16,Online,,M,46.0,Buenos Aires,False,valentina66@example.net
CLI00685,2023-01-11,Tienda,T02,,,Neuquen,True,valentinodiaz@example.net
CLI00686,2023-06-30,Tienda,T23,M,18.0,Mendoza,True,tferreyra@example.net
CLI00687,2022-07-26,Tienda,T07,F,41.0,Entre Rios,False,sofia80@example.net
CLI00688,2023-04-04,Sucursal,T01,F,50.0,CABA,True,ramireztiziano@example.com
CLI00689,2022-02-21,Tienda,T12,F,57.0,Mendoza,False,violetagarcia@example.net
CLI00690,2022-11-02,Tienda,T24,F,32.0,Tucuman,True,uramirez@example.com
CLI00691,2022-10-25,Tienda,T19,F,32.0,Buenos Aires,True,isabellabenitez@example.net
CLI00692,2022-07-01,Tienda,T02,F,35.0,Mendoza,True,morena-jazminrodriguez@example.net
CLI00693,2023-12-27,Tienda,T16,M,53.0,Salta,False,ayalalucas@example.org
CLI00694,2023-12-29,Online,,F,,Mendoza,True,benjamin-ezequiel82@example.org
CLI00695,2025-02-09,Tienda,T11,M,40.0,Buenos Aires,True,agustinamedina@example.org
CLI00696,2025-02-19,Online,,F,29.0,Neuquen,True,ramirezmilagros@example.com
CLI00697,2024-10-28,Tienda,T06,M,45.0,Santa Fe,False,jcastillo@example.org
CLI00698,2025-09-10,Tienda,T02,F,20.0,Cordoba,True,martinamiranda@example.com
CLI00699,2025-01-11,Tienda,T22,F,47.0,Salta,True,lucia24@example.com
CLI00700,2023-04-19,Tienda,T03,M,35.0,Tucuman,True,felipefigueroa@example.org
CLI00701,2023-07-26,Tienda,T13,F,38.0,Buenos Aires,True,romerofelipe@example.com
CLI00702,2022-11-23,Sucursal,S21,M,49.0,Cordoba,True,diazfelipe@example.org
CLI00703,2023-09-20,Tienda,T03,X,58.0,Salta,True,wgomez@example.org
CLI00704,2024-08-17,Online,,F,,Mendoza,False,maximoacuna@example.net
CLI00705,2022-04-17,Online,,F,56.0,Neuquen,True,wsosa@example.com
CLI00706,2025-07-22,Online,,F,49.0,Salta,True,diazemilia@example.com
CLI00707,2024-05-22,Tienda,T08,M,37.0,Neuquen,False,diazvalentin@example.org
CLI00708,2024-04-25,Online,,F,61.0,Tucuman,True,martina91@example.org
CLI00709,2023-05-18,Online,,M,44.0,Salta,False,ambarrodriguez@example.com
CLI00710,2023-05-27,Online,,F,60.0,Salta,False,vmartinez@example.com
CLI00711,2022-09-19,Online,,,33.0,Entre Rios,True,alma-valentina87
CLI00712,2022-05-20,Online,,F,29.0,Buenos Aires,False,caceresmia@example.com
CLI00713,2022-02-22,Tienda,T08,M,59.0,Entre Rios,True,gutierrezcatalina@example.net
CLI00714,2024-10-13,Online,,M,72.0,Cordoba,False,wsilva@example.org
CLI00715,2023-07-02,Tienda,T03,M,50.0,Cordoba,False,beniciodominguez@example.org
CLI00716,2023-04-30,Online,,F,54.0,Mendoza,True,qsanchez@example.org
CLI00717,2022-06-05,Tienda,T20,M,35.0,Cordoba,True,juan-ignacioaguirre@example.net
CLI00718,2024-02-29,Online,,F,23.0,Cordoba,True,valentin29@example.net
CLI00719,2022-03-03,Online,,M,38.0,Salta,True,guadalupe34@example.com
CLI00720,2024-03-21,Online,,M,63.0,Mendoza,False,luz-mariaojeda@example.net
CLI00721,2024-01-03,Online,,M,18.0,Cordoba,True,gonzalezjuan-david@example.com
CLI00722,2025-03-01,Tienda,T09,F,35.0,Neuquen,False,lucianomartinez@example.org
CLI00723,2022-08-13,Online,,M,18.0,Tucuman,True,mateo-joaquin66@example.net
CLI00724,2024-01-27,Tienda,T01,M,43.0,Cordoba,True,franco11@example.net
CLI00725,2024-04-24,Online,,F,54.0,Tucuman,True,emmaramos@example.net
CLI00726,2024-11-03,Online,,F,24.0,Cordoba,True,pazbautista@example.com
CLI00727,2025-12-06,Tienda,T08,F,36.0,Cordoba,True,diazthiago-nahuel@example.org
CLI00728,2025-04-04,Tienda,T21,F,60.0,Neuquen,True,catalina79@example.org
CLI00729,2022-01-16,Sucursal,T02,M,40.0,Santa Fe,False,ccaceres@example.org
CLI00730,2025-02-25,Tienda,T26,,24.0,Salta,False,maria-pazperalta@example.org
CLI00731,2025-03-10,Online,,M,23.0,Buenos Aires,True,sofiablanco
CLI00732,2024-09-28,Tienda,T23,F,18.0,Santa Fe,True,francosol@example.com
CLI00733,2022-02-25,Tienda,T18,M,52.0,Tucuman,True,luz-maria91@example.org
CLI00734,2025-06-19,Online,,M,31.0,Buenos Aires,True,fariasmaia@example.org
CLI00735,2024-08-08,Tienda,T22,M,56.0,CABA,True,maria-victoria77@example.org
CLI00736,2023-01-14,Tienda,T22,F,54.0,Tucuman,True,florencia79@example.org
CLI00737,2023-09-28,Tienda,T27,M,32.0,Mendoza,True,lautaro-ezequiel98@example.net
CLI00738,2025-10-13,Online,,M,,Salta,False,rodriguezsofia-belen@example.com
CLI00739,2025-01-01,Tienda,T06,F,52.0,Santa Fe,False,emmanunez@example.net
CLI00740,2022-12-12,Online,,F,44.0,Salta,False,rsilva@example.net
CLI00741,2022-03-15,Tienda,T07,M,45.0,Cordoba,True,rarias@example.com
CLI00742,2025-04-20,Tienda,T28,F,18.0,Santa Fe,False,oduarte@example.net
CLI00743,2024-09-08,Online,,F,54.0,Entre Rios,False,antonella64@example.org
CLI00744,2023-03-15,Tienda,T27,X,29.0,Cordoba,True,duarteenzo@example.com
CLI00745,2023-09-04,Tienda,T28,F,18.0,Tucuman,True,facundo58@example.org
CLI00746,2022-05-02,Online,,F,33.0,Mendoza,True,nfarias@example.org
CLI00747,2023-03-03,Online,,M,47.0,Salta,True,toledosantiago@example.com
CLI00748,2023-08-18,Tienda,T02,M,71.0,Buenos Aires,False,juan-ignaciocastillo@example.org
CLI00749,2023-07-03,Online,,M,36.0,Entre Rios,True,francescaromero@example.org
CLI00750,2023-06-14,Tienda,T08,F,23.0,Entre Rios,True,lautaromaldonado@example.com
CLI00751,2023-03-27,Tienda,T07,F,,Salta,True,maximiliano89@example.org
CLI00752,2025-06-04,Online,,M,44.0,Tucuman,True,francescagonzalez@example.org
CLI00753,2022-06-01,Online,,X,38.0,Santa Fe,True,facundocorrea@example.com
CLI00754,2024-12-11,Tienda,T07,M,26.0,Buenos Aires,True,velazquezabril@example.net
CLI00755,2024-08-30,Tienda,T19,M,27.0,CABA,False,dylanescobar@example.net
CLI00756,2023-08-31,Online,,F,62.0,Santa Fe,False,simon45@example.com
CLI00757,2024-08-23,Tienda,T22,F,38.0,CABA,True,zacuna@example.net
CLI00758,2022-03-29,Tienda,T05,M,34.0,Neuquen,True,saguirre@example.org
CLI00759,2022-03-25,Tienda,T16,F,34.0,Salta,False,castrotomas
CLI00760,2025-01-01,Tienda,T02,M,63.0,Buenos Aires,True,sebastiancardozo@example.org
CLI00761,2025-10-16,Tienda,T24,M,33.0,Santa Fe,True,rfernandez@example.org
CLI00762,2022-10-01,Tienda,T21,F,50.0,Buenos Aires,True,francojoaquin@example.net
CLI00763,2024-07-25,Tienda,T07,F,,Buenos Aires,True,lucia34@example.net
CLI00764,2022-02-07,Online,,F,,CABA,True,zmoreno@example.net
CLI00765,2024-07-22,Tienda,T04,F,,Mendoza,False,tsoto@example.com
CLI00766,2024-10-05,Online,,F,51.0,CABA,True,juan-cruz97@example.org
CLI00767,2025-03-04,Online,,M,64.0,Entre Rios,False,luciano-benjamin38@example.org
CLI00768,2022-08-25,Tienda,T27,M,41.0,Salta,False,thiago-ezequielbarrios@example.net
CLI00769,2023-03-11,Tienda,T04,F,29.0,CABA,False,xramos
CLI00770,2025-11-05,Online,,M,23.0,Santa Fe,False,victoriapaez@example.com
CLI00771,2022-10-16,Online,,F,44.0,Mendoza,True,dylan61
CLI00772,2024-09-22,Tienda,T20,F,38.0,Mendoza,True,camila67@example.com
CLI00773,2022-06-14,Tienda,T18,F,40.0,Buenos Aires,False,agimenez@example.net
CLI00774,2022-08-22,Online,,M,42.0,Entre Rios,False,martina48@example.com
CLI00775,2024-08-23,Tienda,T16,,21.0,CABA,False,rnavarro@example.com
CLI00776,2023-06-14,Tienda,T23,M,,Entre Rios,True,spereyra@example.net
CLI00777,2022-06-26,Tienda,T28,F,45.0,Neuquen,True,cvazquez@example.net
CLI00778,2025-04-21,Tienda,T09,M,40.0,Entre Rios,True,benicio54@example.org
CLI00779,2025-07-17,Online,,M,45.0,Salta,False,navarroagostina@example.com
CLI00780,2025-05-03,Tienda,T10,M,54.0,CABA,True,soriamateo@example.org
CLI00781,2025-11-13,Tienda,T17,F,,Buenos Aires,True,ramoscamila@example.net
CLI00782,2025-05-10,Tienda,T14,F,30.0,Tucuman,False,zruiz
CLI00783,2023-05-07,Tienda,T22,F,58.0,Buenos Aires,True,luz-milagrosfernandez@example.net
CLI00784,2024-01-31,Online,,M,,Salta,True,valentino51@example.com
CLI00785,2022-04-08,Tienda,T11,F,31.0,Buenos Aires,True,roldanvalentina@example.net
CLI00786,2023-09-24,Tienda,T11,M,20.0,Neuquen,True,danteperez@example.net
CLI00787,2025-02-25,Tienda,T20,M,42.0,Salta,True,felipecarrizo@example.org
CLI00788,2024-01-01,Tienda,T18,M,27.0,Entre Rios,True,tiziano-valentin64@example.org
CLI00789,2024-08-03,Tienda,T23,M,34.0,Salta,True,rcabrera@example.net
CLI00790,2022-04-09,Online,,F,48.0,Entre Rios,True,sofia34
CLI00791,2022-05-18,Sucursal,T13,F,42.0,Entre Rios,False,sosaconstanza@example.org
CLI00792,2022-06-27,Online,,M,56.0,Santa Fe,False,delfina72@example.com
CLI00793,2023-02-06,Tienda,T27,F,46.0,Buenos Aires,False,bravosalvador@example.net
CLI00794,2025-03-24,Online,,F,36.0,Salta,True,rojasvalentin@example.com
CLI00795,2022-11-24,Online,,F,37.0,Santa Fe,True,ciro-benjamin89@example.org
CLI00796,2022-11-15,Tienda,T11,M,34.0,Entre Rios,True,emiliavaldez@example.net
CLI00797,2024-02-24,Online,,F,51.0,CABA,False,diazjoaquin@example.net
CLI00798,2023-01-27,Tienda,T15,M,42.0,Mendoza,True,isabella41@example.net
CLI00799,2022-06-14,Tienda,S19,M,36.0,Entre Rios,True,lgutierrez@example.com
CLI00800,2022-11-27,Tienda,T19,M,53.0,Mendoza,True,cordobathiago-daniel@example.com
CLI00801,2024-08-18,Tienda,T05,M,43.0,Entre Rios,True,bautista79@example.org
CLI00802,2023-09-22,Tienda,T19,M,35.0,Tucuman,True,nlopez@example.org
CLI00803,2022-06-13,Online,,F,20.0,Tucuman,True,emiliadiaz
CLI00804,2024-12-10,Online,,X,48.0,Neuquen,False,benitezsantiago@example.net
CLI00805,2024-12-20,Tienda,T25,M,45.0,Santa Fe,False,sofia40@example.net
CLI00806,2024-11-20,Online,,F,42.0,Salta,True,rodriguezsofia@example.org
CLI00807,2025-05-04,Online,,M,35.0,Santa Fe,False,lautaro-benjamin29@example.net
CLI00808,2023-04-06,Tienda,T01,F,30.0,CABA,True,julieta02@example.net
CLI00809,2023-06-03,Tienda,T02,M,,Neuquen,True,cordobafacundo@example.org
CLI00810,2023-05-16,Online,,F,,CABA,True,guadalupecruz@example.com
CLI00811,2025-12-17,Tienda,T02,M,40.0,Salta,True,geronimo72@example.org
CLI00812,2024-02-11,Online,,M,-3.0,Neuquen,True,bianca35@example.com
CLI00813,2024-08-16,Tienda,T04,M,35.0,Buenos Aires,True,palomaleiva@example.net
CLI00814,2023-09-30,Tienda,T24,M,46.0,Neuquen,True,blopez@example.org
CLI00815,2022-07-21,Tienda,T01,M,45.0,Salta,True,diazmaria-victoria@example.com
CLI00816,2022-02-10,Online,,F,31.0,CABA,False,medinamartina@example.net
CLI00817,2024-02-19,Tienda,T15,M,52.0,Santa Fe,True,mendezalma@example.net
CLI00818,2025-07-16,Tienda,T23,F,,Santa Fe,True,nvazquez@example.org
CLI00819,2022-12-22,Online,,F,53.0,Neuquen,True,olivia11@example.net
CLI00820,2025-07-05,Online,,M,40.0,Tucuman,True,simonsilva@example.net
CLI00821,2024-09-27,Online,,F,39.0,CABA,False,kcoronel@example.net
CLI00822,2024-11-16,Online,,,25.0,Tucuman,True,plopez@example.net
CLI00823,2025-06-12,Online,,F,52.0,CABA,False,lucioherrera@example.com
CLI00824,2024-06-03,Tienda,T03,F,18.0,Neuquen,True,bustosmatias
CLI00825,2022-04-02,Online,,F,36.0,Salta,False,juanpaez@example.org
CLI00826,2023-07-27,Online,,M,37.0,Mendoza,True,juan-manuelvillalba@example.org
CLI00827,2022-12-21,Online,,F,53.0,Entre Rios,False,benjamin-ezequielgonzalez@example.org
CLI00828,2023-08-10,Online,,X,41.0,CABA,True,octaviogonzalez@example.net
CLI00829,2024-07-21,Tienda,T09,M,28.0,Tucuman,False,jperez@example.com
CLI00830,2022-01-27,Online,,F,22.0,Mendoza,True,coronellautaro-nicolas@example.org
CLI00831,2022-09-30,Online,,M,31.0,Santa Fe,True,morasanchez@example.net
CLI00832,2025-02-22,Tienda,T07,F,43.0,Buenos Aires,False,aavila@example.org
CLI00833,2025-05-28,Tienda,T02,M,42.0,Salta,True,gimenezana-paula@example.net
CLI00834,2025-03-02,Online,,F,39.0,Salta,True,vegaantonella@example.net
CLI00835,2023-03-01,Tienda,T10,F,32.0,Buenos Aires,True,jcarrizo@example.net
CLI00836,2022-11-01,Online,,M,39.0,CABA,True,milenacorrea@example.com
CLI00837,2022-11-01,Tienda,T15,F,55.0,Buenos Aires,True,felicitasvelazquez@example.net
CLI00838,2025-11-26,Tienda,T07,,26.0,CABA,False,agostina13@example.org
CLI00839,2022-05-12,Online,,M,42.0,Buenos Aires,False,julieta42@example.com
CLI00840,2024-06-04,Tienda,T10,F,64.0,Neuquen,False,camilo01@example.org
CLI00841,2022-03-05,Tienda,S20,X,,Mendoza,True,maximomedina@example.com
CLI00842,2025-09-10,Online,,M,35.0,Cordoba,True,santino-gabrielponce
CLI00843,2025-03-08,Online,,M,51.0,Buenos Aires,True,mirandathiago-agustin@example.org
CLI00844,2024-09-05,Tienda,T14,F,31.0,Salta,True,juan-franciscoflores@example.org
CLI00845,2022-09-20,Tienda,S17,M,42.0,CABA,True,simon24@example.com
CLI00846,2025-05-20,Tienda,T21,M,63.0,CABA,True,romerocatalina@example.com
CLI00847,2022-08-26,Online,,F,68.0,Entre Rios,True,wcoronel@example.com
CLI00848,2023-02-05,Tienda,T26,F,18.0,Salta,False,benjaminrojas@example.com
CLI00849,2022-12-03,Tienda,T02,F,51.0,Buenos Aires,True,mateo-valentin50@example.org
CLI00850,2025-07-23,Tienda,T03,F,69.0,CABA,True,rojassantino
CLI00851,2025-04-20,Tienda,T24,F,34.0,Tucuman,True,pedro55@example.org
CLI00852,2024-02-24,Tienda,T27,M,45.0,Tucuman,False,hlopez@example.org
CLI00853,2024-08-06,Online,,M,63.0,Neuquen,False,maria-luzramirez@example.net
CLI00854,2024-10-04,Online,,F,,Cordoba,True,morenodelfina@example.org
CLI00855,2024-11-08,Online,,F,48.0,Tucuman,True,lvera@example.net
CLI00856,2023-10-02,Tienda,T24,M,41.0,Salta,True,helenacardozo@example.com
CLI00857,2022-12-29,Tienda,S28,M,18.0,Entre Rios,True,thiago-daniel13@example.net
CLI00858,2023-01-14,Tienda,T14,M,46.0,Cordoba,True,ambarluna
CLI00859,2024-10-11,Tienda,T16,M,39.0,Neuquen,True,bautista18@example.org
CLI00860,2022-04-18,Tienda,T24,M,54.0,Salta,True,fernandezsantino@example.com
CLI00861,2024-08-04,Tienda,T11,F,71.0,Cordoba,True,mateo-valentin72@example.org
CLI00862,2023-01-08,Tienda,T25,M,51.0,Neuquen,True,sramirez@example.org
CLI00863,2023-10-12,Online,,X,36.0,Entre Rios,True,guzmanmalena@example.com
CLI00864,2025-04-30,Online,,F,48.0,Cordoba,False,alvarezmartin@example.org
CLI00865,2025-06-02,Online,,M,44.0,Entre Rios,False,felicitas49@example.org
CLI00866,2025-05-19,Tienda,T12,F,56.0,CABA,True,barriosmateo@example.net
CLI00867,2024-08-24,Tienda,T17,M,21.0,Mendoza,True,antonella20@example.org
CLI00868,2023-12-04,Online,,M,25.0,Santa Fe,True,alvarezjeremias@example.net
CLI00869,2024-05-02,Tienda,T08,M,18.0,Entre Rios,True,rodriguezbenjamin@example.org
CLI00870,2025-09-28,Tienda,T16,F,50.0,Cordoba,True,guadalupe22@example.com
CLI00871,2025-02-24,Online,,F,41.0,Buenos Aires,True,thiago28@example.net
CLI00872,2022-06-12,Sucursal,S21,M,33.0,Santa Fe,True,nahuellopez@example.com
CLI00873,2025-09-23,Tienda,T16,F,31.0,Tucuman,True,martinezsantiago@example.org
CLI00874,2025-01-18,Tienda,T17,X,33.0,Salta,False,emma74@example.org
CLI00875,2022-03-15,Tienda,S05,M,29.0,Tucuman,True,pmiranda@example.com
CLI00876,2022-02-12,Tienda,T10,F,37.0,Salta,True,hsuarez@example.com
CLI00877,2024-03-21,Online,,F,35.0,Cordoba,False,hgomez@example.com
CLI00878,2023-12-02,Sucursal,T03,,61.0,Mendoza,True,nahuelflores
CLI00879,2022-03-30,Tienda,T20,F,,CABA,False,bautistasosa@example.com
CLI00880,2022-12-16,Tienda,T07,F,30.0,Neuquen,True,lautaro-benjamin18@example.org
CLI00881,2023-12-08,Tienda,T14,M,33.0,Buenos Aires,True,lucasaguero@example.com
CLI00882,2022-06-10,Online,,F,58.0,Salta,True,ppereyra@example.net
CLI00883,2022-09-07,Online,,M,48.0,Neuquen,True,delfina17@example.com
CLI00884,2023-11-15,Online,,M,46.0,Entre Rios,True,icaceres@example.org
CLI00885,2025-03-23,Tienda,T03,F,52.0,Buenos Aires,True,santino45@example.org
CLI00886,2022-06-24,Tienda,T28,M,64.0,CABA,True,lsuarez@example.net
CLI00887,2022-01-16,Online,,M,24.0,Santa Fe,True,morenoluciano@example.org
CLI00888,2024-02-24,Tienda,T04,M,31.0,Buenos Aires,False,thiago-nahueldominguez@example.org
CLI00889,2024-08-08,Online,,M,18.0,Mendoza,True,francescacruz@example.com
CLI00890,2024-12-16,Online,,M,48.0,CABA,True,ambar23@example.org
CLI00891,2024-05-23,Tienda,T17,F,36.0,Tucuman,True,acostajuan-francisco@example.com
CLI00892,2023-10-03,Tienda,T04,F,,Buenos Aires,True,giulianasanchez@example.com
CLI00893,2024-05-01,Online,,X,31.0,Salta,True,ruizagostina@example.org
CLI00894,2023-06-10,Tienda,T22,F,51.0,Salta,True,emartinez@example.com
CLI00895,2024-01-18,Online,,M,40.0,Tucuman,True,ncarrizo@example.net
CLI00896,2025-08-15,Tienda,T05,,34.0,Cordoba,True,zoe-jazmindiaz@example.com
CLI00897,2023-01-31,Tienda,T25,M,59.0,Mendoza,True,martina25@example.com
CLI00898,2024-09-03,Online,,F,27.0,Tucuman,True,ortizmilo@example.org
CLI00899,2025-04-23,Online,,M,24.0,Entre Rios,True,fernandeznina@example.net
CLI00900,2023-10-26,Tienda,T20,F,,Santa Fe,True,pfernandez@example.net
CLI00901,2022-06-25,Tienda,T18,M,36.0,Santa Fe,False,ifernandez@example.net
CLI00902,2022-07-17,Online,,F,34.0,Santa Fe,True,angelina02@example.org
CLI00903,2023-09-10,Online,,M,31.0,Cordoba,False,nunezfacundo@example.com
CLI00904,2023-01-05,Tienda,T28,M,40.0,Tucuman,False,candelacampos@example.com
CLI00905,2025-11-13,Tienda,T17,F,52.0,Neuquen,False,bgomez@example.org
CLI00906,2025-11-13,Sucursal,T27,M,52.0,Cordoba,True,bautista22@example.com
CLI00907,2022-04-18,Online,,F,49.0,CABA,True,zfarias@example.net
CLI00908,2024-08-11,Tienda,T10,M,38.0,Cordoba,False,acostaguillermina@example.net
CLI00909,2024-05-05,Online,,M,21.0,Buenos Aires,True,tiziano-valentin83
CLI00910,2023-09-29,Online,,F,45.0,CABA,True,franco24@example.net
CLI00911,2022-12-12,Online,,F,63.0,Neuquen,True,maximiliano41@example.net
CLI00912,2024-12-18,Online,,F,56.0,Neuquen,False,udiaz@example.org
CLI00913,2023-10-12,Online,,M,39.0,Tucuman,True,agostina27@example.com
CLI00914,2025-02-21,Sucursal,T02,F,53.0,Santa Fe,True,emarodriguez@example.org
CLI00915,2024-03-03,Online,,M,36.0,Entre Rios,True,vsoto@example.org
CLI00916,2023-06-26,Tienda,T06,F,41.0,Entre Rios,True,olivia75@example.org
CLI00917,2025-12-27,Online,,M,24.0,Buenos Aires,True,emilianogomez@example.net
CLI00918,2022-07-18,Online,,M,37.0,Neuquen,False,prios@example.org
CLI00919,2023-11-17,Tienda,T06,M,43.0,Santa Fe,True,kleiva@example.net
CLI00920,2023-06-04,Tienda,T15,F,39.0,CABA,True,zsanchez@example.com
CLI00921,2024-10-08,Tienda,T26,F,52.0,Salta,False,camilagomez@example.net
CLI00922,2025-01-24,Tienda,T26,M,68.0,Neuquen,True,juan-manuelvega@example.org
CLI00923,2023-06-24,Online,,F,60.0,Santa Fe,False,lara21@example.net
CLI00924,2023-10-27,Online,,F,37.0,Neuquen,True,diazbenjamin@example.net
CLI00925,2023-08-25,Tienda,T27,F,31.0,Mendoza,True,martina02@example.org
CLI00926,2024-10-12,Online,,M,32.0,Entre Rios,True,lopezjoaquin@example.net
CLI00927,2025-02-20,Online,,F,28.0,Buenos Aires,False,benjamingomez@example.org
CLI00928,2025-11-17,Tienda,T14,F,42.0,Entre Rios,True,valentinrodriguez@example.com
CLI00929,2023-04-13,Online,,M,47.0,Cordoba,True,qcardozo@example.com
CLI00930,2022-03-22,Online,,M,44.0,Cordoba,True,perezthiago-benjamin
CLI00931,2022-04-03,Online,,F,44.0,Santa Fe,True,quirogathiago-benjamin@example.net
CLI00932,2023-04-25,Online,,F,44.0,Neuquen,True,mfernandez@example.net
CLI00933,2025-03-21,Tienda,T18,M,40.0,Mendoza,True,giulianaflores@example.com
CLI00934,2024-11-12,Tienda,T19,M,31.0,Tucuman,False,josefinarodriguez
CLI00935,2023-11-21,Online,,M,66.0,Santa Fe,True,nunezsantiago@example.net
CLI00936,2023-10-23,Tienda,T19,,56.0,Mendoza,False,oarias@example.net
CLI00937,2022-05-17,Tienda,T08,F,29.0,Entre Rios,False,iortiz@example.org
CLI00938,2022-10-09,Tienda,T20,M,29.0,Cordoba,False,santinogodoy@example.org
CLI00939,2025-01-01,Tienda,T05,M,33.0,Cordoba,False,vpereyra@example.net
CLI00940,2022-03-25,Tienda,T09,F,42.0,Entre Rios,True,lisandrodiaz@example.com
CLI00941,2022-11-05,Online,,M,,Salta,True,lcabrera@example.org
CLI00942,2025-12-10,Tienda,T20,F,56.0,Entre Rios,False,valentino03@example.com
CLI00943,2025-01-31,Tienda,T06,F,56.0,Buenos Aires,True,camila84@example.org
CLI00944,2025-02-04,Tienda,T25,F,57.0,Tucuman,True,catalina05@example.net
CLI00945,2022-12-12,Tienda,T26,M,57.0,Buenos Aires,True,isabellucero@example.com
CLI00946,2022-02-14,Tienda,S17,F,52.0,Entre Rios,True,juan-ignacio88@example.com
CLI00947,2024-09-28,Tienda,T18,F,48.0,Tucuman,True,xpereyra@example.org
CLI00948,2022-06-05,Tienda,T19,M,-3.0,Mendoza,False,rioslorenzo@example.org
CLI00949,2023-01-04,Online,,F,,Salta,True,tomasroldan@example.net
CLI00950,2023-09-03,Online,,F,40.0,Buenos Aires,False,mateo-benjamin59@example.org
CLI00951,2022-06-03,Tienda,T08,X,67.0,Neuquen,False,rrodriguez@example.org
CLI00952,2022-02-24,Tienda,T25,F,34.0,Cordoba,True,isabellacastillo@example.org
CLI00953,2023-03-14,Online,,F,33.0,Salta,True,roldanantonella@example.com
CLI00954,2023-10-01,Tienda,T07,F,56.0,Entre Rios,True,fernandezgenaro@example.net
CLI00955,2025-11-07,Online,,M,43.0,Mendoza,False,gonzaleznahuel
CLI00956,2024-09-05,Tienda,T02,F,,Buenos Aires,False,quirogajosefina@example.net
CLI00957,2024-05-31,Online,,F,63.0,Salta,True,llopez@example.com
CLI00958,2025-01-21,Sucursal,T06,M,50.0,Santa Fe,True,xvega@example.org
CLI00959,2025-07-25,Tienda,T21,F,52.0,Salta,True,hvaldez@example.org
CLI00960,2023-01-14,Tienda,T05,F,34.0,CABA,True,lherrera@example.net
CLI00961,2025-03-29,Online,,F,48.0,Salta,True,mruiz@example.net
CLI00962,2025-02-23,Online,,F,47.0,Cordoba,True,santino-gabrielaguirre@example.net
CLI00963,2023-05-10,Tienda,T16,F,52.0,Santa Fe,True,martinagutierrez@example.net
CLI00964,2022-08-05,Tienda,S10,F,,Salta,True,josefina53@example.net
CLI00965,2023-09-03,Tienda,T01,,57.0,Santa Fe,True,guzmandante@example.org
CLI00966,2025-02-23,Sucursal,T12,M,44.0,Neuquen,True,sofia05@example.org
CLI00967,2025-05-23,Sucursal,T24,M,51.0,Mendoza,True,maria-guadalupe45
CLI00968,2024-06-21,Sucursal,T01,M,25.0,Entre Rios,False,halvarez@example.org
CLI00969,2022-01-19,Online,,F,51.0,Salta,True,xnavarro
CLI00970,2025-07-19,Online,,M,51.0,Neuquen,False,augustomoreno@example.org
CLI00971,2025-12-17,Tienda,T12,F,,Buenos Aires,False,zoecorrea@example.com
CLI00972,2024-01-07,Tienda,T04,M,,Buenos Aires,False,olivia42@example.org
CLI00973,2024-02-27,Tienda,T27,M,41.0,Cordoba,True,felicitas05@example.org
CLI00974,2025-05-22,Online,,M,25.0,Santa Fe,False,jazminmoyano@example.net
CLI00975,2024-03-03,Sucursal,T03,F,46.0,Santa Fe,True,ariasvalentina-jazmin@example.com
CLI00976,2025-10-13,Tienda,T14,M,,Salta,True,yvargas@example.net
CLI00977,2025-06-23,Tienda,T14,F,28.0,Cordoba,True,sebastiansosa@example.org
CLI00978,2022-05-27,Online,,F,42.0,Buenos Aires,True,angelina03@example.com
CLI00979,2022-04-14,Tienda,T28,M,56.0,Cordoba,True,aguirreisabella@example.com
CLI00980,2024-07-23,Tienda,T20,M,56.0,Neuquen,True,benjamin-ezequiel64@example.net
CLI00981,2024-07-12,Tienda,T06,F,56.0,Salta,True,wsanchez@example.net
CLI00982,2025-05-09,Tienda,T19,M,39.0,Entre Rios,True,franco19
CLI00983,2024-05-07,Online,,F,37.0,Cordoba,False,suarezciro@example.net
CLI00984,2022-11-28,Tienda,S06,F,36.0,Cordoba,True,guadalupetorres@example.net
CLI00985,2024-10-13,Online,,F,50.0,Tucuman,True,ferreyratiziano
CLI00986,2023-11-05,Online,,M,12.0,Buenos Aires,False,igonzalez@example.com
CLI00987,2025-12-29,Online,,M,,Entre Rios,True,brunopaz@example.net
CLI00988,2023-06-05,Tienda,T18,M,64.0,CABA,True,geronimojuarez@example.org
CLI00989,2022-11-16,Online,,M,60.0,Buenos Aires,True,ofernandez@example.net
CLI00990,2022-04-23,Online,,M,19.0,CABA,True,tdiaz@example.com
CLI00991,2024-01-23,Tienda,T14,F,39.0,Buenos Aires,True,morenacardozo@example.org
CLI00992,2024-09-02,Online,,F,35.0,Santa Fe,True,sofiaalvarez@example.net
CLI00993,2025-08-07,Tienda,T18,,59.0,Santa Fe,True,joaquinbustos@example.net
CLI00994,2025-07-07,Online,,M,,Cordoba,True,agueroguadalupe@example.org
CLI00995,2022-10-30,Online,,M,32.0,Buenos Aires,True,mendozamia-jazmin@example.net
CLI00996,2025-08-07,Tienda,T11,F,42.0,CABA,True,biancasoria@example.net
CLI00997,2022-11-08,Tienda,T22,M,49.0,Mendoza,False,agustincordoba@example.com
CLI00998,2022-07-18,Online,,F,35.0,Salta,True,juan-martin36@example.org
CLI00999,2024-01-20,Tienda,T23,F,33.0,CABA,False,xrodriguez@example.org
CLI01000,2025-03-17,Tienda,T02,F,32.0,Mendoza,True,lautaro-ezequielmartinez@example.com
CLI01001,2022-12-05,Tienda,T16,F,54.0,Salta,False,franciscolopez@example.org
CLI01002,2025-11-25,Tienda,T20,F,5.0,Tucuman,True,cardozoluz-milagros@example.net
CLI01003,2022-11-12,Online,,M,57.0,Mendoza,True,dblanco@example.com
CLI01004,2025-10-10,Tienda,T11,F,,Salta,True,eaguero@example.net
CLI01005,2024-09-16,Online,,M,52.0,Mendoza,False,juan-cruzlopez@example.org
CLI01006,2025-12-27,Online,,M,63.0,CABA,True,lola33@example.org
CLI01007,2022-08-24,Tienda,T09,F,32.0,Santa Fe,True,bsosa@example.com
CLI01008,2023-03-29,Tienda,T26,M,30.0,Entre Rios,False,tomasfernandez@example.net
CLI01009,2023-04-07,Tienda,T04,F,47.0,Salta,True,joaquin77@example.net
CLI01010,2023-12-11,Online,,M,27.0,Santa Fe,True,agustin37@example.net
CLI01011,2024-01-14,Online,,F,31.0,Mendoza,True,franciscososa@example.com
CLI01012,2025-11-12,Online,,M,,Buenos Aires,False,ugomez@example.com
CLI01013,2023-05-05,Online,,F,44.0,Santa Fe,True,dmoreno@example.net
CLI01014,2024-03-10,Tienda,T01,F,24.0,Entre Rios,True,roldansebastian@example.com
CLI01015,2024-01-14,Tienda,T11,,36.0,CABA,True,nmoyano@example.com
CLI01016,2022-08-17,Online,,F,50.0,Cordoba,False,duartefelipe@example.com
CLI01017,2024-09-16,Tienda,T17,F,,Santa Fe,True,larias@example.net
CLI01018,2024-09-15,Online,,F,18.0,CABA,False,juan28@example.net
CLI01019,2023-08-11,Tienda,T08,F,60.0,Buenos Aires,False,emiliafernandez@example.org
CLI01020,2024-06-18,Tienda,T23,F,54.0,Entre Rios,True,rbenitez@example.com
CLI01021,2024-02-01,Online,,F,,Buenos Aires,True,sosajulia@example.com
CLI01022,2024-07-22,Tienda,T21,M,21.0,Tucuman,False,qgomez@example.com
CLI01023,2024-06-09,Online,,M,47.0,Salta,True,benjamin61@example.com
CLI01024,2025-03-29,Online,,M,36.0,Mendoza,False,perezignacio@example.com
CLI01025,2022-08-22,Online,,F,43.0,Buenos Aires,False,mgonzalez@example.org
CLI01026,2022-03-28,Online,,F,54.0,CABA,False,felipemartinez@example.org
CLI01027,2023-09-30,Tienda,T21,F,36.0,Neuquen,True,poncejoaquin@example.org
CLI01028,2025-10-14,Tienda,T02,M,44.0,Salta,False,ramosfelipe@example.org
CLI01029,2022-02-28,Online,,,48.0,Santa Fe,True,ymendez@example.com
CLI01030,2022-05-17,Tienda,S05,M,54.0,Salta,False,matiasbravo@example.org
CLI01031,2022-05-03,Tienda,S09,F,66.0,CABA,False,juan-ignaciogonzalez@example.net
CLI01032,2024-10-10,Tienda,T27,F,65.0,Tucuman,True,santinolopez@example.org
CLI01033,2022-10-16,Tienda,T28,F,45.0,Neuquen,True,felicitas35@example.org
CLI01034,2025-11-30,Online,,M,38.0,Buenos Aires,True,aromero@example.com
CLI01035,2023-10-14,Tienda,T21,M,,Entre Rios,False,rbravo@example.net
CLI01036,2025-08-07,Tienda,T02,M,50.0,Salta,True,joaquinfernandez@example.com
CLI01037,2024-07-03,Tienda,T01,M,,Cordoba,False,acostajulian@example.org
CLI01038,2025-02-17,Online,,M,26.0,Entre Rios,True,acostajustina@example.net
CLI01039,2024-07-13,Tienda,T05,F,52.0,Buenos Aires,True,jgutierrez@example.org
CLI01040,2025-08-28,Online,,M,31.0,Buenos Aires,True,guillerminacastillo@example.org
CLI01041,2024-10-05,Online,,F,35.0,Tucuman,True,gimenezthiago-gabriel@example.net
CLI01042,2024-01-22,Sucursal,T20,F,23.0,Tucuman,True,fariasguadalupe@example.net
CLI01043,2024-09-04,Tienda,T02,M,,Cordoba,False,aojeda@example.com
CLI01044,2025-11-02,Online,,M,42.0,Salta,False,josefinatorres@example.com
CLI01045,2025-12-21,Online,,M,21.0,Santa Fe,True,solcaceres@example.org
CLI01046,2025-12-17,Online,,M,29.0,CABA,True,juan-cruz84@example.net
CLI01047,2023-05-07,Tienda,T12,M,40.0,Neuquen,True,fmoyano@example.com
CLI01048,2025-09-20,Online,,F,,Santa Fe,False,fernandezalejo@example.net
CLI01049,2023-08-28,Online,,M,24.0,Cordoba,True,maria-victoria60@example.org
CLI01050,2024-05-09,Tienda,T10,F,30.0,Entre Rios,False,santinoperez@example.org
CLI01051,2024-06-03,Online,,M,22.0,CABA,True,ubenitez@example.com
CLI01052,2022-04-29,Online,,F,50.0,Neuquen,True,gmoreno@example.org
CLI01053,2023-12-23,Sucursal,T21,F,28.0,Entre Rios,False,delfina44@example.com
CLI01054,2022-10-28,Tienda,T12,F,52.0,Neuquen,True,svazquez@example.net
CLI01055,2025-01-12,Tienda,T12,F,54.0,Mendoza,True,umoreno@example.com
CLI01056,2024-09-24,Online,,F,25.0,Tucuman,True,ccampos@example.net
CLI01057,2025-05-05,Tienda,T03,M,42.0,Salta,False,isabella82@example.com
CLI01058,2024-07-18,Online,,F,35.0,Cordoba,True,qmendez@example.net
CLI01059,2022-02-18,Tienda,T14,F,,Tucuman,False,fgonzalez@example.org
CLI01060,2022-11-11,Online,,M,37.0,Buenos Aires,True,fhernandez@example.net
CLI01061,2023-03-01,Tienda,T01,F,38.0,Mendoza,True,maximilianomoreno@example.org
CLI01062,2024-07-30,Tienda,T28,,51.0,Santa Fe,False,alma23@example.com
CLI01063,2025-06-06,Online,,M,56.0,Entre Rios,True,valentinabustos@example.org
CLI01064,2022-08-24,Online,,M,26.0,Entre Rios,True,emanuel16@example.net
CLI01065,2024-06-30,Tienda,T06,F,36.0,Buenos Aires,True,adiaz@example.com
CLI01066,2025-03-22,Tienda,T18,F,49.0,Salta,False,villalbafrancisco@example.com
CLI01067,2023-12-04,Tienda,T13,F,58.0,Santa Fe,False,thiago-gabriellopez@example.net
CLI01068,2022-06-24,Tienda,T28,F,18.0,CABA,False,lola22@example.com
CLI01069,2023-11-17,Online,,F,59.0,Santa Fe,False,lucas18@example.com
CLI01070,2025-01-17,Tienda,T12,M,39.0,Neuquen,False,mateo15@example.com
CLI01071,2025-11-02,Tienda,T22,M,63.0,Tucuman,True,guillerminagarcia@example.com
CLI01072,2023-07-17,Online,,M,36.0,Buenos Aires,True,josefinagonzalez@example.org
CLI01073,2023-11-01,Online,,M,30.0,Cordoba,False,facundo59@example.net
CLI01074,2024-10-12,Tienda,T05,M,42.0,Neuquen,True,oduarte@example.org
CLI01075,2024-03-04,Online,,M,58.0,Buenos Aires,False,beniciojuarez@example.com
CLI01076,2023-03-04,Tienda,T03,F,42.0,Tucuman,True,palomanunez@example.com
CLI01077,2022-01-15,Tienda,S28,M,18.0,Tucuman,False,diazbianca@example.org
CLI01078,2025-01-04,Online,,F,51.0,Tucuman,False,valentina-castillo@example.org
CLI01079,2025-12-19,Tienda,T14,M,19.0,Salta,True,perezmartin@example.org
CLI01080,2025-11-15,Online,,M,28.0,Neuquen,True,kiara08@example.com
CLI01081,2023-05-27,Tienda,T25,F,25.0,Salta,False,benjamindiaz@example.org
CLI01082,2025-08-15,Tienda,T17,F,18.0,Cordoba,True,santinosoria@example.com
CLI01083,2024-05-04,Sucursal,T18,M,24.0,Salta,True,amparo66@example.net
CLI01084,2022-02-09,Tienda,T23,F,28.0,Tucuman,True,vgomez@example.com
CLI01085,2024-01-22,Online,,M,,Mendoza,True,qtorres@example.org
CLI01086,2025-10-24,Online,,F,41.0,Mendoza,True,toledojulian@example.net
CLI01087,2023-07-17,Sucursal,T04,,37.0,Entre Rios,True,ian-benjamin82@example.com
CLI01088,2025-09-03,Online,,,21.0,Salta,True,valentina22@example.org
CLI01089,2022-08-10,Online,,M,39.0,Salta,True,nunezjuan@example.org
CLI01090,2023-03-28,Online,,,55.0,Mendoza,True,castrorenata@example.net
CLI01091,2024-12-31,Online,,M,55.0,Mendoza,False,martinezvalentino@example.org
CLI01092,2022-12-20,Online,,M,43.0,Salta,False,emma17@example.net
CLI01093,2023-07-20,Online,,M,50.0,Mendoza,True,agustin03@example.net
CLI01094,2025-12-20,Tienda,T02,M,54.0,Santa Fe,True,acostajuan-bautista@example.org
CLI01095,2024-05-31,Online,,F,61.0,Entre Rios,True,sofiaperez@example.com
CLI01096,2025-01-06,Tienda,T23,F,65.0,Buenos Aires,True,lara64@example.org
CLI01097,2024-01-18,Tienda,T18,M,37.0,Santa Fe,True,jmartinez@example.org
CLI01098,2023-03-22,Tienda,T16,F,38.0,Entre Rios,False,isabel18@example.com
CLI01099,2025-09-17,Online,,M,-3.0,Cordoba,False,aguirrejuan-sebastian@example.net
CLI01100,2024-08-04,Online,,M,63.0,Cordoba,False,saracaceres@example.com
CLI01101,2024-01-11,Sucursal,T07,X,63.0,Tucuman,True,isabella83@example.net
CLI01102,2023-08-14,Tienda,T09,M,18.0,Neuquen,True,valentina-benitez@example.net
CLI01103,2023-10-25,Online,,F,38.0,Mendoza,True,alvarogonzalez@example.org
CLI01104,2024-08-24,Tienda,T24,M,18.0,Entre Rios,True,diazcatalina@example.net
CLI01105,2023-02-25,Online,,F,52.0,Neuquen,False,ignacio45@example.org
CLI01106,2022-02-25,Online,,F,42.0,Buenos Aires,True,bcastillo@example.org
CLI01107,2022-08-16,Tienda,T22,M,42.0,Mendoza,True,rodriguezsantiago@example.com
CLI01108,2025-09-05,Tienda,T18,F,,Cordoba,True,alvarezthiago-ezequiel@example.com
CLI01109,2022-10-11,Tienda,S09,F,60.0,Buenos Aires,True,cortiz@example.com
CLI01110,2022-04-03,Tienda,T25,M,37.0,Buenos Aires,False,efernandez@example.com
CLI01111,2023-10-01,Tienda,T11,F,56.0,Tucuman,True,quirogaclara@example.net
CLI01112,2022-03-08,Online,,M,49.0,Neuquen,True,gomezjuan-cruz@example.org
CLI01113,2022-11-19,Online,,F,46.0,Neuquen,True,lautaro56@example.net
CLI01114,2025-04-23,Tienda,T21,M,48.0,Buenos Aires,True,emabenitez@example.org
CLI01115,2022-07-12,Online,,F,43.0,Neuquen,False,oguzman@example.org
CLI01116,2024-08-20,Tienda,T15,M,26.0,Mendoza,False,lucio16@example.org
CLI01117,2024-09-07,Tienda,T24,M,52.0,Entre Rios,False,fernandezfrancisca@example.org
CLI01118,2025-06-30,Tienda,T18,M,51.0,Salta,False,thiago-leonel89@example.com
CLI01119,2025-11-16,Online,,M,39.0,Neuquen,True,josefinadiaz@example.net
CLI01120,2023-05-08,Tienda,T26,M,52.0,Tucuman,True,benicio89@example.org
CLI01121,2024-06-23,Tienda,T16,M,54.0,Neuquen,True,juan-bautistaflores@example.net
CLI01122,2024-05-22,Tienda,T03,M,24.0,Entre Rios,True,rojasvictoria@example.net
CLI01123,2024-10-24,Tienda,T15,F,40.0,Salta,False,agustina38
CLI01124,2024-03-03,Online,,M,35.0,CABA,True,juana04@example.com
CLI01125,2023-04-14,Tienda,T22,F,29.0,Neuquen,True,sebastianguzman@example.net
CLI01126,2023-03-24,Online,,M,46.0,Tucuman,False,catalina53@example.org
CLI01127,2025-12-06,Tienda,T03,M,30.0,Tucuman,True,rferreyra@example.com
CLI01128,2024-07-16,Tienda,T06,F,35.0,Salta,True,perezisabella@example.com
CLI01129,2023-08-22,Online,,F,45.0,Tucuman,False,hsoto@example.net
CLI01130,2025-06-21,Tienda,T02,M,46.0,Neuquen,True,luciana35@example.com
CLI01131,2023-11-21,Online,,,46.0,Buenos Aires,True,pilartorres@example.com
CLI01132,2025-08-01,Tienda,T28,M,73.0,Tucuman,False,verakiara@example.com
CLI01133,2025-06-20,Tienda,T16,M,34.0,CABA,True,jgarcia@example.com
CLI01134,2022-08-13,Online,,F,,Santa Fe,True,luz-milagrossosa@example.org
CLI01135,2025-09-08,Tienda,T23,F,25.0,Entre Rios,False,ignacioroldan@example.org
CLI01136,2023-09-16,Tienda,T08,F,48.0,Neuquen,False,felipecaceres@example.net
CLI01137,2022-06-24,Online,,M,58.0,Santa Fe,True,simon69@example.com
CLI01138,2025-12-11,Online,,F,58.0,Cordoba,True,yalvarez@example.org
CLI01139,2024-12-10,Tienda,T02,F,,Santa Fe,False,coronelignacio@example.net
CLI01140,2022-02-21,Tienda,T21,M,38.0,Salta,True,sofiasilva@example.net
CLI01141,2024-06-11,Online,,M,59.0,Santa Fe,True,santino33@example.com
CLI01142,2024-05-05,Tienda,T19,M,40.0,Entre Rios,True,juan-ignacio95@example.net
CLI01143,2024-07-29,Tienda,T01,F,55.0,Santa Fe,True,gimenezjuan-ignacio@example.org
CLI01144,2023-10-06,Online,,M,28.0,Salta,False,aavila@example.org
CLI01145,2022-06-19,Online,,F,61.0,Tucuman,True,bmartinez@example.org
CLI01146,2023-05-02,Tienda,T08,M,56.0,Entre Rios,False,thiagogonzalez@example.net
CLI01147,2025-03-29,Sucursal,T13,M,48.0,Tucuman,True,valentin77@example.org
CLI01148,2022-03-21,Tienda,T12,M,30.0,Entre Rios,False,mmedina@example.net
CLI01149,2022-09-13,Tienda,T07,M,39.0,Salta,True,ymolina@example.org
CLI01150,2025-03-13,Tienda,T22,F,44.0,Cordoba,False,chavezalejo@example.net
CLI01151,2023-10-06,Tienda,T23,F,5.0,Entre Rios,True,sanchezluna@example.net
CLI01152,2022-01-04,Online,,M,40.0,Buenos Aires,False,barriosjoaquin@example.org
CLI01153,2023-09-24,Sucursal,T06,F,38.0,Mendoza,False,sgarcia@example.com
CLI01154,2024-01-24,Online,,F,44.0,Buenos Aires,True,santinopereyra@example.org
CLI01155,2023-06-27,Tienda,T13,M,61.0,Mendoza,True,delfinaalvarez@example.com
CLI01156,2024-05-28,Tienda,T04,M,18.0,Cordoba,True,emilia19@example.net
CLI01157,2023-06-24,Online,,F,22.0,Mendoza,True,torresdylan-benjamin@example.net
CLI01158,2023-04-24,Tienda,T22,F,,Salta,True,amparo15@example.org
CLI01159,2023-09-02,Online,,M,32.0,Entre Rios,True,delfina02@example.net
CLI01160,2022-10-16,Online,,F,18.0,Mendoza,True,qsosa@example.org
CLI01161,2022-09-09,Online,,F,49.0,Cordoba,False,xlopez@example.net
CLI01162,2022-03-27,Tienda,T17,F,43.0,Salta,True,udiaz@example.net
CLI01163,2023-08-10,Online,,F,38.0,Santa Fe,True,aguirreagustin@example.org
CLI01164,2024-03-01,Online,,M,32.0,Santa Fe,False,morenojuliana@example.com
CLI01165,2025-03-30,Tienda,T03,F,44.0,Neuquen,False,constanzavazquez@example.net
CLI01166,2024-01-14,Tienda,T03,F,44.0,Tucuman,True,juana82@example.net
CLI01167,2023-12-07,Online,,M,46.0,Entre Rios,True,fernandezjulieta@example.net
CLI01168,2022-10-21,Online,,M,31.0,Santa Fe,True,felicitasvillalba@example.com
CLI01169,2024-04-07,Tienda,T18,F,51.0,Mendoza,True,morena82@example.org
CLI01170,2024-08-11,Online,,F,21.0,Entre Rios,True,rodriguezjulian@example.net
CLI01171,2025-09-25,Tienda,T07,F,59.0,Salta,False,thiago-benjaminfarias@example.org
CLI01172,2025-08-15,Online,,F,18.0,Entre Rios,False,gonzalezmateo-agustin@example.com
CLI01173,2022-05-07,Tienda,T12,F,33.0,Salta,True,lrojas@example.org
CLI01174,2023-04-04,Tienda,T19,F,25.0,Santa Fe,False,juan-martin25@example.com
CLI01175,2022-04-07,Online,,M,53.0,CABA,True,gonzalezlucio@example.org
CLI01176,2022-08-22,Tienda,T19,F,21.0,Buenos Aires,True,felicitas41@example.org
CLI01177,2025-12-16,Sucursal,T20,,67.0,Salta,False,rjuarez
CLI01178,2024-03-18,Online,,F,20.0,Mendoza,True,correamaria-paz@example.org
CLI01179,2023-03-26,Online,,F,70.0,Cordoba,True,jcabrera@example.com
CLI01180,2024-10-18,Online,,F,48.0,Salta,True,zalvarez@example.com
CLI01181,2025-04-26,Online,,X,42.0,Entre Rios,False,emiliavillalba@example.net
CLI01182,2022-12-28,Online,,M,48.0,Cordoba,True,camila31@example.org
CLI01183,2023-10-05,Online,,F,72.0,Neuquen,True,malena58@example.com
CLI01184,2022-02-08,Sucursal,T12,M,54.0,Tucuman,True,lola25@example.com
CLI01185,2024-12-05,Online,,X,18.0,Mendoza,True,wfernandez@example.org
CLI01186,2023-09-13,Tienda,T06,X,58.0,Santa Fe,False,agustingimenez@example.org
CLI01187,2024-08-12,Tienda,T19,F,45.0,Mendoza,True,beniciocorrea@example.org
CLI01188,2023-01-20,Online,,F,19.0,CABA,True,juan-manuel74@example.com
CLI01189,2024-05-16,Tienda,T28,F,52.0,Tucuman,True,josefinacordoba@example.com
CLI01190,2023-01-06,Tienda,T08,M,25.0,Buenos Aires,True,nicolasjuarez@example.net
CLI01191,2025-08-03,Tienda,T16,F,44.0,Tucuman,True,juanaguzman@example.net
CLI01192,2023-09-28,Tienda,T07,F,45.0,Santa Fe,True,rbenitez@example.net
CLI01193,2025-10-23,Tienda,T11,F,32.0,Neuquen,True,thiago-leonelfernandez@example.org
CLI01194,2024-01-14,Online,,M,51.0,Mendoza,False,josefinamoreno@example.com
CLI01195,2023-07-21,Tienda,T14,M,27.0,Santa Fe,True,santinomunoz@example.org
CLI01196,2022-08-24,Sucursal,T26,,44.0,Cordoba,True,simongimenez@example.org
CLI01197,2022-01-25,Tienda,T17,F,34.0,Mendoza,True,simonpaez@example.net
CLI01198,2024-04-12,Online,,F,39.0,Neuquen,False,xdiaz@example.com
CLI01199,2024-07-09,Sucursal,T26,X,68.0,Neuquen,False,luisanalopez@example.com
CLI01200,2023-06-27,Online,,M,43.0,Cordoba,False,pcordoba@example.org
CLI01201,2024-10-06,Tienda,T24,F,26.0,Mendoza,True,valentinacorrea@example.org
CLI01202,2022-03-29,Online,,M,40.0,Entre Rios,True,diazsofia@example.com
CLI01203,2023-01-04,Tienda,T25,F,31.0,Cordoba,True,perezjoaquin@example.org
CLI01204,2023-03-15,Tienda,T15,,42.0,Tucuman,True,pdiaz@example.net
CLI01205,2023-08-27,Tienda,T05,F,44.0,CABA,True,morena-jazmingomez@example.net
CLI01206,2022-06-07,Tienda,T25,M,43.0,CABA,False,ovargas@example.org
CLI01207,2023-05-28,Online,,F,,Santa Fe,True,matilda68@example.com
CLI01208,2022-11-23,Tienda,T20,F,34.0,Entre Rios,True,zrodriguez@example.net
CLI01209,2024-12-28,Online,,F,48.0,CABA,True,hnunez@example.com
CLI01210,2023-02-05,Online,,M,56.0,CABA,True,abarrios@example.org
CLI01211,2024-08-22,Tienda,T24,M,33.0,Tucuman,True,malenasilva@example.org
CLI01212,2025-12-24,Tienda,T23,M,41.0,Entre Rios,True,rodriguezguadalupe@example.com
CLI01213,2025-11-29,Online,,F,42.0,Salta,True,perezpilar@example.org
CLI01214,2025-05-15,Online,,F,59.0,CABA,True,tmaldonado@example.com
CLI01215,2024-11-06,Tienda,T15,F,57.0,Tucuman,False,feliperuiz@example.org
CLI01216,2024-08-18,Tienda,T19,F,31.0,Santa Fe,False,alvarezjoaquin@example.net
CLI01217,2024-05-21,Online,,M,43.0,CABA,True,bautista01@example.com
CLI01218,2022-03-04,Online,,F,21.0,Salta,True,julieta82@example.org
CLI01219,2022-05-14,Tienda,T15,M,28.0,Neuquen,True,toledojuana@example.net
CLI01220,2025-08-31,Tienda,T02,F,42.0,CABA,True,moragodoy@example.net
CLI01221,2023-08-29,Tienda,T10,M,50.0,Buenos Aires,True,gomezmalena
CLI01222,2023-12-13,Tienda,T05,F,55.0,Buenos Aires,True,balvarez@example.org
CLI01223,2023-07-09,Online,,M,37.0,Santa Fe,False,juan-cruzmoreno@example.com
CLI01224,2023-07-29,Tienda,T28,F,23.0,Mendoza,True,zoe-jazmin90@example.net
CLI01225,2023-10-18,Tienda,T10,M,47.0,Neuquen,True,felipealvarez@example.net
CLI01226,2023-02-08,Sucursal,T12,M,39.0,CABA,True,juan-martinlopez@example.org
CLI01227,2025-10-02,Tienda,T27,M,47.0,CABA,True,juan-ignaciogonzalez@example.org
CLI01228,2022-02-19,Tienda,T12,M,44.0,Entre Rios,False,ydominguez@example.com
CLI01229,2025-08-22,Tienda,T25,F,52.0,Neuquen,True,evega@example.org
CLI01230,2025-09-11,Online,,F,51.0,Tucuman,True,ruizjuan-bautista@example.org
CLI01231,2025-03-29,Online,,M,53.0,CABA,True,juan-ignacio71@example.org
CLI01232,2022-02-09,Online,,M,35.0,Cordoba,True,lucamaldonado@example.net
CLI01233,2022-10-11,Online,,X,55.0,CABA,False,fernandeztobias@example.com
CLI01234,2023-10-07,Online,,M,34.0,Entre Rios,True,josefinasoto@example.net
CLI01235,2024-12-19,Sucursal,T24,F,43.0,Salta,True,molinaambar@example.com
CLI01236,2024-05-22,Online,,M,68.0,Salta,True,gomezbautista@example.net
CLI01237,2022-11-10,Online,,F,46.0,Cordoba,False,agostina42@example.net
CLI01238,2023-10-01,Online,,F,25.0,Tucuman,True,facundo54@example.net
CLI01239,2023-02-06,Online,,M,62.0,Buenos Aires,True,gomezagustina
CLI01240,2023-05-13,Tienda,T21,F,56.0,CABA,True,juan-ignacio88@example.com
CLI01241,2024-11-16,Online,,F,57.0,Neuquen,True,emma84@example.net
CLI01242,2025-12-03,Online,,F,44.0,Entre Rios,True,juan-sebastianleiva@example.com
CLI01243,2025-10-13,Tienda,T26,F,46.0,Cordoba,False,valentinomolina@example.org
CLI01244,2025-03-28,Tienda,T24,M,38.0,Mendoza,False,rodriguezmorena-jazmin@example.org
CLI01245,2023-06-11,Tienda,T02,F,32.0,Tucuman,False,camilalopez@example.net
CLI01246,2022-05-21,Tienda,T19,M,63.0,Entre Rios,True,lopezsantino-benjamin@example.net
CLI01247,2024-09-30,Tienda,T19,F,36.0,CABA,True,escobargino
CLI01248,2023-07-27,Tienda,T19,M,35.0,Salta,False,qdiaz@example.net
CLI01249,2024-03-31,Tienda,T04,F,,Santa Fe,True,lola96@example.net
CLI01250,2023-08-01,Tienda,T26,M,68.0,Mendoza,True,gduarte@example.com
CLI01251,2025-12-20,Online,,F,54.0,Neuquen,False,fgonzalez@example.org
CLI01252,2024-09-24,Tienda,T02,X,36.0,Mendoza,False,veraluisana@example.com
CLI01253,2025-07-07,Online,,M,41.0,Salta,False,uma77@example.com
CLI01254,2023-04-02,Online,,M,49.0,Tucuman,True,dylan-benjamin28@example.net
CLI01255,2022-09-16,Tienda,T12,M,54.0,Cordoba,True,fernandeztiziano@example.org
CLI01256,2023-11-30,Tienda,T16,M,19.0,Cordoba,True,pereyrafelipe@example.net
CLI01257,2022-11-23,Sucursal,T28,M,54.0,Salta,False,faustino44@example.org
CLI01258,2023-01-26,Tienda,T25,F,38.0,Neuquen,True,bayala@example.org
CLI01259,2023-07-09,Online,,F,32.0,Salta,False,benitezagustin@example.org
CLI01260,2022-05-18,Online,,F,,Cordoba,True,lolamartinez@example.net
CLI01261,2022-05-26,Online,,M,53.0,Buenos Aires,False,gnunez@example.org
CLI01262,2022-12-26,Tienda,T04,F,66.0,Buenos Aires,True,delfina05@example.net
CLI01263,2025-12-15,Online,,F,44.0,Entre Rios,True,coronelsalvador@example.net
CLI01264,2024-11-04,Tienda,T27,F,49.0,Entre Rios,True,zmolina@example.org
CLI01265,2025-07-30,Online,,M,30.0,Santa Fe,True,zperez@example.org
CLI01266,2022-10-07,Tienda,T28,M,48.0,Salta,True,matias34@example.net
CLI01267,2024-09-24,Tienda,T27,F,53.0,CABA,False,blancothiago@example.org
CLI01268,2022-02-25,Tienda,T17,F,21.0,Buenos Aires,True,lucia44@example.com
CLI01269,2025-02-09,Sucursal,T05,M,34.0,Buenos Aires,False,dacosta@example.net
CLI01270,2023-04-09,Tienda,T28,F,53.0,Buenos Aires,True,ledesmajoaquin@example.org
CLI01271,2022-12-29,Online,,F,18.0,Cordoba,True,sofiadiaz@example.net
CLI01272,2023-05-04,Tienda,T10,M,36.0,Entre Rios,True,maximo77
CLI01273,2025-03-03,Tienda,T26,F,50.0,Tucuman,False,zoe-valentinarodriguez@example.com
CLI01274,2022-04-21,Online,,X,18.0,CABA,True,egonzalez@example.net
CLI01275,2023-08-25,Online,,M,,Santa Fe,True,ramirezjuan-francisco@example.org
CLI01276,2024-05-05,Tienda,T04,F,42.0,Cordoba,False,almamorales@example.com
CLI01277,2023-07-31,Tienda,T14,X,,Tucuman,False,sanchezsofia@example.com
CLI01278,2022-10-23,Online,,M,24.0,Santa Fe,True,charo01@example.org
CLI01279,2025-05-30,Online,,M,57.0,Santa Fe,False,xquiroga@example.org
CLI01280,2024-05-05,Online,,F,46.0,Salta,False,benjamin64@example.com
CLI01281,2024-06-25,Online,,M,,Cordoba,False,gimenezbruno@example.org
CLI01282,2023-12-20,Tienda,T21,F,58.0,Tucuman,True,fdominguez
CLI01283,2024-12-03,Online,,F,46.0,Buenos Aires,False,gomezmatias@example.com
CLI01284,2022-03-08,Tienda,S25,F,48.0,Cordoba,False,rdominguez@example.net
CLI01285,2025-09-05,Tienda,T22,M,18.0,Neuquen,True,pescobar@example.com
CLI01286,2024-04-22,Online,,F,23.0,Santa Fe,True,ogomez@example.net
CLI01287,2024-06-19,Tienda,T16,M,27.0,Mendoza,True,julieta39@example.com
CLI01288,2025-08-26,Online,,M,37.0,Entre Rios,True,floreslautaro-nicolas@example.net
CLI01289,2024-11-27,Tienda,T27,M,55.0,Tucuman,True,juliansuarez@example.net
CLI01290,2025-08-10,Tienda,T14,,18.0,Salta,False,vegaabigail@example.org
CLI01291,2022-08-04,Tienda,T27,F,37.0,Santa Fe,True,coronelemma@example.net
CLI01292,2022-08-29,Online,,M,23.0,Mendoza,True,emma63@example.net
CLI01293,2024-10-25,Tienda,T25,F,20.0,Neuquen,True,mora21@example.org
CLI01294,2023-10-04,Tienda,T11,F,62.0,Tucuman,False,jduarte@example.com
CLI01295,2022-09-13,Tienda,T09,F,43.0,Mendoza,True,santiago-nicolas08@example.com
CLI01296,2025-03-08,Online,,,64.0,CABA,True,maidanamateo@example.org
CLI01297,2023-08-03,Tienda,T05,M,58.0,Santa Fe,False,romerobautista@example.com
CLI01298,2022-07-15,Online,,M,29.0,Tucuman,True,juan-pablo09@example.org
CLI01299,2025-05-30,Online,,M,18.0,Neuquen,True,jgimenez@example.com
CLI01300,2025-04-12,Tienda,T06,F,,Santa Fe,False,diazluisana@example.com
CLI01301,2022-12-01,Online,,M,36.0,Entre Rios,True,rodriguezian-ezequiel@example.com
CLI01302,2022-05-23,Online,,M,25.0,Tucuman,True,thiago-nahuelgodoy@example.com
CLI01303,2025-11-28,Online,,M,51.0,Cordoba,True,mateo-valentinsanchez@example.net
CLI01304,2023-07-28,Tienda,T11,,43.0,Neuquen,True,juan-franciscoortiz@example.com
CLI01305,2025-03-22,Online,,F,32.0,CABA,False,valentinomendez@example.org
CLI01306,2022-12-20,Online,,M,37.0,Tucuman,False,peraltajuan-ignacio@example.com
CLI01307,2025-01-23,Tienda,T08,M,,Cordoba,True,juan-cruz47@example.net
CLI01308,2022-08-22,Tienda,T25,M,43.0,Santa Fe,True,gomezlola@example.org
CLI01309,2022-08-25,Tienda,T14,M,52.0,Santa Fe,True,soriabenjamin@example.net
CLI01310,2023-08-09,Tienda,T18,F,37.0,Santa Fe,True,emmadominguez@example.com
CLI01311,2024-07-02,Online,,M,,Cordoba,False,gonzalezalma@example.org
CLI01312,2024-05-08,Tienda,T20,M,50.0,Salta,True,yvera@example.com
CLI01313,2024-02-16,Online,,F,46.0,Salta,True,thiago-lionelrodriguez@example.com
CLI01314,2023-02-17,Online,,M,57.0,Salta,True,diazjuan-cruz@example.com
CLI01315,2022-10-01,Online,,M,38.0,Buenos Aires,True,nsanchez@example.org
CLI01316,2025-10-03,Tienda,T15,F,40.0,Cordoba,True,crodriguez@example.com
CLI01317,2023-01-10,Sucursal,T28,M,25.0,Mendoza,True,camila38@example.net
CLI01318,2025-01-26,Tienda,T05,F,62.0,Neuquen,True,biancalopez@example.org
CLI01319,2023-12-04,Tienda,T15,M,22.0,Buenos Aires,True,vmiranda@example.com
CLI01320,2024-07-25,Tienda,T01,F,44.0,Tucuman,True,blancomilagros@example.com
CLI01321,2023-08-22,Tienda,T12,F,29.0,Buenos Aires,True,emiliaacosta@example.com
CLI01322,2023-02-25,Online,,F,46.0,Buenos Aires,True,ncabrera@example.org
CLI01323,2022-09-10,Tienda,T14,F,52.0,Tucuman,True,santino-benjamin06@example.net
CLI01324,2025-12-17,Tienda,T20,M,19.0,Tucuman,True,perezmateo-benjamin@example.com
CLI01325,2023-07-01,Online,,M,39.0,CABA,True,pedrogonzalez@example.com
CLI01326,2024-11-29,Tienda,T06,M,18.0,Entre Rios,True,rodriguezema@example.org
CLI01327,2023-03-29,Tienda,T13,M,61.0,Mendoza,True,renatasilva@example.net
CLI01328,2025-10-11,Tienda,T17,M,35.0,Mendoza,True,gtorres@example.org
CLI01329,2022-04-11,Online,,F,19.0,Mendoza,True,nuneztomas@example.com
CLI01330,2024-08-23,Online,,F,32.0,Salta,True,pgodoy@example.net
CLI01331,2024-05-12,Tienda,T20,M,60.0,Mendoza,True,yromero
CLI01332,2023-04-06,Tienda,T15,F,62.0,Mendoza,True,cojeda@example.com
CLI01333,2024-04-02,Online,,F,59.0,Neuquen,True,antonellacorrea@example.org
CLI01334,2023-05-20,Tienda,T04,F,31.0,Mendoza,True,paezemma@example.com
CLI01335,2023-10-07,Tienda,T06,M,39.0,Mendoza,False,crojas@example.net
CLI01336,2022-04-07,Tienda,S27,F,64.0,Salta,True,lucianoalvarez@example.net
CLI01337,2025-04-12,Tienda,T01,F,31.0,Salta,True,guadalupe28@example.com
CLI01338,2024-08-13,Tienda,T11,F,37.0,Santa Fe,True,juan-ignaciorodriguez@example.com
CLI01339,2022-02-19,Online,,F,28.0,Tucuman,False,rmorales@example.com
CLI01340,2023-10-13,Tienda,T23,F,25.0,Salta,True,thiago-benjaminherrera@example.org
CLI01341,2025-04-05,Online,,F,58.0,Cordoba,True,wleiva@example.org
CLI01342,2024-05-19,Tienda,T15,F,50.0,Buenos Aires,True,ecoronel
CLI01343,2022-10-06,Tienda,T23,F,48.0,CABA,True,felicitas83@example.net
CLI01344,2025-03-27,Tienda,T02,F,50.0,Entre Rios,True,olivia95@example.org
CLI01345,2022-01-14,Tienda,T26,M,56.0,Entre Rios,True,uvargas@example.com
CLI01346,2023-03-17,Tienda,T13,X,63.0,CABA,False,francodiaz@example.org
CLI01347,2024-11-21,Online,,F,41.0,Neuquen,True,lucas79@example.com
CLI01348,2025-04-05,Tienda,T23,X,37.0,Santa Fe,True,arodriguez@example.net
CLI01349,2025-07-04,Online,,M,27.0,Cordoba,True,nunezhelena@example.net
CLI01350,2025-01-29,Tienda,T13,F,57.0,Santa Fe,False,guillermina68@example.net
CLI01351,2025-01-08,Sucursal,T20,F,34.0,Entre Rios,True,echavez@example.org
CLI01352,2023-04-22,Tienda,T15,,21.0,Entre Rios,True,ledesmajuana@example.net
CLI01353,2025-01-20,Online,,F,38.0,Entre Rios,True,nfigueroa@example.net
CLI01354,2025-05-20,Online,,F,42.0,Salta,True,mateo-benjamin92
CLI01355,2024-11-30,Tienda,T16,F,,Entre Rios,True,constantinoruiz@example.org
CLI01356,2022-05-21,Online,,M,56.0,Cordoba,True,uma-39@example.org
CLI01357,2022-09-10,Online,,M,31.0,Mendoza,False,juan-ignacio92@example.org
CLI01358,2023-03-19,Tienda,T19,F,30.0,Entre Rios,True,dperez@example.com
CLI01359,2025-01-21,Online,,M,37.0,Neuquen,True,valentina03@example.com
CLI01360,2022-12-01,Tienda,T08,F,25.0,Entre Rios,True,lourdesperez@example.com
CLI01361,2022-02-04,Tienda,T27,F,40.0,Tucuman,True,emilia84@example.org
CLI01362,2022-11-06,Tienda,T10,M,48.0,Entre Rios,True,godoyalma@example.net
CLI01363,2022-09-20,Tienda,T24,M,42.0,Entre Rios,True,catalina77@example.com
CLI01364,2023-06-19,Online,,F,19.0,Entre Rios,True,romerobastian@example.com
CLI01365,2024-03-31,Tienda,T05,F,25.0,Mendoza,True,iaguirre@example.org
CLI01366,2025-07-16,Tienda,T13,M,60.0,Mendoza,True,martinezvalentina@example.org
CLI01367,2022-02-19,Sucursal,T14,M,27.0,CABA,False,valentinoperalta@example.com
CLI01368,2023-05-27,Tienda,T08,F,52.0,CABA,True,dtorres@example.org
CLI01369,2024-08-29,Online,,F,50.0,CABA,True,pedrochavez@example.org
CLI01370,2022-03-07,Online,,F,37.0,Salta,True,martina45@example.org
CLI01371,2023-12-10,Tienda,T01,M,28.0,Neuquen,True,benjamin-alejandromorales@example.net
CLI01372,2024-06-28,Online,,F,44.0,Tucuman,True,nfernandez@example.net
CLI01373,2025-01-21,Online,,F,29.0,Entre Rios,False,erodriguez@example.com
CLI01374,2025-02-20,Tienda,T09,M,39.0,Neuquen,False,ginoromero@example.com
CLI01375,2025-07-24,Tienda,T14,F,43.0,Neuquen,True,sofiagimenez
CLI01376,2025-11-18,Online,,F,31.0,Neuquen,True,vramos@example.org
CLI01377,2024-05-27,Tienda,T05,M,38.0,Buenos Aires,True,romerofelipe@example.org
CLI01378,2025-02-17,Tienda,T21,M,37.0,Tucuman,True,guadalupe16@example.org
CLI01379,2025-01-01,Sucursal,T02,F,24.0,Entre Rios,False,garcialucia@example.com
CLI01380,2023-11-20,Online,,M,39.0,Neuquen,False,julieta80@example.org
CLI01381,2023-12-16,Tienda,T28,M,33.0,CABA,False,diazlautaro@example.net
CLI01382,2023-09-13,Tienda,T16,F,18.0,CABA,False,camposcatalina@example.net
CLI01383,2025-05-20,Tienda,T01,M,,CABA,False,juarezbenjamin@example.com
CLI01384,2023-10-03,Online,,F,38.0,Tucuman,True,victoria06@example.net
CLI01385,2023-01-30,Tienda,T14,F,33.0,CABA,True,perezmalena@example.org
CLI01386,2024-12-16,Tienda,T18,M,18.0,CABA,False,emmagonzalez@example.net
CLI01387,2024-08-28,Online,,F,52.0,Salta,True,valentino65@example.org
CLI01388,2023-09-27,Online,,M,51.0,Buenos Aires,True,gimenezcharo@example.com
CLI01389,2025-10-24,Tienda,T24,F,51.0,Neuquen,False,ramirezvalentino@example.com
CLI01390,2022-09-13,Tienda,S27,M,46.0,Mendoza,True,ifigueroa@example.net
CLI01391,2025-07-03,Online,,M,24.0,Buenos Aires,True,fgarcia@example.org
CLI01392,2022-06-18,Tienda,T13,M,43.0,CABA,True,franco88@example.net
CLI01393,2022-09-25,Online,,F,,Buenos Aires,True,valentinogomez@example.org
CLI01394,2023-04-03,Tienda,T27,F,72.0,Mendoza,True,gonzalezjoaquin@example.org
CLI01395,2025-09-06,Tienda,T10,M,34.0,Neuquen,False,qaguero@example.net
CLI01396,2025-07-02,Online,,,51.0,Cordoba,False,alejosanchez@example.net
CLI01397,2024-07-13,Online,,M,20.0,Santa Fe,True,lautaro-benjaminluna
CLI01398,2025-02-06,Online,,M,25.0,Salta,False,martinacastro@example.org
CLI01399,2025-03-20,Sucursal,T12,F,34.0,Buenos Aires,True,ojedasimon@example.org
CLI01400,2024-11-22,Tienda,T28,F,-3.0,Buenos Aires,False,lara89@example.net
CLI01401,2022-08-05,Tienda,T18,,49.0,CABA,True,ferreyrasalvador@example.com
CLI01402,2024-04-23,Online,,M,46.0,CABA,True,isilva@example.com
CLI01403,2023-09-14,Online,,F,18.0,Neuquen,True,prodriguez@example.net
CLI01404,2024-01-29,Tienda,T18,M,-3.0,Entre Rios,True,qfernandez@example.com
CLI01405,2023-03-11,Online,,F,29.0,Mendoza,True,benitezjuan-cruz@example.org
CLI01406,2023-08-01,Tienda,T25,M,64.0,Mendoza,True,hlopez@example.com
CLI01407,2022-02-23,Tienda,T18,F,68.0,Cordoba,True,fernandezisabella@example.net
CLI01408,2023-02-22,Online,,M,53.0,CABA,True,dperalta@example.org
CLI01409,2025-05-06,Tienda,T16,F,55.0,Cordoba,True,tomaspaz@example.com
CLI01410,2023-10-11,Tienda,T06,F,,CABA,True,martinezlourdes@example.com
CLI01411,2022-06-16,Tienda,T20,M,78.0,Mendoza,True,davila
CLI01412,2023-09-12,Tienda,T25,M,45.0,Tucuman,True,bautistacorrea@example.net
CLI01413,2024-04-26,Online,,F,55.0,Tucuman,True,santinonunez@example.com
CLI01414,2023-08-21,Online,,,29.0,Salta,True,nunezsimon@example.org
CLI01415,2024-04-16,Online,,F,41.0,CABA,True,catalina92@example.net
CLI01416,2024-11-17,Online,,F,25.0,Cordoba,False,nahiara15@example.net
CLI01417,2022-01-28,Tienda,T17,M,38.0,Mendoza,True,renata92@example.net
CLI01418,2024-01-01,Tienda,T19,F,42.0,Santa Fe,True,acostajuan-cruz@example.org
CLI01419,2022-09-07,Tienda,T11,M,45.0,CABA,True,mateo-benjamin28@example.com
CLI01420,2023-01-07,Tienda,T13,M,61.0,Buenos Aires,True,tomas24@example.com
CLI01421,2024-10-20,Tienda,T02,X,48.0,Neuquen,True,luz-marialopez@example.org
CLI01422,2023-10-11,Online,,M,45.0,Entre Rios,True,lisandrolopez@example.com
CLI01423,2023-08-13,Online,,F,42.0,Buenos Aires,True,jchavez@example.com
CLI01424,2025-08-11,Tienda,T23,M,70.0,Buenos Aires,True,privero@example.com
CLI01425,2022-09-15,Online,,F,33.0,Tucuman,True,thiago-ezequiel64@example.org
CLI01426,2022-07-07,Online,,M,58.0,Entre Rios,True,mateo-joaquin78@example.net
CLI01427,2024-05-21,Online,,M,18.0,Tucuman,False,joaquinromero@example.net
CLI01428,2025-01-29,Online,,F,29.0,Neuquen,False,benjamin62@example.org
CLI01429,2025-11-05,Online,,M,47.0,Entre Rios,True,diazgael@example.net
CLI01430,2023-12-31,Tienda,T22,F,39.0,CABA,False,lucas-ezequielpaz@example.com
CLI01431,2024-09-15,Online,,F,84.0,Buenos Aires,False,quirogaantonio@example.net
CLI01432,2024-08-18,Online,,F,78.0,Entre Rios,True,gonzaleztiziano@example.net
CLI01433,2022-04-25,Tienda,S03,F,20.0,Entre Rios,False,flopez@example.net
CLI01434,2025-01-04,Online,,,27.0,Salta,False,facundo44@example.org
CLI01435,2023-08-04,Online,,M,40.0,Tucuman,True,sofia-belen84@example.net
CLI01436,2022-05-28,Online,,M,66.0,Santa Fe,False,orianaroldan@example.net
CLI01437,2024-07-27,Tienda,T10,,57.0,Salta,True,emilia49@example.org
CLI01438,2022-12-08,Tienda,T24,M,46.0,Entre Rios,True,rodriguezolivia@example.net
CLI01439,2022-09-30,Online,,X,22.0,CABA,True,rromero@example.org
CLI01440,2024-07-02,Tienda,T01,F,30.0,Salta,False,joaquin18
CLI01441,2022-09-12,Tienda,T28,M,18.0,Entre Rios,False,guadalupegutierrez@example.org
CLI01442,2024-03-19,Online,,M,20.0,CABA,True,descobar@example.org
CLI01443,2022-03-03,Tienda,T26,M,48.0,CABA,True,gonzalezjuan-cruz@example.org
CLI01444,2022-02-07,Tienda,T07,F,53.0,CABA,True,vargasvalentino@example.com
CLI01445,2025-04-11,Online,,M,23.0,Tucuman,True,gimenezmateo@example.com
CLI01446,2024-08-05,Tienda,T16,F,43.0,Salta,True,juan-cruz27@example.org
CLI01447,2023-10-13,Tienda,T03,M,64.0,CABA,True,juan-ignacioalvarez@example.net
CLI01448,2023-04-19,Tienda,T21,F,44.0,Salta,True,lolafigueroa@example.org
CLI01449,2024-02-12,Tienda,T12,,,CABA,True,gguzman@example.net
CLI01450,2024-03-19,Tienda,T19,F,50.0,Entre Rios,True,ortiztomas@example.org
CLI01451,2025-07-01,Tienda,T07,F,49.0,Entre Rios,True,santino-ezequiel08@example.org
CLI01452,2022-05-28,Tienda,T26,F,43.0,CABA,True,qarias@example.com
CLI01453,2022-03-22,Tienda,T11,M,34.0,Buenos Aires,True,juliana55@example.com
CLI01454,2024-08-09,Online,,F,36.0,Entre Rios,True,zmedina@example.org
CLI01455,2023-05-11,Tienda,T26,M,43.0,Buenos Aires,True,paloma15@example.org
CLI01456,2023-05-31,Tienda,T10,F,34.0,Neuquen,False,wcastillo@example.net
CLI01457,2024-03-21,Online,,M,60.0,Entre Rios,False,tomas21@example.com
CLI01458,2024-07-06,Online,,M,54.0,CABA,True,ambarflores@example.org
CLI01459,2025-03-28,Online,,F,,Tucuman,True,nicolas82@example.com
CLI01460,2025-08-26,Online,,F,70.0,Salta,True,fernandezvalentina@example.net
CLI01461,2022-07-22,Tienda,T02,M,64.0,Mendoza,False,zgodoy@example.net
CLI01462,2022-01-02,Tienda,T10,M,61.0,CABA,True,isabellagonzalez@example.org
CLI01463,2025-01-05,Online,,M,47.0,Mendoza,True,olivialucero@example.org
CLI01464,2022-08-17,Tienda,S08,F,39.0,Neuquen,True,zmartin@example.com
CLI01465,2022-01-07,Online,,F,74.0,Mendoza,False,thiago-ezequielsanchez@example.net
CLI01466,2025-02-18,Tienda,T17,F,32.0,Cordoba,False,torresjustina@example.net
CLI01467,2024-06-29,Tienda,T18,F,33.0,Entre Rios,True,lucascordoba@example.net
CLI01468,2023-04-29,Tienda,T05,M,29.0,Buenos Aires,True,verafaustino@example.net
CLI01469,2023-12-16,Tienda,T04,F,45.0,CABA,False,benjaminsuarez@example.com
CLI01470,2023-06-29,Online,,F,47.0,CABA,True,morenomartina@example.org
CLI01471,2023-11-16,Online,,M,56.0,Santa Fe,True,ortizjuan-cruz@example.com
CLI01472,2024-08-14,Tienda,T03,F,38.0,Neuquen,True,acostamateo-benjamin@example.net
CLI01473,2025-09-22,Online,,M,18.0,Neuquen,False,julia85@example.com
CLI01474,2025-11-25,Tienda,T20,M,46.0,Cordoba,True,ezequielrodriguez@example.org
CLI01475,2024-01-15,Online,,M,55.0,Santa Fe,True,juan-pabloayala@example.net
CLI01476,2025-05-03,Tienda,T03,M,42.0,Mendoza,True,delfinadiaz@example.org
CLI01477,2023-08-09,Tienda,T05,M,40.0,Cordoba,True,isabella86@example.com
CLI01478,2025-09-04,Tienda,T20,M,49.0,CABA,True,tluna@example.net
CLI01479,2024-04-17,Tienda,T24,,62.0,Neuquen,True,agustinmedina@example.com
CLI01480,2023-08-09,Online,,F,41.0,Cordoba,True,medinamora@example.org
CLI01481,2024-07-18,Tienda,T01,F,22.0,Buenos Aires,False,roldanaugusto@example.com
CLI01482,2025-06-21,Online,,,34.0,Entre Rios,False,victoriaponce@example.net
CLI01483,2022-06-12,Sucursal,T16,M,39.0,Salta,True,nunezuma@example.com
CLI01484,2024-05-22,Tienda,T27,M,18.0,Entre Rios,False,leivalautaro-nicolas@example.com
CLI01485,2025-08-19,Tienda,T25,M,52.0,CABA,True,augusto22@example.org
CLI01486,2024-05-10,Online,,,31.0,Santa Fe,False,medinalautaro-nahuel@example.com
CLI01487,2025-12-07,Sucursal,T20,F,49.0,Neuquen,True,gonzalezdelfina@example.com
CLI01488,2024-02-20,Tienda,T15,F,44.0,Entre Rios,True,valentina01@example.net
CLI01489,2023-01-21,Tienda,T19,M,37.0,Entre Rios,True,bautista86@example.net
CLI01490,2023-01-10,Online,,M,64.0,Mendoza,True,sosabenjamin@example.com
CLI01491,2023-01-07,Online,,X,34.0,Cordoba,True,isabella03@example.net
CLI01492,2024-10-31,Online,,F,32.0,Buenos Aires,True,vgomez@example.org
CLI01493,2024-02-17,Tienda,T24,M,46.0,Tucuman,True,lautaro21@example.net
CLI01494,2025-12-27,Tienda,T20,F,53.0,Cordoba,False,pacosta@example.org
CLI01495,2025-09-14,Tienda,T09,M,41.0,Entre Rios,False,santiago-nicolas57@example.net
CLI01496,2025-02-13,Tienda,T22,M,28.0,Entre Rios,True,renata89@example.org
CLI01497,2022-05-04,Online,,M,51.0,Mendoza,False,molinajazmin@example.org
CLI01498,2022-08-02,Online,,M,50.0,Buenos Aires,True,aromero
CLI01499,2023-08-24,Online,,F,71.0,Salta,True,pedro01@example.net
CLI01500,2024-03-06,Tienda,T21,F,38.0,Neuquen,False,valentinacordoba@example.net
CLI01501,2025-07-11,Online,,F,45.0,Mendoza,True,thiago-agustinvelazquez@example.org
CLI01502,2024-05-24,Online,,M,34.0,Neuquen,True,juan-cruz06@example.com
CLI01503,2022-12-13,Online,,M,21.0,Entre Rios,False,chavezsofia
CLI01504,2022-04-20,Online,,M,43.0,Salta,True,santinodiaz@example.com
CLI01505,2024-05-03,Tienda,T11,,53.0,CABA,True,romerojosefina@example.com
CLI01506,2025-09-26,Online,,M,27.0,Mendoza,False,kherrera@example.com
CLI01507,2023-07-10,Tienda,T17,F,32.0,Tucuman,True,glopez@example.net
CLI01508,2024-07-04,Online,,F,25.0,Cordoba,True,fcastro@example.org
CLI01509,2022-04-17,Online,,M,60.0,CABA,True,valentina-torres@example.org
CLI01510,2022-05-03,Sucursal,T11,M,,Neuquen,False,eherrera@example.com
CLI01511,2024-09-28,Online,,F,50.0,Mendoza,True,daguirre@example.com
CLI01512,2024-03-13,Tienda,T08,F,29.0,Santa Fe,False,ignaciodiaz@example.net
CLI01513,2025-04-04,Tienda,T26,M,43.0,Salta,True,valentinaledesma@example.com
CLI01514,2024-01-06,Online,,M,,Buenos Aires,True,pbenitez@example.org
CLI01515,2022-10-24,Online,,M,18.0,Tucuman,True,miguel-angel51
CLI01516,2022-04-14,Online,,M,43.0,Buenos Aires,True,herreramaria-emilia
CLI01517,2024-07-09,Online,,F,49.0,Mendoza,True,egonzalez@example.net
CLI01518,2022-02-23,Tienda,T07,F,18.0,Entre Rios,False,hlopez@example.net
CLI01519,2022-07-04,Online,,,39.0,Tucuman,True,renata35@example.net
CLI01520,2024-06-24,Tienda,T24,M,35.0,Santa Fe,True,sofia03@example.com
CLI01521,2024-12-22,Online,,F,26.0,Cordoba,True,gonzalezjuana@example.net
CLI01522,2024-10-29,Online,,F,38.0,Mendoza,False,gonzalezthiago-daniel@example.net
CLI01523,2025-05-05,Online,,F,18.0,Neuquen,True,bsosa@example.net
CLI01524,2024-12-10,Tienda,T02,M,45.0,Buenos Aires,False,cfernandez@example.org
CLI01525,2025-04-28,Online,,M,58.0,Entre Rios,False,rsanchez@example.net
CLI01526,2023-11-15,Online,,M,24.0,CABA,False,alma50@example.org
CLI01527,2025-01-30,Online,,F,41.0,Cordoba,True,barrioszoe-valentina@example.org
CLI01528,2024-02-05,Online,,M,,Tucuman,False,caceresjazmin@example.org
CLI01529,2025-03-01,Tienda,T28,F,43.0,Buenos Aires,False,perezfrancesca@example.net
CLI01530,2025-04-25,Tienda,T04,,34.0,Mendoza,True,camiladiaz@example.net
CLI01531,2023-04-20,Tienda,T11,M,29.0,Buenos Aires,True,castillomaximo@example.net
CLI01532,2025-01-30,Tienda,T18,M,44.0,Tucuman,True,charoramos@example.net
CLI01533,2025-11-07,Tienda,T16,M,40.0,Tucuman,True,lopezfrancisco@example.org
CLI01534,2023-04-19,Online,,F,50.0,Santa Fe,False,francesca05@example.com
CLI01535,2024-08-29,Tienda,T10,M,20.0,Entre Rios,True,tdiaz@example.net
CLI01536,2022-01-11,Tienda,T05,M,57.0,Salta,False,almaramirez@example.net
CLI01537,2023-10-20,Online,,F,36.0,Neuquen,True,josefinafarias@example.net
CLI01538,2023-07-21,Online,,F,50.0,Santa Fe,False,lolaortiz@example.org
CLI01539,2022-05-14,Tienda,S17,F,31.0,Santa Fe,True,sanchezjuan-ignacio@example.org
CLI01540,2025-06-15,Tienda,T06,F,23.0,Neuquen,False,ojedamora@example.org
CLI01541,2022-02-23,Tienda,T04,F,12.0,Salta,True,antoniarios@example.org
CLI01542,2024-06-25,Tienda,T07,M,28.0,Tucuman,True,rruiz@example.com
CLI01543,2022-08-05,Online,,F,36.0,Entre Rios,False,agustin27@example.com
CLI01544,2025-11-06,Online,,M,51.0,Mendoza,True,trodriguez@example.org
CLI01545,2024-02-28,Tienda,T07,F,57.0,Salta,True,ksanchez@example.net
CLI01546,2024-07-19,Online,,F,,Neuquen,True,lara82@example.org
CLI01547,2022-06-13,Online,,F,34.0,Santa Fe,True,abrilgodoy@example.org
CLI01548,2022-08-24,Tienda,T23,M,35.0,Entre Rios,True,benjaminperez@example.com
CLI01549,2025-04-11,Online,,F,50.0,Salta,False,qgonzalez@example.net
CLI01550,2022-12-22,Tienda,T14,M,57.0,Cordoba,True,valentino45@example.com
CLI01551,2023-04-19,Tienda,T15,X,37.0,Tucuman,True,gimenezjulieta@example.net
CLI01552,2023-12-21,Online,,M,,Salta,True,ferreyrabautista
CLI01553,2023-11-20,Online,,M,31.0,Santa Fe,True,zoe-jazminsuarez@example.org
CLI01554,2022-06-28,Online,,M,44.0,Mendoza,False,hcastro@example.org
CLI01555,2023-04-12,Tienda,T14,M,55.0,Neuquen,True,luciarios@example.com
CLI01556,2024-02-14,Tienda,T01,M,18.0,Buenos Aires,True,diazdante
CLI01557,2025-05-19,Online,,M,45.0,Entre Rios,True,bautista12@example.com
CLI01558,2023-05-21,Online,,F,34.0,Entre Rios,True,lucasmartin@example.com
CLI01559,2023-02-11,Online,,X,18.0,Entre Rios,True,thiago-benjaminsilva@example.net
CLI01560,2023-08-31,Tienda,T07,,,Cordoba,True,olivia16@example.net
CLI01561,2022-09-27,Tienda,T05,F,40.0,Santa Fe,True,santino-ezequielfernandez@example.net
CLI01562,2024-07-19,Tienda,T09,F,47.0,Neuquen,False,morenamoyano@example.org
CLI01563,2022-12-20,Tienda,T12,F,22.0,Tucuman,True,francescaherrera@example.net
CLI01564,2025-07-18,Tienda,T16,M,,Neuquen,True,bravobautista@example.net
CLI01565,2022-01-27,Online,,F,43.0,Buenos Aires,True,silvarafael@example.org
CLI01566,2022-06-03,Tienda,T02,F,37.0,Cordoba,True,emma96@example.net
CLI01567,2025-11-07,Tienda,T03,,,Neuquen,True,rosario69
CLI01568,2023-09-10,Online,,M,51.0,Cordoba,True,milorojas@example.net
CLI01569,2025-03-15,Online,,F,53.0,Tucuman,False,valdezalejo@example.org
CLI01570,2022-08-29,Tienda,T18,F,58.0,Santa Fe,True,obenitez@example.com
CLI01571,2025-02-14,Tienda,T08,M,18.0,Neuquen,True,abrilrodriguez@example.com
CLI01572,2023-08-26,Tienda,T17,M,65.0,CABA,False,lisandro64@example.net
CLI01573,2024-09-04,Online,,M,37.0,Salta,True,cledesma@example.com
CLI01574,2023-12-28,Tienda,T09,F,,Neuquen,False,ferreyramateo@example.com
CLI01575,2023-03-13,Online,,M,54.0,Neuquen,False,esuarez@example.org
CLI01576,2023-10-04,Online,,F,,Cordoba,True,jazmin48@example.com
CLI01577,2023-07-22,Tienda,T19,F,46.0,Buenos Aires,True,malenamorales
CLI01578,2022-05-06,Online,,M,,CABA,False,emilia55@example.com
CLI01579,2024-12-20,Online,,,41.0,CABA,True,ajuarez@example.org
CLI01580,2022-07-13,Tienda,T21,M,48.0,Mendoza,False,mia-morenamartinez
CLI01581,2023-04-29,Online,,M,19.0,CABA,False,lucia-benitez@example.net
CLI01582,2024-01-29,Online,,M,25.0,Santa Fe,False,morenomia@example.org
CLI01583,2023-05-04,Online,,F,,Tucuman,True,munozfelipe@example.net
CLI01584,2024-04-04,Online,,F,47.0,Tucuman,True,thiago74@example.com
CLI01585,2025-09-02,Tienda,T25,F,85.0,Salta,False,sofia83@example.org
CLI01586,2023-12-09,Tienda,T10,F,45.0,Entre Rios,True,pilarchavez@example.org
CLI01587,2025-10-15,Tienda,T03,M,39.0,Entre Rios,False,earias@example.com
CLI01588,2024-01-09,Tienda,T23,,41.0,Cordoba,True,geronimo11@example.com
CLI01589,2023-12-20,Tienda,T06,M,55.0,CABA,True,agustinpaez@example.com
CLI01590,2023-06-22,Tienda,T10,M,132.0,Buenos Aires,True,ian-ezequielfernandez@example.org
CLI01591,2024-10-16,Tienda,T21,M,25.0,Entre Rios,True,danteguzman@example.org
CLI01592,2022-11-24,Tienda,S27,M,56.0,Tucuman,False,valentin16@example.com
CLI01593,2024-11-21,Tienda,T07,F,5.0,CABA,True,biancacabrera@example.org
CLI01594,2025-10-24,Online,,X,53.0,Cordoba,True,martinezluca@example.org
CLI01595,2024-07-29,Tienda,T06,M,18.0,Santa Fe,True,afernandez@example.org
CLI01596,2022-11-02,Tienda,T08,F,20.0,CABA,True,josefina05@example.com
CLI01597,2022-04-11,Online,,F,50.0,Neuquen,False,jperez@example.com
CLI01598,2025-02-12,Tienda,T07,M,18.0,CABA,True,fernandezjuan-bautista@example.org
CLI01599,2025-07-21,Online,,F,47.0,CABA,True,ulopez@example.com
CLI01600,2023-04-18,Sucursal,T05,M,,Entre Rios,True,lcaceres@example.org
CLI01601,2023-02-13,Tienda,T16,M,44.0,Mendoza,True,ngonzalez@example.com
CLI01602,2022-05-19,Tienda,S20,F,46.0,Buenos Aires,True,florescarmela@example.org
CLI01603,2024-12-16,Online,,M,45.0,Cordoba,True,martinezisabella@example.org
CLI01604,2024-08-10,Online,,M,48.0,Cordoba,True,hsoto@example.com
CLI01605,2022-05-23,Tienda,S16,M,36.0,Cordoba,True,maldonadojuan-ignacio@example.net
CLI01606,2022-05-24,Online,,M,41.0,Salta,True,fmiranda@example.com
CLI01607,2024-10-06,Online,,M,83.0,Neuquen,True,ruizalma@example.org
CLI01608,2023-01-20,Tienda,T15,,57.0,Cordoba,True,martinsantino-ezequiel@example.org
CLI01609,2024-07-03,Tienda,T12,M,50.0,Tucuman,False,pcampos@example.net
CLI01610,2023-12-15,Tienda,T26,M,47.0,CABA,True,delfinafernandez@example.net
CLI01611,2022-07-15,Online,,M,31.0,Tucuman,True,camposbautista@example.org
CLI01612,2023-01-18,Online,,M,45.0,Neuquen,True,sofia11@example.com
CLI01613,2025-08-02,Tienda,T11,F,38.0,Cordoba,True,lopezsantiago@example.com
CLI01614,2025-01-30,Tienda,T07,M,55.0,Tucuman,True,gomezdelfina@example.net
CLI01615,2022-03-14,Sucursal,T13,F,29.0,Neuquen,True,garciamaria-paz
CLI01616,2023-07-07,Online,,F,18.0,Salta,True,csosa@example.net
CLI01617,2025-08-22,Online,,M,34.0,Cordoba,False,ortizian@example.com
CLI01618,2024-09-17,Tienda,T18,M,51.0,Neuquen,False,msilva@example.net
CLI01619,2023-09-10,Tienda,T28,F,76.0,Santa Fe,True,nunezjuan-cruz@example.com
CLI01620,2022-01-19,Online,,F,,Salta,False,benjamingimenez@example.com
CLI01621,2024-02-19,Tienda,T28,F,28.0,Entre Rios,True,dpaz@example.net
CLI01622,2022-05-16,Online,,,38.0,Buenos Aires,True,perezbianca@example.net
CLI01623,2025-06-19,Tienda,T24,M,28.0,Mendoza,False,fcoronel@example.org
CLI01624,2023-06-04,Tienda,T17,F,39.0,CABA,True,valentino45@example.org
CLI01625,2023-03-28,Tienda,T09,F,29.0,Cordoba,False,gonzalezlautaro-nicolas@example.com
CLI01626,2023-05-07,Tienda,T23,F,18.0,CABA,True,tperez@example.org
CLI01627,2023-07-06,Online,,F,48.0,Tucuman,True,maiaperalta@example.net
CLI01628,2025-02-21,Online,,F,44.0,Mendoza,True,diazvalentina@example.org
CLI01629,2023-03-18,Online,,M,39.0,Entre Rios,False,jblanco@example.net
CLI01630,2025-09-02,Online,,M,46.0,CABA,True,wgonzalez@example.com
CLI01631,2022-02-16,Online,,F,70.0,Tucuman,True,maidanapilar@example.org
CLI01632,2023-04-15,Tienda,T10,F,43.0,Santa Fe,True,catalinagonzalez@example.net
CLI01633,2023-11-26,Tienda,T27,M,36.0,Neuquen,False,paulinarodriguez
CLI01634,2022-02-14,Tienda,T04,M,54.0,Buenos Aires,True,pluna@example.net
CLI01635,2024-01-01,Online,,M,19.0,Tucuman,True,alvarezmaximo@example.org
CLI01636,2024-05-28,Tienda,T18,,52.0,Salta,True,romeroagostina@example.org
CLI01637,2024-03-06,Online,,F,31.0,Santa Fe,True,santiagomansilla
CLI01638,2025-12-30,Sucursal,T07,F,,Buenos Aires,False,perezthiago-daniel@example.com
CLI01639,2023-05-14,Tienda,T13,F,43.0,Salta,False,joaquinsilva@example.com
CLI01640,2022-01-11,Tienda,T18,M,65.0,CABA,True,maidanathiago-leonel@example.net
CLI01641,2023-10-06,Online,,M,31.0,Tucuman,True,cabreraignacio@example.com
CLI01642,2025-08-26,Tienda,T23,F,55.0,Buenos Aires,True,qvega@example.net
CLI01643,2022-11-12,Online,,F,47.0,Cordoba,False,camilorodriguez@example.net
CLI01644,2024-03-03,Tienda,T01,M,22.0,CABA,True,morena15@example.net
CLI01645,2025-08-16,Online,,M,,Mendoza,True,morenaromero@example.net
CLI01646,2023-03-13,Tienda,T16,M,30.0,Neuquen,True,malenaperez@example.com
CLI01647,2023-03-25,Online,,F,21.0,Salta,False,mateogarcia@example.com
CLI01648,2024-08-18,Tienda,T19,F,30.0,CABA,True,coroneljazmin@example.org
CLI01649,2023-01-26,Online,,M,31.0,Entre Rios,True,santino17@example.org
CLI01650,2025-06-23,Online,,F,,CABA,False,isabella96@example.com
CLI01651,2025-03-15,Online,,M,31.0,Cordoba,False,maximolopez@example.net
CLI01652,2023-11-19,Tienda,T21,M,62.0,Mendoza,True,juana19@example.net
CLI01653,2025-05-04,Tienda,T22,F,45.0,Mendoza,False,yaguirre@example.net
CLI01654,2024-08-15,Tienda,T15,M,,Entre Rios,False,olivia48@example.org
CLI01655,2024-08-12,Online,,F,30.0,Salta,True,pilarmartinez@example.com
CLI01656,2025-03-20,Tienda,T09,M,45.0,Santa Fe,False,sofiavillalba@example.com
CLI01657,2023-03-07,Sucursal,T10,F,18.0,Entre Rios,True,valentinaramirez@example.com
CLI01658,2024-03-21,Tienda,T25,M,18.0,Cordoba,True,morena88@example.com
CLI01659,2022-04-12,Online,,M,29.0,Santa Fe,True,bautista28@example.org
CLI01660,2023-12-28,Tienda,T10,F,50.0,Mendoza,True,maite05@example.org
CLI01661,2025-09-30,Tienda,T22,F,44.0,Santa Fe,False,victoria83@example.org
CLI01662,2022-05-25,Tienda,T07,M,42.0,Tucuman,False,bautista81@example.com
CLI01663,2025-01-18,Tienda,T04,M,39.0,Santa Fe,True,ivan09@example.org
CLI01664,2022-04-11,Online,,M,18.0,Cordoba,True,francescaflores@example.net
CLI01665,2023-06-24,Online,,F,37.0,Neuquen,False,kiara53
CLI01666,2022-01-13,Online,,M,18.0,Cordoba,True,aguirresantiago@example.net
CLI01667,2023-06-16,Tienda,T02,F,53.0,Buenos Aires,True,afranco@example.org
CLI01668,2024-04-21,Online,,F,41.0,Mendoza,True,isabellacastro@example.net
CLI01669,2024-01-27,Tienda,T21,F,40.0,Neuquen,True,alejomartin@example.org
CLI01670,2025-10-15,Tienda,T18,M,47.0,Salta,True,manuelpaz@example.net
CLI01671,2025-02-28,Tienda,T26,,46.0,Neuquen,True,joaquinarodriguez@example.com
CLI01672,2025-06-07,Online,,F,45.0,CABA,True,juanatoledo@example.org
CLI01673,2022-03-18,Tienda,T28,M,46.0,Entre Rios,True,eromero@example.net
CLI01674,2025-10-18,Online,,F,33.0,Entre Rios,False,samuel51@example.net
CLI01675,2022-11-04,Online,,M,12.0,Cordoba,True,jmolina@example.com
CLI01676,2024-08-12,Tienda,T04,,,Neuquen,True,nfranco@example.org
CLI01677,2024-02-13,Tienda,T19,F,62.0,Mendoza,True,figueroalorenzo
CLI01678,2022-03-28,Tienda,T23,F,56.0,Mendoza,True,jazminvega@example.net
CLI01679,2024-03-13,Tienda,T23,F,39.0,CABA,False,juan-bautista17@example.com
CLI01680,2024-11-06,Sucursal,T22,F,50.0,Buenos Aires,False,lola84@example.org
CLI01681,2025-10-23,Tienda,T26,M,35.0,Entre Rios,True,federicovargas@example.com
CLI01682,2022-10-10,Tienda,T28,F,47.0,Salta,True,martina52@example.com
CLI01683,2025-09-03,Tienda,T03,M,33.0,Cordoba,True,josefinarojas@example.com
CLI01684,2025-07-31,Online,,F,43.0,Santa Fe,False,tramirez@example.com
CLI01685,2023-03-02,Tienda,T16,F,70.0,Entre Rios,False,wnunez@example.net
CLI01686,2024-06-18,Tienda,T27,M,52.0,Neuquen,True,sflores@example.org
CLI01687,2023-12-05,Online,,F,62.0,Tucuman,False,joaquin25@example.org
CLI01688,2025-08-18,Online,,F,31.0,Buenos Aires,True,juanmiranda@example.com
CLI01689,2022-07-30,Tienda,T23,M,32.0,Santa Fe,True,catalina17@example.com
CLI01690,2025-06-19,Online,,F,41.0,Entre Rios,True,xvillalba@example.com
CLI01691,2025-10-13,Tienda,T17,F,49.0,Tucuman,False,juan-ignacio11@example.com
CLI01692,2025-02-04,Tienda,T24,F,39.0,Entre Rios,False,josefina84@example.org
CLI01693,2022-11-03,Tienda,T10,M,,Santa Fe,False,bautistacruz@example.org
CLI01694,2025-10-28,Tienda,T28,F,,Salta,True,bleiva@example.org
CLI01695,2025-06-04,Tienda,T07,M,,Salta,True,candelariahernandez@example.net
CLI01696,2023-01-28,Online,,F,55.0,Mendoza,True,lorenzo69@example.org
CLI01697,2024-09-01,Tienda,T02,F,26.0,Santa Fe,True,hperez@example.com
CLI01698,2025-06-24,Sucursal,T14,F,,CABA,True,ezequiel40@example.org
CLI01699,2022-11-02,Online,,F,38.0,Entre Rios,True,lautaro-benjaminromero@example.org
CLI01700,2022-08-16,Tienda,T13,M,,Mendoza,True,thiagogutierrez@example.org
CLI01701,2025-03-17,Online,,M,34.0,Mendoza,True,delfinafernandez@example.net
CLI01702,2022-04-30,Online,,M,46.0,Neuquen,True,gsosa@example.com
CLI01703,2023-04-13,Tienda,T10,F,49.0,Neuquen,True,cquiroga@example.com
CLI01704,2024-10-07,Tienda,T21,M,18.0,Salta,True,alvarezpaloma@example.com
CLI01705,2022-03-07,Tienda,T16,F,18.0,Buenos Aires,True,thiago-nahueldominguez@example.com
CLI01706,2025-09-19,Tienda,T06,F,43.0,Cordoba,False,castrosofia@example.org
CLI01707,2022-07-15,Online,,F,40.0,Mendoza,False,juan-sebastiangimenez@example.com
CLI01708,2022-02-01,Online,,F,56.0,Mendoza,True,delfinamartin@example.org
CLI01709,2025-12-18,Tienda,T17,F,45.0,Tucuman,False,apereyra@example.com
CLI01710,2025-10-30,Tienda,T25,M,24.0,Cordoba,True,caguero@example.org
CLI01711,2025-05-04,Tienda,T05,M,46.0,Buenos Aires,False,hrodriguez@example.com
CLI01712,2025-03-04,Online,,M,,Mendoza,True,sdiaz@example.com
CLI01713,2022-09-11,Tienda,T11,F,38.0,Mendoza,True,trios@example.com
CLI01714,2025-10-19,Tienda,T07,M,34.0,Salta,True,valentin06
CLI01715,2023-06-23,Online,,M,46.0,CABA,True,thiago-benjaminbustos@example.org
CLI01716,2025-10-18,Tienda,T18,M,22.0,Cordoba,True,julia07@example.net
CLI01717,2025-03-17,Tienda,T23,,26.0,Santa Fe,False,ssoria@example.com
CLI01718,2024-08-13,Tienda,T06,M,18.0,Neuquen,True,martinagonzalez@example.com
CLI01719,2024-06-02,Tienda,T06,F,72.0,Neuquen,False,catalinacruz@example.org
CLI01720,2022-05-15,Tienda,T04,M,,Entre Rios,False,zoe69@example.org
CLI01721,2024-03-18,Online,,M,,Entre Rios,True,rojasmalena@example.com
CLI01722,2022-09-26,Tienda,T02,M,25.0,Salta,True,vargassimon@example.net
CLI01723,2025-01-16,Tienda,T03,,32.0,Tucuman,True,gsosa@example.net
CLI01724,2022-05-15,Online,,F,35.0,Salta,True,guadalupeherrera@example.org
CLI01725,2023-12-02,Online,,F,,Salta,True,vlopez@example.net
CLI01726,2024-01-21,Tienda,T24,F,44.0,CABA,True,tomassanchez@example.com
CLI01727,2023-07-27,Tienda,T14,M,46.0,Santa Fe,True,eruiz@example.com
CLI01728,2024-10-28,Tienda,T26,M,33.0,CABA,True,jazmin70@example.org
CLI01729,2025-11-06,Tienda,T02,M,40.0,Salta,True,maia42@example.org
CLI01730,2025-09-20,Tienda,T10,F,59.0,CABA,True,diazfelipe@example.org
CLI01731,2024-01-26,Online,,F,41.0,Mendoza,True,carrizobastian@example.com
CLI01732,2022-09-12,Tienda,T08,M,46.0,Cordoba,True,santiago78
CLI01733,2022-12-07,Tienda,T23,F,18.0,Cordoba,False,gomezmaximo@example.net
CLI01734,2024-05-24,Tienda,T18,F,49.0,Santa Fe,True,vsanchez@example.net
CLI01735,2022-09-22,Online,,M,45.0,Neuquen,True,renatarodriguez@example.net
CLI01736,2025-03-29,Online,,M,60.0,Cordoba,False,pereyramartina
CLI01737,2025-11-30,Online,,M,18.0,Mendoza,True,coronelvictoria@example.net
CLI01738,2025-03-24,Tienda,T20,F,42.0,Santa Fe,True,agustin82
CLI01739,2022-09-03,Online,,,40.0,Santa Fe,True,benjaminojeda@example.net
CLI01740,2025-12-09,Tienda,T14,F,43.0,Neuquen,True,ian-ezequiel80@example.org
CLI01741,2022-10-21,Tienda,S06,F,33.0,Mendoza,True,quirogaisabella@example.org
CLI01742,2025-01-03,Tienda,T16,M,44.0,Tucuman,True,quirogadelfina
CLI01743,2023-04-04,Online,,M,51.0,Mendoza,True,cfernandez@example.net
CLI01744,2022-06-12,Tienda,T24,M,42.0,CABA,False,lopezbastian@example.org
CLI01745,2024-04-04,Tienda,T20,M,,Mendoza,True,mateosanchez@example.org
CLI01746,2024-11-18,Tienda,T09,M,38.0,Mendoza,True,mora51@example.com
CLI01747,2024-04-16,Online,,M,36.0,Tucuman,True,catalina48@example.com
CLI01748,2024-07-11,Tienda,T19,M,42.0,Mendoza,True,carmelaacuna@example.net
CLI01749,2024-11-19,Tienda,T02,F,31.0,CABA,False,valentino40@example.org
CLI01750,2024-07-11,Online,,F,18.0,Cordoba,True,thiago-agustin50@example.com
CLI01751,2024-01-22,Online,,F,,Entre Rios,False,toledofelipe@example.net
CLI01752,2024-10-18,Online,,M,18.0,Cordoba,False,odiaz@example.com
CLI01753,2025-07-30,Tienda,T08,M,40.0,Cordoba,True,thiago-valentin04@example.com
CLI01754,2024-03-19,Online,,M,,Tucuman,True,valdezsebastian@example.org
CLI01755,2024-10-23,Online,,F,37.0,Neuquen,True,wherrera@example.com
CLI01756,2024-01-12,Sucursal,T03,M,,Mendoza,True,frodriguez@example.org
CLI01757,2023-03-21,Tienda,T06,F,41.0,Neuquen,False,mendezjustina@example.org
CLI01758,2025-03-20,Tienda,T22,F,29.0,Entre Rios,True,valentina83@example.com
CLI01759,2023-07-30,Tienda,T06,,23.0,Cordoba,True,franco86@example.net
CLI01760,2023-12-30,Online,,M,45.0,Neuquen,True,orianaaguirre@example.org
CLI01761,2025-05-20,Online,,M,60.0,Entre Rios,True,luciano89@example.org
CLI01762,2024-08-31,Online,,F,46.0,Neuquen,False,avilajuana@example.com
CLI01763,2022-10-28,Sucursal,S01,F,43.0,Mendoza,True,srodriguez@example.com
CLI01764,2023-10-26,Online,,M,26.0,Buenos Aires,False,martinafigueroa@example.com
CLI01765,2025-06-21,Tienda,T23,F,5.0,Salta,False,agustina65@example.net
CLI01766,2023-10-20,Tienda,T09,F,47.0,Buenos Aires,True,thiago-ezequiel11@example.org
CLI01767,2024-11-24,Tienda,T21,M,32.0,Cordoba,False,zgomez@example.org
CLI01768,2024-03-27,Tienda,T17,M,54.0,CABA,True,zoevera@example.net
CLI01769,2025-08-10,Online,,,40.0,Santa Fe,True,caceresclara@example.net
CLI01770,2025-06-03,Online,,F,46.0,CABA,False,juan-ignacioromero@example.net
CLI01771,2023-10-03,Tienda,T24,F,34.0,Entre Rios,True,valentinomartinez@example.com
CLI01772,2022-04-27,Online,,F,34.0,Neuquen,True,gomezvalentina@example.com
CLI01773,2025-07-21,Tienda,T05,F,44.0,Salta,True,almavillalba@example.com
CLI01774,2025-01-02,Tienda,T28,M,46.0,Neuquen,True,riosfrancesca@example.net
CLI01775,2023-01-15,Tienda,T06,F,46.0,Mendoza,True,ambar51@example.org
CLI01776,2024-09-29,Online,,X,,Salta,True,garciaguadalupe@example.net
CLI01777,2025-02-07,Tienda,T08,M,31.0,Tucuman,True,gomezemiliano@example.net
CLI01778,2024-06-06,Online,,,41.0,Neuquen,True,iromero@example.net
CLI01779,2025-03-31,Tienda,T23,F,18.0,Neuquen,True,rgarcia@example.org
CLI01780,2024-07-18,Sucursal,T19,M,55.0,Buenos Aires,True,ayalajuan-ignacio@example.com
CLI01781,2022-01-24,Online,,F,45.0,Santa Fe,False,samuel47@example.org
CLI01782,2025-05-17,Online,,M,41.0,Cordoba,True,juan-bautistagonzalez@example.com
CLI01783,2025-05-11,Sucursal,T11,M,31.0,CABA,False,gaelgimenez@example.org
CLI01784,2022-07-20,Tienda,T11,X,52.0,Tucuman,True,hernandezmateo-agustin@example.net
CLI01785,2022-03-04,Tienda,T23,M,37.0,Buenos Aires,False,pmansilla@example.net
CLI01786,2023-03-14,Online,,F,67.0,Cordoba,False,crodriguez
CLI01787,2022-06-26,Tienda,T09,,,CABA,True,delfina09@example.org
CLI01788,2023-09-12,Tienda,T21,M,,Tucuman,True,gonzalogarcia@example.com
CLI01789,2022-12-04,Tienda,T03,M,51.0,Neuquen,True,ymartin@example.net
CLI01790,2024-08-10,Tienda,T07,M,33.0,CABA,False,isabellacruz@example.net
CLI01791,2022-10-31,Tienda,T20,X,33.0,Santa Fe,False,jvillalba@example.net
CLI01792,2023-01-22,Sucursal,T26,M,37.0,Mendoza,True,agustinadiaz@example.org
CLI01793,2023-07-26,Tienda,T25,M,39.0,Cordoba,False,sofiagimenez
CLI01794,2024-05-01,Online,,F,44.0,Tucuman,True,medinabianca@example.net
CLI01795,2023-10-30,Tienda,T20,F,51.0,Entre Rios,True,gutierrezmartin@example.net
CLI01796,2023-09-18,Tienda,T19,F,,Neuquen,True,renata45@example.org
CLI01797,2023-12-19,Tienda,T10,F,31.0,Santa Fe,True,malena34@example.com
CLI01798,2024-02-21,Online,,F,22.0,Tucuman,True,mateo46
CLI01799,2024-02-02,Online,,F,29.0,Cordoba,True,cordobajuan-cruz@example.org
CLI01800,2023-11-23,Tienda,T10,M,46.0,Santa Fe,True,xbenitez@example.com
CLI01801,2025-01-15,Tienda,T22,M,53.0,Tucuman,True,gescobar@example.com
CLI01802,2022-09-14,Tienda,T24,F,66.0,Cordoba,True,valentino03@example.com
CLI01803,2023-05-12,Tienda,T03,F,22.0,CABA,True,vicenteaguirre@example.net
CLI01804,2024-08-11,Tienda,T25,M,42.0,Entre Rios,False,umartinez@example.net
CLI01805,2022-01-11,Online,,M,37.0,Santa Fe,True,benjamin34@example.com
CLI01806,2022-12-31,Online,,M,35.0,Tucuman,True,pfernandez@example.org
CLI01807,2024-03-11,Tienda,T12,F,43.0,Entre Rios,True,rodriguezmateo-ezequiel@example.net
CLI01808,2025-12-02,Tienda,T16,F,37.0,CABA,True,ana-paulamoreno@example.org
CLI01809,2024-12-26,Online,,F,37.0,Buenos Aires,True,joaquinmartinez@example.org
CLI01810,2025-05-24,Online,,,32.0,Salta,True,diazmia-jazmin@example.org
CLI01811,2025-09-05,Online,,F,46.0,Neuquen,False,garciaemanuel@example.org
CLI01812,2024-08-29,Online,,M,55.0,Mendoza,True,alvarezluciana@example.org
CLI01813,2025-05-19,Tienda,T07,F,64.0,Cordoba,False,molinalourdes@example.com
CLI01814,2024-12-29,Tienda,T06,F,33.0,Cordoba,True,gomezlisandro@example.net
CLI01815,2024-12-11,Tienda,T10,F,26.0,CABA,True,thiagoledesma@example.net
CLI01816,2024-10-23,Tienda,T09,M,37.0,Tucuman,True,juan-ignacioramos@example.net
CLI01817,2023-11-13,Online,,F,29.0,CABA,True,mateo80@example.org
CLI01818,2023-01-06,Sucursal,T10,F,55.0,Entre Rios,True,sgodoy@example.com
CLI01819,2022-01-14,Tienda,S12,M,29.0,Salta,True,emiliano26@example.net
CLI01820,2024-12-21,Tienda,T07,F,42.0,CABA,True,fvazquez@example.org
CLI01821,2022-10-02,Tienda,T10,F,22.0,Neuquen,False,vramirez@example.com
CLI01822,2022-02-12,Tienda,T23,F,36.0,Salta,True,lourdes37@example.org
CLI01823,2025-05-19,Tienda,T05,M,43.0,Buenos Aires,False,catalinadiaz@example.org
CLI01824,2025-02-14,Online,,,62.0,Mendoza,True,tacosta
CLI01825,2024-06-08,Tienda,T17,M,,CABA,True,sosasantino
CLI01826,2024-04-12,Tienda,T12,F,46.0,Santa Fe,True,tfarias
CLI01827,2024-08-26,Online,,F,18.0,CABA,True,ninafernandez@example.net
CLI01828,2024-05-22,Online,,F,24.0,Tucuman,True,paulaperez@example.net
CLI01829,2025-01-29,Tienda,T25,M,29.0,Entre Rios,True,paula46
CLI01830,2025-08-21,Tienda,T16,F,34.0,Mendoza,False,garciaisabella@example.net
CLI01831,2023-04-08,Tienda,T28,F,47.0,Cordoba,True,garcialisandro@example.org
CLI01832,2025-06-20,Tienda,T19,F,49.0,Neuquen,True,mendozamia@example.org
CLI01833,2024-07-17,Online,,F,5.0,Santa Fe,True,bruno22@example.org
CLI01834,2025-06-29,Online,,F,48.0,Buenos Aires,False,luciamaidana@example.net
CLI01835,2022-09-22,Online,,M,25.0,Buenos Aires,True,qflores@example.org
CLI01836,2022-04-26,Online,,F,66.0,Santa Fe,False,gonzalezvalentino@example.org
CLI01837,2022-06-17,Tienda,T05,M,45.0,Salta,True,dante58@example.org
CLI01838,2022-02-14,Tienda,T18,M,43.0,Cordoba,True,lopezsantiago@example.org
CLI01839,2022-05-15,Tienda,T17,F,38.0,Santa Fe,False,zvera@example.org
CLI01840,2024-05-30,Tienda,T27,F,40.0,Entre Rios,True,rodrigueznicolas@example.org
CLI01841,2025-02-09,Sucursal,T19,M,-3.0,CABA,True,martinezagustina@example.com
CLI01842,2024-10-29,Tienda,T12,F,31.0,Neuquen,True,bperez@example.com
CLI01843,2024-02-08,Online,,M,51.0,Mendoza,True,zrodriguez@example.org
CLI01844,2025-04-21,Tienda,T14,M,44.0,Mendoza,True,charoruiz@example.net
CLI01845,2024-04-20,Online,,F,51.0,Buenos Aires,False,nina06@example.org
CLI01846,2024-11-05,Online,,F,40.0,CABA,True,emmamartinez@example.net
CLI01847,2022-10-09,Tienda,T13,F,50.0,CABA,True,josefinasoria@example.org
CLI01848,2022-01-31,Online,,F,30.0,Cordoba,True,gomezlautaro@example.net
CLI01849,2025-11-18,Tienda,T13,F,85.0,Neuquen,False,acunatomas@example.org
CLI01850,2022-02-20,Online,,F,31.0,Santa Fe,True,santiago-benjamin20@example.org
CLI01851,2022-01-18,Online,,F,34.0,Buenos Aires,False,rjuarez@example.com
CLI01852,2022-09-19,Online,,M,54.0,Cordoba,True,leon42@example.com
CLI01853,2025-11-03,Online,,F,58.0,Cordoba,True,dleiva@example.net
CLI01854,2022-07-02,Online,,F,,Cordoba,True,ortizsofia-belen@example.com
CLI01855,2023-06-13,Tienda,T12,,18.0,Entre Rios,True,tortiz@example.com
CLI01856,2023-12-21,Online,,M,21.0,Tucuman,False,ortizjosefina@example.org
CLI01857,2023-08-09,Online,,F,27.0,Tucuman,True,thiago-benjamin82@example.net
CLI01858,2023-06-06,Online,,M,132.0,Mendoza,True,brunoortiz
CLI01859,2022-10-16,Online,,,,Neuquen,True,wromero@example.com
CLI01860,2024-06-29,Online,,M,,CABA,True,molinavalentino@example.com
CLI01861,2024-08-29,Sucursal,T20,M,56.0,Entre Rios,False,lopezgiovanni@example.com
CLI01862,2024-11-09,Tienda,T10,M,32.0,Entre Rios,True,msosa@example.com
CLI01863,2022-11-30,Online,,F,48.0,CABA,True,franciscoromero@example.org
CLI01864,2024-03-06,Tienda,T03,F,53.0,Buenos Aires,True,suarezciro@example.org
CLI01865,2024-10-17,Online,,F,,CABA,True,vpereyra@example.org
CLI01866,2025-12-22,Tienda,T04,F,38.0,Salta,True,helena23@example.com
CLI01867,2023-12-20,Online,,,30.0,Cordoba,True,hbravo@example.com
CLI01868,2022-11-25,Tienda,T15,F,51.0,Santa Fe,True,peraltajuan-ignacio@example.net
CLI01869,2025-10-27,Tienda,T01,F,62.0,Entre Rios,True,ecastro@example.org
CLI01870,2024-10-14,Sucursal,T04,F,33.0,Salta,True,maximo29@example.org
CLI01871,2023-09-29,Online,,M,68.0,Entre Rios,True,jazmin22@example.com
CLI01872,2025-02-14,Tienda,T05,F,65.0,Cordoba,True,alma50@example.org
CLI01873,2022-05-09,Online,,F,37.0,Cordoba,False,santino93@example.org
CLI01874,2025-01-15,Tienda,T19,F,19.0,Neuquen,False,hdiaz@example.com
CLI01875,2022-12-21,Tienda,T16,F,32.0,Cordoba,True,catalinafernandez@example.net
CLI01876,2025-09-14,Tienda,T13,M,36.0,Neuquen,True,jgonzalez@example.com
CLI01877,2022-10-29,Tienda,T18,M,,Mendoza,True,maria-belen47@example.net
CLI01878,2025-10-12,Online,,M,18.0,Neuquen,False,juliasanchez@example.net
CLI01879,2025-10-13,Tienda,T24,M,75.0,Mendoza,False,rodriguezpilar@example.org
CLI01880,2024-06-21,Tienda,T25,M,73.0,Entre Rios,True,lorenzomansilla@example.net
CLI01881,2023-01-04,Online,,M,30.0,Buenos Aires,True,claraluna@example.com
CLI01882,2023-05-20,Online,,M,18.0,CABA,True,mateo-valentin18@example.net
CLI01883,2025-09-24,Online,,M,38.0,Salta,True,thiago-valentinluna@example.org
CLI01884,2022-08-10,Sucursal,S18,M,46.0,Tucuman,True,facundo10@example.net
CLI01885,2022-06-14,Sucursal,T11,F,59.0,Neuquen,True,wperez@example.net
CLI01886,2024-09-09,Tienda,T09,X,51.0,Cordoba,True,tperez@example.com
CLI01887,2022-12-02,Tienda,T03,M,38.0,Salta,False,santiago-benjamin64@example.net
CLI01888,2024-09-03,Online,,F,18.0,CABA,True,benjamincastillo@example.org
CLI01889,2023-04-27,Online,,M,48.0,Neuquen,False,munozjuan-cruz@example.net
CLI01890,2025-05-16,Tienda,T19,F,52.0,Salta,True,morenafernandez@example.com
CLI01891,2024-08-08,Online,,M,36.0,Neuquen,False,brunogarcia@example.org
CLI01892,2025-01-13,Online,,M,44.0,Neuquen,True,ruizjazmin@example.org
CLI01893,2022-07-25,Tienda,T04,F,43.0,Salta,True,martinezvictoria@example.org
CLI01894,2022-11-29,Tienda,S20,M,37.0,CABA,True,cgonzalez@example.com
CLI01895,2025-11-06,Online,,F,24.0,Buenos Aires,True,ruiznicolas
CLI01896,2023-05-03,Online,,F,45.0,Santa Fe,True,maitemoreno@example.org
CLI01897,2024-09-22,Online,,M,21.0,Mendoza,True,hgomez@example.com
CLI01898,2023-01-27,Tienda,T27,F,60.0,Cordoba,False,sarias@example.net
CLI01899,2023-07-25,Tienda,T23,F,28.0,Neuquen,False,sofia-belenrodriguez@example.net
CLI01900,2024-11-28,Online,,M,47.0,Entre Rios,True,veraalma@example.net
CLI01901,2024-10-27,Tienda,T06,M,5.0,Santa Fe,False,olivia05@example.org
CLI01902,2024-02-08,Online,,M,46.0,Buenos Aires,True,xalvarez@example.com
CLI01903,2025-01-03,Online,,M,38.0,Entre Rios,False,pruiz
CLI01904,2023-11-19,Tienda,T16,F,48.0,Entre Rios,True,ema81@example.net
CLI01905,2022-08-10,Tienda,T26,M,29.0,Salta,True,perezluca@example.org
CLI01906,2023-03-01,Tienda,T17,,18.0,Tucuman,True,maria-victoriamedina@example.org
CLI01907,2022-04-12,Tienda,T28,F,37.0,CABA,True,thiago-joaquin22@example.org
CLI01908,2023-12-10,Tienda,T16,M,36.0,Cordoba,False,bastian55@example.net
CLI01909,2022-07-25,Tienda,T21,F,19.0,Tucuman,False,julian16@example.net
CLI01910,2024-10-28,Online,,F,31.0,Cordoba,True,maria-luz50@example.org
CLI01911,2023-12-19,Tienda,T12,F,18.0,Tucuman,True,aguirremateo@example.net
CLI01912,2023-10-26,Tienda,T28,F,42.0,Cordoba,False,htoledo@example.org
CLI01913,2023-11-07,Online,,F,35.0,Entre Rios,True,luciarodriguez
CLI01914,2023-01-30,Online,,M,41.0,Buenos Aires,True,agustin19
CLI01915,2022-03-08,Tienda,T07,F,77.0,Cordoba,True,lautaro-nahuelfernandez@example.org
CLI01916,2023-07-07,Online,,F,43.0,Cordoba,True,lmansilla@example.net
CLI01917,2024-02-11,Tienda,T24,M,46.0,Mendoza,False,peraltabenjamin@example.com
CLI01918,2023-03-29,Sucursal,T04,M,,Santa Fe,True,valentinomartinez@example.com
CLI01919,2024-11-27,Tienda,T27,M,39.0,Santa Fe,True,floressantino-benjamin@example.org
CLI01920,2023-11-20,Online,,M,5.0,Mendoza,True,lautaro-nicolascruz@example.org
CLI01921,2025-08-31,Tienda,T11,F,53.0,Cordoba,True,alvaroquiroga@example.org
CLI01922,2024-12-16,Tienda,T26,M,55.0,Entre Rios,False,benjamin45@example.com
CLI01923,2022-01-05,Sucursal,T25,M,18.0,Santa Fe,True,francoana-paula@example.com
CLI01924,2024-05-07,Online,,M,38.0,Cordoba,False,ninamartin@example.com
CLI01925,2025-03-01,Tienda,T03,M,,Cordoba,False,maximoflores@example.com
CLI01926,2023-11-18,Tienda,T12,M,33.0,Entre Rios,True,lautaro-nahuelherrera@example.org
CLI01927,2023-08-08,Tienda,T11,M,58.0,Neuquen,True,xmunoz@example.com
CLI01928,2024-10-25,Online,,M,33.0,Mendoza,False,alma-jazminmoyano@example.net
CLI01929,2025-10-31,Tienda,T24,M,53.0,Mendoza,True,benjaminpereyra@example.com
CLI01930,2025-02-08,Tienda,T24,F,33.0,Mendoza,True,samuelsanchez@example.com
CLI01931,2022-01-23,Online,,F,35.0,Mendoza,True,sol05@example.com
CLI01932,2025-03-17,Tienda,T10,M,51.0,CABA,True,ludmilacoronel@example.com
CLI01933,2025-01-06,Tienda,T19,,30.0,Tucuman,False,benjamin-ezequielaguirre@example.com
CLI01934,2024-04-11,Sucursal,T09,F,38.0,Buenos Aires,False,xromero@example.org
CLI01935,2023-07-03,Tienda,T28,F,25.0,Santa Fe,False,sgonzalez@example.net
CLI01936,2025-02-09,Online,,,28.0,Entre Rios,False,bduarte@example.net
CLI01937,2024-04-12,Online,,F,,Cordoba,False,dylan19@example.org
CLI01938,2025-12-27,Tienda,T18,M,49.0,Santa Fe,False,wmunoz@example.com
CLI01939,2023-09-07,Tienda,T07,,24.0,Entre Rios,True,diazmanuel
CLI01940,2022-08-16,Tienda,S20,F,24.0,Cordoba,True,sofiamedina@example.com
CLI01941,2025-02-23,Online,,,76.0,Tucuman,False,fflores@example.net
CLI01942,2022-12-14,Tienda,T13,M,31.0,CABA,False,emmagonzalez@example.net
CLI01943,2024-05-22,Tienda,T21,M,28.0,Tucuman,True,julieta35@example.com
CLI01944,2024-05-04,Online,,M,48.0,Cordoba,False,garciabenjamin@example.org
CLI01945,2024-02-06,Online,,X,30.0,Cordoba,True,ludmilapaez@example.com
CLI01946,2023-12-13,Online,,M,35.0,Salta,True,ualvarez@example.org
CLI01947,2023-06-14,Online,,M,53.0,Neuquen,True,vgarcia@example.org
CLI01948,2023-08-25,Online,,F,54.0,Salta,False,lopezbautista@example.net
CLI01949,2024-01-13,Sucursal,T12,M,38.0,Entre Rios,False,nahiara-jazmin26@example.com
CLI01950,2025-02-24,Online,,F,59.0,Mendoza,True,juan-ignacio88@example.com
CLI01951,2024-12-04,Online,,F,38.0,CABA,True,maria-belennavarro@example.net
CLI01952,2024-04-19,Online,,M,37.0,Mendoza,True,isabellarodriguez@example.net
CLI01953,2023-01-19,Tienda,T07,F,40.0,Mendoza,True,thiago-joaquin36@example.org
CLI01954,2022-02-16,Tienda,T12,M,36.0,CABA,True,molinaclara@example.net
CLI01955,2025-01-26,Tienda,T03,F,48.0,CABA,True,agonzalez@example.net
CLI01956,2024-04-17,Tienda,T01,F,44.0,Buenos Aires,True,luz-maria69@example.org
CLI01957,2022-01-15,Online,,F,30.0,Tucuman,True,renatasilva
CLI01958,2025-04-27,Sucursal,T17,F,43.0,Buenos Aires,True,jazmindiaz@example.org
CLI01959,2023-01-02,Online,,F,33.0,Mendoza,True,ariasjulieta@example.com
CLI01960,2024-02-12,Tienda,T21,F,32.0,Tucuman,True,facundorodriguez@example.org
CLI01961,2024-07-23,Tienda,T24,M,38.0,CABA,True,maia82@example.com
CLI01962,2022-03-05,Tienda,T02,F,55.0,Cordoba,False,imunoz@example.org
CLI01963,2023-04-13,Online,,F,44.0,CABA,False,bautista21@example.org
CLI01964,2023-08-11,Tienda,T07,F,58.0,Mendoza,True,soriatiziana@example.org
CLI01965,2025-08-21,Tienda,T02,F,62.0,Buenos Aires,True,gnunez@example.net
CLI01966,2024-08-15,Tienda,T11,M,40.0,Santa Fe,False,yolivera@example.com
CLI01967,2025-07-26,Tienda,T08,,32.0,Mendoza,False,lautaro66@example.org
CLI01968,2022-05-02,Tienda,T18,M,,Santa Fe,False,laradiaz@example.org
CLI01969,2024-04-24,Online,,,,Santa Fe,True,juan-ignaciosuarez@example.org
CLI01970,2022-12-16,Tienda,S28,F,52.0,Tucuman,True,pilarcastro@example.com
CLI01971,2025-10-28,Sucursal,T19,F,63.0,Entre Rios,True,camila73@example.net
CLI01972,2023-11-03,Tienda,T03,F,22.0,CABA,True,zgomez@example.net
CLI01973,2022-10-13,Online,,F,53.0,CABA,True,bruno90@example.org
CLI01974,2024-10-05,Tienda,T04,F,55.0,Mendoza,True,ufigueroa@example.com
CLI01975,2024-12-22,Tienda,T12,M,75.0,Neuquen,False,guillermina49@example.net
CLI01976,2022-03-13,Tienda,T10,M,,Mendoza,True,morenasosa@example.org
CLI01977,2025-10-16,Tienda,T14,M,40.0,Cordoba,False,gomezsantino@example.net
CLI01978,2025-10-26,Tienda,T13,F,19.0,Mendoza,True,gramirez@example.net
CLI01979,2023-04-15,Online,,M,30.0,Tucuman,False,acostasara
CLI01980,2024-10-26,Online,,F,25.0,Mendoza,True,tomas08@example.net
CLI01981,2024-05-01,Tienda,T20,F,26.0,Neuquen,False,martinezsantiago@example.org
CLI01982,2022-05-12,Tienda,T27,M,28.0,Santa Fe,True,castrothiago-nicolas@example.net
CLI01983,2022-11-09,Online,,F,19.0,Santa Fe,True,rodriguezalma-jazmin@example.net
CLI01984,2024-07-17,Tienda,T01,M,39.0,Santa Fe,True,matildagomez@example.org
CLI01985,2025-11-26,Online,,X,46.0,Mendoza,True,facundo78@example.org
CLI01986,2025-06-09,Online,,F,51.0,Tucuman,False,guadalupe00@example.org
CLI01987,2025-05-20,Tienda,T15,,39.0,Tucuman,True,angel-gabrielcordoba@example.org
CLI01988,2024-12-09,Tienda,T28,M,55.0,Tucuman,False,julian12@example.net
CLI01989,2025-05-06,Online,,F,55.0,Buenos Aires,True,jcampos@example.net
CLI01990,2024-11-17,Online,,M,19.0,Santa Fe,True,escobarjuan-francisco@example.com
CLI01991,2022-02-18,Tienda,T02,F,37.0,CABA,True,yfarias@example.org
CLI01992,2023-01-08,Online,,F,23.0,Tucuman,True,perezagustina@example.org
CLI01993,2023-03-28,Tienda,T09,M,27.0,Tucuman,True,milagros31@example.com
CLI01994,2024-01-27,Online,,F,43.0,Entre Rios,False,emilia26@example.net
CLI01995,2023-01-30,Tienda,T08,F,39.0,Entre Rios,True,moralesjuana@example.net
CLI01996,2025-02-24,Online,,M,61.0,Entre Rios,False,garciazoe-jazmin@example.com
CLI01997,2022-06-22,Online,,M,69.0,Entre Rios,False,lautaro-benjamin16@example.net
CLI01998,2024-10-06,Online,,M,,Tucuman,True,bferreyra@example.net
CLI01999,2023-08-04,Online,,M,38.0,Entre Rios,True,santiagogomez@example.org
CLI02000,2023-03-23,Tienda,T10,F,39.0,Salta,True,sanchezolivia@example.org
CLI02001,2025-12-24,Online,,M,40.0,Mendoza,False,bgonzalez@example.net
CLI02002,2024-03-23,Online,,F,49.0,Entre Rios,True,uma50@example.org
CLI02003,2025-11-18,Online,,M,30.0,Buenos Aires,True,luciano24
CLI02004,2022-07-02,Tienda,T20,M,49.0,CABA,True,sanchezmorena-jazmin@example.org
CLI02005,2023-03-23,Tienda,T21,M,37.0,Tucuman,True,lola98@example.com
CLI02006,2025-10-04,Tienda,T21,,55.0,Tucuman,True,lourdes79@example.com
CLI02007,2025-07-14,Online,,M,60.0,Santa Fe,True,ayalamartina@example.com
CLI02008,2022-06-20,Tienda,T05,M,65.0,Tucuman,True,mateo06@example.net
CLI02009,2022-04-23,Tienda,T28,F,38.0,Entre Rios,True,velazquezgabriel@example.net
CLI02010,2025-07-18,Tienda,T10,M,,Salta,True,poncelucio@example.com
CLI02011,2022-10-14,Sucursal,T09,M,18.0,Neuquen,True,kcastillo@example.org
CLI02012,2025-08-19,Tienda,T24,F,37.0,Neuquen,True,agustin86@example.net
CLI02013,2024-08-10,Online,,F,21.0,Buenos Aires,True,renata25@example.org
CLI02014,2022-09-01,Online,,M,18.0,Tucuman,False,jmoyano@example.com
CLI02015,2024-03-05,Tienda,T11,F,36.0,Cordoba,True,ian-benjamin36@example.net
CLI02016,2022-06-06,Tienda,S05,M,27.0,Mendoza,True,sofiamorales@example.net
CLI02017,2023-07-25,Tienda,T14,F,50.0,Cordoba,True,ana-paularuiz@example.net
CLI02018,2024-09-19,Tienda,T19,F,68.0,Salta,False,francesca09@example.com
CLI02019,2024-02-06,Online,,M,38.0,Tucuman,True,golivera@example.net
CLI02020,2025-05-14,Tienda,T28,M,45.0,Mendoza,True,zvera@example.com
CLI02021,2023-12-21,Online,,M,19.0,Salta,True,zrodriguez@example.com
CLI02022,2022-10-15,Tienda,S26,,43.0,Mendoza,False,valentino45@example.com
CLI02023,2024-01-31,Tienda,T01,F,31.0,Tucuman,True,thiago-leonelfranco@example.net
CLI02024,2025-03-04,Online,,F,25.0,Tucuman,True,constanzasuarez@example.com
CLI02025,2025-08-05,Tienda,T03,F,18.0,Mendoza,True,cabreraalejo@example.com
CLI02026,2023-08-17,Tienda,T02,F,63.0,Cordoba,True,juan-ignacio51@example.com
CLI02027,2023-09-02,Tienda,T16,F,18.0,Salta,False,sofia-belen12@example.com
CLI02028,2025-03-06,Tienda,T21,F,24.0,Entre Rios,True,joaquin59@example.net
CLI02029,2022-02-06,Online,,F,41.0,Neuquen,False,ggomez@example.net
CLI02030,2023-09-15,Tienda,T19,M,45.0,Tucuman,True,tnavarro@example.com
CLI02031,2023-08-31,Tienda,T22,M,45.0,Cordoba,True,paulinabustos@example.net
CLI02032,2024-04-02,Tienda,T03,X,42.0,CABA,True,martinezluciano@example.com
CLI02033,2024-12-09,Tienda,T16,M,28.0,Tucuman,True,amparo91@example.net
CLI02034,2025-07-15,Online,,F,52.0,Santa Fe,True,thiago-benjamin59@example.com
CLI02035,2025-03-21,Tienda,T09,F,44.0,Buenos Aires,True,lfernandez@example.org
CLI02036,2023-09-09,Online,,F,,Neuquen,True,jeronimolopez@example.org
CLI02037,2022-03-11,Tienda,S26,M,63.0,Salta,True,zruiz@example.net
CLI02038,2024-03-07,Online,,F,36.0,Salta,False,herreranahiara-jazmin@example.org
CLI02039,2024-03-19,Tienda,T24,F,54.0,Mendoza,True,valentino92@example.com
CLI02040,2023-05-19,Tienda,T06,F,21.0,Neuquen,False,fhernandez@example.net
CLI02041,2025-11-11,Tienda,T14,F,,Entre Rios,True,fsosa@example.com
CLI02042,2023-02-10,Sucursal,T24,F,33.0,Neuquen,False,lucia-84@example.org
CLI02043,2023-01-04,Online,,F,,Santa Fe,True,lunalola@example.com
CLI02044,2024-06-19,Tienda,T21,M,55.0,Santa Fe,False,tbenitez@example.net
CLI02045,2022-05-07,Online,,F,18.0,Mendoza,False,romerojulieta@example.org
CLI02046,2025-04-03,Tienda,T10,F,43.0,Entre Rios,True,arodriguez@example.org
CLI02047,2023-09-18,Tienda,T22,F,27.0,Santa Fe,False,fernandezdante@example.org
CLI02048,2025-07-10,Online,,F,48.0,Mendoza,True,valentin26
CLI02049,2024-05-10,Tienda,T10,F,44.0,CABA,True,emiliasosa@example.net
CLI02050,2024-11-05,Online,,M,33.0,Tucuman,True,tperez@example.net
CLI02051,2022-09-25,Tienda,T05,F,72.0,Buenos Aires,True,lautaroortiz@example.org
CLI02052,2025-05-24,Online,,M,40.0,Salta,True,xcastro@example.org
CLI02053,2022-09-24,Online,,M,56.0,Entre Rios,True,bautistabarrios@example.org
CLI02054,2025-03-24,Online,,M,22.0,CABA,False,renatamorales@example.net
CLI02055,2023-04-11,Online,,F,39.0,Mendoza,False,sanchezbautista@example.net
CLI02056,2024-08-17,Online,,M,42.0,Neuquen,True,francesca59@example.net
CLI02057,2024-11-27,Tienda,T13,F,43.0,Cordoba,True,ian-ezequiellopez@example.com
CLI02058,2024-09-07,Tienda,T03,F,36.0,Entre Rios,False,dgimenez@example.org
CLI02059,2025-04-20,Tienda,T04,X,-3.0,Santa Fe,True,agustin14@example.com
CLI02060,2022-09-30,Online,,M,18.0,CABA,True,bruno67@example.com
CLI02061,2023-08-28,Online,,F,33.0,Cordoba,False,romerojoaquin
CLI02062,2024-09-05,Online,,M,28.0,Entre Rios,True,caguirre@example.org
CLI02063,2025-10-05,Online,,M,37.0,Cordoba,True,cardozomalena@example.net
CLI02064,2024-01-08,Tienda,T25,M,53.0,Salta,True,sancheztiziano@example.com
CLI02065,2022-03-20,Online,,F,72.0,Cordoba,False,felipesilva@example.com
CLI02066,2024-01-27,Tienda,T18,F,49.0,Tucuman,True,cfarias@example.org
CLI02067,2023-10-07,Tienda,T22,M,55.0,Cordoba,True,gonzalezpedro@example.org
CLI02068,2022-01-15,Tienda,S26,M,50.0,Neuquen,True,torresmorena@example.com
CLI02069,2022-05-28,Tienda,T03,M,51.0,Buenos Aires,True,riosvalentina@example.com
CLI02070,2022-04-09,Sucursal,S15,F,,CABA,False,xpaez@example.org
CLI02071,2023-12-02,Online,,M,,Entre Rios,True,diazdelfina@example.com
CLI02072,2023-09-27,Tienda,T08,F,37.0,CABA,True,gojeda@example.org
CLI02073,2025-04-23,Tienda,T14,M,46.0,Neuquen,False,ramirogomez
CLI02074,2023-09-02,Tienda,T09,M,66.0,Mendoza,False,thiago-benjamin85@example.com
CLI02075,2024-09-17,Online,,F,52.0,Tucuman,True,walvarez@example.org
CLI02076,2025-09-11,Tienda,T25,F,64.0,Mendoza,False,dromero@example.net
CLI02077,2023-06-18,Tienda,T24,M,23.0,Salta,True,amparo26@example.net
CLI02078,2023-10-13,Online,,F,45.0,Entre Rios,True,bianca29@example.com
CLI02079,2023-05-14,Tienda,T02,M,47.0,Tucuman,True,soriajuliana@example.org
CLI02080,2024-04-07,Online,,F,49.0,Neuquen,True,valentinorivero@example.net
CLI02081,2024-08-02,Sucursal,T11,,,Neuquen,True,sanchezpaulina@example.net
CLI02082,2024-10-30,Online,,,18.0,Santa Fe,False,samuel10@example.com
CLI02083,2023-04-25,Online,,F,18.0,Entre Rios,True,barriosfelicitas@example.com
CLI02084,2024-05-23,Online,,,36.0,Tucuman,False,isabella35@example.net
CLI02085,2024-07-12,Online,,F,74.0,Salta,False,bcordoba@example.com
CLI02086,2023-08-08,Online,,F,44.0,Buenos Aires,True,lorenzo95@example.com
CLI02087,2024-06-05,Tienda,T17,F,24.0,CABA,True,hramirez@example.org
CLI02088,2022-01-20,Tienda,T17,X,46.0,Buenos Aires,False,cherrera@example.com
CLI02089,2022-02-13,Online,,M,37.0,Entre Rios,True,verajazmin@example.org
CLI02090,2023-12-17,Online,,M,44.0,Tucuman,True,hrodriguez@example.org
CLI02091,2024-12-21,Tienda,T20,F,35.0,Entre Rios,False,luca61@example.com
CLI02092,2024-12-21,Tienda,T23,M,23.0,Mendoza,True,ngarcia@example.org
CLI02093,2024-09-12,Tienda,T19,M,34.0,Neuquen,True,victoria72@example.org
CLI02094,2024-08-31,Tienda,T11,M,51.0,Neuquen,True,roldanagustin@example.net
CLI02095,2024-01-25,Tienda,T19,F,46.0,Neuquen,False,pazjulia@example.com
CLI02096,2023-04-22,Tienda,T04,F,59.0,Neuquen,True,rluna@example.org
CLI02097,2025-05-03,Online,,M,26.0,Santa Fe,False,gonzalezlola@example.com
CLI02098,2022-07-11,Sucursal,T07,F,56.0,Salta,True,icastillo@example.com
CLI02099,2023-04-28,Tienda,T19,F,42.0,Mendoza,True,roldanjoaquin@example.net
CLI02100,2022-03-03,Online,,F,44.0,Cordoba,False,lisandro18@example.org
CLI02101,2024-12-28,Tienda,T24,M,59.0,Salta,False,alma-miamolina@example.org
CLI02102,2024-10-19,Tienda,T20,M,40.0,CABA,True,renataduarte@example.com
CLI02103,2022-06-19,Online,,,45.0,Entre Rios,False,verafelipe@example.com
CLI02104,2023-04-30,Tienda,T27,F,51.0,Santa Fe,True,felipegomez@example.net
CLI02105,2023-10-03,Tienda,T07,M,51.0,CABA,True,simondiaz@example.net
CLI02106,2024-10-11,Tienda,T01,M,,Salta,True,fernandezisabella
CLI02107,2024-04-30,Online,,M,60.0,Neuquen,True,fernandezthiago-benjamin@example.com
CLI02108,2025-09-23,Tienda,T02,M,49.0,Cordoba,True,gferreyra@example.org
CLI02109,2023-03-01,Tienda,T25,M,36.0,Mendoza,True,acostamatilda@example.net
CLI02110,2024-09-25,Tienda,T21,F,76.0,Mendoza,False,medinaalma-jazmin@example.com
CLI02111,2022-03-07,Online,,F,41.0,Salta,True,lucas-ezequiel68@example.org
CLI02112,2024-08-03,Online,,M,47.0,Buenos Aires,True,morenaalvarez@example.com
CLI02113,2023-01-01,Online,,F,31.0,Mendoza,True,sofiaflores
CLI02114,2024-07-03,Tienda,T14,F,,Tucuman,False,lisandro48@example.com
CLI02115,2023-06-08,Online,,M,31.0,Mendoza,False,juan-cruzledesma@example.com
CLI02116,2025-09-12,Tienda,T04,F,43.0,CABA,True,simoncarrizo@example.net
CLI02117,2024-12-16,Sucursal,T06,F,49.0,Neuquen,True,thiago-ezequielperez@example.com
CLI02118,2022-12-16,Tienda,T19,M,42.0,Entre Rios,False,wramirez@example.com
CLI02119,2025-09-12,Tienda,T11,F,53.0,Salta,False,pescobar@example.org
CLI02120,2024-06-01,Tienda,T04,M,56.0,Neuquen,True,francisco86@example.net
CLI02121,2023-10-10,Online,,M,56.0,Tucuman,False,juanaacosta@example.org
CLI02122,2023-03-24,Online,,M,42.0,Mendoza,False,morenoignacio@example.net
CLI02123,2023-06-06,Online,,M,43.0,Entre Rios,True,ludmila86@example.net
CLI02124,2024-12-16,Online,,F,39.0,Neuquen,True,ulopez@example.com
CLI02125,2023-10-15,Online,,M,30.0,Entre Rios,True,medinamalena@example.com
CLI02126,2022-10-18,Online,,,,Entre Rios,True,rodriguezjuan-ignacio@example.net
CLI02127,2024-02-20,Tienda,T03,M,25.0,Entre Rios,True,ugimenez@example.org
CLI02128,2023-08-19,Tienda,T08,X,41.0,Neuquen,False,julia53@example.com
CLI02129,2024-07-04,Sucursal,T28,,,Neuquen,False,cardozoagustina@example.net
CLI02130,2024-02-24,Tienda,T27,F,18.0,Tucuman,True,ciromaidana@example.net
CLI02131,2024-08-16,Tienda,T06,M,52.0,Mendoza,True,ojedaamparo@example.org
CLI02132,2025-01-17,Online,,F,37.0,CABA,False,valentinavera@example.com
CLI02133,2023-02-13,Online,,M,45.0,Entre Rios,False,gonzalezemma@example.net
CLI02134,2022-12-23,Online,,M,37.0,CABA,False,gael28@example.org
CLI02135,2023-08-24,Tienda,T26,F,21.0,Cordoba,False,franciscogodoy@example.com
CLI02136,2022-05-09,Tienda,T13,M,45.0,Mendoza,True,ian-benjamin59@example.org
CLI02137,2022-08-01,Tienda,T11,F,44.0,Neuquen,True,laramartinez@example.net
CLI02138,2022-12-16,Tienda,T25,F,5.0,Tucuman,False,valdezmanuel@example.net
CLI02139,2024-09-03,Online,,F,49.0,Cordoba,True,franciscodiaz@example.com
CLI02140,2022-06-01,Tienda,T26,M,19.0,Salta,True,thiago-agustincaceres@example.com
CLI02141,2023-09-26,Tienda,T23,M,58.0,Santa Fe,True,priscilaromero@example.org
CLI02142,2024-02-15,Online,,F,53.0,Tucuman,False,morenafernandez@example.org
CLI02143,2022-02-11,Tienda,T16,M,53.0,Mendoza,True,benitezdelfina@example.net
CLI02144,2023-08-13,Tienda,T25,F,49.0,Salta,True,nsuarez@example.org
CLI02145,2022-01-24,Tienda,T19,F,32.0,Salta,True,guadalupe46@example.com
CLI02146,2023-08-07,Tienda,T06,F,50.0,Salta,True,valentinoramirez@example.net
CLI02147,2025-04-18,Tienda,T15,M,37.0,Neuquen,True,oavila@example.org
CLI02148,2022-03-18,Tienda,T06,M,82.0,Neuquen,True,camilavillalba@example.net
CLI02149,2023-06-24,Online,,M,39.0,Cordoba,True,diazsofia
CLI02150,2023-09-02,Online,,M,27.0,CABA,True,lucalopez@example.net
CLI02151,2025-03-14,Online,,M,37.0,Mendoza,True,dayala@example.org
CLI02152,2024-05-20,Online,,F,62.0,Buenos Aires,True,genaro50@example.net
CLI02153,2022-03-04,Online,,F,,Salta,False,renata16@example.com
CLI02154,2024-07-31,Online,,F,,Neuquen,False,hernandezfelipe@example.org
CLI02155,2022-12-26,Tienda,T25,M,63.0,Salta,False,bramos@example.org
CLI02156,2025-09-12,Tienda,T08,,,Mendoza,True,bflores@example.com
CLI02157,2022-05-18,Online,,M,35.0,CABA,True,luca34@example.com
CLI02158,2025-08-08,Online,,M,52.0,Buenos Aires,False,santino-ezequiellopez@example.com
CLI02159,2023-01-26,Online,,M,29.0,Cordoba,True,gutierrezsebastian@example.org
CLI02160,2022-11-06,Tienda,T23,M,26.0,Entre Rios,True,juan42@example.org
CLI02161,2025-02-21,Tienda,T03,,55.0,Neuquen,True,ciro27@example.net
CLI02162,2024-10-23,Online,,M,35.0,Neuquen,True,rodriguezvicente@example.com
CLI02163,2023-02-01,Online,,F,50.0,Buenos Aires,True,lararamirez@example.org
CLI02164,2023-05-29,Tienda,T24,F,42.0,Tucuman,True,ginomoyano
CLI02165,2022-02-28,Tienda,T14,M,,Neuquen,True,rojasmartina@example.org
CLI02166,2023-07-09,Online,,F,44.0,Tucuman,True,lucioaguirre@example.net
CLI02167,2023-03-02,Tienda,T09,M,,Entre Rios,False,sofia61@example.org
CLI02168,2025-06-28,Tienda,T14,F,52.0,Tucuman,False,jrivero@example.com
CLI02169,2023-09-27,Online,,F,35.0,CABA,False,juan-martingomez@example.com
CLI02170,2025-07-28,Sucursal,T24,F,54.0,Neuquen,True,thiago09@example.com
CLI02171,2024-06-20,Online,,F,44.0,Tucuman,False,oramos@example.net
CLI02172,2022-02-06,Tienda,T27,M,62.0,Mendoza,True,thiago-ezequiellopez@example.com
CLI02173,2022-07-18,Online,,F,38.0,Buenos Aires,True,lautaro-nicolasramirez@example.com
CLI02174,2022-08-05,Tienda,S02,M,18.0,Tucuman,False,yjuarez@example.org
CLI02175,2024-11-13,Online,,M,38.0,Neuquen,True,mateo-benjamin56@example.net
CLI02176,2023-08-01,Online,,M,49.0,Buenos Aires,True,emilia99@example.com
CLI02177,2023-02-19,Online,,F,37.0,Tucuman,False,tperez@example.org
CLI02178,2022-10-09,Online,,M,36.0,Buenos Aires,True,torresjuan-ignacio@example.net
CLI02179,2024-02-12,Online,,X,63.0,Tucuman,False,ferreyrabenjamin@example.org
CLI02180,2023-05-06,Online,,F,40.0,Cordoba,True,joaquina13@example.net
CLI02181,2023-09-15,Online,,M,57.0,Entre Rios,True,sanchezmaximiliano@example.org
CLI02182,2025-08-12,Tienda,T07,,44.0,Buenos Aires,False,rodriguezjuan-martin@example.com
CLI02183,2024-11-19,Tienda,T28,F,22.0,Mendoza,True,lautaro91@example.com
CLI02184,2022-07-14,Tienda,T28,M,29.0,Neuquen,True,juan-sebastianmedina@example.net
CLI02185,2023-05-16,Tienda,T12,M,38.0,CABA,False,rromero@example.org
CLI02186,2023-06-27,Tienda,T24,,46.0,Buenos Aires,True,thiago-benjamin19@example.com
CLI02187,2023-03-17,Tienda,T26,M,,Cordoba,False,rojasmatias@example.com
CLI02188,2025-10-31,Online,,M,22.0,Entre Rios,False,garciasantiago-nicolas@example.com
CLI02189,2024-01-31,Tienda,T26,M,28.0,Salta,False,tobias44@example.net
CLI02190,2022-06-06,Tienda,T25,M,35.0,Entre Rios,False,santinovega@example.net
CLI02191,2023-08-10,Online,,F,30.0,Neuquen,False,thiago-emanuelroldan@example.net
CLI02192,2022-01-05,Tienda,T04,F,34.0,Buenos Aires,True,cabreraangelina@example.org
CLI02193,2024-03-24,Online,,M,68.0,Mendoza,True,lopezjuan-cruz@example.org
CLI02194,2024-02-28,Tienda,T16,M,46.0,Tucuman,True,morenamedina@example.org
CLI02195,2025-04-03,Tienda,T22,F,31.0,Cordoba,True,itorres@example.org
CLI02196,2023-08-28,Online,,F,42.0,Mendoza,False,lopezfrancisco@example.com
CLI02197,2025-09-11,Online,,M,64.0,Santa Fe,True,dylan-ezequielromero@example.org
CLI02198,2025-11-17,Tienda,T22,F,51.0,Neuquen,True,ramosdelfina@example.com
CLI02199,2023-04-23,Tienda,T13,F,41.0,Neuquen,True,kmoyano@example.com
CLI02200,2023-05-10,Tienda,T03,M,23.0,Mendoza,True,sebastian63@example.com
CLI02201,2022-04-13,Tienda,T16,F,18.0,Cordoba,True,ososa@example.net
CLI02202,2022-05-26,Online,,M,37.0,Entre Rios,False,lopezemilia@example.com
CLI02203,2022-04-04,Tienda,T18,F,41.0,CABA,False,framos@example.net
CLI02204,2025-12-02,Tienda,T16,M,19.0,Entre Rios,True,egonzalez@example.net
CLI02205,2024-02-03,Online,,F,23.0,Tucuman,True,catalina32@example.org
CLI02206,2022-04-11,Tienda,T16,F,41.0,Neuquen,True,gonzalezrenata@example.net
CLI02207,2025-09-08,Tienda,T14,M,18.0,Buenos Aires,True,zoeacosta@example.net
CLI02208,2022-02-02,Tienda,T15,M,,CABA,False,agostina18@example.com
CLI02209,2022-07-22,Tienda,T20,M,41.0,Mendoza,False,otorres@example.com
CLI02210,2022-02-19,Tienda,T22,M,,CABA,True,qgomez@example.net
CLI02211,2025-09-21,Online,,F,46.0,Neuquen,True,roldanjulieta@example.com
CLI02212,2024-09-20,Sucursal,T11,X,56.0,Tucuman,True,martinsanchez@example.org
CLI02213,2022-11-26,Tienda,T08,F,64.0,Buenos Aires,False,benjamin49@example.net
CLI02214,2022-08-01,Online,,M,55.0,Neuquen,True,santinoperez@example.net
CLI02215,2023-08-27,Tienda,T15,M,38.0,Entre Rios,True,lopezlisandro@example.net
CLI02216,2024-05-10,Tienda,T14,M,72.0,Mendoza,False,garciabenjamin@example.net
CLI02217,2024-06-09,Online,,F,66.0,Tucuman,True,vbenitez@example.org
CLI02218,2024-07-03,Online,,F,55.0,Tucuman,True,jgodoy@example.net
CLI02219,2022-04-13,Tienda,S15,M,31.0,Tucuman,True,ecarrizo@example.com
CLI02220,2025-05-29,Tienda,T21,M,48.0,Entre Rios,True,mateo-joaquinsanchez@example.com
CLI02221,2024-08-08,Tienda,T01,M,18.0,Neuquen,True,nicolassanchez@example.org
CLI02222,2024-07-31,Online,,F,37.0,Cordoba,False,ilopez@example.com
CLI02223,2025-02-28,Tienda,T24,F,18.0,Buenos Aires,True,gomezmilagros@example.net
CLI02224,2025-01-24,Tienda,T28,F,36.0,Cordoba,False,isabellalopez@example.org
CLI02225,2024-09-12,Tienda,T24,M,56.0,Salta,True,egonzalez@example.net
CLI02226,2025-10-10,Tienda,T08,,42.0,Entre Rios,False,isabellagimenez@example.com
CLI02227,2024-10-27,Tienda,T06,F,65.0,Entre Rios,True,vquiroga@example.org
CLI02228,2024-02-08,Tienda,T24,F,42.0,Cordoba,False,vromero@example.com
CLI02229,2022-11-24,Online,,M,44.0,Salta,True,zvazquez@example.org
CLI02230,2025-07-19,Tienda,T17,M,,Entre Rios,True,flopez@example.org
CLI02231,2023-07-22,Tienda,T03,F,50.0,Salta,False,catalinagarcia@example.com
CLI02232,2025-07-24,Sucursal,T12,M,42.0,Mendoza,True,benjamin28@example.com
CLI02233,2023-01-21,Online,,F,59.0,Tucuman,True,diazlara@example.net
CLI02234,2025-01-19,Online,,F,65.0,Entre Rios,True,lopezfrancisco@example.net
CLI02235,2023-08-31,Sucursal,T16,F,47.0,Santa Fe,False,beniciofernandez@example.com
CLI02236,2024-08-31,Online,,F,,CABA,True,valentina20@example.net
CLI02237,2022-06-27,Tienda,T09,M,50.0,Salta,True,duarteolivia@example.net
CLI02238,2022-10-19,Online,,F,61.0,Salta,True,bsosa@example.net
CLI02239,2025-08-19,Online,,,,Mendoza,True,ggimenez@example.com
CLI02240,2022-07-01,Tienda,T04,M,-3.0,CABA,True,lourdes48@example.com
CLI02241,2025-09-21,Online,,M,55.0,Neuquen,False,delfinaramos@example.org
CLI02242,2022-06-05,Online,,F,61.0,Santa Fe,True,mateo-joaquin58@example.org
CLI02243,2024-12-25,Online,,M,18.0,CABA,True,gaguirre
CLI02244,2022-07-06,Tienda,T28,,64.0,Buenos Aires,True,leonfernandez@example.net
CLI02245,2023-03-30,Tienda,T22,M,53.0,Santa Fe,True,emmahernandez@example.org
CLI02246,2025-09-23,Tienda,T04,M,49.0,CABA,True,delfinamendez@example.org
CLI02247,2025-03-23,Online,,F,35.0,Tucuman,False,renzoojeda@example.org
CLI02248,2024-01-13,Tienda,T13,F,45.0,Mendoza,False,qvillalba@example.net
CLI02249,2023-10-15,Tienda,T07,F,51.0,Entre Rios,True,brunoromero@example.org
CLI02250,2022-02-25,Tienda,T11,M,22.0,Santa Fe,True,bramos@example.net
CLI02251,2025-01-28,Tienda,T06,F,53.0,Mendoza,False,zledesma@example.org
CLI02252,2025-11-11,Tienda,T07,M,43.0,Entre Rios,True,diaznina@example.net
CLI02253,2024-12-12,Tienda,T27,F,63.0,Salta,True,mendezluz-maria@example.net
CLI02254,2024-12-04,Sucursal,T22,M,,Tucuman,False,emma64@example.net
CLI02255,2025-03-28,Online,,F,40.0,Neuquen,True,juana28@example.net
CLI02256,2022-06-19,Tienda,T18,F,43.0,Buenos Aires,True,mora78@example.com
CLI02257,2023-10-07,Online,,F,51.0,Entre Rios,False,valentino81@example.com
CLI02258,2024-09-28,Online,,X,44.0,Salta,False,truiz@example.net
CLI02259,2022-12-02,Tienda,T28,F,50.0,Salta,True,cardozoolivia@example.com
CLI02260,2025-08-02,Tienda,T06,M,32.0,Salta,True,pedro62@example.org
CLI02261,2024-02-12,Tienda,T22,F,25.0,Cordoba,True,garciamaria-emilia@example.net
CLI02262,2023-07-03,Online,,M,34.0,Entre Rios,False,valentinaperalta@example.net
CLI02263,2024-03-05,Tienda,T12,M,22.0,Salta,True,hsosa@example.net
CLI02264,2022-05-11,Online,,F,31.0,Salta,False,ferreyrafelipe@example.org
CLI02265,2025-05-06,Online,,F,47.0,Cordoba,True,nferreyra@example.net
CLI02266,2023-11-19,Tienda,T12,F,19.0,CABA,True,paulinaramirez@example.com
CLI02267,2024-08-10,Online,,F,25.0,Cordoba,True,valentingarcia@example.org
CLI02268,2023-04-01,Online,,M,53.0,Buenos Aires,True,juarezramiro@example.com
CLI02269,2025-12-13,Tienda,T17,F,35.0,Buenos Aires,True,qjuarez@example.com
CLI02270,2024-11-18,Online,,F,42.0,Santa Fe,True,olucero@example.org
CLI02271,2024-09-10,Tienda,T25,F,25.0,Santa Fe,True,oherrera@example.net
CLI02272,2022-06-04,Online,,M,28.0,Neuquen,False,jgomez@example.net
CLI02273,2024-01-05,Tienda,T24,F,38.0,Entre Rios,True,vicente96@example.com
CLI02274,2023-07-13,Tienda,T06,F,65.0,Mendoza,True,acostagabriel@example.com
CLI02275,2025-03-24,Online,,M,49.0,Cordoba,False,miaramirez@example.com
CLI02276,2023-06-18,Online,,,19.0,Santa Fe,True,valentina-77@example.net
CLI02277,2023-09-30,Tienda,T09,M,49.0,Neuquen,True,egomez@example.com
CLI02278,2023-03-06,Tienda,T16,F,55.0,Salta,True,bautistacarrizo@example.net
CLI02279,2024-02-07,Online,,F,52.0,Buenos Aires,True,nherrera@example.com
CLI02280,2025-02-13,Tienda,T19,F,25.0,Santa Fe,True,franciscomunoz@example.net
CLI02281,2024-02-26,Tienda,T03,F,41.0,Cordoba,True,camila53@example.org
CLI02282,2022-04-06,Tienda,T22,F,72.0,Cordoba,True,morena-jazmin46@example.net
CLI02283,2023-09-28,Tienda,T21,F,29.0,Tucuman,True,fernandezmaria-paz@example.net
CLI02284,2023-02-16,Tienda,T10,M,47.0,Entre Rios,True,nahuel45@example.org
CLI02285,2023-04-21,Tienda,T23,M,32.0,Entre Rios,True,gomezluciano@example.org
CLI02286,2023-07-29,Tienda,T03,M,,Cordoba,False,isabella11@example.com
CLI02287,2024-01-23,Online,,F,36.0,Neuquen,True,yvillalba@example.net
CLI02288,2022-11-26,Tienda,T02,F,57.0,Tucuman,True,alvarezmalena@example.com
CLI02289,2025-01-18,Tienda,T13,F,59.0,Santa Fe,True,julieta43@example.com
CLI02290,2025-06-29,Tienda,T09,M,30.0,Cordoba,True,cmorales@example.net
CLI02291,2024-06-10,Online,,F,36.0,Buenos Aires,False,jromero@example.net
CLI02292,2024-11-28,Online,,M,30.0,Neuquen,False,alvarezgenaro@example.net
CLI02293,2024-09-13,Tienda,T23,F,18.0,Buenos Aires,True,mirandagiovanni@example.com
CLI02294,2023-05-06,Online,,M,51.0,Salta,True,hernandezfelipe@example.org
CLI02295,2023-12-31,Online,,M,64.0,Neuquen,False,odominguez@example.com
CLI02296,2025-02-23,Tienda,T08,M,63.0,Entre Rios,True,isabellasilva@example.net
CLI02297,2023-08-17,Tienda,T07,,36.0,CABA,True,francisco42@example.com
CLI02298,2023-03-04,Online,,F,61.0,CABA,True,qalvarez@example.net
CLI02299,2022-02-10,Tienda,T21,X,58.0,Buenos Aires,True,mendezsebastian@example.com
CLI02300,2022-07-25,Tienda,T05,F,,Tucuman,True,gimenezantonella@example.com
CLI02301,2022-03-21,Online,,M,42.0,Cordoba,True,martinezmorena-jazmin@example.net
CLI02302,2024-04-25,Online,,F,37.0,Cordoba,True,emilia85@example.com
CLI02303,2022-10-30,Tienda,T01,M,46.0,Tucuman,True,ngomez@example.org
CLI02304,2025-03-18,Online,,F,68.0,Entre Rios,True,oliviaperez@example.net
CLI02305,2023-10-11,Tienda,T23,M,29.0,Santa Fe,True,thiago-gabriel31@example.net
CLI02306,2025-11-23,Tienda,T04,F,26.0,Mendoza,False,bpaz@example.com
CLI02307,2024-01-19,Tienda,T28,F,55.0,Neuquen,False,dvaldez@example.net
CLI02308,2024-12-27,Tienda,T17,X,43.0,Cordoba,True,juan-ignacio74@example.net
CLI02309,2024-11-15,Sucursal,T20,F,-3.0,Salta,True,pbravo@example.com
CLI02310,2024-08-10,Online,,F,28.0,Salta,True,rodriguezemma@example.com
CLI02311,2025-09-19,Tienda,T02,F,31.0,Mendoza,True,gonzalezisabel
CLI02312,2022-10-29,Tienda,T16,F,34.0,Cordoba,False,bcabrera@example.net
CLI02313,2022-09-08,Tienda,T26,F,47.0,CABA,False,francesco92@example.org
CLI02314,2023-08-21,Online,,F,56.0,Tucuman,False,rodriguezcatalina@example.net
CLI02315,2022-05-23,Online,,,40.0,Entre Rios,True,mateo19@example.net
CLI02316,2024-10-16,Tienda,T15,M,45.0,Mendoza,True,luna16@example.org
CLI02317,2022-11-16,Tienda,T12,M,32.0,Tucuman,True,operalta@example.org
CLI02318,2024-08-26,Tienda,T22,F,57.0,Buenos Aires,False,bastianmunoz@example.com
CLI02319,2025-01-07,Online,,M,61.0,Entre Rios,True,poncefelipe
CLI02320,2024-11-19,Tienda,T23,M,39.0,Salta,True,valentinaromero@example.org
CLI02321,2025-08-27,Tienda,T06,F,32.0,Neuquen,True,benjamin25@example.net
CLI02322,2025-04-10,Tienda,T01,M,,Entre Rios,True,valentino69
CLI02323,2022-12-25,Tienda,T14,M,56.0,Cordoba,False,lucianoramirez@example.org
CLI02324,2023-09-16,Sucursal,T06,M,30.0,Salta,True,delfinalopez@example.com
CLI02325,2023-06-27,Tienda,T09,F,19.0,CABA,False,julia31@example.net
CLI02326,2023-01-03,Tienda,T18,M,38.0,Buenos Aires,True,ulopez@example.org
CLI02327,2022-06-24,Online,,F,,Cordoba,True,fernandezsofia@example.org
CLI02328,2024-04-21,Online,,,35.0,Buenos Aires,True,lucia-torres@example.net
CLI02329,2024-07-26,Tienda,T09,F,39.0,Mendoza,False,perezema
CLI02330,2022-07-13,Online,,F,36.0,Buenos Aires,True,juanarojas@example.net
CLI02331,2025-08-04,Tienda,T23,M,52.0,Buenos Aires,True,erojas@example.org
CLI02332,2022-10-18,Online,,M,62.0,Salta,True,hjuarez@example.com
CLI02333,2024-12-20,Tienda,T09,F,25.0,CABA,True,qcorrea@example.com
CLI02334,2024-02-29,Tienda,T02,M,39.0,Cordoba,True,morenagonzalez@example.com
CLI02335,2023-12-17,Tienda,T26,F,40.0,Salta,False,ialvarez@example.org
CLI02336,2025-05-12,Online,,F,34.0,Buenos Aires,True,rmartin@example.org
CLI02337,2024-10-20,Tienda,T17,M,26.0,Santa Fe,True,jeronimo05@example.net
CLI02338,2022-08-06,Online,,M,,Neuquen,False,simonledesma@example.com
CLI02339,2022-04-09,Online,,F,45.0,Mendoza,False,pedrolopez@example.org
CLI02340,2024-07-16,Tienda,T17,X,53.0,Cordoba,False,lautarogimenez@example.org
CLI02341,2023-05-06,Tienda,T07,F,64.0,Buenos Aires,False,catalinagimenez@example.com
CLI02342,2024-05-11,Tienda,T03,M,38.0,Neuquen,True,juan-martinaguirre@example.org
CLI02343,2022-07-27,Sucursal,T06,M,50.0,Entre Rios,True,sanchezrenata@example.com
CLI02344,2023-02-11,Online,,M,37.0,Entre Rios,True,duartesantiago
CLI02345,2022-11-14,Tienda,T05,,41.0,Santa Fe,True,micaelaacosta@example.net
CLI02346,2022-04-06,Online,,F,5.0,Entre Rios,True,maldonadoramiro@example.org
CLI02347,2022-05-09,Online,,F,40.0,Tucuman,True,mateo-agustinsanchez@example.net
CLI02348,2023-12-09,Tienda,T12,F,22.0,Tucuman,True,catalina07@example.com
CLI02349,2024-03-16,Online,,M,,Tucuman,False,ovazquez@example.org
CLI02350,2025-10-25,Tienda,T23,M,45.0,Cordoba,True,jcordoba@example.org
CLI02351,2023-01-22,Online,,M,27.0,Entre Rios,False,dylan08@example.org
CLI02352,2024-02-28,Tienda,T20,,18.0,Cordoba,False,alejo29@example.org
CLI02353,2022-03-30,Online,,M,42.0,Mendoza,True,vegaluz-maria@example.net
CLI02354,2025-10-13,Online,,M,52.0,Salta,True,cardozojuan-manuel@example.org
CLI02355,2025-08-23,Online,,M,57.0,CABA,True,verathiago-leonel@example.com
CLI02356,2022-03-01,Online,,X,58.0,Buenos Aires,False,xmartinez@example.com
CLI02357,2022-07-10,Tienda,T20,M,37.0,Cordoba,True,mia-valentinabenitez@example.com
CLI02358,2023-01-02,Tienda,T27,M,52.0,Neuquen,True,ramirezsantiago@example.com
CLI02359,2023-09-22,Tienda,T23,M,21.0,Cordoba,False,blucero@example.net
CLI02360,2023-09-01,Tienda,T16,M,45.0,Entre Rios,True,oacosta@example.net
CLI02361,2025-12-15,Online,,M,56.0,Entre Rios,True,ciro38@example.net
CLI02362,2022-08-10,Online,,F,34.0,Salta,False,juarezrenzo@example.org
CLI02363,2024-11-25,Online,,F,40.0,Tucuman,True,zoebenitez@example.com
CLI02364,2023-12-07,Tienda,T13,X,44.0,Salta,False,faustino32@example.com
CLI02365,2024-08-17,Tienda,T01,M,45.0,Tucuman,False,julietadominguez@example.com
CLI02366,2025-07-14,Online,,F,64.0,Entre Rios,False,mansillajuan-manuel@example.net
CLI02367,2025-02-26,Tienda,T01,F,28.0,Salta,False,maria-belen50@example.com
CLI02368,2023-03-20,Tienda,T04,F,62.0,CABA,True,luz-milagrosescobar@example.com
CLI02369,2025-01-22,Online,,F,25.0,Entre Rios,True,genarocoronel@example.com
CLI02370,2022-07-02,Online,,M,33.0,Neuquen,False,francisco61@example.org
CLI02371,2024-09-15,Tienda,T03,F,32.0,Salta,True,santiago-nicolas58@example.net
CLI02372,2025-02-03,Tienda,T06,F,42.0,Mendoza,True,luisanagodoy@example.net
CLI02373,2024-08-20,Tienda,T27,F,36.0,CABA,True,malvarez@example.org
CLI02374,2025-07-24,Online,,F,,Buenos Aires,True,sosabautista@example.net
CLI02375,2023-08-31,Tienda,T18,M,43.0,Tucuman,False,emiliasoto@example.org
CLI02376,2024-12-27,Tienda,T14,M,74.0,Cordoba,True,mateo44@example.com
CLI02377,2025-03-12,Online,,X,48.0,Tucuman,True,mia-valentinajuarez@example.org
CLI02378,2025-06-03,Tienda,T14,M,39.0,Tucuman,True,valentinamartinez@example.net
CLI02379,2025-11-20,Online,,,48.0,Neuquen,True,lucas80@example.net
CLI02380,2025-02-26,Online,,,,Salta,True,julieta06@example.com
CLI02381,2025-03-27,Online,,F,40.0,Cordoba,True,gdiaz@example.net
CLI02382,2025-07-11,Tienda,T26,M,27.0,CABA,False,chavezgenaro@example.org
CLI02383,2023-05-01,Tienda,T28,F,,Buenos Aires,True,gonzalezdelfina@example.com
CLI02384,2022-01-21,Tienda,T02,M,45.0,Salta,False,ambarfernandez@example.org
CLI02385,2024-03-03,Online,,M,54.0,Mendoza,False,jrodriguez@example.org
CLI02386,2022-10-07,Tienda,T04,F,50.0,Cordoba,True,jazmin25@example.org
CLI02387,2023-05-06,Online,,F,42.0,Salta,True,valentinamunoz@example.com
CLI02388,2025-02-16,Online,,F,51.0,CABA,True,riverovalentino@example.org
CLI02389,2025-08-20,Online,,M,36.0,Buenos Aires,True,martinezguillermina@example.org
CLI02390,2024-11-28,Tienda,T06,M,46.0,CABA,True,amparo53@example.com
CLI02391,2023-10-08,Tienda,T05,F,63.0,Santa Fe,False,diazantonella@example.com
CLI02392,2025-03-17,Tienda,T21,F,58.0,Mendoza,True,fernandezjuan-ignacio@example.org
CLI02393,2024-09-19,Tienda,T26,F,62.0,Santa Fe,False,carrizosantiago-benjamin
CLI02394,2025-05-08,Online,,F,38.0,CABA,True,juan-cruzjuarez@example.net
CLI02395,2022-06-12,Online,,M,46.0,Tucuman,False,kortiz@example.com
CLI02396,2025-04-24,Tienda,T18,F,29.0,Santa Fe,True,sara43@example.net
CLI02397,2022-01-15,Tienda,T28,F,56.0,Tucuman,True,orodriguez@example.org
CLI02398,2024-08-09,Tienda,T20,F,37.0,Santa Fe,True,zgonzalez@example.com
CLI02399,2025-06-17,Online,,M,24.0,Santa Fe,False,rodriguezmartina@example.org
CLI02400,2023-07-02,Tienda,T25,F,36.0,Entre Rios,True,bautista38@example.org
CLI02401,2023-04-26,Tienda,T15,F,46.0,Tucuman,True,josefinaolivera@example.org
CLI02402,2025-08-15,Tienda,T17,F,18.0,CABA,True,lopezana-paula@example.com
CLI02403,2023-01-25,Tienda,T16,F,23.0,Neuquen,True,cromero@example.com
CLI02404,2024-08-18,Online,,,57.0,Neuquen,True,ilopez@example.net
CLI02405,2024-02-25,Online,,M,44.0,Salta,False,martina48@example.com
CLI02406,2023-03-14,Tienda,T25,M,,Neuquen,True,hgutierrez@example.com
CLI02407,2024-06-23,Online,,F,20.0,Cordoba,False,mateo-agustinsosa@example.org
CLI02408,2023-10-06,Tienda,T04,M,65.0,Cordoba,True,lucioquiroga@example.com
CLI02409,2024-03-21,Tienda,T27,M,,CABA,True,hacosta@example.org
CLI02410,2022-11-25,Tienda,T28,F,53.0,Salta,True,floreslola@example.net
CLI02411,2025-11-22,Tienda,T12,F,27.0,Neuquen,False,suarezpedro@example.net
CLI02412,2023-09-13,Online,,M,51.0,Neuquen,False,julietarodriguez@example.com
CLI02413,2022-10-19,Online,,M,59.0,Salta,False,francisco41@example.org
CLI02414,2025-10-28,Online,,M,38.0,Tucuman,False,octaviovega@example.net
CLI02415,2025-04-24,Tienda,T10,M,39.0,Santa Fe,True,juan-bautistamiranda@example.net
CLI02416,2024-11-02,Tienda,T05,M,36.0,Buenos Aires,True,tomasfernandez@example.org
CLI02417,2023-01-20,Tienda,T19,F,51.0,Tucuman,True,camilaquiroga@example.net
CLI02418,2023-01-04,Tienda,T02,F,39.0,Mendoza,False,alexanderperez@example.org
CLI02419,2024-06-22,Tienda,T02,F,38.0,Entre Rios,False,gromero@example.org
CLI02420,2025-11-04,Online,,F,,Tucuman,True,morenarodriguez@example.com
CLI02421,2022-12-24,Online,,M,19.0,CABA,False,thiago-agustinperez@example.com
CLI02422,2024-02-21,Tienda,T25,M,56.0,Mendoza,False,sofia43@example.com
CLI02423,2022-07-12,Tienda,T24,F,,Salta,True,xblanco@example.org
CLI02424,2024-03-10,Tienda,T09,F,55.0,Salta,False,godoyluciano@example.net
CLI02425,2024-03-31,Tienda,T12,F,63.0,Salta,True,diazuma@example.net
CLI02426,2025-09-01,Online,,M,35.0,Entre Rios,False,yperez@example.net
CLI02427,2023-08-17,Tienda,T16,F,42.0,Neuquen,False,gomezmatias@example.com
CLI02428,2022-01-13,Tienda,T20,M,48.0,Buenos Aires,True,zsanchez@example.net
CLI02429,2023-07-24,Online,,M,40.0,Entre Rios,True,guzmanfelipe@example.net
CLI02430,2023-09-30,Online,,,66.0,Entre Rios,True,ivera@example.net
CLI02431,2024-07-18,Tienda,T21,F,24.0,Entre Rios,True,vegamaximiliano@example.net
CLI02432,2024-08-23,Online,,F,35.0,Santa Fe,False,sosajuana@example.com
CLI02433,2025-05-02,Online,,F,38.0,Entre Rios,True,benitezrenata@example.org
CLI02434,2022-07-28,Tienda,T13,F,33.0,Buenos Aires,False,joaquinsanchez@example.com
CLI02435,2024-03-16,Online,,F,54.0,Entre Rios,True,vleiva@example.com
CLI02436,2024-01-12,Tienda,T23,F,,Mendoza,True,benitezagostina@example.com
CLI02437,2024-08-11,Online,,M,59.0,Mendoza,True,baguirre@example.org
CLI02438,2024-09-21,Online,,M,55.0,Buenos Aires,False,valentina-jazmin54@example.org
CLI02439,2023-10-23,Online,,F,47.0,Neuquen,True,valentin29@example.net
CLI02440,2022-08-26,Online,,F,62.0,Entre Rios,False,mendozabautista@example.com
CLI02441,2025-05-22,Tienda,T01,M,76.0,Buenos Aires,True,angelina47@example.com
CLI02442,2022-04-15,Tienda,T02,M,45.0,Santa Fe,True,jrodriguez@example.org
CLI02443,2024-02-12,Online,,F,53.0,CABA,False,agomez@example.org
CLI02444,2025-09-13,Tienda,T23,F,48.0,Mendoza,False,giovanni80@example.com
CLI02445,2024-10-06,Tienda,T18,M,50.0,Buenos Aires,True,harias@example.org
CLI02446,2025-07-27,Tienda,T23,X,36.0,Neuquen,True,sofia65@example.org
CLI02447,2022-12-31,Online,,M,33.0,Buenos Aires,True,sofialopez@example.net
CLI02448,2024-02-14,Tienda,T12,F,51.0,Santa Fe,True,ginomolina@example.net
CLI02449,2022-11-01,Online,,F,35.0,Buenos Aires,True,alvarogonzalez@example.com
CLI02450,2024-08-25,Tienda,T26,F,56.0,Salta,False,jazminflores@example.org
CLI02451,2022-09-05,Online,,M,54.0,Entre Rios,False,sanchezagustin@example.org
CLI02452,2024-09-11,Online,,F,37.0,Santa Fe,True,sanchezsofia@example.net
CLI02453,2024-12-18,Tienda,T08,M,48.0,Mendoza,True,lmolina@example.com
CLI02454,2024-02-05,Online,,F,44.0,Mendoza,True,felipe28@example.org
CLI02455,2023-08-27,Online,,M,41.0,Tucuman,False,ngomez@example.org
CLI02456,2022-10-19,Tienda,T28,M,59.0,Entre Rios,True,fledesma@example.net
CLI02457,2024-12-17,Online,,F,43.0,Tucuman,True,tomas34@example.org
CLI02458,2022-08-22,Online,,M,46.0,Cordoba,True,guadalupe44@example.org
CLI02459,2022-10-18,Tienda,T11,M,18.0,Cordoba,True,agustin07@example.org
CLI02460,2022-09-17,Online,,X,51.0,Neuquen,False,angelinamartinez@example.net
CLI02461,2025-03-07,Tienda,T25,M,23.0,Entre Rios,True,fperez@example.com
CLI02462,2025-06-14,Tienda,T24,F,37.0,CABA,True,francisco06@example.org
CLI02463,2022-10-30,Sucursal,T17,F,65.0,Neuquen,True,ginomartinez@example.com
CLI02464,2023-02-04,Tienda,T26,M,68.0,Mendoza,True,matiasmartinez@example.net
CLI02465,2025-10-03,Tienda,T22,X,37.0,Neuquen,True,milena72@example.com
CLI02466,2025-08-03,Tienda,T10,M,25.0,Neuquen,True,zoe88@example.org
CLI02467,2024-06-14,Sucursal,T16,M,49.0,Buenos Aires,True,ian-benjamindiaz@example.org
CLI02468,2024-04-13,Online,,,37.0,Buenos Aires,True,micaela76@example.net
CLI02469,2023-12-14,Online,,M,48.0,CABA,True,xvelazquez@example.net
CLI02470,2024-09-14,Online,,M,24.0,Mendoza,True,francescatorres@example.org
CLI02471,2025-03-18,Tienda,T26,M,59.0,Salta,False,perezcamilo@example.net
CLI02472,2023-01-15,Tienda,T01,M,65.0,Entre Rios,True,delfina69@example.com
CLI02473,2024-06-16,Tienda,T16,F,23.0,Buenos Aires,True,wacosta@example.com
CLI02474,2022-12-06,Tienda,T28,M,32.0,Entre Rios,True,jruiz@example.net
CLI02475,2025-10-01,Tienda,T22,,33.0,Cordoba,True,victoria07
CLI02476,2025-09-01,Tienda,T28,F,53.0,Neuquen,True,matildagarcia@example.org
CLI02477,2022-10-04,Tienda,T18,M,18.0,Cordoba,True,fduarte@example.net
CLI02478,2024-04-11,Tienda,T26,M,46.0,Santa Fe,False,rmansilla@example.org
CLI02479,2024-04-18,Online,,F,40.0,Buenos Aires,True,valentina-peralta@example.net
CLI02480,2025-12-30,Online,,F,32.0,Neuquen,True,tsanchez@example.org
CLI02481,2025-01-16,Tienda,T06,M,53.0,Tucuman,False,perezjuana@example.net
CLI02482,2022-11-21,Tienda,T01,F,18.0,Santa Fe,False,poncebenjamin
CLI02483,2025-09-27,Tienda,T10,M,24.0,Salta,False,emilia67@example.net
CLI02484,2023-08-02,Tienda,T01,M,,Santa Fe,True,sofia-belencampos@example.com
CLI02485,2022-12-21,Tienda,T27,M,53.0,Entre Rios,True,diazjuan-ignacio@example.com
CLI02486,2022-11-11,Tienda,T07,M,38.0,Tucuman,False,juana42@example.org
CLI02487,2025-01-10,Online,,M,,Santa Fe,True,sofia18@example.org
CLI02488,2023-03-22,Tienda,T15,M,50.0,Salta,True,alma79@example.com
CLI02489,2024-05-16,Tienda,T26,M,,Cordoba,True,almagonzalez@example.com
CLI02490,2022-02-14,Online,,F,34.0,Tucuman,True,maidanasantiago@example.org
CLI02491,2022-09-12,Online,,M,39.0,Tucuman,True,santiago-nicolascastro@example.org
CLI02492,2024-11-06,Online,,F,48.0,Mendoza,False,sanchezmaria-belen@example.org
CLI02493,2022-09-18,Tienda,S28,F,81.0,Mendoza,True,fariasfelipe@example.com
CLI02494,2022-04-11,Tienda,T25,F,28.0,Cordoba,True,juan-martinherrera@example.net
CLI02495,2023-09-29,Tienda,T16,M,47.0,Salta,True,almalopez@example.com
CLI02496,2024-03-03,Online,,F,41.0,CABA,True,garciathiago-lionel
CLI02497,2023-11-02,Tienda,T01,F,39.0,Neuquen,True,mateoromero@example.net
CLI02498,2025-05-20,Tienda,T06,X,64.0,CABA,True,paulinaromero@example.org
CLI02499,2024-12-12,Tienda,T11,M,54.0,CABA,True,romerosofia@example.net
CLI02500,2023-05-27,Online,,M,53.0,Mendoza,True,maximogomez@example.org
CLI02501,2023-04-11,Online,,M,37.0,Cordoba,False,oliverabenjamin@example.com
CLI02502,2022-10-23,Tienda,T02,M,31.0,Salta,True,mateo97@example.com
CLI02503,2024-03-26,Online,,M,47.0,Salta,True,santiago89@example.net
CLI02504,2025-07-12,Online,,,39.0,Buenos Aires,True,juan-bautistagomez@example.org
CLI02505,2022-06-12,Tienda,T18,F,,Santa Fe,False,guadaluperamirez@example.net
CLI02506,2022-10-11,Tienda,T19,M,,Neuquen,False,qfernandez@example.com
CLI02507,2025-06-06,Online,,F,26.0,Mendoza,False,emma64@example.net
CLI02508,2024-11-21,Tienda,T06,M,,Buenos Aires,True,benitezrenata@example.org
CLI02509,2024-10-30,Sucursal,T19,M,54.0,Entre Rios,True,lalvarez@example.com
CLI02510,2023-08-18,Online,,M,42.0,Entre Rios,False,kgonzalez@example.com
CLI02511,2023-02-25,Online,,M,53.0,Buenos Aires,True,mtorres@example.org
CLI02512,2023-12-27,Online,,F,31.0,Neuquen,True,rojasjuan-manuel@example.org
CLI02513,2022-11-05,Online,,F,53.0,Mendoza,True,guillerminaherrera@example.com
CLI02514,2022-02-28,Tienda,T22,X,33.0,Salta,True,catalina12@example.net
CLI02515,2022-07-05,Online,,F,62.0,CABA,False,juliavega@example.org
CLI02516,2025-04-07,Tienda,T26,M,54.0,Tucuman,True,luca63@example.net
CLI02517,2025-10-23,Tienda,T24,M,50.0,Santa Fe,False,fnavarro@example.org
CLI02518,2025-03-26,Tienda,T28,M,65.0,Santa Fe,True,beniciomolina
CLI02519,2025-03-09,Tienda,T11,F,48.0,CABA,True,justinagonzalez@example.net
CLI02520,2022-02-22,Sucursal,S05,F,35.0,Neuquen,True,tomasjuarez@example.net
CLI02521,2025-02-18,Tienda,T11,M,65.0,Mendoza,True,victoria71@example.org
CLI02522,2025-05-15,Tienda,T09,,,Cordoba,False,lsilva@example.net
CLI02523,2023-03-29,Tienda,T17,F,61.0,Santa Fe,True,cabreradelfina@example.com
CLI02524,2025-11-21,Tienda,T23,F,46.0,Tucuman,False,juan-cruznunez@example.net
CLI02525,2022-12-25,Tienda,T15,M,60.0,Buenos Aires,True,ana-paula75@example.com
CLI02526,2023-04-07,Tienda,T27,M,31.0,Buenos Aires,True,ofernandez@example.net
CLI02527,2023-03-15,Tienda,T24,F,26.0,Entre Rios,False,mgimenez@example.org
CLI02528,2022-12-29,Tienda,T23,F,24.0,Santa Fe,True,torresbenicio@example.org
CLI02529,2025-12-30,Online,,M,54.0,Entre Rios,True,floresjuan-ignacio@example.org
CLI02530,2025-01-25,Tienda,T02,F,18.0,Cordoba,True,dante90@example.com
CLI02531,2024-01-02,Tienda,T24,M,19.0,Neuquen,True,cromero@example.org
CLI02532,2022-10-21,Tienda,T08,F,,Neuquen,True,wledesma@example.com
CLI02533,2022-07-27,Online,,X,47.0,CABA,True,uma-carrizo@example.com
CLI02534,2023-01-06,Tienda,T03,M,50.0,Salta,True,juan-ignacio56@example.com
CLI02535,2025-03-09,Tienda,T02,F,32.0,Cordoba,False,rosariocarrizo@example.com
CLI02536,2022-10-30,Online,,F,55.0,Santa Fe,True,navarrocamila@example.com
CLI02537,2025-07-24,Online,,F,48.0,Cordoba,True,medinasofia@example.com
CLI02538,2025-07-16,Online,,M,61.0,Salta,True,omartinez@example.org
CLI02539,2024-05-26,Tienda,T09,F,57.0,CABA,False,ignaciomolina@example.com
CLI02540,2025-01-19,Tienda,T05,F,34.0,Salta,True,thiago-nahuel48@example.org
CLI02541,2022-01-07,Online,,F,46.0,Neuquen,True,danteperez@example.org
CLI02542,2024-01-20,Tienda,T25,F,41.0,Entre Rios,False,wgimenez
CLI02543,2022-09-08,Sucursal,S15,F,50.0,Cordoba,True,urodriguez@example.com
CLI02544,2024-05-01,Tienda,T13,M,,Buenos Aires,True,alvarezjuan-pablo@example.org
CLI02545,2022-07-18,Tienda,T10,F,44.0,Santa Fe,True,luisanasuarez@example.com
CLI02546,2025-08-28,Online,,F,54.0,CABA,True,santino37@example.net
CLI02547,2025-11-24,Tienda,T08,,45.0,Entre Rios,True,morenoluz-maria@example.com
CLI02548,2024-06-02,Tienda,T13,M,54.0,CABA,True,wmartinez@example.org
CLI02549,2024-11-13,Tienda,T17,M,44.0,Santa Fe,False,aruiz@example.org
CLI02550,2024-02-02,Online,,M,42.0,Mendoza,True,asuarez@example.org
CLI02551,2025-03-18,Online,,F,57.0,Cordoba,True,thiago-joaquinquiroga@example.com
CLI02552,2024-02-01,Tienda,T18,M,57.0,Entre Rios,True,quirogaciro@example.com
CLI02553,2023-07-15,Tienda,T04,M,61.0,Santa Fe,False,palomavazquez@example.org
CLI02554,2022-06-24,Tienda,T16,M,53.0,Mendoza,True,valentino60@example.net
CLI02555,2025-09-24,Tienda,T26,M,41.0,Buenos Aires,False,lucas05@example.com
CLI02556,2024-08-06,Tienda,T12,M,46.0,Tucuman,True,nahuelramos@example.net
CLI02557,2024-07-24,Online,,M,46.0,Cordoba,False,juan-martinledesma@example.com
CLI02558,2024-12-02,Online,,F,19.0,Buenos Aires,True,odiaz@example.com
CLI02559,2025-07-31,Tienda,T20,X,,Mendoza,True,juana95@example.com
CLI02560,2023-03-05,Tienda,T28,F,,Buenos Aires,True,rodriguezsantino@example.net
CLI02561,2023-12-22,Tienda,T17,F,43.0,Mendoza,True,josefina71@example.net
CLI02562,2024-12-10,Tienda,T03,F,18.0,Mendoza,True,milena08@example.org
CLI02563,2022-02-27,Tienda,T19,M,42.0,CABA,True,iduarte@example.org
CLI02564,2025-05-13,Tienda,T08,X,46.0,Buenos Aires,False,martinezlorenzo@example.com
CLI02565,2024-10-20,Online,,F,27.0,Salta,True,yleiva@example.com
CLI02566,2023-12-28,Tienda,T17,X,76.0,Salta,True,malena91@example.com
CLI02567,2024-03-01,Tienda,T11,F,,Cordoba,False,santiagopereyra@example.org
CLI02568,2025-01-28,Online,,M,55.0,CABA,False,valentina-28
CLI02569,2024-01-02,Tienda,T24,F,41.0,Cordoba,True,cruzdelfina@example.org
CLI02570,2023-02-17,Tienda,T13,M,-3.0,Tucuman,True,bautista00@example.org
CLI02571,2022-07-22,Tienda,T27,F,56.0,Cordoba,True,godoygiovanni@example.com
CLI02572,2025-02-26,Online,,M,50.0,Entre Rios,True,benjamin20@example.net
CLI02573,2024-03-06,Tienda,T21,F,34.0,Entre Rios,True,cgutierrez@example.net
CLI02574,2025-03-18,Tienda,T26,M,,Salta,False,efernandez@example.net
CLI02575,2025-08-02,Online,,M,46.0,CABA,True,ocardozo@example.org
CLI02576,2024-10-19,Tienda,T25,M,48.0,Salta,False,santiago10
CLI02577,2022-01-23,Tienda,S03,F,29.0,Santa Fe,True,quirogaludmila@example.org
CLI02578,2022-07-22,Online,,F,47.0,Tucuman,True,icastro@example.org
CLI02579,2025-01-20,Tienda,T16,F,,Buenos Aires,True,brunogonzalez@example.com
CLI02580,2024-08-13,Sucursal,T13,F,47.0,Salta,False,catalina99@example.com
CLI02581,2025-09-01,Online,,M,46.0,CABA,True,suareztomas@example.org
CLI02582,2022-10-09,Online,,M,24.0,Neuquen,True,jazmingonzalez@example.com
CLI02583,2023-02-08,Tienda,T06,F,56.0,Cordoba,False,thiago-benjamin48@example.org
CLI02584,2022-11-21,Tienda,T27,F,54.0,Cordoba,False,vponce@example.com
CLI02585,2025-01-10,Tienda,T07,F,25.0,Mendoza,False,pedroortiz@example.org
CLI02586,2025-05-04,Tienda,T17,M,42.0,Santa Fe,True,mcabrera
CLI02587,2023-10-20,Tienda,T10,M,32.0,Cordoba,False,npaez@example.net
CLI02588,2023-09-05,Tienda,T28,M,37.0,CABA,True,sgomez@example.com
CLI02589,2022-09-18,Online,,X,57.0,Mendoza,True,ihernandez@example.net
CLI02590,2022-03-16,Online,,M,51.0,Santa Fe,True,rbarrios@example.com
CLI02591,2025-10-28,Sucursal,T19,F,71.0,Cordoba,True,enzodiaz@example.net
CLI02592,2023-06-22,Sucursal,T23,F,45.0,Tucuman,True,luca86
CLI02593,2024-09-21,Tienda,T03,M,28.0,CABA,True,agustin13@example.net
CLI02594,2022-11-18,Tienda,T02,F,45.0,Salta,True,martina82@example.net
CLI02595,2025-07-16,Tienda,T26,F,18.0,Salta,False,fgonzalez@example.net
CLI02596,2023-01-14,Tienda,T28,F,68.0,Buenos Aires,True,navarrorenata@example.com
CLI02597,2022-11-27,Online,,F,47.0,Entre Rios,True,tiziano-valentinsuarez@example.org
CLI02598,2023-03-04,Online,,M,49.0,Entre Rios,False,juan-gabriel54@example.net
CLI02599,2022-07-16,Tienda,T09,M,45.0,CABA,False,abrilsosa@example.org
CLI02600,2024-01-15,Online,,F,31.0,Cordoba,True,paezcatalina@example.net
CLI02601,2024-03-16,Tienda,T02,F,41.0,CABA,True,simon67@example.org
CLI02602,2025-02-10,Tienda,T02,F,32.0,Santa Fe,True,juan-pabloguzman@example.org
CLI02603,2025-07-13,Tienda,T23,F,,Buenos Aires,True,valentino99@example.org
CLI02604,2023-06-10,Tienda,T26,M,48.0,Salta,False,valentina-10@example.com
CLI02605,2022-03-08,Tienda,S24,M,26.0,Neuquen,True,martinezfausto@example.org
CLI02606,2023-04-21,Sucursal,T06,F,66.0,Neuquen,False,jazminrodriguez@example.org
CLI02607,2023-04-01,Tienda,T07,M,28.0,Tucuman,False,lopeznahiara-jazmin@example.net
CLI02608,2022-07-12,Online,,F,54.0,Cordoba,True,manuel56@example.net
CLI02609,2025-01-04,Tienda,T05,F,34.0,Mendoza,True,herrerajuan-ignacio@example.net
CLI02610,2023-04-23,Online,,F,25.0,Santa Fe,False,agustinahernandez@example.com
CLI02611,2025-11-28,Tienda,T02,M,48.0,Neuquen,False,bsuarez@example.com
CLI02612,2024-07-10,Tienda,T15,M,45.0,Buenos Aires,True,josefina40@example.org
CLI02613,2022-10-19,Sucursal,S04,F,39.0,Salta,True,abril09@example.net
CLI02614,2025-09-29,Online,,M,42.0,Buenos Aires,True,leonsanchez@example.org
CLI02615,2025-11-24,Online,,M,34.0,Entre Rios,False,medinaisabella@example.org
CLI02616,2022-07-28,Tienda,T16,F,-3.0,CABA,True,martinezagostina@example.com
CLI02617,2024-09-07,Sucursal,T05,M,36.0,Buenos Aires,True,agustina08@example.net
CLI02618,2023-04-21,Online,,F,42.0,Cordoba,True,ogomez@example.org
CLI02619,2022-12-07,Tienda,T01,M,58.0,Santa Fe,False,felipe55@example.net
CLI02620,2024-02-22,Online,,F,24.0,CABA,False,mateo-benjamin18
CLI02621,2025-10-11,Tienda,T26,F,34.0,Cordoba,True,zperez@example.net
CLI02622,2024-12-10,Online,,M,33.0,Entre Rios,True,renata53@example.com
CLI02623,2024-07-05,Tienda,T10,F,31.0,Salta,True,ponceuma@example.com
CLI02624,2023-03-13,Tienda,T17,M,23.0,Neuquen,True,aguirrejuan-ignacio@example.com
CLI02625,2025-08-15,Online,,F,38.0,Buenos Aires,True,simon89@example.org
CLI02626,2025-12-11,Online,,M,,Tucuman,False,thiago-leonelfranco@example.com
CLI02627,2022-11-10,Online,,F,40.0,Buenos Aires,True,benjaminfernandez@example.org
CLI02628,2022-10-11,Tienda,S01,M,20.0,Mendoza,True,pilar52@example.org
CLI02629,2025-12-22,Tienda,T04,M,51.0,Buenos Aires,True,acunagiuliana@example.com
CLI02630,2023-12-29,Tienda,T24,M,52.0,Neuquen,False,wlucero@example.com
CLI02631,2023-12-25,Tienda,T22,F,43.0,CABA,True,priscila10@example.net
CLI02632,2025-10-11,Online,,F,28.0,Salta,True,isabelmunoz@example.org
CLI02633,2022-10-28,Tienda,T17,M,30.0,Neuquen,True,orodriguez@example.org
CLI02634,2024-04-22,Online,,M,69.0,Santa Fe,True,isabella55@example.net
CLI02635,2025-05-22,Online,,F,,Neuquen,True,felipeponce@example.net
CLI02636,2024-09-07,Sucursal,T12,F,48.0,Buenos Aires,True,sdiaz@example.com
CLI02637,2022-01-22,Tienda,T23,M,12.0,Entre Rios,True,brodriguez@example.org
CLI02638,2024-09-13,Online,,M,59.0,Buenos Aires,True,tfernandez@example.org
CLI02639,2023-09-20,Tienda,T08,F,44.0,Entre Rios,True,lolagimenez@example.org
CLI02640,2022-09-15,Tienda,T08,F,65.0,Tucuman,False,molinalautaro-nicolas@example.com
CLI02641,2023-09-08,Online,,M,,Mendoza,True,poncenicolas@example.org
CLI02642,2022-03-20,Online,,F,48.0,CABA,True,valentinoramos@example.com
CLI02643,2025-09-02,Tienda,T11,F,39.0,Mendoza,True,benjaminaguirre@example.com
CLI02644,2024-08-20,Tienda,T11,F,52.0,CABA,True,guillerminacorrea@example.com
CLI02645,2025-03-27,Tienda,T06,F,33.0,Cordoba,True,isabella67@example.net
CLI02646,2022-11-14,Tienda,T14,F,54.0,Neuquen,True,ucastro@example.org
CLI02647,2024-12-29,Online,,M,36.0,Santa Fe,True,santinodiaz@example.org
CLI02648,2024-02-29,Tienda,T10,M,29.0,Salta,False,gomezdelfina
CLI02649,2025-01-20,Online,,M,49.0,Buenos Aires,True,juliana53@example.org
CLI02650,2023-12-09,Tienda,T25,M,45.0,Salta,False,simonperez@example.net
CLI02651,2022-08-02,Tienda,T01,F,18.0,Mendoza,True,thiago-agustin55@example.com
CLI02652,2024-03-12,Online,,M,41.0,CABA,True,felipefarias@example.org
CLI02653,2025-04-12,Tienda,T02,M,43.0,Buenos Aires,False,ncordoba@example.net
CLI02654,2025-09-24,Online,,M,44.0,Cordoba,True,xmunoz@example.com
CLI02655,2022-08-09,Tienda,T12,M,70.0,CABA,False,yalvarez@example.org
CLI02656,2023-04-18,Online,,F,33.0,CABA,True,mia08@example.com
CLI02657,2025-06-19,Online,,F,41.0,Cordoba,False,cgodoy@example.net
CLI02658,2023-09-13,Tienda,T17,F,132.0,Neuquen,True,valentinrivero
CLI02659,2023-12-15,Online,,F,21.0,CABA,False,ambar09@example.org
CLI02660,2023-04-26,Online,,F,34.0,Salta,True,lorenzo03@example.net
CLI02661,2022-06-10,Online,,M,40.0,Buenos Aires,True,isabella89@example.org
CLI02662,2024-02-13,Online,,M,39.0,Entre Rios,True,juan-david56@example.com
CLI02663,2022-10-22,Online,,M,50.0,Neuquen,False,pmoreno@example.org
CLI02664,2024-06-24,Tienda,T02,F,52.0,Mendoza,False,lopezjuana@example.net
CLI02665,2023-01-10,Online,,F,56.0,Salta,True,valentin26@example.net
CLI02666,2025-06-26,Online,,F,39.0,Santa Fe,False,wperez@example.net
CLI02667,2023-12-13,Online,,M,,Entre Rios,True,ruizolivia@example.com
CLI02668,2024-11-04,Tienda,T28,M,,Neuquen,True,ferreyramaximo@example.com
CLI02669,2022-02-01,Online,,M,47.0,Santa Fe,False,mateo41@example.net
CLI02670,2024-07-16,Tienda,T05,M,48.0,CABA,True,wcardozo@example.com
CLI02671,2025-01-24,Tienda,T02,F,34.0,Buenos Aires,False,mia83@example.com
CLI02672,2025-10-20,Tienda,T24,F,18.0,Cordoba,True,pazsalvador
CLI02673,2022-12-25,Tienda,T05,M,32.0,CABA,True,constantino46@example.com
CLI02674,2024-05-07,Tienda,T22,M,77.0,Cordoba,True,gonzalezsantino@example.org
CLI02675,2022-12-06,Tienda,T08,M,40.0,Santa Fe,False,torrestomas@example.net
CLI02676,2022-08-31,Tienda,T14,M,33.0,Santa Fe,True,vhernandez@example.net
CLI02677,2022-05-23,Tienda,T17,M,43.0,Cordoba,True,vegamatias@example.com
CLI02678,2025-01-20,Sucursal,T22,F,57.0,Mendoza,True,lautaro-benjamin90@example.org
CLI02679,2022-12-07,Tienda,T23,F,46.0,Cordoba,True,ramoscamila
CLI02680,2025-01-03,Tienda,T16,M,39.0,Cordoba,True,lucio52@example.net
CLI02681,2023-02-24,Tienda,T06,F,24.0,Mendoza,True,santiagocabrera@example.org
CLI02682,2025-08-25,Online,,F,37.0,CABA,True,milagrosgomez@example.org
CLI02683,2024-02-06,Tienda,T12,F,,Santa Fe,True,ojedasantino@example.net
CLI02684,2022-03-27,Tienda,T18,F,46.0,Entre Rios,True,lunaclara@example.net
CLI02685,2025-08-17,Tienda,T09,M,63.0,Mendoza,False,aguirrebautista@example.com
CLI02686,2022-03-18,Tienda,T28,F,56.0,Buenos Aires,True,joaquincabrera@example.org
CLI02687,2024-07-12,Tienda,T20,F,33.0,Santa Fe,True,palomarodriguez@example.org
CLI02688,2024-11-08,Online,,F,28.0,Salta,True,jeronimo20@example.net
CLI02689,2024-09-27,Tienda,T26,F,22.0,Salta,True,ynunez@example.com
CLI02690,2025-04-12,Tienda,T18,M,48.0,Cordoba,True,garciajuan-francisco
CLI02691,2023-05-05,Online,,M,49.0,Entre Rios,False,benjaminnunez@example.com
CLI02692,2023-07-09,Tienda,T24,F,52.0,Buenos Aires,True,quirogamalena@example.com
CLI02693,2022-07-24,Online,,M,46.0,CABA,False,luciacastillo@example.org
CLI02694,2022-07-24,Tienda,T13,F,25.0,Neuquen,False,leivacamilo
CLI02695,2024-05-13,Tienda,T16,F,18.0,Buenos Aires,False,santino03@example.net
CLI02696,2022-11-30,Tienda,T20,M,57.0,Neuquen,False,mgimenez@example.net
CLI02697,2024-05-12,Tienda,T13,M,30.0,Santa Fe,True,ian-ezequiel32@example.net
CLI02698,2022-06-06,Online,,M,68.0,CABA,True,gomezlola@example.com
CLI02699,2025-11-05,Online,,F,18.0,Buenos Aires,True,luciano-benjamingonzalez@example.net
CLI02700,2023-08-13,Tienda,T21,F,26.0,Cordoba,False,gsilva@example.com
CLI02701,2023-06-26,Online,,F,28.0,Salta,True,diazcarmela@example.org
CLI02702,2022-10-17,Online,,M,45.0,Mendoza,True,lucabenitez@example.org
CLI02703,2023-03-15,Online,,M,,Neuquen,True,abigail55@example.net
CLI02704,2022-06-04,Tienda,T24,M,34.0,Santa Fe,True,prios@example.com
CLI02705,2025-02-05,Online,,F,50.0,Salta,False,acostavalentino@example.org
CLI02706,2023-09-02,Tienda,T18,F,23.0,Neuquen,True,sanchezdelfina
CLI02707,2024-06-23,Tienda,T16,F,34.0,Santa Fe,True,aromero@example.org
CLI02708,2024-05-11,Tienda,T06,M,24.0,Cordoba,True,ponceignacio
CLI02709,2023-07-12,Online,,F,33.0,Santa Fe,True,nromero@example.org
CLI02710,2023-11-11,Sucursal,T24,M,32.0,Buenos Aires,False,qvera@example.org
CLI02711,2022-11-27,Online,,M,45.0,Cordoba,True,juanasosa@example.com
CLI02712,2024-02-05,Tienda,T25,F,132.0,Neuquen,True,xsuarez@example.org
CLI02713,2022-07-12,Online,,M,,Santa Fe,True,martinamendez@example.com
CLI02714,2023-12-11,Tienda,T07,F,38.0,Cordoba,False,yperalta@example.org
CLI02715,2023-03-23,Online,,F,51.0,Buenos Aires,True,miguel-angelsilva@example.com
CLI02716,2024-02-09,Tienda,T04,M,42.0,Tucuman,True,mirandavalentina@example.org
CLI02717,2023-09-19,Tienda,T23,M,61.0,CABA,False,herrerapedro@example.net
CLI02718,2024-02-21,Online,,F,27.0,Cordoba,False,dylan-benjamingutierrez
CLI02719,2023-09-19,Online,,F,52.0,CABA,True,juan-bautistagonzalez@example.org
CLI02720,2023-12-16,Tienda,T15,M,30.0,Entre Rios,True,xfernandez@example.com
CLI02721,2024-06-24,Tienda,T01,M,53.0,Santa Fe,True,francoluana@example.org
CLI02722,2024-08-15,Tienda,T05,F,44.0,Mendoza,False,sofia82@example.net
CLI02723,2023-05-11,Tienda,T01,,45.0,Cordoba,True,emma09@example.net
CLI02724,2025-10-21,Tienda,T27,F,33.0,Entre Rios,False,thiago-benjamin09@example.net
CLI02725,2024-01-25,Tienda,T13,M,18.0,Cordoba,True,sofia-belengonzalez@example.com
CLI02726,2023-10-26,Tienda,T07,M,26.0,Entre Rios,True,medinatiziano-valentin@example.net
CLI02727,2025-05-22,Tienda,T28,F,51.0,Tucuman,False,moragarcia@example.org
CLI02728,2022-08-16,Online,,F,38.0,Santa Fe,True,gonzalezjuana@example.net
CLI02729,2025-11-17,Online,,F,52.0,Mendoza,True,alexandersilva@example.com
CLI02730,2024-05-25,Online,,M,23.0,Mendoza,True,cordobamateo@example.net
CLI02731,2022-01-03,Tienda,T06,F,50.0,Salta,True,mia-valentinagomez@example.com
CLI02732,2024-01-18,Tienda,T03,M,55.0,Tucuman,False,benjaminlopez@example.org
CLI02733,2023-04-15,Sucursal,T15,M,18.0,Tucuman,True,carrizoemma@example.org
CLI02734,2025-06-05,Online,,F,46.0,Santa Fe,True,juan-martinrodriguez@example.org
CLI02735,2024-09-29,Online,,M,68.0,Salta,True,rosario34@example.net
CLI02736,2022-03-11,Tienda,S13,M,31.0,Buenos Aires,False,luciano-benjaminrodriguez@example.net
CLI02737,2025-02-15,Tienda,T13,F,55.0,Entre Rios,False,yrivero@example.net
CLI02738,2024-11-20,Online,,M,42.0,Mendoza,True,perezvalentino@example.net
CLI02739,2025-02-20,Online,,M,53.0,Cordoba,False,bnavarro@example.net
CLI02740,2025-01-11,Tienda,T01,F,36.0,CABA,True,figueroamia-valentina@example.com
CLI02741,2024-10-23,Tienda,T26,F,,Tucuman,True,godoyfelipe@example.com
CLI02742,2022-03-25,Online,,F,35.0,Mendoza,False,zoeflores@example.net
CLI02743,2023-07-02,Online,,F,36.0,Santa Fe,True,agustin66@example.net
CLI02744,2024-03-02,Tienda,T06,,33.0,Entre Rios,True,alexandergonzalez@example.net
CLI02745,2025-10-02,Tienda,T17,M,29.0,Buenos Aires,False,emiliagonzalez@example.net
CLI02746,2023-05-03,Tienda,T15,F,57.0,Santa Fe,False,ccarrizo@example.net
CLI02747,2023-10-04,Online,,F,33.0,Buenos Aires,False,mromero@example.net
CLI02748,2024-08-12,Online,,F,,Tucuman,True,kgonzalez@example.org
CLI02749,2023-09-21,Online,,M,28.0,Buenos Aires,True,avilajoaquin@example.com
CLI02750,2023-03-08,Tienda,T20,M,48.0,Entre Rios,True,blancodelfina@example.net
CLI02751,2022-08-31,Tienda,T13,M,,Mendoza,True,valentina-miranda@example.net
CLI02752,2022-12-09,Tienda,T14,F,48.0,Santa Fe,False,francescamartinez@example.com
CLI02753,2025-02-01,Online,,F,,Cordoba,True,sanchezjuan-cruz@example.com
CLI02754,2024-08-16,Online,,M,59.0,Tucuman,False,kiaraherrera@example.com
CLI02755,2025-03-08,Online,,F,35.0,Salta,False,eavila@example.com
CLI02756,2025-09-23,Tienda,T27,M,30.0,Mendoza,True,imartinez@example.org
CLI02757,2022-06-19,Sucursal,T27,F,,Buenos Aires,False,joaquinmaidana@example.com
CLI02758,2025-10-10,Tienda,T19,M,43.0,Salta,True,gmartinez@example.org
CLI02759,2025-05-27,Online,,M,60.0,Salta,False,lunapaloma@example.com
CLI02760,2022-02-14,Tienda,S02,F,42.0,CABA,False,violetagomez@example.net
CLI02761,2024-04-22,Online,,M,35.0,Entre Rios,False,juanasanchez@example.net
CLI02762,2024-07-27,Tienda,T02,M,23.0,Mendoza,True,medinaluz-milagros@example.org
CLI02763,2023-05-19,Tienda,T09,F,38.0,Buenos Aires,True,hortiz@example.net
CLI02764,2024-10-17,Tienda,T27,M,42.0,Entre Rios,True,moyanoagustin@example.net
CLI02765,2022-08-25,Online,,F,58.0,CABA,True,julieta46@example.net
CLI02766,2024-01-17,Online,,F,43.0,Mendoza,False,velazquezmartina@example.com
CLI02767,2023-01-04,Tienda,T22,X,60.0,Tucuman,False,gonzalezignacio@example.net
CLI02768,2024-12-04,Tienda,T16,F,59.0,Entre Rios,True,wquiroga@example.org
CLI02769,2025-06-23,Tienda,T06,M,31.0,Tucuman,True,gonzalezjuan-cruz@example.net
CLI02770,2024-10-09,Online,,,25.0,Neuquen,True,benjamingomez@example.com
CLI02771,2025-10-16,Online,,M,33.0,Cordoba,False,juanaperez@example.com
CLI02772,2024-12-18,Tienda,T17,M,38.0,Santa Fe,True,lunavictoria@example.net
CLI02773,2025-01-29,Online,,F,30.0,Cordoba,False,santiago17@example.net
CLI02774,2024-05-29,Tienda,T19,M,51.0,Tucuman,True,santino-benjaminpaz@example.net
CLI02775,2024-12-20,Tienda,T23,M,51.0,Salta,True,palomacastillo@example.com
CLI02776,2022-03-10,Online,,M,58.0,Santa Fe,True,benjaminbenitez@example.net
CLI02777,2025-01-07,Online,,F,45.0,Tucuman,True,joaquin16@example.org
CLI02778,2025-08-18,Tienda,T20,M,35.0,Neuquen,True,vmartinez@example.org
CLI02779,2024-02-10,Tienda,T15,M,47.0,Entre Rios,True,pquiroga@example.org
CLI02780,2023-03-28,Tienda,T13,F,29.0,Entre Rios,True,malena64
CLI02781,2023-07-05,Tienda,T08,,44.0,Tucuman,False,vicente97@example.net
CLI02782,2022-08-07,Online,,F,31.0,CABA,True,josefina73@example.net
CLI02783,2023-04-12,Tienda,T19,F,58.0,Mendoza,False,gomezluna
CLI02784,2022-03-28,Tienda,T17,M,18.0,Cordoba,True,ocastillo
CLI02785,2022-03-26,Tienda,T03,M,53.0,Cordoba,True,zoe-jazmin72@example.com
CLI02786,2022-12-13,Online,,M,54.0,Tucuman,True,santino-nicolas17@example.com
CLI02787,2022-11-06,Online,,,132.0,Mendoza,False,pilarsuarez@example.net
CLI02788,2023-12-01,Online,,M,,Salta,True,rodriguezmateo-benjamin@example.net
CLI02789,2022-10-23,Online,,F,44.0,Tucuman,True,juan-ignacio43@example.net
CLI02790,2024-10-22,Tienda,T19,M,60.0,Entre Rios,False,lgutierrez@example.com
CLI02791,2024-02-04,Tienda,T09,M,65.0,Tucuman,True,dramirez@example.com
CLI02792,2022-07-22,Online,,M,,Salta,False,juana22@example.org
CLI02793,2025-12-19,Tienda,T21,F,64.0,Neuquen,False,salvadorgonzalez@example.org
CLI02794,2022-04-13,Sucursal,T22,F,32.0,CABA,True,alvaro12@example.net
CLI02795,2022-09-12,Tienda,T10,M,47.0,Mendoza,False,olivia94@example.org
CLI02796,2023-05-08,Sucursal,T12,M,48.0,CABA,True,sol67@example.org
CLI02797,2023-10-04,Online,,M,,Mendoza,True,lucia-05@example.org
CLI02798,2022-09-25,Tienda,T07,M,46.0,Tucuman,True,mia-jazmin13@example.com
CLI02799,2022-05-05,Tienda,T08,M,32.0,Salta,True,salvadorayala@example.net
CLI02800,2023-12-20,Online,,M,53.0,Cordoba,True,guadalupe37@example.org
CLI02801,2023-02-21,Online,,F,29.0,Tucuman,False,mescobar@example.net
CLI02802,2025-12-30,Tienda,T06,M,18.0,CABA,True,olivia20@example.net
CLI02803,2023-03-25,Tienda,T11,F,23.0,CABA,True,vazquezalma@example.com
CLI02804,2025-06-08,Tienda,T12,M,,CABA,False,fernandezvioleta@example.com
CLI02805,2024-06-19,Tienda,T08,F,46.0,Mendoza,True,rrios@example.com
CLI02806,2023-01-15,Online,,F,,Cordoba,True,uma-97@example.net
CLI02807,2023-12-26,Tienda,T03,F,31.0,CABA,True,zgonzalez@example.net
CLI02808,2025-09-28,Tienda,T23,M,53.0,Tucuman,True,guadalupe27@example.net
CLI02809,2024-02-20,Online,,F,34.0,Neuquen,True,martinvioleta
CLI02810,2022-11-22,Tienda,T20,F,38.0,Tucuman,True,luciana53@example.org
CLI02811,2023-02-27,Sucursal,T11,F,55.0,Mendoza,True,lucio90@example.org
CLI02812,2024-12-25,Tienda,T13,F,39.0,Tucuman,False,lunabenjamin@example.net
CLI02813,2023-05-03,Online,,M,,Tucuman,True,almamedina@example.org
CLI02814,2024-09-19,Tienda,T09,F,51.0,Mendoza,True,lcabrera@example.org
CLI02815,2024-01-01,Tienda,T10,F,41.0,Buenos Aires,True,gomezfranco@example.com
CLI02816,2023-06-21,Online,,F,36.0,CABA,True,joaquin01@example.com
CLI02817,2023-02-21,Online,,M,60.0,Cordoba,True,milagros29@example.org
CLI02818,2025-02-28,Sucursal,T24,F,33.0,Entre Rios,True,josefina52@example.net
CLI02819,2024-01-11,Online,,F,51.0,CABA,True,renata02@example.com
CLI02820,2023-04-19,Online,,F,43.0,CABA,True,lgomez@example.org
CLI02821,2022-03-22,Tienda,T22,F,78.0,Salta,True,lautarosanchez@example.net
CLI02822,2023-03-18,Online,,F,18.0,CABA,True,gonzalezfelipe@example.net
CLI02823,2025-02-25,Online,,F,44.0,CABA,True,amparoavila@example.net
CLI02824,2024-09-12,Online,,X,46.0,Cordoba,True,alma-valentinacaceres@example.com
CLI02825,2023-11-14,Online,,F,57.0,Cordoba,True,juan-davidescobar@example.net
CLI02826,2025-01-13,Tienda,T27,M,36.0,Buenos Aires,False,beniciocastillo@example.org
CLI02827,2024-05-20,Tienda,T05,F,33.0,Entre Rios,True,rodriguezfrancesco@example.net
CLI02828,2023-09-15,Online,,F,61.0,Neuquen,False,almaluna@example.com
CLI02829,2024-02-27,Tienda,T06,M,36.0,Santa Fe,True,jpereyra@example.net
CLI02830,2025-07-26,Online,,M,45.0,Salta,True,francesca24@example.net
CLI02831,2022-09-17,Tienda,S27,M,41.0,Cordoba,True,felipesanchez@example.net
CLI02832,2024-07-15,Tienda,T18,F,47.0,Tucuman,False,valentin55@example.net
CLI02833,2022-04-08,Tienda,T16,F,23.0,Santa Fe,True,joaquincampos@example.com
CLI02834,2022-09-17,Tienda,T03,M,34.0,Buenos Aires,False,thiago-nicolassanchez@example.net
CLI02835,2022-11-21,Tienda,T21,M,41.0,Salta,True,ebenitez
CLI02836,2024-03-25,Online,,F,43.0,Entre Rios,True,wrios@example.net
CLI02837,2024-09-16,Tienda,T27,M,57.0,CABA,True,ypaz
CLI02838,2022-04-30,Tienda,T28,F,-3.0,Buenos Aires,False,mansillaleon@example.org
CLI02839,2025-12-01,Tienda,T08,M,50.0,Mendoza,True,tiziano-valentinaguirre
CLI02840,2024-03-22,Tienda,T10,M,41.0,Entre Rios,True,miaperez@example.com
CLI02841,2023-10-20,Tienda,T10,F,59.0,Entre Rios,False,joaquin68@example.org
CLI02842,2024-05-09,Online,,F,33.0,CABA,True,franciscogonzalez@example.org
CLI02843,2024-10-10,Online,,M,40.0,Entre Rios,True,juan31
CLI02844,2025-07-05,Tienda,T11,F,21.0,Buenos Aires,True,juan-davidcastro@example.net
CLI02845,2022-03-25,Online,,F,27.0,Tucuman,True,lorenzocastro@example.org
CLI02846,2023-07-18,Tienda,T03,M,53.0,Neuquen,False,gomezjazmin@example.net
CLI02847,2025-07-21,Online,,F,41.0,Entre Rios,True,gaelbenitez@example.com
CLI02848,2022-12-11,Sucursal,T13,M,18.0,Cordoba,True,lola08@example.com
CLI02849,2023-02-10,Online,,M,41.0,Mendoza,True,ignacio44@example.com
CLI02850,2025-10-16,Online,,M,38.0,Cordoba,True,zojeda@example.net
CLI02851,2025-07-26,Tienda,T09,M,26.0,Buenos Aires,False,utorres@example.com
CLI02852,2023-04-30,Tienda,T06,F,46.0,Mendoza,False,santino80@example.net
CLI02853,2024-03-03,Online,,M,,Buenos Aires,True,emiliaramirez@example.com
CLI02854,2025-09-29,Online,,F,42.0,Entre Rios,True,lopezmanuel@example.net
CLI02855,2023-10-06,Tienda,T07,M,55.0,CABA,True,juan-martin33@example.com
CLI02856,2024-09-10,Tienda,T10,F,33.0,Salta,False,kflores
CLI02857,2023-08-19,Tienda,T26,M,56.0,Neuquen,True,catalina46@example.com
CLI02858,2022-09-11,Tienda,T15,F,38.0,Buenos Aires,True,garciasol@example.com
CLI02859,2023-08-14,Tienda,T11,M,38.0,Buenos Aires,True,dante44@example.org
CLI02860,2022-05-11,Tienda,T27,F,59.0,Salta,True,maidanaagustin
CLI02861,2025-03-24,Tienda,T20,M,47.0,Mendoza,True,julieta27@example.net
CLI02862,2025-04-23,Online,,M,36.0,Neuquen,True,navarromia@example.org
CLI02863,2024-05-11,Online,,M,40.0,Tucuman,True,dromero@example.com
CLI02864,2023-04-11,Tienda,T01,F,,Mendoza,False,medinalautaro@example.net
CLI02865,2024-02-03,Online,,F,21.0,Salta,False,ylopez@example.net
CLI02866,2022-01-21,Tienda,T24,M,51.0,Entre Rios,True,rodriguezjuan-cruz@example.com
CLI02867,2022-11-21,Sucursal,T16,M,41.0,Santa Fe,True,kponce@example.org
CLI02868,2024-10-01,Online,,,23.0,Entre Rios,False,constanzaquiroga@example.org
CLI02869,2023-02-17,Tienda,T28,M,28.0,Tucuman,False,smolina@example.org
CLI02870,2023-05-29,Online,,F,53.0,Salta,True,ema54@example.org
CLI02871,2024-02-07,Tienda,T13,F,24.0,Salta,False,benjamingutierrez@example.org
CLI02872,2022-07-24,Online,,M,71.0,Buenos Aires,True,mateo35@example.org
CLI02873,2024-02-04,Online,,F,26.0,CABA,True,juan-francisco04@example.net
CLI02874,2022-11-26,Sucursal,T22,M,44.0,CABA,True,thiago05@example.net
CLI02875,2022-07-03,Online,,F,18.0,Mendoza,True,jcorrea@example.org
CLI02876,2024-02-03,Tienda,T23,M,40.0,Neuquen,False,diazjoaquin@example.net
CLI02877,2025-08-04,Tienda,T16,M,34.0,Salta,True,tramirez@example.org
CLI02878,2023-07-27,Tienda,T14,M,48.0,Entre Rios,False,mansillaflorencia@example.org
CLI02879,2022-08-12,Tienda,T08,F,44.0,Salta,True,olivia26
CLI02880,2023-11-05,Online,,F,37.0,Entre Rios,True,avilathiago-joaquin@example.net
CLI02881,2024-07-25,Tienda,T14,M,71.0,CABA,True,pvera@example.org
CLI02882,2024-08-28,Online,,M,52.0,CABA,False,rafaelcruz@example.org
CLI02883,2022-05-02,Tienda,T06,F,,Tucuman,True,nfernandez@example.net
CLI02884,2023-02-16,Online,,M,46.0,Cordoba,False,drodriguez@example.net
CLI02885,2024-07-01,Tienda,T22,M,18.0,Cordoba,True,zvargas@example.net
CLI02886,2024-03-13,Online,,X,33.0,Neuquen,True,renatalopez@example.com
CLI02887,2022-03-01,Online,,F,58.0,Neuquen,True,pedrorodriguez@example.net
CLI02888,2024-06-26,Online,,M,33.0,Tucuman,False,oliveraangelina@example.org
CLI02889,2024-09-29,Tienda,T22,,43.0,Tucuman,True,fernandezabigail@example.com
CLI02890,2023-07-16,Tienda,T25,F,25.0,Entre Rios,True,diazmartina@example.net
CLI02891,2024-05-27,Tienda,T28,M,52.0,Buenos Aires,True,lolarodriguez@example.org
CLI02892,2024-05-02,Tienda,T18,M,43.0,Tucuman,True,rodriguezrenata@example.com
CLI02893,2022-02-17,Tienda,T18,M,41.0,Salta,True,facundo64@example.net
CLI02894,2023-03-29,Online,,F,54.0,CABA,True,ayalafrancesca@example.net
CLI02895,2024-02-22,Online,,M,,Neuquen,True,rafael05@example.com
CLI02896,2024-10-08,Tienda,T03,F,,Neuquen,False,lpaez@example.com
CLI02897,2022-02-22,Tienda,T17,F,18.0,Entre Rios,True,rodriguezfederico@example.org
CLI02898,2022-02-15,Tienda,T02,F,46.0,Salta,True,martinezlautaro-nahuel@example.org
CLI02899,2025-01-28,Tienda,T02,M,,Salta,True,oleiva@example.org
CLI02900,2024-09-28,Tienda,T03,M,25.0,Salta,False,macosta@example.com
CLI02901,2025-09-06,Tienda,T15,M,18.0,CABA,False,ogarcia@example.com
CLI02902,2023-02-18,Online,,M,35.0,Mendoza,False,egomez@example.org
CLI02903,2025-10-18,Tienda,T17,M,37.0,Santa Fe,False,sosaluciano-benjamin@example.net
CLI02904,2025-10-21,Online,,F,40.0,Cordoba,False,salvarez@example.com
CLI02905,2023-11-04,Online,,M,30.0,Entre Rios,True,zrodriguez@example.net
CLI02906,2024-04-17,Tienda,T25,M,43.0,Tucuman,True,enzo27@example.net
CLI02907,2025-06-22,Online,,M,45.0,Santa Fe,False,ortizian@example.org
CLI02908,2025-11-15,Tienda,T26,F,37.0,Entre Rios,True,lsuarez@example.net
CLI02909,2025-02-12,Tienda,T10,F,46.0,CABA,True,mirandamalena@example.net
CLI02910,2024-11-09,Online,,M,,Tucuman,True,helena68@example.net
CLI02911,2023-07-22,Tienda,T15,M,19.0,Santa Fe,True,priscila73@example.org
CLI02912,2023-01-01,Online,,M,41.0,Neuquen,True,bautistagutierrez@example.org
CLI02913,2022-07-04,Online,,M,53.0,Entre Rios,False,isabellafranco@example.com
CLI02914,2023-06-06,Tienda,T22,F,78.0,Mendoza,False,martinacastillo@example.net
CLI02915,2025-04-12,Online,,M,18.0,Entre Rios,True,pfernandez@example.net
CLI02916,2025-10-08,Online,,F,,Cordoba,False,franciscotoledo@example.net
CLI02917,2023-03-19,Sucursal,T28,F,28.0,Buenos Aires,True,genarolopez@example.org
CLI02918,2024-07-12,Tienda,T22,M,44.0,Buenos Aires,True,aojeda@example.org
CLI02919,2024-12-24,Tienda,T27,F,28.0,Tucuman,True,gonzalezalma-valentina@example.net
CLI02920,2022-01-01,Tienda,S25,F,42.0,Mendoza,False,benjamingomez@example.net
CLI02921,2024-02-27,Online,,M,54.0,Santa Fe,True,godoyjoaquin@example.net
CLI02922,2025-03-04,Tienda,T01,M,30.0,Tucuman,True,luciano-benjaminmaldonado@example.net
CLI02923,2024-12-14,Tienda,T19,M,40.0,Cordoba,False,icastro@example.org
CLI02924,2024-10-12,Tienda,T28,F,63.0,Santa Fe,True,matias41@example.net
CLI02925,2025-12-15,Tienda,T21,M,53.0,Entre Rios,True,romerociro@example.org
CLI02926,2025-12-04,Tienda,T23,M,18.0,Entre Rios,True,usosa@example.net
CLI02927,2022-12-22,Tienda,S20,M,70.0,Tucuman,False,juan-francisco42@example.com
CLI02928,2022-05-09,Tienda,S17,X,31.0,CABA,False,kgomez@example.org
CLI02929,2025-06-21,Tienda,T12,M,45.0,Santa Fe,False,camilorodriguez@example.com
CLI02930,2023-06-24,Tienda,T09,M,,Cordoba,True,delfinacastro@example.net
CLI02931,2025-05-12,Tienda,T22,M,34.0,Salta,True,juan-cruzmartinez@example.org
CLI02932,2024-11-23,Tienda,T07,,31.0,Santa Fe,True,martina00@example.org
CLI02933,2022-01-27,Online,,M,49.0,Neuquen,False,facundo77@example.org
CLI02934,2022-05-07,Sucursal,T09,M,30.0,Mendoza,False,maximilianoojeda@example.com
CLI02935,2024-12-30,Online,,F,23.0,Tucuman,True,pilarvargas@example.net
CLI02936,2023-09-25,Online,,M,33.0,Tucuman,True,facundo06@example.net
CLI02937,2025-11-24,Tienda,T27,M,41.0,Cordoba,True,oliviacastillo@example.org
CLI02938,2024-03-06,Sucursal,T21,,18.0,Cordoba,True,gomezjoaquin@example.net
CLI02939,2022-09-22,Tienda,S13,F,,Salta,True,mpaez@example.org
CLI02940,2023-10-16,Online,,F,31.0,CABA,True,tgodoy@example.net
CLI02941,2022-07-18,Online,,F,51.0,Tucuman,True,qcastro@example.org
CLI02942,2023-02-08,Tienda,T10,F,60.0,CABA,True,ciroalvarez@example.net
CLI02943,2024-05-23,Online,,M,45.0,Buenos Aires,True,riosambar@example.net
CLI02944,2022-05-23,Tienda,T11,F,48.0,Tucuman,True,mdiaz@example.org
CLI02945,2025-09-18,Tienda,T15,F,,Salta,True,pilargarcia@example.net
CLI02946,2023-02-09,Tienda,T11,F,31.0,Tucuman,True,yaguirre@example.com
CLI02947,2022-05-13,Tienda,T11,M,18.0,Neuquen,True,oliviaacosta@example.com
CLI02948,2025-11-08,Online,,F,38.0,CABA,False,martinezezequiel
CLI02949,2025-09-28,Tienda,T25,F,33.0,Entre Rios,False,rodriguezfrancisca@example.org
CLI02950,2023-09-06,Online,,F,18.0,CABA,True,valentinaperalta@example.com
CLI02951,2024-01-15,Online,,M,45.0,Neuquen,True,thiago-ezequielcoronel@example.com
CLI02952,2022-01-11,Tienda,T08,M,,Santa Fe,True,rodriguezsantiago-benjamin@example.com
CLI02953,2022-10-20,Online,,F,47.0,Entre Rios,True,valentinaleiva@example.com
CLI02954,2022-11-12,Tienda,T04,F,57.0,CABA,True,isabellapaez@example.com
CLI02955,2022-03-15,Sucursal,T21,M,37.0,Neuquen,True,beniciososa@example.com
CLI02956,2023-12-28,Tienda,T04,M,27.0,Mendoza,True,guadalupe49@example.net
CLI02957,2023-11-12,Tienda,T26,F,42.0,CABA,True,romerolisandro@example.net
CLI02958,2025-07-04,Tienda,T19,M,36.0,Salta,True,salvarez@example.org
CLI02959,2022-10-22,Online,,F,25.0,Santa Fe,True,fgarcia@example.org
CLI02960,2022-09-17,Online,,F,55.0,Cordoba,True,juan-ignacioacosta@example.org
CLI02961,2023-03-13,Sucursal,T11,,43.0,Salta,True,catalina50@example.com
CLI02962,2024-12-30,Tienda,T13,F,32.0,CABA,True,ignaciofernandez@example.net
CLI02963,2023-05-05,Tienda,T03,M,44.0,Entre Rios,True,jazmin41@example.net
CLI02964,2024-02-01,Online,,F,39.0,Mendoza,True,thiago-gabriel33@example.org
CLI02965,2022-08-21,Tienda,T16,F,50.0,Entre Rios,True,itorres@example.net
CLI02966,2022-04-15,Online,,M,63.0,Santa Fe,True,thiago-ezequielcabrera@example.com
CLI02967,2025-09-30,Sucursal,T27,M,32.0,Tucuman,True,valentino40@example.com
CLI02968,2025-08-21,Tienda,T01,M,24.0,Buenos Aires,True,xramirez@example.net
CLI02969,2025-05-03,Online,,M,60.0,Mendoza,True,santino-nicolasromero@example.com
CLI02970,2025-02-06,Tienda,T04,M,74.0,Buenos Aires,True,lgomez@example.org
CLI02971,2023-01-17,Online,,M,32.0,Tucuman,True,ablanco@example.net
CLI02972,2025-03-06,Tienda,T06,F,28.0,CABA,True,ucaceres@example.org
CLI02973,2025-03-21,Online,,,24.0,Tucuman,True,avilaisabella@example.com
CLI02974,2022-07-16,Tienda,T02,M,41.0,Mendoza,True,guadalupe84@example.com
CLI02975,2022-06-06,Tienda,S19,F,42.0,Salta,True,thiagogomez@example.com
CLI02976,2023-09-01,Online,,F,37.0,CABA,True,julieta59@example.org
CLI02977,2024-11-10,Sucursal,T19,F,53.0,Cordoba,False,zfernandez@example.net
CLI02978,2023-07-12,Tienda,T21,F,30.0,Neuquen,False,bcoronel@example.com
CLI02979,2023-05-28,Online,,M,33.0,CABA,True,rojasbenjamin@example.net
CLI02980,2025-09-10,Tienda,T01,M,23.0,Entre Rios,False,benjamin27@example.com
CLI02981,2025-01-12,Tienda,T11,M,60.0,Salta,True,riospedro@example.com
CLI02982,2024-03-12,Tienda,T12,M,56.0,Neuquen,False,molinagenaro@example.net
CLI02983,2024-03-23,Tienda,T01,M,59.0,Cordoba,True,sacosta@example.com
CLI02984,2025-07-16,Tienda,T06,,29.0,Neuquen,False,hsanchez@example.com
CLI02985,2022-02-27,Online,,F,60.0,Tucuman,True,pedro48
CLI02986,2023-01-05,Tienda,T09,M,45.0,Santa Fe,False,joaquingonzalez
CLI02987,2024-01-15,Tienda,T24,F,51.0,Entre Rios,False,fernandezjulia@example.net
CLI02988,2023-04-20,Online,,M,49.0,Buenos Aires,True,morenavazquez@example.org
CLI02989,2023-05-25,Tienda,T07,M,37.0,CABA,True,rnavarro@example.net
CLI02990,2024-02-05,Tienda,T01,F,39.0,Tucuman,False,gonzalezian@example.org
CLI02991,2024-07-24,Tienda,T21,F,20.0,Mendoza,False,joaquin11@example.net
CLI02992,2023-09-18,Tienda,T12,F,33.0,Cordoba,True,thiago-agustinarias@example.org
CLI02993,2022-02-01,Online,,F,38.0,Mendoza,True,agueromanuel@example.com
CLI02994,2023-08-15,Online,,M,25.0,Buenos Aires,True,julieta84@example.net
CLI02995,2025-11-06,Online,,F,43.0,Tucuman,False,lola78@example.org
CLI02996,2023-05-25,Tienda,T14,M,59.0,Entre Rios,False,gonzalezmatias@example.com
CLI02997,2024-01-11,Tienda,T27,F,34.0,Salta,False,lgonzalez@example.org
CLI02998,2023-07-09,Tienda,T27,F,,Entre Rios,True,catalinamartinez@example.com
CLI02999,2023-08-02,Online,,M,-3.0,Salta,True,ambarmartinez@example.org
CLI03000,2024-08-05,Sucursal,T18,,44.0,Buenos Aires,True,amparo34@example.net
CLI03001,2025-01-22,Tienda,T01,M,66.0,Mendoza,False,mateoojeda@example.com
CLI03002,2022-03-13,Tienda,S19,M,43.0,Mendoza,True,xsosa@example.org
CLI03003,2024-07-20,Online,,M,42.0,Salta,True,kdiaz@example.com
CLI03004,2022-10-14,Tienda,T06,F,24.0,Santa Fe,False,gutierrezjuan-manuel@example.org
CLI03005,2024-10-25,Online,,,46.0,Buenos Aires,True,vegabenjamin@example.com
CLI03006,2023-06-01,Tienda,T03,M,50.0,Cordoba,False,fgonzalez@example.net
CLI03007,2022-06-16,Online,,M,36.0,Entre Rios,True,juan-martin70@example.org
CLI03008,2023-03-02,Online,,F,,Salta,False,lopeztomas@example.org
CLI03009,2023-01-24,Online,,M,32.0,Mendoza,True,diazsimon@example.net
CLI03010,2024-02-16,Tienda,T26,M,51.0,Neuquen,False,thiagoferreyra@example.org
CLI03011,2022-05-01,Tienda,T14,,60.0,CABA,True,ccardozo@example.com
CLI03012,2024-10-12,Tienda,T06,F,46.0,Santa Fe,True,camila06@example.com
CLI03013,2024-02-17,Online,,M,48.0,Neuquen,True,gvelazquez@example.net
CLI03014,2023-07-20,Online,,M,42.0,Cordoba,False,mateoramirez@example.org
CLI03015,2023-07-14,Online,,M,32.0,Neuquen,True,maria-victoriaponce@example.com
CLI03016,2024-02-06,Tienda,T22,F,30.0,Buenos Aires,True,thiago-lionelgonzalez@example.org
CLI03017,2022-02-17,Tienda,T19,M,36.0,Tucuman,False,wrodriguez@example.com
CLI03018,2023-09-24,Tienda,T25,M,43.0,CABA,False,julianmedina@example.org
CLI03019,2025-08-08,Online,,F,41.0,Santa Fe,True,gcarrizo
CLI03020,2023-10-13,Online,,F,55.0,Mendoza,True,sosaagustina@example.org
CLI03021,2023-05-08,Tienda,T06,F,52.0,Buenos Aires,False,santino44@example.net
CLI03022,2024-10-03,Tienda,T06,M,62.0,Tucuman,True,santino-benjaminlopez@example.org
CLI03023,2024-07-26,Tienda,T02,M,52.0,Mendoza,True,cabrerajuan-martin@example.org
CLI03024,2024-06-08,Tienda,T17,,,Buenos Aires,True,julia20@example.org
CLI03025,2024-12-06,Online,,M,43.0,Mendoza,True,nicolasmiranda@example.org
CLI03026,2022-09-06,Online,,F,,Salta,True,fernandezabril@example.net
CLI03027,2025-02-13,Online,,F,65.0,Buenos Aires,True,sotovictoria@example.org
CLI03028,2022-08-23,Sucursal,T28,F,33.0,Salta,True,alma-valentinasanchez@example.com
CLI03029,2023-10-09,Online,,F,36.0,Neuquen,True,victoria09@example.net
CLI03030,2023-04-02,Tienda,T26,M,67.0,Salta,False,almaacuna@example.net
CLI03031,2024-05-24,Online,,M,26.0,Tucuman,True,gutierrezalma@example.com
CLI03032,2025-06-16,Sucursal,T25,F,33.0,Buenos Aires,True,munozzoe-valentina@example.org
CLI03033,2025-01-29,Online,,F,40.0,Neuquen,True,mruiz@example.com
CLI03034,2024-12-26,Tienda,T28,M,33.0,Buenos Aires,True,rodriguezantonella@example.org
CLI03035,2023-09-12,Online,,M,43.0,Salta,True,guillerminacarrizo@example.net
CLI03036,2023-08-18,Online,,F,45.0,Entre Rios,True,emma04@example.org
CLI03037,2024-04-25,Tienda,T26,F,50.0,Mendoza,True,luca53@example.org
CLI03038,2023-12-02,Tienda,T06,M,40.0,Neuquen,True,juan-cruz41@example.org
CLI03039,2024-07-20,Tienda,T25,M,51.0,CABA,False,ogomez@example.com
CLI03040,2025-01-29,Tienda,T24,F,37.0,Buenos Aires,True,maria-pazsanchez
CLI03041,2022-08-28,Tienda,T02,F,50.0,Neuquen,True,fernandezjuan-pablo@example.net
CLI03042,2024-02-01,Tienda,T19,M,58.0,Mendoza,True,biancamolina@example.com
CLI03043,2023-01-17,Tienda,T24,F,18.0,Salta,True,antoniaaguirre@example.org
CLI03044,2023-01-02,Tienda,T17,F,38.0,Cordoba,False,ngonzalez@example.org
CLI03045,2025-12-18,Tienda,T08,M,44.0,Santa Fe,True,sgonzalez@example.com
CLI03046,2022-11-22,Online,,M,18.0,CABA,False,agustingutierrez@example.org
CLI03047,2023-02-18,Online,,M,18.0,Entre Rios,True,juana04@example.com
CLI03048,2023-06-21,Sucursal,T18,F,46.0,Santa Fe,True,bautistabarrios@example.net
CLI03049,2022-10-25,Online,,F,32.0,Mendoza,False,isabellacastillo@example.com
CLI03050,2022-09-18,Online,,F,52.0,Neuquen,True,kmaidana@example.com
CLI03051,2023-11-19,Online,,F,41.0,Santa Fe,True,juan-ignacio63@example.com
CLI03052,2025-11-20,Tienda,T12,M,41.0,Santa Fe,True,silvajulian@example.com
CLI03053,2022-10-20,Tienda,T13,M,36.0,Entre Rios,True,dante11@example.net
CLI03054,2025-04-24,Tienda,T07,F,43.0,Santa Fe,True,xdiaz@example.org
CLI03055,2025-12-14,Online,,F,,Cordoba,True,camilaarias
CLI03056,2023-06-26,Tienda,T28,,34.0,Salta,True,agustincastro@example.net
CLI03057,2024-09-06,Online,,M,52.0,Buenos Aires,False,maidanafacundo@example.org
CLI03058,2022-06-11,Online,,M,38.0,Tucuman,True,munozvalentin@example.org
CLI03059,2025-11-20,Online,,F,,Buenos Aires,False,tomas29
CLI03060,2025-07-16,Online,,F,41.0,Santa Fe,True,lopezagostina@example.com
CLI03061,2025-07-10,Tienda,T12,F,37.0,Santa Fe,True,luciano58@example.net
CLI03062,2025-01-06,Online,,F,28.0,Salta,True,santiago23@example.org
CLI03063,2023-06-08,Sucursal,T14,M,53.0,CABA,True,diazluna@example.com
CLI03064,2025-03-16,Tienda,T19,M,,Mendoza,False,juan-ignaciopaez@example.com
CLI03065,2024-12-22,Online,,M,47.0,Santa Fe,True,enunez@example.com
CLI03066,2024-08-05,Tienda,T08,F,20.0,Entre Rios,False,lopezjuan-pablo@example.com
CLI03067,2023-02-21,Tienda,T04,F,45.0,Cordoba,True,martinaponce@example.org
CLI03068,2023-09-24,Tienda,T18,M,47.0,Tucuman,True,thiago-benjaminramirez
CLI03069,2024-06-05,Online,,F,32.0,Santa Fe,False,morena25@example.org
CLI03070,2023-10-05,Online,,X,19.0,Buenos Aires,False,rodriguezluz-milagros@example.net
CLI03071,2023-09-24,Tienda,T03,M,39.0,Cordoba,False,romerovalentino@example.com
CLI03072,2022-01-06,Tienda,T21,F,43.0,Buenos Aires,False,maria-paz15@example.org
CLI03073,2025-01-29,Online,,F,34.0,CABA,False,moralesmartina@example.com
CLI03074,2024-09-15,Online,,M,32.0,Tucuman,True,benitezfranco@example.org
CLI03075,2025-11-25,Online,,F,54.0,Salta,False,carrizofrancesco@example.com
CLI03076,2022-12-07,Tienda,T06,F,40.0,Neuquen,True,mansillajoaquin@example.com
CLI03077,2024-01-12,Online,,F,36.0,Neuquen,True,gonzalezmanuel@example.net
CLI03078,2022-12-15,Tienda,S07,F,53.0,Tucuman,False,lisandrocastro@example.com
CLI03079,2023-12-30,Online,,F,41.0,Mendoza,True,carrizolorenzo@example.net
CLI03080,2023-12-19,Tienda,T03,F,,Salta,True,bcardozo@example.org
CLI03081,2022-08-02,Online,,F,53.0,CABA,True,bautista-benjaminruiz@example.org
CLI03082,2024-12-31,Online,,M,36.0,Santa Fe,True,feliperojas@example.org
CLI03083,2025-08-29,Online,,X,54.0,Santa Fe,True,wrodriguez@example.net
CLI03084,2024-12-26,Online,,F,32.0,CABA,False,ruizthiago-joaquin@example.net
CLI03085,2024-04-01,Online,,M,46.0,Neuquen,False,emilia00@example.net
CLI03086,2022-01-23,Online,,M,59.0,Salta,True,nlopez@example.org
CLI03087,2023-07-25,Online,,F,48.0,Mendoza,True,sosaluisina@example.org
CLI03088,2023-07-22,Tienda,T06,F,48.0,Entre Rios,True,perezmanuel@example.net
CLI03089,2022-12-23,Online,,M,48.0,Santa Fe,True,abrilgimenez@example.org
CLI03090,2024-08-19,Sucursal,T20,F,53.0,Santa Fe,False,ydiaz@example.org
CLI03091,2023-04-16,Online,,M,43.0,Santa Fe,True,santinolopez@example.com
CLI03092,2023-12-27,Tienda,T23,M,48.0,Salta,True,valentinofernandez@example.org
CLI03093,2022-03-04,Tienda,T08,M,38.0,Mendoza,True,angel-gabrielfernandez@example.net
CLI03094,2025-09-14,Online,,F,,Tucuman,True,lautarocordoba@example.org
CLI03095,2023-06-16,Tienda,T11,M,29.0,Santa Fe,True,maidanaisabella@example.org
CLI03096,2024-11-04,Online,,F,53.0,Neuquen,False,esosa@example.com
CLI03097,2025-05-10,Tienda,T11,F,28.0,Buenos Aires,True,egodoy@example.net
CLI03098,2023-01-31,Online,,M,49.0,Cordoba,False,juan-cruz48@example.org
CLI03099,2022-12-11,Online,,M,60.0,CABA,True,uaguirre@example.net
CLI03100,2022-09-17,Tienda,T01,M,26.0,Neuquen,True,guillerminagimenez@example.com
CLI03101,2023-09-04,Tienda,T16,F,66.0,Mendoza,True,kcoronel@example.org
CLI03102,2022-09-26,Tienda,T06,F,28.0,Salta,True,plopez@example.com
CLI03103,2025-04-16,Online,,M,30.0,Salta,False,oliviasosa@example.com
CLI03104,2024-06-12,Online,,F,46.0,Buenos Aires,True,martin84@example.org
CLI03105,2023-06-07,Online,,M,26.0,Salta,True,federico40@example.org
CLI03106,2024-05-28,Online,,M,55.0,CABA,True,fgonzalez@example.com
CLI03107,2024-11-11,Tienda,T28,F,48.0,Santa Fe,True,joaquinanunez@example.net
CLI03108,2022-07-25,Online,,F,,Salta,False,mtorres@example.org
CLI03109,2025-02-01,Online,,M,22.0,Salta,True,luciojuarez@example.net
CLI03110,2025-05-23,Online,,M,31.0,Mendoza,True,hdominguez@example.org
CLI03111,2023-09-03,Tienda,T17,M,47.0,Tucuman,True,escobarangel-gabriel@example.org
CLI03112,2023-11-02,Online,,F,27.0,CABA,False,julian94@example.com
CLI03113,2022-04-11,Tienda,T02,F,31.0,Salta,True,martin21@example.org
CLI03114,2023-07-28,Tienda,T22,F,50.0,Santa Fe,True,ibenitez@example.com
CLI03115,2025-03-10,Tienda,T13,M,28.0,Entre Rios,True,diazvalentina@example.com
CLI03116,2023-06-09,Tienda,T12,F,45.0,Tucuman,True,morena-jazminescobar@example.com
CLI03117,2023-07-31,Online,,F,22.0,Salta,True,aguerolisandro@example.org
CLI03118,2022-10-09,Online,,M,55.0,Mendoza,True,lautarogomez@example.net
CLI03119,2025-05-04,Tienda,T21,F,61.0,CABA,True,torresbianca@example.com
CLI03120,2022-11-29,Online,,M,25.0,Entre Rios,True,constantino85@example.net
CLI03121,2025-06-05,Tienda,T02,M,18.0,Buenos Aires,True,lmaldonado@example.com
CLI03122,2023-06-12,Online,,F,18.0,Buenos Aires,True,juliana93@example.net
CLI03123,2022-01-02,Online,,F,55.0,Tucuman,True,salvador58@example.com
CLI03124,2023-04-15,Online,,M,33.0,Salta,True,castillosantiago@example.net
CLI03125,2024-03-09,Tienda,T09,M,56.0,Buenos Aires,False,eromero@example.org
CLI03126,2023-11-23,Tienda,T11,M,23.0,Mendoza,True,csanchez@example.org
CLI03127,2025-09-29,Online,,M,28.0,Entre Rios,True,julieta67@example.net
CLI03128,2023-11-30,Online,,M,,Neuquen,True,vblanco@example.org
CLI03129,2022-07-28,Tienda,S15,M,132.0,Entre Rios,True,juan-cruzruiz@example.com
CLI03130,2024-12-15,Tienda,T26,M,-3.0,Santa Fe,True,geronimo66@example.com
CLI03131,2023-04-27,Tienda,T07,F,27.0,Cordoba,False,milagrosdiaz@example.net
CLI03132,2024-11-01,Tienda,T22,F,,Salta,True,urojas@example.org
CLI03133,2023-06-19,Tienda,T03,M,42.0,Tucuman,False,agustina39@example.net
CLI03134,2022-04-29,Tienda,T22,M,48.0,Santa Fe,True,hvaldez@example.net
CLI03135,2024-10-04,Tienda,T13,M,39.0,Mendoza,True,zortiz@example.com
CLI03136,2024-08-19,Tienda,T15,F,33.0,Salta,False,gponce@example.net
CLI03137,2024-08-08,Online,,F,,CABA,True,bianca91@example.com
CLI03138,2025-05-28,Tienda,T08,F,18.0,Cordoba,True,francogimenez@example.com
CLI03139,2023-12-07,Tienda,T03,M,45.0,Santa Fe,True,isanchez@example.com
CLI03140,2023-11-28,Online,,M,58.0,Cordoba,True,psanchez@example.net
CLI03141,2024-05-03,Tienda,T05,M,49.0,Salta,False,santino00@example.org
CLI03142,2024-01-28,Online,,F,28.0,Cordoba,False,santiago15@example.net
CLI03143,2022-03-13,Online,,M,20.0,Salta,True,thiago-benjaminsosa@example.com
CLI03144,2024-10-26,Tienda,T10,F,,CABA,True,jmoyano@example.com
CLI03145,2022-03-09,Tienda,S16,F,34.0,Santa Fe,True,felipe28@example.com
CLI03146,2023-02-03,Tienda,T04,M,38.0,Santa Fe,True,xperalta
CLI03147,2022-08-09,Tienda,T28,M,44.0,Entre Rios,True,luca45@example.com
CLI03148,2023-01-27,Online,,F,33.0,Cordoba,True,juan-bautista88@example.com
CLI03149,2023-05-24,Tienda,T11,M,42.0,CABA,True,santino-benjaminperez@example.net
CLI03150,2022-03-29,Tienda,T15,F,62.0,CABA,True,joaquinperalta@example.com
CLI03151,2024-10-07,Online,,M,34.0,Salta,True,valentinocorrea@example.org
CLI03152,2025-04-05,Tienda,T07,F,68.0,Entre Rios,False,manuel94@example.com
CLI03153,2022-07-25,Tienda,T20,M,46.0,Neuquen,True,sacosta@example.com
CLI03154,2025-01-20,Tienda,T26,F,46.0,Santa Fe,False,srojas@example.com
CLI03155,2024-05-07,Online,,M,54.0,Cordoba,False,garciajuan@example.org
CLI03156,2023-10-29,Online,,F,54.0,CABA,True,ajuarez@example.com
CLI03157,2025-10-23,Tienda,T16,M,56.0,Mendoza,True,delfina71@example.net
CLI03158,2024-09-23,Online,,M,49.0,Neuquen,True,perezmora@example.org
CLI03159,2025-04-18,Tienda,T14,F,33.0,Buenos Aires,True,fernandezsantiago@example.com
CLI03160,2024-01-10,Tienda,T18,M,64.0,Mendoza,True,faustocarrizo@example.com
CLI03161,2025-07-13,Online,,F,39.0,Buenos Aires,True,juan-ignacio17@example.net
CLI03162,2024-10-16,Tienda,T26,F,,Salta,True,xramirez@example.net
CLI03163,2025-03-01,Online,,X,54.0,Neuquen,True,vgonzalez@example.com
CLI03164,2023-07-28,Online,,M,50.0,CABA,False,diazjuan-pablo@example.net
CLI03165,2024-02-25,Online,,F,41.0,Mendoza,True,catalinaavila@example.org
CLI03166,2024-06-17,Sucursal,T13,F,42.0,Santa Fe,False,diazfrancesco@example.org
CLI03167,2022-12-30,Online,,F,,Buenos Aires,True,oramirez@example.org
CLI03168,2023-01-14,Tienda,T18,F,68.0,Mendoza,True,cdiaz@example.com
CLI03169,2022-07-27,Online,,F,40.0,Mendoza,True,sebastianalvarez@example.org
CLI03170,2022-10-22,Online,,F,24.0,Tucuman,False,justina95@example.com
CLI03171,2023-10-14,Online,,M,33.0,Cordoba,True,ecabrera@example.net
CLI03172,2022-01-02,Online,,M,48.0,Tucuman,True,catalina87@example.com
CLI03173,2025-03-04,Online,,F,38.0,Salta,False,vmorales
CLI03174,2024-01-30,Tienda,T25,M,32.0,Tucuman,True,joaquingonzalez@example.net
CLI03175,2024-08-06,Tienda,T23,M,,Salta,True,gimenezmaria-guadalupe@example.com
CLI03176,2022-04-01,Tienda,S19,X,,Buenos Aires,True,martina43@example.net
CLI03177,2023-07-12,Tienda,T22,M,38.0,Buenos Aires,True,benjamin38@example.net
CLI03178,2022-07-22,Online,,F,45.0,Tucuman,True,yrodriguez@example.org
CLI03179,2023-02-14,Online,,,32.0,Santa Fe,True,martinezluca@example.net
CLI03180,2025-10-12,Tienda,T26,M,5.0,Entre Rios,False,martinezfelipe@example.net
CLI03181,2022-12-18,Online,,M,36.0,Tucuman,True,dlopez@example.org
CLI03182,2023-12-13,Tienda,T20,M,22.0,Santa Fe,True,martina72@example.com
CLI03183,2023-04-06,Tienda,T22,,46.0,Mendoza,True,violeta24@example.net
CLI03184,2023-11-15,Online,,M,40.0,Buenos Aires,True,alexander56@example.net
CLI03185,2025-08-04,Tienda,T28,F,34.0,Buenos Aires,True,lorenzo99@example.net
CLI03186,2024-09-12,Tienda,T14,,43.0,Cordoba,True,sofia62@example.com
CLI03187,2025-08-04,Online,,M,43.0,Cordoba,True,milagrosromero@example.net
CLI03188,2024-05-29,Tienda,T07,F,31.0,Entre Rios,False,juan-bautistamorales@example.com
CLI03189,2022-12-25,Online,,F,33.0,Tucuman,True,juan-pablomorales
CLI03190,2022-05-20,Online,,F,,CABA,True,gomezagustin@example.com
CLI03191,2023-12-09,Online,,F,60.0,Mendoza,True,juliancastro@example.com
CLI03192,2025-05-14,Online,,F,18.0,Entre Rios,True,simon27@example.org
CLI03193,2024-05-12,Tienda,T26,M,40.0,Neuquen,True,jeremias20@example.com
CLI03194,2023-03-26,Online,,M,52.0,Tucuman,False,joaquin27@example.org
CLI03195,2024-03-14,Online,,X,26.0,Santa Fe,True,chavezgenaro@example.org
CLI03196,2022-07-01,Tienda,T12,M,27.0,Cordoba,True,benicio28@example.org
CLI03197,2022-04-27,Tienda,T04,M,27.0,Entre Rios,True,zbustos@example.org
CLI03198,2022-08-23,Online,,F,18.0,Tucuman,True,xbenitez
CLI03199,2023-10-12,Tienda,T01,M,57.0,CABA,False,julieta34@example.org
CLI03200,2024-07-28,Online,,M,37.0,Cordoba,True,avega@example.com
CLI03201,2024-12-15,Online,,F,25.0,Buenos Aires,False,thiago-valentin60@example.org
CLI03202,2022-05-02,Tienda,T02,X,31.0,Entre Rios,False,gomezvicente
CLI03203,2023-05-01,Online,,F,42.0,Tucuman,False,pedro43@example.com
CLI03204,2025-07-17,Tienda,T12,F,35.0,Santa Fe,True,balvarez@example.com
CLI03205,2025-05-01,Tienda,T07,F,,Mendoza,True,kluna@example.net
CLI03206,2024-09-20,Tienda,T16,M,47.0,Entre Rios,True,navarromartina@example.com
CLI03207,2022-11-08,Tienda,T18,F,,Mendoza,False,lsanchez@example.com
CLI03208,2025-02-21,Online,,M,34.0,Mendoza,True,santiagoferreyra@example.net
CLI03209,2025-11-05,Tienda,T14,F,42.0,Entre Rios,False,rodriguezbruno@example.net
CLI03210,2023-04-24,Online,,M,29.0,Santa Fe,True,carrizofelipe@example.com
CLI03211,2023-03-15,Tienda,T11,M,40.0,Tucuman,True,lorenzolucero@example.org
CLI03212,2025-11-08,Tienda,T22,M,31.0,Santa Fe,True,floresmartina@example.com
CLI03213,2022-12-01,Online,,M,76.0,CABA,True,bianca93@example.com
CLI03214,2024-03-01,Tienda,T02,M,34.0,Santa Fe,False,alma62@example.net
CLI03215,2024-11-09,Online,,F,49.0,Santa Fe,False,ana-paulamedina@example.net
CLI03216,2022-09-22,Online,,F,27.0,Santa Fe,True,silvaemma@example.org
CLI03217,2025-04-20,Tienda,T19,M,24.0,Santa Fe,True,gimenezsantiago
CLI03218,2024-04-27,Online,,M,38.0,Neuquen,True,rcaceres@example.net
CLI03219,2024-07-23,Online,,F,34.0,Santa Fe,True,isabella69@example.net
CLI03220,2024-04-14,Online,,M,34.0,Mendoza,True,fernandezmalena@example.org
CLI03221,2023-06-19,Online,,F,39.0,Tucuman,True,jgomez@example.net
CLI03222,2022-12-15,Tienda,T09,,51.0,Entre Rios,True,francesca47@example.com
CLI03223,2023-02-10,Online,,M,66.0,Tucuman,True,imedina@example.org
CLI03224,2024-12-19,Online,,F,67.0,CABA,False,maximomolina@example.org
CLI03225,2025-09-09,Tienda,T13,F,40.0,CABA,True,thiago-valentin68@example.net
CLI03226,2024-07-28,Tienda,T17,F,64.0,Mendoza,False,tgutierrez@example.org
CLI03227,2025-09-15,Online,,F,63.0,Mendoza,True,dbustos
CLI03228,2025-03-05,Online,,F,30.0,Buenos Aires,True,sofia64@example.net
CLI03229,2022-10-24,Tienda,T09,M,32.0,Mendoza,False,delfina27@example.org
CLI03230,2022-04-17,Online,,M,37.0,Salta,False,gonzalezisabella@example.com
CLI03231,2024-03-20,Online,,M,66.0,Neuquen,True,bbravo@example.org
CLI03232,2025-05-16,Online,,X,37.0,Salta,False,benjaminortiz@example.net
CLI03233,2025-10-30,Online,,M,35.0,Buenos Aires,False,luciafarias@example.com
CLI03234,2024-07-29,Tienda,T25,M,58.0,Buenos Aires,False,benjamin61@example.com
CLI03235,2025-05-19,Sucursal,T20,M,36.0,Tucuman,False,luciamedina@example.com
CLI03236,2024-12-18,Tienda,T08,M,,Buenos Aires,True,fgonzalez@example.net
CLI03237,2024-04-14,Online,,M,47.0,Cordoba,False,jperez@example.com
CLI03238,2023-08-20,Tienda,T17,M,41.0,Tucuman,False,suarezvalentina-jazmin
CLI03239,2025-07-30,Online,,F,18.0,Buenos Aires,True,tnavarro@example.net
CLI03240,2022-08-26,Online,,M,21.0,CABA,False,thiago-lionel89@example.net
CLI03241,2023-10-22,Online,,M,48.0,Neuquen,True,palomarodriguez@example.org
CLI03242,2022-09-10,Online,,,19.0,Entre Rios,True,navarroluisina@example.net
CLI03243,2025-02-18,Online,,M,55.0,Salta,False,juan-davidfernandez@example.com
CLI03244,2023-09-01,Tienda,T21,F,37.0,Santa Fe,True,godoyfelipe
CLI03245,2023-02-01,Online,,F,42.0,CABA,False,rgonzalez@example.com
CLI03246,2025-08-08,Tienda,T27,F,,Santa Fe,True,santinonunez@example.com
CLI03247,2025-04-29,Tienda,T02,M,18.0,Cordoba,True,munozemma@example.com
CLI03248,2023-03-30,Online,,M,,Mendoza,True,soriaguadalupe@example.org
CLI03249,2024-08-20,Sucursal,T05,F,24.0,Salta,True,uleiva@example.org
CLI03250,2022-07-05,Tienda,T04,M,42.0,Entre Rios,True,gimenezjuan-bautista@example.com
CLI03251,2022-02-08,Online,,M,59.0,Entre Rios,True,santino-agustinfernandez@example.net
CLI03252,2024-08-26,Online,,F,35.0,CABA,True,justinaramos@example.com
CLI03253,2024-03-22,Tienda,T18,M,39.0,Neuquen,True,molinaolivia@example.net
CLI03254,2023-10-28,Online,,F,18.0,Santa Fe,False,isabellaaguirre@example.net
CLI03255,2025-06-16,Tienda,T02,M,-3.0,Entre Rios,True,peraltaguillermina@example.com
CLI03256,2023-03-16,Online,,M,35.0,Santa Fe,True,ludmila08@example.org
CLI03257,2025-04-30,Online,,M,36.0,Entre Rios,True,valentinaalvarez@example.org
CLI03258,2025-10-29,Sucursal,T20,M,47.0,Salta,True,joaquincordoba@example.net
CLI03259,2024-10-17,Sucursal,T27,F,58.0,Entre Rios,False,mia-morenasuarez@example.net
CLI03260,2022-08-13,Tienda,T05,M,38.0,Salta,True,blancoemilia
CLI03261,2025-03-14,Tienda,T28,M,,Buenos Aires,True,acunasimon@example.org
CLI03262,2024-09-26,Sucursal,T18,F,18.0,Entre Rios,True,tobiasolivera@example.org
CLI03263,2022-07-02,Tienda,S26,M,47.0,Entre Rios,False,zmolina@example.net
CLI03264,2022-10-30,Online,,M,39.0,Santa Fe,True,fsanchez@example.org
CLI03265,2023-10-27,Tienda,T04,M,18.0,CABA,True,gomezalma@example.org
CLI03266,2023-09-25,Online,,F,,Cordoba,True,kfigueroa@example.org
CLI03267,2024-01-22,Tienda,T04,M,29.0,CABA,True,francesca23@example.org
CLI03268,2025-12-08,Tienda,T01,M,52.0,Mendoza,True,martin74@example.com
CLI03269,2022-10-17,Online,,F,,Santa Fe,True,gonzalezuma@example.net
CLI03270,2024-06-15,Sucursal,T10,F,40.0,Santa Fe,True,thiago-nicolaslopez@example.org
CLI03271,2022-02-19,Tienda,T26,F,62.0,Buenos Aires,True,mateo65@example.net
CLI03272,2024-03-26,Tienda,T15,M,36.0,Santa Fe,True,sanchezbautista@example.net
CLI03273,2024-11-08,Tienda,T05,M,34.0,Neuquen,True,maria-guadalupe61@example.net
CLI03274,2024-05-24,Tienda,T27,X,39.0,Salta,True,nortiz@example.net
CLI03275,2023-11-09,Online,,M,40.0,Mendoza,False,acaceres@example.net
CLI03276,2024-06-08,Online,,M,27.0,Buenos Aires,False,alma81@example.com
CLI03277,2024-10-17,Tienda,T20,M,,Neuquen,True,benjaminlucero
CLI03278,2022-03-14,Tienda,T17,M,44.0,Tucuman,False,salvadorcastillo@example.net
CLI03279,2023-03-13,Tienda,T07,F,,Cordoba,True,uaguero@example.net
CLI03280,2024-01-24,Tienda,T04,F,18.0,Neuquen,True,duarteemma@example.org
CLI03281,2024-10-22,Online,,M,,Tucuman,True,bnavarro@example.org
CLI03282,2024-02-15,Online,,F,57.0,Santa Fe,False,roldanrosario@example.net
CLI03283,2022-08-11,Online,,F,51.0,Santa Fe,False,catalina74@example.net
CLI03284,2022-08-09,Tienda,T26,M,53.0,Salta,False,gtorres@example.com
CLI03285,2025-01-18,Online,,M,64.0,Tucuman,True,martineztobias@example.net
CLI03286,2023-09-24,Tienda,T25,M,44.0,Entre Rios,False,benjamin-ezequielsanchez@example.net
CLI03287,2024-09-13,Online,,M,62.0,Entre Rios,True,manuel86@example.net
CLI03288,2023-01-06,Online,,M,38.0,Entre Rios,False,geronimo94@example.net
CLI03289,2023-02-10,Online,,X,,Buenos Aires,True,gonzalezsalvador@example.net
CLI03290,2022-11-01,Online,,F,40.0,CABA,True,thiago-emanuel23@example.net
CLI03291,2024-01-15,Sucursal,T28,M,,Tucuman,True,sanchezguadalupe
CLI03292,2023-01-18,Tienda,T17,,,Tucuman,False,peraltasebastian@example.org
CLI03293,2025-05-07,Online,,M,65.0,Buenos Aires,False,fgonzalez@example.org
CLI03294,2025-01-20,Tienda,T22,F,5.0,Entre Rios,False,cabreramanuel@example.com
CLI03295,2025-08-15,Online,,F,55.0,Neuquen,True,felipenunez@example.org
CLI03296,2025-01-03,Sucursal,T12,M,70.0,Neuquen,True,gomezsofia@example.com
CLI03297,2023-12-19,Online,,F,65.0,CABA,True,benjamin34@example.org
CLI03298,2025-05-26,Tienda,T10,M,42.0,Tucuman,True,joaquinojeda@example.net
CLI03299,2022-02-07,Tienda,T08,F,31.0,Mendoza,False,kramos@example.org
CLI03300,2024-04-12,Online,,M,70.0,Salta,True,pilar73@example.com
CLI03301,2023-07-19,Tienda,T04,M,25.0,Mendoza,True,guillermina92@example.net
CLI03302,2024-08-29,Online,,M,18.0,CABA,True,vrodriguez@example.net
CLI03303,2022-08-14,Online,,F,132.0,Buenos Aires,False,lucas27@example.net
CLI03304,2022-06-22,Tienda,S13,M,57.0,Salta,False,uma-26@example.com
CLI03305,2022-12-04,Tienda,T26,F,20.0,Cordoba,True,tiziano-benjamin09@example.com
CLI03306,2023-11-26,Tienda,T26,M,37.0,Santa Fe,True,rojasvalentina@example.net
CLI03307,2025-08-05,Sucursal,T11,M,39.0,Buenos Aires,True,ssanchez@example.org
CLI03308,2023-09-08,Online,,F,,Salta,False,francesca33@example.org
CLI03309,2023-12-18,Online,,M,21.0,Tucuman,True,isabellanavarro@example.org
CLI03310,2025-07-16,Online,,M,41.0,Entre Rios,False,diazagustin@example.com
CLI03311,2022-09-12,Tienda,S19,F,45.0,Santa Fe,True,victoriamoreno@example.org
CLI03312,2023-03-07,Online,,M,60.0,Neuquen,True,mansillathiago-nahuel@example.net
CLI03313,2024-02-17,Online,,M,37.0,Tucuman,True,felipe97@example.net
CLI03314,2024-11-29,Tienda,T15,F,,Tucuman,False,maria-pazgomez@example.net
CLI03315,2022-06-08,Sucursal,S28,X,37.0,Mendoza,True,suarezjuana@example.com
CLI03316,2022-10-11,Online,,F,56.0,Cordoba,True,agustingutierrez@example.org
CLI03317,2023-04-23,Online,,M,,Tucuman,False,olivia64@example.com
CLI03318,2025-05-30,Online,,M,35.0,Neuquen,False,lautaro-gabriel24@example.org
CLI03319,2025-05-06,Tienda,T05,F,48.0,Buenos Aires,True,violeta03@example.com
CLI03320,2025-06-12,Tienda,T10,F,20.0,Santa Fe,False,julieta06@example.com
CLI03321,2025-10-02,Sucursal,T10,F,42.0,Santa Fe,True,jeronimolopez@example.com
CLI03322,2024-07-08,Tienda,T05,M,,Entre Rios,False,simon87@example.org
CLI03323,2023-08-22,Tienda,T24,M,35.0,Salta,True,sruiz@example.net
CLI03324,2023-08-31,Online,,F,55.0,Buenos Aires,True,thiago-emanuelruiz@example.com
CLI03325,2022-01-12,Online,,F,71.0,Neuquen,False,victoria76@example.org
CLI03326,2025-10-30,Online,,F,44.0,Santa Fe,True,ggimenez@example.org
CLI03327,2024-01-24,Online,,M,39.0,Buenos Aires,False,emilia61@example.net
CLI03328,2025-08-18,Online,,,36.0,Mendoza,False,xrios@example.com
CLI03329,2025-12-10,Tienda,T09,F,51.0,Santa Fe,False,joaquinluna@example.com
CLI03330,2025-11-26,Online,,F,38.0,Mendoza,False,poncejuan-martin@example.net
CLI03331,2025-03-06,Online,,X,55.0,Salta,True,jpaz@example.org
CLI03332,2022-04-11,Online,,,62.0,Tucuman,True,santinoramirez@example.com
CLI03333,2022-12-01,Tienda,T04,M,50.0,Neuquen,True,mateo30@example.org
CLI03334,2025-08-05,Tienda,T06,M,36.0,CABA,True,benitezivan@example.org
CLI03335,2024-12-01,Tienda,T03,M,52.0,CABA,True,agustina90@example.org
CLI03336,2023-03-04,Tienda,T04,M,31.0,Cordoba,True,verasofia@example.net
CLI03337,2025-05-19,Tienda,T13,M,18.0,Mendoza,False,omoreno@example.org
CLI03338,2025-02-20,Tienda,T27,F,57.0,CABA,False,rosarioromero@example.net
CLI03339,2023-01-02,Online,,M,68.0,Buenos Aires,False,peraltaian-ezequiel@example.org
CLI03340,2023-01-12,Tienda,T11,M,,Salta,True,gonzalezjuan-pablo@example.org
CLI03341,2024-04-28,Online,,M,36.0,Entre Rios,True,juan-ignacio15@example.com
CLI03342,2023-04-18,Tienda,T05,F,18.0,Cordoba,True,lopezjoaquin@example.org
CLI03343,2024-06-12,Tienda,T14,F,31.0,Salta,False,lorenzo08@example.com
CLI03344,2022-04-01,Tienda,T07,X,50.0,Entre Rios,False,lorenzoramirez@example.net
CLI03345,2024-12-04,Online,,M,35.0,Tucuman,False,oledesma@example.net
CLI03346,2025-02-28,Tienda,T16,M,60.0,Entre Rios,True,gonzalezalejo@example.org
CLI03347,2024-03-04,Online,,X,29.0,CABA,False,wfernandez@example.org
CLI03348,2025-06-22,Online,,F,48.0,Neuquen,False,erodriguez@example.org
CLI03349,2024-12-05,Tienda,T06,F,44.0,CABA,False,lautaro-ezequielmedina@example.net
CLI03350,2022-11-13,Online,,M,44.0,Mendoza,True,jvega@example.org
CLI03351,2025-01-16,Tienda,T07,M,,Mendoza,False,nunezmateo@example.org
CLI03352,2024-09-28,Tienda,T13,M,39.0,Neuquen,True,alma23@example.com
CLI03353,2023-04-12,Online,,F,44.0,Neuquen,False,thiagosanchez
CLI03354,2022-10-03,Tienda,T15,F,35.0,Mendoza,False,mtorres@example.org
CLI03355,2023-06-12,Online,,M,22.0,Cordoba,True,manuel20@example.org
CLI03356,2022-10-21,Sucursal,T19,M,,Santa Fe,False,julianagomez@example.com
CLI03357,2022-12-14,Tienda,T01,M,27.0,Mendoza,True,antonio78@example.net
CLI03358,2023-01-17,Online,,M,,Buenos Aires,True,benjaminmunoz@example.org
CLI03359,2022-07-23,Tienda,T12,F,54.0,CABA,True,thiago-nahuel59@example.com
CLI03360,2025-09-13,Tienda,T05,M,45.0,Salta,True,gimenezfranco@example.com
CLI03361,2022-09-16,Tienda,T08,M,46.0,Tucuman,True,dmolina@example.com
CLI03362,2025-02-11,Tienda,T01,F,,Mendoza,True,mateolopez@example.com
CLI03363,2024-10-25,Online,,F,43.0,Mendoza,True,isabel15
CLI03364,2025-12-16,Online,,F,18.0,Entre Rios,False,martinagarcia@example.com
CLI03365,2024-06-08,Tienda,T23,F,42.0,CABA,True,kgonzalez@example.net
CLI03366,2023-06-28,Tienda,T04,M,53.0,Salta,True,maia43@example.com
CLI03367,2023-11-03,Online,,F,33.0,Entre Rios,True,aaguirre@example.com
CLI03368,2023-11-09,Online,,F,50.0,Santa Fe,True,emiliaperez@example.net
CLI03369,2024-03-02,Online,,M,19.0,Entre Rios,True,pedro37@example.net
CLI03370,2025-12-06,Online,,F,41.0,Salta,False,sanchezagustin@example.com
CLI03371,2023-11-22,Online,,F,38.0,Salta,True,salvadormartinez@example.net
CLI03372,2022-02-16,Online,,M,47.0,CABA,True,ignacio09@example.com
CLI03373,2024-01-08,Tienda,T16,F,,Santa Fe,False,vcabrera@example.org
CLI03374,2025-01-30,Sucursal,T16,M,,Entre Rios,True,lunadelfina@example.org
CLI03375,2024-07-15,Online,,M,18.0,CABA,False,herrerasofia@example.net
CLI03376,2023-08-23,Online,,F,20.0,Neuquen,True,tpaz@example.org
CLI03377,2023-10-04,Sucursal,T21,F,31.0,Mendoza,True,martinarios@example.org
CLI03378,2022-01-17,Tienda,T09,F,,Santa Fe,True,lautaro-nahuel90@example.net
CLI03379,2023-03-20,Tienda,T02,F,31.0,Salta,True,agostinarodriguez@example.com
CLI03380,2025-07-23,Online,,M,,Tucuman,True,federicoguzman@example.com
CLI03381,2023-08-07,Online,,M,18.0,Neuquen,False,ignacioescobar@example.org
CLI03382,2022-02-16,Online,,F,21.0,Tucuman,True,dfernandez@example.com
CLI03383,2025-07-30,Tienda,T09,,28.0,Buenos Aires,False,sofia49@example.net
CLI03384,2024-04-27,Tienda,T03,M,62.0,Cordoba,True,fledesma@example.net
CLI03385,2025-02-16,Online,,F,29.0,Mendoza,True,luceromilagros@example.org
CLI03386,2024-01-13,Tienda,T09,M,79.0,Entre Rios,True,qgutierrez@example.org
CLI03387,2022-05-30,Tienda,T03,M,55.0,Entre Rios,True,catalinamedina@example.net
CLI03388,2024-06-15,Online,,F,36.0,Buenos Aires,True,fariasfacundo@example.org
CLI03389,2025-11-05,Tienda,T11,M,52.0,Entre Rios,True,julieta73@example.net
CLI03390,2024-05-06,Tienda,T28,F,55.0,Mendoza,True,francisco41
CLI03391,2023-07-15,Tienda,T02,M,24.0,Entre Rios,True,garciavalentino@example.net
CLI03392,2023-03-10,Tienda,T05,M,18.0,Salta,True,mateo-benjamin95@example.com
CLI03393,2023-07-26,Tienda,T06,F,61.0,Santa Fe,True,rcaceres@example.org
CLI03394,2025-06-14,Tienda,T06,F,27.0,Cordoba,True,ignacio12@example.net
CLI03395,2022-02-18,Tienda,T27,F,53.0,Entre Rios,True,coronelsalvador@example.com
CLI03396,2023-04-13,Online,,F,50.0,Salta,True,juan-bautistafernandez@example.com
CLI03397,2024-02-18,Tienda,T06,F,18.0,Salta,True,lucas-benjaminarias@example.com
CLI03398,2025-07-09,Online,,F,50.0,Entre Rios,False,perezcamila@example.org
CLI03399,2022-01-19,Online,,F,,Santa Fe,True,santino-agustin68@example.org
CLI03400,2023-04-15,Tienda,T08,,,Cordoba,True,cvaldez@example.com
CLI03401,2024-09-26,Tienda,T13,F,40.0,Santa Fe,False,qmendez@example.net
CLI03402,2022-04-22,Tienda,T18,M,47.0,CABA,True,beniciopaz@example.com
CLI03403,2024-04-16,Tienda,T26,F,46.0,Mendoza,True,geronimo74@example.org
CLI03404,2025-05-14,Sucursal,T03,M,37.0,Mendoza,True,garciajuan-ignacio@example.org
CLI03405,2025-02-01,Tienda,T24,M,64.0,Neuquen,True,santino-ezequiel41@example.net
CLI03406,2025-04-03,Tienda,T15,F,54.0,Tucuman,True,santiago73@example.org
CLI03407,2022-05-03,Tienda,T18,M,62.0,Buenos Aires,True,rtorres@example.org
CLI03408,2025-12-11,Tienda,T15,F,46.0,Santa Fe,True,gonzalezjuana
CLI03409,2024-08-24,Tienda,T17,F,57.0,Salta,True,morenacastillo@example.com
CLI03410,2023-01-22,Tienda,T28,F,,Santa Fe,False,garciasofia@example.net
CLI03411,2024-03-19,Online,,F,32.0,Santa Fe,True,mateo-benjamin58
CLI03412,2024-01-20,Tienda,T02,F,55.0,Entre Rios,True,tomassosa@example.com
CLI03413,2022-12-08,Tienda,T16,M,37.0,Cordoba,False,gonzalezantonio
CLI03414,2023-03-19,Online,,M,,Neuquen,False,rosarioalvarez@example.com
CLI03415,2025-02-23,Tienda,T22,,43.0,CABA,True,santino43@example.com
CLI03416,2023-02-22,Online,,M,18.0,Entre Rios,True,olivia88@example.org
CLI03417,2025-08-28,Online,,F,43.0,Neuquen,True,santino55@example.net
CLI03418,2022-08-18,Online,,M,47.0,Salta,True,lautaro-gabrielcruz@example.org
CLI03419,2025-05-09,Online,,F,36.0,Buenos Aires,False,xfernandez@example.com
CLI03420,2024-09-16,Tienda,T28,F,,CABA,False,juanadiaz@example.org
CLI03421,2023-07-24,Online,,,65.0,Tucuman,True,julietavaldez@example.org
CLI03422,2025-06-11,Online,,F,46.0,Neuquen,True,antonio54@example.net
CLI03423,2023-04-12,Tienda,T09,M,26.0,Cordoba,False,isabellatorres@example.com
CLI03424,2023-08-08,Online,,M,32.0,Buenos Aires,True,ffigueroa@example.net
CLI03425,2025-10-21,Online,,M,18.0,Santa Fe,True,agustinfranco@example.org
CLI03426,2022-11-06,Sucursal,S14,F,18.0,Neuquen,True,lara77@example.com
CLI03427,2025-09-06,Tienda,T20,M,18.0,Entre Rios,True,camilavazquez@example.net
CLI03428,2022-05-09,Tienda,S08,F,29.0,Santa Fe,True,juan-bautista59@example.com
CLI03429,2022-03-22,Online,,F,46.0,Neuquen,True,diazvalentin@example.net
CLI03430,2024-12-12,Online,,X,51.0,Cordoba,False,rodriguezmorena@example.net
CLI03431,2022-06-23,Tienda,T19,F,39.0,Santa Fe,False,augustofranco@example.com
CLI03432,2023-05-06,Tienda,T12,M,55.0,Neuquen,True,usilva@example.org
CLI03433,2022-12-12,Tienda,T04,,48.0,CABA,True,ciro-benjamin68@example.net
CLI03434,2024-01-31,Tienda,T17,F,24.0,Entre Rios,True,mansillamateo@example.com
CLI03435,2025-09-14,Online,,F,29.0,Salta,False,silvaluciano@example.com
CLI03436,2023-08-22,Tienda,T24,F,44.0,Cordoba,True,maria-victoria64
CLI03437,2025-11-28,Tienda,T10,,50.0,Entre Rios,False,egarcia@example.org
CLI03438,2025-07-08,Tienda,T02,M,56.0,Neuquen,False,tcardozo@example.net
CLI03439,2025-08-28,Online,,,,Santa Fe,True,mansillajuan-gabriel@example.org
CLI03440,2023-04-19,Tienda,T12,F,18.0,Mendoza,True,santino-benjamin43@example.org
CLI03441,2022-02-26,Tienda,T19,M,69.0,Entre Rios,True,maria-emiliaperalta@example.org
CLI03442,2024-12-07,Online,,M,37.0,Cordoba,False,bgonzalez@example.net
CLI03443,2024-02-06,Online,,F,55.0,Tucuman,True,lucapaz@example.org
CLI03444,2022-03-04,Online,,M,41.0,Entre Rios,True,bautista73@example.org
CLI03445,2024-03-06,Tienda,T17,F,21.0,Salta,False,agustin15@example.com
CLI03446,2023-01-07,Tienda,T22,F,60.0,Cordoba,True,francisco86@example.org
CLI03447,2025-10-01,Online,,F,47.0,CABA,True,juarezalma-valentina@example.org
CLI03448,2024-01-14,Tienda,T07,,61.0,Buenos Aires,True,cmedina
CLI03449,2023-12-15,Online,,F,49.0,Salta,True,guadalupe20@example.org
CLI03450,2024-01-23,Online,,M,27.0,Entre Rios,True,francescagomez@example.net
CLI03451,2025-08-12,Online,,M,40.0,Neuquen,True,simon63@example.com
CLI03452,2022-03-04,Online,,M,132.0,Neuquen,True,dylan-benjamin36@example.org
CLI03453,2022-11-10,Online,,M,,Salta,False,joaquincaceres@example.org
CLI03454,2023-12-28,Online,,M,43.0,CABA,True,poncebruno@example.com
CLI03455,2025-03-26,Tienda,T06,M,57.0,Cordoba,True,pilarlopez@example.net
CLI03456,2025-12-25,Tienda,T08,,23.0,Salta,True,gomezmartina@example.com
CLI03457,2024-02-18,Sucursal,T20,F,36.0,Santa Fe,False,benicio44@example.net
CLI03458,2025-04-01,Online,,M,43.0,Mendoza,True,juliaayala@example.com
CLI03459,2024-08-22,Tienda,T03,M,,Cordoba,True,benjamin65@example.com
CLI03460,2023-09-20,Tienda,T04,M,5.0,Cordoba,True,dpereyra@example.org
CLI03461,2024-02-01,Tienda,T13,F,,Santa Fe,True,efernandez@example.net
CLI03462,2023-12-26,Tienda,T09,F,49.0,Entre Rios,True,zvera@example.org
CLI03463,2025-12-03,Tienda,T08,,,Santa Fe,False,maria-emiliaolivera@example.net
CLI03464,2024-06-19,Tienda,T01,F,47.0,Tucuman,True,ledesmajuan@example.com
CLI03465,2022-12-01,Tienda,T08,M,46.0,Buenos Aires,True,bianca33@example.org
CLI03466,2022-09-05,Online,,M,38.0,Neuquen,False,amparo70@example.org
CLI03467,2025-09-07,Tienda,T18,F,53.0,Mendoza,True,romerotiziano-benjamin@example.net
CLI03468,2023-05-27,Tienda,T17,F,58.0,Salta,True,dgomez@example.org
CLI03469,2022-09-12,Online,,F,23.0,Salta,False,facosta@example.net
CLI03470,2022-03-19,Tienda,T14,F,48.0,Cordoba,True,catalina04@example.com
CLI03471,2023-01-01,Tienda,T28,F,39.0,Buenos Aires,False,santiago67@example.org
CLI03472,2024-09-11,Tienda,T12,F,37.0,Cordoba,True,benjamin73@example.org
CLI03473,2025-06-01,Tienda,T11,F,42.0,Salta,True,castilloramiro@example.net
CLI03474,2025-04-19,Tienda,T23,M,58.0,Salta,True,isabella45@example.org
CLI03475,2025-01-04,Tienda,T18,F,39.0,Santa Fe,True,dante10@example.org
CLI03476,2025-06-21,Online,,M,37.0,Santa Fe,True,santino32@example.com
CLI03477,2022-02-11,Tienda,T18,F,23.0,Tucuman,True,silvajuliana@example.org
CLI03478,2024-04-25,Online,,F,39.0,Santa Fe,True,martina10@example.net
CLI03479,2023-08-26,Online,,M,41.0,Neuquen,True,qescobar
CLI03480,2025-04-04,Online,,M,28.0,Entre Rios,True,zbarrios@example.net
CLI03481,2022-01-10,Online,,F,37.0,Entre Rios,True,leivasimon@example.net
CLI03482,2022-02-12,Tienda,T14,M,48.0,Neuquen,True,gsanchez@example.org
CLI03483,2025-05-05,Online,,F,61.0,Neuquen,True,ciroortiz@example.com
CLI03484,2023-11-04,Online,,M,,Neuquen,True,rodriguezdylan-benjamin@example.net
CLI03485,2025-09-06,Tienda,T13,M,69.0,Entre Rios,False,mendozasantino
CLI03486,2022-03-29,Tienda,T19,F,55.0,Santa Fe,True,gaeldiaz@example.org
CLI03487,2023-07-28,Online,,F,54.0,Salta,False,joaquin76@example.net
CLI03488,2025-07-07,Tienda,T14,M,50.0,CABA,False,santiagomartinez@example.net
CLI03489,2025-04-10,Online,,F,43.0,Santa Fe,True,ilopez@example.com
CLI03490,2022-11-21,Online,,M,33.0,CABA,True,bautistavargas@example.net
CLI03491,2024-03-08,Online,,M,41.0,Cordoba,True,juan-cruzavila@example.org
CLI03492,2025-07-19,Sucursal,T18,M,,Cordoba,True,thiago-valentinmartin@example.com
CLI03493,2022-10-22,Tienda,T22,F,44.0,Neuquen,True,sosafelicitas@example.net
CLI03494,2022-11-28,Online,,F,63.0,Entre Rios,True,emmagutierrez@example.com
CLI03495,2023-09-08,Online,,F,,Entre Rios,True,tomas-benjamincastillo@example.org
CLI03496,2023-05-30,Tienda,T18,F,49.0,Cordoba,True,acostamaria-victoria@example.net
CLI03497,2023-12-04,Tienda,T27,M,56.0,Entre Rios,True,camila55@example.net
CLI03498,2023-05-27,Tienda,T21,M,32.0,Salta,True,isabella15@example.net
CLI03499,2022-12-12,Tienda,T02,F,18.0,Buenos Aires,True,juanasanchez@example.net
CLI03500,2025-09-24,Online,,F,41.0,Neuquen,True,juan-sebastiansanchez@example.com
CLI03501,2025-09-21,Online,,M,45.0,Tucuman,True,leivaian-benjamin@example.net
CLI03502,2023-12-31,Tienda,T25,F,,Buenos Aires,True,rodriguezgiuliana@example.com
CLI03503,2024-06-28,Sucursal,T08,F,76.0,Neuquen,False,santino-agustin60@example.org
CLI03504,2024-04-21,Tienda,T11,M,46.0,Neuquen,True,mateo-benjamin85@example.org
CLI03505,2023-08-08,Sucursal,T23,M,60.0,Buenos Aires,True,abigail49@example.net
CLI03506,2023-03-10,Tienda,T04,M,58.0,CABA,False,pperalta@example.com
CLI03507,2025-07-21,Online,,M,45.0,Neuquen,False,thiago-nahuelramos@example.org
CLI03508,2025-10-08,Tienda,T03,M,54.0,Santa Fe,False,benjamin71@example.com
CLI03509,2022-05-06,Tienda,T13,F,48.0,Mendoza,True,agonzalez@example.com
CLI03510,2022-02-09,Tienda,T01,M,64.0,Mendoza,True,emma14@example.net
CLI03511,2025-03-05,Tienda,T12,F,27.0,Buenos Aires,False,cirofernandez@example.org
CLI03512,2025-09-14,Tienda,T28,M,18.0,Cordoba,True,morenaferreyra@example.net
CLI03513,2022-01-30,Online,,F,,CABA,True,crodriguez@example.com
CLI03514,2024-03-05,Tienda,T05,M,55.0,Mendoza,True,urojas@example.org
CLI03515,2025-12-24,Online,,M,57.0,Mendoza,False,juan-ignacio80@example.org
CLI03516,2025-12-25,Tienda,T27,,34.0,Mendoza,False,milolopez@example.net
CLI03517,2025-02-10,Tienda,T23,F,50.0,Salta,True,mcruz@example.org
CLI03518,2025-05-09,Tienda,T08,F,33.0,Tucuman,True,wlopez@example.net
CLI03519,2023-06-22,Online,,M,52.0,Neuquen,True,felipecordoba@example.net
CLI03520,2024-01-26,Online,,M,32.0,Cordoba,True,gonzalezlola@example.net
CLI03521,2023-12-21,Online,,F,27.0,Salta,False,ojedamateo@example.org
CLI03522,2022-01-24,Online,,M,56.0,Cordoba,True,santiagoaguero@example.net
CLI03523,2023-07-24,Online,,F,25.0,Tucuman,True,facundo57@example.com
CLI03524,2022-10-08,Tienda,T19,M,22.0,Mendoza,True,perezjazmin@example.org
CLI03525,2024-04-26,Tienda,T11,F,53.0,CABA,True,sara24@example.net
CLI03526,2022-01-19,Online,,M,44.0,Mendoza,True,zoe-jazmingomez@example.org
CLI03527,2025-12-04,Tienda,T07,F,18.0,Mendoza,True,morenapereyra@example.net
CLI03528,2024-03-07,Tienda,T05,M,59.0,Neuquen,True,mia-valentina71@example.net
CLI03529,2023-02-11,Tienda,T11,F,132.0,Santa Fe,False,wcarrizo@example.org
CLI03530,2023-12-23,Tienda,T18,M,36.0,Tucuman,False,ambarmedina@example.org
CLI03531,2025-01-18,Tienda,T24,F,-3.0,Buenos Aires,True,ariasbautista@example.net
CLI03532,2023-07-22,Online,,F,71.0,Neuquen,False,sgonzalez@example.net
CLI03533,2022-01-11,Online,,F,42.0,Santa Fe,False,pedromolina@example.org
CLI03534,2023-01-28,Tienda,T08,M,55.0,Mendoza,True,peraltajuan-sebastian@example.net
CLI03535,2023-07-23,Tienda,T08,F,40.0,Salta,False,benjamin20@example.net
CLI03536,2024-03-07,Sucursal,T15,X,50.0,Tucuman,False,umartin@example.com
CLI03537,2024-10-04,Tienda,T25,F,23.0,Salta,True,qvelazquez@example.net
CLI03538,2025-03-18,Tienda,T19,,42.0,Santa Fe,True,dantelopez@example.com
CLI03539,2025-07-29,Online,,F,,Tucuman,True,wcastro@example.com
CLI03540,2022-04-25,Online,,F,28.0,Entre Rios,True,sebastianruiz@example.net
CLI03541,2023-11-13,Tienda,T09,M,47.0,Cordoba,False,orivero@example.com
CLI03542,2025-03-14,Tienda,T27,,57.0,Cordoba,True,perezpedro@example.net
CLI03543,2024-05-31,Online,,M,,Mendoza,False,mateobenitez@example.net
CLI03544,2023-01-24,Tienda,T03,M,,Entre Rios,True,jmartinez@example.net
CLI03545,2024-08-24,Sucursal,T25,F,53.0,Neuquen,True,benjamin57@example.com
CLI03546,2023-12-30,Tienda,T04,M,27.0,Mendoza,True,bgomez@example.com
CLI03547,2023-01-19,Tienda,T22,F,47.0,Santa Fe,True,uacosta@example.org
CLI03548,2023-12-08,Tienda,T23,M,50.0,Neuquen,False,martinasanchez@example.com
CLI03549,2023-03-25,Online,,F,41.0,Salta,False,delfina35@example.com
CLI03550,2024-09-26,Tienda,T10,M,39.0,Neuquen,True,oliviatorres@example.net
CLI03551,2023-03-06,Tienda,T12,F,,Entre Rios,True,tferreyra@example.net
CLI03552,2023-02-19,Online,,X,34.0,Mendoza,True,torresluciana@example.org
CLI03553,2022-08-10,Tienda,T13,M,39.0,Santa Fe,False,franciscoortiz@example.net
CLI03554,2022-06-09,Tienda,T01,F,53.0,CABA,True,romeroemilia@example.net
CLI03555,2023-10-10,Tienda,T17,M,18.0,Salta,True,perezsofia@example.net
CLI03556,2025-06-24,Online,,F,,Cordoba,True,catalinadominguez@example.net
CLI03557,2022-08-19,Online,,F,49.0,CABA,True,bautista28@example.net
CLI03558,2023-11-13,Tienda,T24,,45.0,Santa Fe,True,lucas55@example.org
CLI03559,2022-07-21,Tienda,T08,M,28.0,Neuquen,True,franciscocaceres@example.com
CLI03560,2025-09-20,Online,,M,37.0,Tucuman,True,maiadiaz@example.com
CLI03561,2025-11-14,Online,,M,34.0,Santa Fe,True,juan-cruz38@example.com
CLI03562,2024-11-19,Tienda,T08,M,52.0,Tucuman,False,mendozalucas@example.com
CLI03563,2023-06-14,Tienda,T10,F,51.0,Tucuman,True,julietadominguez@example.com
CLI03564,2022-04-15,Online,,F,58.0,Salta,True,morenomia-jazmin@example.com
CLI03565,2022-07-07,Tienda,T13,F,43.0,Neuquen,True,fernandezsantino-nicolas@example.org
CLI03566,2025-06-25,Online,,F,18.0,Tucuman,True,camposjuan-ignacio@example.net
CLI03567,2022-09-07,Tienda,T08,M,,Santa Fe,True,emilia47@example.net
CLI03568,2023-04-04,Tienda,T24,F,37.0,Salta,True,santiago69@example.com
CLI03569,2023-07-29,Tienda,T15,F,47.0,Cordoba,True,xsosa@example.net
CLI03570,2025-11-07,Tienda,T16,M,21.0,Cordoba,True,qlopez@example.com
CLI03571,2025-01-16,Online,,M,39.0,Cordoba,True,yayala@example.org
CLI03572,2023-03-22,Tienda,T02,F,43.0,Tucuman,True,ortizangel-gabriel@example.com
CLI03573,2023-03-25,Online,,F,34.0,Santa Fe,False,lopezignacio@example.com
CLI03574,2024-08-24,Tienda,T23,F,39.0,CABA,True,micaelafernandez@example.net
CLI03575,2022-10-02,Tienda,T23,M,74.0,Entre Rios,False,fdiaz@example.com
CLI03576,2022-09-03,Tienda,T28,M,42.0,Tucuman,True,bautistadiaz@example.org
CLI03577,2024-04-25,Online,,F,70.0,Cordoba,True,paulasoto@example.com
CLI03578,2024-08-10,Online,,F,45.0,Neuquen,True,yquiroga@example.com
CLI03579,2023-02-20,Online,,M,32.0,Mendoza,True,cordobanicolas@example.net
CLI03580,2023-03-02,Tienda,T20,M,50.0,Entre Rios,False,poncebenjamin@example.com
CLI03581,2024-02-24,Online,,M,36.0,Mendoza,True,jromero@example.net
CLI03582,2024-08-15,Tienda,T09,M,41.0,Santa Fe,False,diazjoaquin@example.org
CLI03583,2025-06-25,Tienda,T11,M,18.0,Salta,False,leondominguez@example.org
CLI03584,2024-06-02,Online,,F,47.0,Tucuman,True,valentina47@example.com
CLI03585,2023-12-27,Online,,F,5.0,Cordoba,True,juan-martin04@example.org
CLI03586,2023-08-05,Online,,M,58.0,Entre Rios,True,garcialautaro@example.com
CLI03587,2023-01-12,Tienda,T14,F,43.0,Salta,False,tiziana66@example.net
CLI03588,2023-06-11,Sucursal,T16,F,36.0,Buenos Aires,True,delfinaperez@example.org
CLI03589,2024-02-27,Tienda,T26,F,27.0,Cordoba,True,sebastian99@example.net
CLI03590,2022-10-13,Online,,F,42.0,Cordoba,True,juan-pablogarcia@example.net
CLI03591,2022-11-23,Tienda,T07,F,36.0,Santa Fe,True,paezvalentino@example.org
CLI03592,2024-07-28,Online,,F,31.0,CABA,True,quirogagael@example.net
CLI03593,2024-02-08,Tienda,T16,F,68.0,Santa Fe,False,sosagabriel@example.com
CLI03594,2024-10-23,Tienda,T16,M,40.0,Mendoza,True,santino96@example.net
CLI03595,2025-01-30,Online,,F,54.0,Cordoba,True,micaela37@example.org
CLI03596,2023-05-02,Tienda,T28,,62.0,Tucuman,True,guzmanantonella@example.net
CLI03597,2023-02-15,Online,,F,47.0,Buenos Aires,True,maria-victoriamolina@example.com
CLI03598,2022-12-26,Online,,M,50.0,CABA,True,jmorales@example.net
CLI03599,2024-06-13,Tienda,T28,M,49.0,Entre Rios,False,oliverasantiago@example.com
CLI03600,2023-02-19,Tienda,T01,M,55.0,Buenos Aires,True,sdiaz@example.com
CLI03601,2024-09-04,Tienda,T11,F,,Entre Rios,False,pereyrajazmin@example.com
CLI03602,2023-02-12,Online,,F,49.0,Cordoba,True,cgonzalez@example.com
CLI03603,2025-08-28,Tienda,T21,F,43.0,Salta,True,soriageronimo@example.org
CLI03604,2022-10-15,Tienda,T17,M,35.0,Mendoza,True,perezjulieta@example.org
CLI03605,2022-08-11,Tienda,T15,F,36.0,Entre Rios,False,agostinamiranda@example.com
CLI03606,2025-09-25,Online,,F,33.0,Tucuman,False,cabreraclara@example.net
CLI03607,2025-12-23,Tienda,T23,F,,Santa Fe,True,ana-paulamiranda@example.net
CLI03608,2025-05-02,Tienda,T14,F,60.0,Buenos Aires,False,victoria33@example.net
CLI03609,2023-06-20,Tienda,T27,F,28.0,Neuquen,False,sosavalentina@example.org
CLI03610,2024-02-13,Tienda,T06,M,33.0,Buenos Aires,False,uvazquez@example.com
CLI03611,2023-10-14,Tienda,T14,M,28.0,CABA,True,sperez@example.net
CLI03612,2025-08-30,Tienda,T12,M,41.0,Tucuman,True,valentina-jazmin85@example.com
CLI03613,2025-11-30,Tienda,T18,M,56.0,Tucuman,True,tomas-benjaminlopez@example.net
CLI03614,2023-05-19,Online,,F,37.0,Neuquen,True,kferreyra@example.net
CLI03615,2022-11-26,Online,,M,46.0,Cordoba,True,cmartinez@example.org
CLI03616,2022-11-15,Tienda,T19,M,18.0,Cordoba,True,dferreyra@example.com
CLI03617,2025-09-30,Online,,F,5.0,Cordoba,False,guillermina44@example.com
CLI03618,2024-10-28,Tienda,T06,F,48.0,Mendoza,True,aruiz@example.org
CLI03619,2022-11-28,Tienda,T06,F,33.0,Entre Rios,True,lucia35
CLI03620,2025-02-22,Tienda,T20,M,,Neuquen,True,rsuarez@example.net
CLI03621,2022-05-15,Tienda,T20,F,,Neuquen,True,ferreyrarenata@example.com
CLI03622,2024-02-20,Online,,,40.0,Neuquen,True,jvega@example.com
CLI03623,2024-06-13,Tienda,T06,F,67.0,Tucuman,True,promero@example.net
CLI03624,2025-08-09,Tienda,T01,M,33.0,Mendoza,True,escobarisabella@example.net
CLI03625,2022-03-08,Online,,X,39.0,Buenos Aires,True,gonzalezbenjamin@example.net
CLI03626,2022-12-19,Online,,M,36.0,Santa Fe,True,ivazquez@example.org
CLI03627,2025-02-13,Online,,F,43.0,Tucuman,True,antonioblanco
CLI03628,2023-03-16,Tienda,T21,F,18.0,CABA,False,lautarocastillo@example.org
CLI03629,2024-06-10,Tienda,T07,M,60.0,Tucuman,True,francesca23@example.com
CLI03630,2023-03-08,Online,,F,50.0,Entre Rios,True,martinezbruno@example.com
CLI03631,2025-03-20,Online,,F,38.0,Mendoza,True,zacosta
CLI03632,2024-03-06,Online,,F,36.0,Santa Fe,True,juan-cruz62@example.net
CLI03633,2025-10-22,Tienda,T17,F,49.0,Tucuman,False,francescaluna@example.com
CLI03634,2024-11-16,Online,,F,46.0,Salta,False,sayala@example.net
CLI03635,2024-08-23,Tienda,T27,F,36.0,Entre Rios,True,maximo86@example.com
CLI03636,2022-06-02,Online,,F,39.0,Buenos Aires,True,cperez@example.org
CLI03637,2025-09-04,Tienda,T08,M,46.0,Buenos Aires,True,juarezthiago@example.net
CLI03638,2024-11-26,Online,,M,36.0,Entre Rios,False,mirandamartin@example.com
CLI03639,2023-04-21,Tienda,T09,F,37.0,CABA,True,tgomez@example.net
CLI03640,2023-12-22,Tienda,T02,F,,Santa Fe,True,omedina@example.com
CLI03641,2025-09-22,Online,,M,37.0,Mendoza,False,renata28@example.com
CLI03642,2022-07-16,Tienda,T25,F,24.0,Cordoba,True,ana-paulamartinez
CLI03643,2023-08-20,Online,,M,28.0,Mendoza,False,cruzmorena@example.net
CLI03644,2024-11-14,Tienda,T16,F,,Salta,True,cgonzalez@example.net
CLI03645,2025-10-15,Tienda,T27,F,52.0,CABA,True,milagrosblanco@example.org
CLI03646,2025-04-11,Tienda,T13,,41.0,Buenos Aires,True,tizianoromero@example.net
CLI03647,2022-10-01,Online,,F,18.0,Tucuman,True,blancomalena@example.com
CLI03648,2024-04-28,Tienda,T23,M,21.0,CABA,True,gutierrezvictoria@example.net
CLI03649,2025-07-06,Online,,M,47.0,Cordoba,True,qnavarro@example.net
CLI03650,2025-10-19,Tienda,T24,F,65.0,CABA,True,hperalta@example.net
CLI03651,2025-09-15,Sucursal,T25,M,,Salta,True,diazfrancisca@example.net
CLI03652,2025-12-21,Online,,M,39.0,Buenos Aires,True,sofialuna@example.org
CLI03653,2024-10-18,Tienda,T04,F,37.0,CABA,True,valdezjeremias@example.net
CLI03654,2025-03-13,Tienda,T17,F,36.0,Salta,True,morenoemilia@example.org
CLI03655,2024-11-03,Sucursal,T07,M,66.0,Santa Fe,True,lourdesleiva@example.com
CLI03656,2022-02-27,Online,,F,45.0,Buenos Aires,False,calvarez@example.com
CLI03657,2024-11-12,Online,,M,29.0,CABA,True,constanzagonzalez@example.com
CLI03658,2025-10-09,Online,,F,55.0,Santa Fe,True,lopezpilar@example.com
CLI03659,2025-08-11,Tienda,T05,F,53.0,Neuquen,True,santino70@example.net
CLI03660,2024-03-03,Tienda,T25,,18.0,Santa Fe,True,joaquin44@example.net
CLI03661,2022-12-27,Tienda,T23,F,,Buenos Aires,True,nlopez@example.com
CLI03662,2025-12-05,Online,,M,56.0,Buenos Aires,False,candelariagutierrez@example.com
CLI03663,2024-03-23,Online,,X,54.0,Tucuman,True,martinezjuan-ignacio@example.com
CLI03664,2024-06-09,Tienda,T14,M,24.0,Tucuman,False,igomez@example.com
CLI03665,2025-09-21,Online,,F,42.0,Buenos Aires,False,eaguero@example.org
CLI03666,2023-06-17,Tienda,T03,F,54.0,Entre Rios,False,fernandezluana@example.org
CLI03667,2025-09-16,Tienda,T06,F,46.0,Buenos Aires,True,imartinez@example.org
CLI03668,2023-07-05,Online,,F,27.0,Mendoza,True,simonferreyra@example.org
CLI03669,2025-07-09,Online,,F,39.0,Cordoba,True,xrojas@example.net
CLI03670,2022-10-11,Tienda,T07,M,,Cordoba,False,xgomez@example.org
CLI03671,2025-05-06,Online,,F,48.0,Santa Fe,False,nicolas89@example.net
CLI03672,2025-09-23,Tienda,T04,M,28.0,CABA,True,tomas52@example.com
CLI03673,2024-06-19,Online,,F,74.0,Salta,True,felipeflores@example.net
CLI03674,2022-04-18,Tienda,S08,M,45.0,Buenos Aires,True,victoria61@example.net
CLI03675,2024-03-10,Online,,M,21.0,Buenos Aires,False,victoriabenitez@example.net
CLI03676,2024-05-31,Tienda,T20,F,37.0,Santa Fe,False,vlopez@example.net
CLI03677,2025-05-04,Tienda,T18,F,18.0,Entre Rios,True,camilacastillo@example.com
CLI03678,2025-02-11,Sucursal,T13,M,32.0,Salta,True,sanchezbautista@example.org
CLI03679,2024-01-19,Tienda,T27,M,41.0,Neuquen,False,fernandezbautista@example.net
CLI03680,2023-04-22,Tienda,T13,F,75.0,Neuquen,True,isabellamolina@example.net
CLI03681,2024-07-02,Tienda,T10,F,44.0,Tucuman,True,quirogasimon@example.net
CLI03682,2022-01-04,Online,,M,47.0,Buenos Aires,False,alvarezmateo-ezequiel@example.net
CLI03683,2025-04-14,Tienda,T02,F,52.0,Neuquen,False,felipepaz@example.org
CLI03684,2025-01-15,Tienda,T07,M,45.0,Cordoba,True,tsosa@example.org
CLI03685,2023-06-20,Tienda,T01,F,34.0,Cordoba,True,sosaignacio@example.com
CLI03686,2023-09-14,Tienda,T28,M,61.0,Santa Fe,True,sortiz@example.net
CLI03687,2023-05-05,Online,,M,49.0,Buenos Aires,False,amartinez@example.net
CLI03688,2024-01-18,Tienda,T11,M,63.0,Neuquen,True,julieta34@example.net
CLI03689,2023-07-18,Tienda,T10,M,,Tucuman,True,gfernandez@example.org
CLI03690,2023-12-27,Online,,M,,Buenos Aires,False,isabellabravo@example.com
CLI03691,2023-08-20,Online,,F,,Entre Rios,True,bastiannunez@example.com
CLI03692,2022-08-05,Tienda,T28,M,36.0,Buenos Aires,True,brodriguez@example.org
CLI03693,2023-09-29,Online,,F,37.0,Buenos Aires,False,santino-gabriel87@example.com
CLI03694,2023-12-12,Online,,F,48.0,Santa Fe,True,hcastro@example.net
CLI03695,2024-06-16,Online,,,132.0,Cordoba,True,msuarez@example.org
CLI03696,2025-12-15,Tienda,T28,F,,Buenos Aires,True,thiago15@example.net
CLI03697,2023-12-10,Tienda,T16,F,62.0,Mendoza,True,tomasjuarez@example.net
CLI03698,2022-01-31,Online,,M,61.0,Salta,True,veramateo@example.net
CLI03699,2022-08-18,Tienda,T01,F,43.0,CABA,True,julieta62@example.com
CLI03700,2024-07-17,Sucursal,T25,F,28.0,Buenos Aires,False,xpaez@example.net
CLI03701,2025-09-08,Tienda,T19,F,34.0,Santa Fe,True,milogomez
CLI03702,2024-04-13,Online,,F,32.0,CABA,True,juan-francisco14@example.net
CLI03703,2024-01-25,Online,,X,30.0,Entre Rios,False,fgutierrez
CLI03704,2023-03-26,Online,,F,29.0,Entre Rios,False,ortizsantino@example.org
CLI03705,2023-07-07,Online,,F,,Neuquen,True,naguero@example.net
CLI03706,2024-12-16,Sucursal,T05,M,46.0,Santa Fe,True,juan-pablo51@example.org
CLI03707,2024-08-09,Tienda,T08,M,48.0,Tucuman,False,santino77@example.com
CLI03708,2023-10-30,Tienda,T23,F,29.0,Buenos Aires,True,gutierrezluca@example.com
CLI03709,2024-10-29,Tienda,T16,M,46.0,Salta,True,sosafrancesco@example.org
CLI03710,2024-05-08,Online,,F,69.0,Salta,True,thiago-nahuel83@example.org
CLI03711,2023-06-28,Online,,F,45.0,Salta,True,dalvarez@example.net
CLI03712,2022-03-27,Online,,M,37.0,Neuquen,True,fpaez@example.com
CLI03713,2025-09-30,Online,,F,80.0,CABA,False,torrescatalina@example.net
CLI03714,2024-05-12,Online,,M,46.0,Salta,True,zcordoba@example.com
CLI03715,2022-06-19,Online,,F,34.0,Mendoza,True,ramirezdelfina@example.net
CLI03716,2024-03-25,Tienda,T28,F,54.0,Entre Rios,True,lisandromendez@example.net
CLI03717,2023-10-25,Online,,F,32.0,Entre Rios,True,veraalma@example.org
CLI03718,2025-11-26,Tienda,T25,M,37.0,Santa Fe,True,castrofelipe@example.com
CLI03719,2023-03-29,Online,,F,56.0,Cordoba,True,xsilva@example.org
CLI03720,2022-03-06,Tienda,T11,M,34.0,Tucuman,True,camilarivero@example.org
CLI03721,2024-04-15,Tienda,T19,F,22.0,CABA,False,cmiranda@example.com
CLI03722,2025-05-13,Online,,F,52.0,Santa Fe,True,lquiroga@example.com
CLI03723,2022-08-14,Sucursal,S12,M,54.0,Neuquen,False,mansillajoaquin@example.org
CLI03724,2022-10-27,Online,,F,23.0,Tucuman,True,dominguezlucas@example.org
CLI03725,2022-02-15,Tienda,T03,M,37.0,CABA,True,benicio24@example.com
CLI03726,2024-07-26,Tienda,T25,F,57.0,Cordoba,True,dnunez@example.net
CLI03727,2022-12-05,Tienda,T19,M,46.0,Mendoza,True,octavio46@example.com
CLI03728,2025-04-27,Tienda,T15,M,54.0,Buenos Aires,False,santino79@example.net
CLI03729,2022-04-04,Tienda,T11,F,41.0,Salta,False,hmorales@example.org
CLI03730,2023-06-03,Tienda,T27,M,34.0,Entre Rios,False,luz-milagrosbarrios@example.net
CLI03731,2025-12-30,Tienda,T13,F,35.0,CABA,True,lautaro56@example.com
CLI03732,2024-09-10,Tienda,T18,F,38.0,Entre Rios,True,gsanchez@example.org
CLI03733,2022-04-10,Tienda,T21,F,45.0,Tucuman,False,lautaro30@example.net
CLI03734,2025-07-01,Online,,F,18.0,Tucuman,True,ubarrios@example.com
CLI03735,2023-12-02,Online,,F,18.0,Tucuman,False,dquiroga@example.net
CLI03736,2025-04-21,Tienda,T17,M,42.0,Mendoza,True,roldantiziano@example.org
CLI03737,2022-06-15,Tienda,T12,F,,Cordoba,True,martina83@example.org
CLI03738,2025-02-01,Tienda,T22,F,33.0,Entre Rios,True,kromero@example.net
CLI03739,2024-04-17,Tienda,T04,M,,Mendoza,True,nvaldez@example.org
CLI03740,2023-10-29,Online,,F,28.0,Neuquen,False,tomasgomez@example.net
CLI03741,2022-03-13,Tienda,T25,F,24.0,Santa Fe,False,joaquinsanchez@example.org
CLI03742,2023-09-05,Tienda,T07,F,45.0,Mendoza,False,ponceagustina@example.org
CLI03743,2022-08-28,Tienda,T17,M,42.0,Neuquen,True,oherrera@example.net
CLI03744,2025-08-17,Tienda,T02,M,35.0,Santa Fe,True,facundolopez@example.net
CLI03745,2023-11-13,Tienda,T06,M,25.0,Neuquen,True,santiagopereyra@example.com
CLI03746,2022-06-27,Tienda,T03,M,43.0,Buenos Aires,True,zoelopez@example.net
CLI03747,2025-11-15,Tienda,T14,M,42.0,Tucuman,True,peraltagonzalo@example.com
CLI03748,2023-01-15,Tienda,T10,F,39.0,Salta,True,mateomolina@example.com
CLI03749,2024-07-24,Online,,F,41.0,Tucuman,True,julieta42@example.org
CLI03750,2023-12-18,Online,,M,37.0,Cordoba,True,juan-ignacioleiva@example.net
CLI03751,2025-02-23,Online,,M,50.0,Santa Fe,True,thiago-gabrielrios@example.com
CLI03752,2023-03-08,Tienda,T09,F,48.0,Santa Fe,True,larafigueroa@example.org
CLI03753,2022-08-24,Tienda,S04,F,,Neuquen,False,morenovalentino@example.com
CLI03754,2024-11-17,Online,,F,,Neuquen,False,juarezthiago-agustin@example.com
CLI03755,2024-12-31,Tienda,T27,F,42.0,Buenos Aires,True,xlopez@example.net
CLI03756,2023-11-22,Tienda,T13,X,26.0,Salta,True,martinezjosefina@example.net
CLI03757,2023-10-25,Tienda,T01,M,,Santa Fe,True,frivero@example.net
CLI03758,2023-09-13,Tienda,T15,M,34.0,Tucuman,True,hlopez@example.com
CLI03759,2022-11-01,Tienda,T23,M,63.0,Salta,True,fernandezmorena-jazmin@example.com
CLI03760,2022-09-28,Tienda,T03,F,,Tucuman,False,rromero@example.net
CLI03761,2025-06-22,Sucursal,T07,M,36.0,Neuquen,True,benjaminrios@example.net
CLI03762,2023-08-02,Tienda,T17,M,63.0,CABA,False,emmaferreyra@example.com
CLI03763,2024-12-30,Online,,M,42.0,CABA,True,lgarcia
CLI03764,2022-09-24,Sucursal,T21,F,52.0,Entre Rios,True,sacosta@example.org
CLI03765,2025-10-17,Tienda,T20,M,51.0,Tucuman,True,perezdelfina@example.org
CLI03766,2025-07-03,Online,,F,,Entre Rios,True,mateogarcia@example.com
CLI03767,2023-08-27,Online,,F,54.0,Mendoza,False,maximiliano95@example.org
CLI03768,2023-01-01,Tienda,T03,F,30.0,Buenos Aires,True,juarezisabella@example.net
CLI03769,2022-06-27,Online,,M,,Buenos Aires,True,santiago66@example.net
CLI03770,2025-04-11,Online,,F,71.0,Neuquen,False,lorenzo76@example.org
CLI03771,2023-11-13,Online,,F,40.0,Neuquen,False,camila64@example.org
CLI03772,2025-11-04,Online,,M,47.0,Santa Fe,True,candelarialeiva@example.com
CLI03773,2024-09-04,Tienda,T12,F,27.0,Tucuman,False,victoriaavila@example.net
CLI03774,2025-12-29,Online,,F,60.0,Mendoza,True,lleiva@example.org
CLI03775,2022-02-09,Online,,F,29.0,Salta,True,fariasluciano@example.com
CLI03776,2022-07-13,Online,,M,32.0,Entre Rios,True,fguzman@example.net
CLI03777,2022-09-11,Online,,M,34.0,Salta,False,santinodiaz@example.org
CLI03778,2024-04-13,Tienda,T22,F,29.0,Cordoba,True,alma-jazmin19@example.com
CLI03779,2023-03-01,Tienda,T23,F,23.0,Entre Rios,False,santiagorodriguez@example.org
CLI03780,2023-06-09,Online,,F,38.0,CABA,True,mirandapedro
CLI03781,2025-09-10,Tienda,T08,F,35.0,Buenos Aires,False,bautista62@example.com
CLI03782,2024-12-14,Sucursal,T08,M,40.0,Buenos Aires,True,morena12@example.com
CLI03783,2025-12-08,Tienda,T14,F,28.0,Santa Fe,True,dlopez@example.com
CLI03784,2025-05-07,Tienda,T20,M,30.0,CABA,True,guillermina93@example.com
CLI03785,2025-06-17,Tienda,T14,M,37.0,Salta,False,felipe49@example.net
CLI03786,2024-04-20,Online,,F,42.0,Tucuman,False,ciro-benjamin77@example.net
CLI03787,2022-08-03,Tienda,T08,F,29.0,Buenos Aires,False,blancoignacio@example.net
CLI03788,2024-01-11,Online,,M,41.0,Tucuman,True,martingarcia@example.net
CLI03789,2025-12-20,Tienda,T13,M,39.0,Buenos Aires,False,mateoalvarez
CLI03790,2025-10-24,Tienda,T01,M,56.0,CABA,True,valentino71
CLI03791,2024-06-10,Online,,M,50.0,Cordoba,False,paulinaortiz@example.com
CLI03792,2024-04-15,Tienda,T21,M,49.0,Salta,True,xsosa@example.org
CLI03793,2024-03-12,Tienda,T15,M,55.0,Tucuman,False,hsosa@example.com
CLI03794,2022-02-19,Online,,F,33.0,Buenos Aires,True,miguel-angelgonzalez@example.org
CLI03795,2025-12-27,Online,,M,60.0,Santa Fe,False,cdiaz@example.org
CLI03796,2022-02-04,Tienda,S26,F,44.0,CABA,True,juliaperez@example.net
CLI03797,2022-03-07,Online,,F,35.0,Cordoba,True,genaroromero@example.org
CLI03798,2023-12-02,Tienda,T27,M,47.0,Entre Rios,False,vicentearias@example.net
CLI03799,2022-10-27,Tienda,T08,F,27.0,Entre Rios,True,hsoria@example.com
CLI03800,2022-06-04,Online,,M,66.0,Santa Fe,True,wgarcia@example.net
CLI03801,2024-05-05,Online,,M,45.0,Buenos Aires,True,guzmanjoaquin@example.org
CLI03802,2022-08-11,Online,,M,,Entre Rios,True,hmolina@example.com
CLI03803,2023-06-12,Tienda,T08,M,26.0,Salta,True,soriafausto@example.org
CLI03804,2025-07-07,Online,,F,35.0,Salta,True,juan-gabrielmunoz@example.com
CLI03805,2024-10-18,Tienda,T01,F,34.0,Mendoza,False,francescatorres@example.com
CLI03806,2025-08-05,Online,,X,48.0,Tucuman,True,jluna@example.com
CLI03807,2022-09-05,Online,,M,54.0,Buenos Aires,False,aguirremaximo@example.com
CLI03808,2024-05-06,Tienda,T09,F,56.0,Mendoza,True,igarcia@example.com
CLI03809,2023-03-13,Tienda,T25,M,49.0,Buenos Aires,False,julietaflores@example.org
CLI03810,2024-08-23,Online,,M,29.0,Cordoba,True,facundo95@example.net
CLI03811,2022-03-15,Online,,F,57.0,Mendoza,True,santino75@example.org
CLI03812,2024-01-02,Sucursal,T23,F,58.0,Neuquen,True,almagodoy@example.net
CLI03813,2022-06-09,Tienda,T20,M,18.0,Cordoba,True,adiaz@example.net
CLI03814,2022-08-29,Online,,M,34.0,Santa Fe,True,vicente68@example.org
CLI03815,2023-03-30,Tienda,T14,M,37.0,Cordoba,True,jleiva@example.org
CLI03816,2023-04-29,Tienda,T10,X,31.0,Tucuman,True,luz-milagrosgomez@example.org
CLI03817,2022-12-03,Tienda,T23,M,56.0,CABA,False,facundoflores@example.org
CLI03818,2023-11-04,Tienda,T01,M,48.0,Cordoba,False,maria-victoriaacosta@example.com
CLI03819,2025-12-06,Tienda,T28,M,42.0,Salta,True,verabenicio
CLI03820,2023-09-01,Online,,F,25.0,CABA,True,romeroian-benjamin@example.net
CLI03821,2024-12-25,Tienda,T03,M,18.0,Mendoza,True,juan-cruzgonzalez@example.net
CLI03822,2022-01-24,Online,,F,29.0,Entre Rios,False,helenavargas@example.net
CLI03823,2023-09-27,Tienda,T12,M,30.0,Mendoza,False,martinamoreno@example.net
CLI03824,2023-05-21,Sucursal,T26,F,29.0,Santa Fe,True,alvarezfacundo@example.net
CLI03825,2025-08-25,Online,,M,,Santa Fe,True,juan-martingomez@example.net
CLI03826,2025-09-08,Online,,F,,CABA,True,beniciocabrera@example.net
CLI03827,2023-01-14,Online,,F,,Buenos Aires,True,herreraemilia@example.com
CLI03828,2025-11-13,Sucursal,T01,F,46.0,Entre Rios,True,mateo-benjamingonzalez@example.org
CLI03829,2024-03-13,Online,,F,5.0,Neuquen,True,veramateo@example.net
CLI03830,2022-06-28,Tienda,T20,M,38.0,Santa Fe,True,francisco70@example.org
CLI03831,2025-06-10,Online,,F,40.0,Buenos Aires,False,delfinatorres@example.net
CLI03832,2022-02-09,Tienda,S03,F,40.0,Neuquen,True,ucampos@example.com
CLI03833,2025-10-22,Tienda,T18,F,58.0,Salta,True,pazbautista@example.net
CLI03834,2022-06-22,Online,,F,31.0,Tucuman,True,martina65@example.com
CLI03835,2024-07-15,Online,,F,44.0,Neuquen,False,maldonadojulian@example.org
CLI03836,2023-09-23,Tienda,T12,M,23.0,Entre Rios,True,juan-ignaciovega@example.org
CLI03837,2025-02-03,Tienda,T19,F,57.0,Neuquen,True,santinoescobar@example.net
CLI03838,2024-08-16,Online,,,51.0,Buenos Aires,True,floresmia@example.org
CLI03839,2023-08-01,Tienda,T18,M,55.0,Salta,True,bautista82@example.com
CLI03840,2022-04-20,Tienda,T11,M,43.0,Entre Rios,False,chavezludmila@example.com
CLI03841,2022-08-01,Sucursal,T05,F,40.0,Entre Rios,True,vgomez@example.com
CLI03842,2024-01-29,Online,,M,24.0,Buenos Aires,True,zcardozo@example.org
CLI03843,2022-02-28,Online,,M,,Buenos Aires,False,imunoz@example.net
CLI03844,2025-09-01,Tienda,T07,M,60.0,CABA,True,bustosfacundo@example.net
CLI03845,2024-08-12,Tienda,T22,F,18.0,Santa Fe,True,isabella91@example.net
CLI03846,2023-04-22,Tienda,T27,M,65.0,Tucuman,True,oliviamaldonado
CLI03847,2025-08-28,Tienda,T19,F,30.0,Cordoba,False,lunacaceres@example.org
CLI03848,2025-01-07,Online,,F,48.0,Tucuman,True,wtorres@example.net
CLI03849,2022-09-29,Tienda,T11,M,30.0,Salta,True,rodriguezbenjamin@example.com
CLI03850,2024-12-23,Online,,F,39.0,Salta,False,ledesmamia@example.org
CLI03851,2024-12-25,Tienda,T05,M,53.0,Cordoba,True,abril71@example.net
CLI03852,2022-07-04,Online,,M,5.0,Salta,True,jperez@example.org
CLI03853,2022-01-04,Tienda,T13,F,66.0,Santa Fe,True,juana91@example.org
CLI03854,2024-11-24,Tienda,T10,M,42.0,Cordoba,False,hrios@example.net
CLI03855,2024-07-23,Online,,F,132.0,Mendoza,True,agustinmartinez@example.net
CLI03856,2022-08-05,Online,,M,33.0,Santa Fe,True,godoyvictoria@example.net
CLI03857,2025-04-07,Online,,F,35.0,Mendoza,False,emiliamorales@example.org
CLI03858,2025-07-01,Tienda,T24,M,-3.0,CABA,False,xleiva@example.com
CLI03859,2024-11-29,Tienda,T11,M,12.0,Neuquen,True,fromero@example.com
CLI03860,2025-01-26,Tienda,T22,M,64.0,Cordoba,False,gonzalezfrancesco@example.org
CLI03861,2022-07-15,Online,,F,42.0,Neuquen,False,catalinasanchez@example.com
CLI03862,2024-04-22,Online,,F,24.0,Tucuman,True,perezvalentino@example.com
CLI03863,2024-08-10,Tienda,T18,M,33.0,Tucuman,False,juan-cruz55@example.net
CLI03864,2022-09-29,Online,,F,23.0,CABA,True,jhernandez
CLI03865,2023-11-03,Tienda,T10,X,48.0,Neuquen,True,raguirre@example.net
CLI03866,2024-09-26,Tienda,T10,X,42.0,Salta,False,morenaleiva@example.org
CLI03867,2023-08-04,Tienda,T28,F,27.0,CABA,True,qrivero@example.org
CLI03868,2024-08-19,Tienda,T12,M,37.0,Neuquen,True,egonzalez@example.com
CLI03869,2024-05-14,Tienda,T10,M,54.0,Mendoza,True,juarezantonella@example.org
CLI03870,2023-09-12,Tienda,T10,F,5.0,CABA,False,rodriguezdelfina@example.com
CLI03871,2025-06-30,Online,,F,34.0,Santa Fe,True,joaquina09@example.com
CLI03872,2023-05-05,Tienda,T18,M,52.0,CABA,True,bautista00@example.org
CLI03873,2025-12-11,Tienda,T01,F,47.0,Tucuman,True,felipe97@example.org
CLI03874,2023-12-27,Tienda,T03,F,34.0,Tucuman,True,agueromorena@example.com
CLI03875,2024-06-11,Sucursal,T17,M,44.0,CABA,False,agustin82@example.net
CLI03876,2024-08-05,Tienda,T12,M,67.0,Buenos Aires,True,leivatiziano@example.com
CLI03877,2022-02-09,Online,,X,,Santa Fe,True,nahiara18@example.com
CLI03878,2023-10-22,Tienda,T19,M,55.0,Mendoza,True,valentina-jazmin89@example.com
CLI03879,2024-03-01,Tienda,T13,M,40.0,Buenos Aires,True,chavezmilagros@example.org
CLI03880,2023-08-25,Online,,M,50.0,CABA,False,ysanchez@example.org
CLI03881,2023-02-03,Sucursal,T09,M,47.0,CABA,True,catalinagonzalez@example.net
CLI03882,2022-02-14,Online,,M,45.0,Santa Fe,True,hernandezelena@example.com
CLI03883,2025-12-03,Tienda,T06,M,39.0,Salta,True,juan-ignacio19@example.org
CLI03884,2023-03-28,Online,,F,42.0,Tucuman,True,sofiamartin@example.net
CLI03885,2024-08-28,Tienda,T24,F,,Neuquen,True,pilarfernandez@example.com
CLI03886,2022-07-07,Tienda,T28,F,48.0,Tucuman,True,jeronimo59@example.org
CLI03887,2024-03-05,Tienda,T04,F,,Mendoza,True,juan-ignacio59@example.org
CLI03888,2023-02-28,Online,,M,48.0,Salta,False,geronimo95@example.net
CLI03889,2023-02-15,Online,,M,59.0,Neuquen,True,maria-emiliarodriguez@example.net
CLI03890,2023-04-11,Online,,M,54.0,Tucuman,False,ruizjuana@example.com
CLI03891,2022-01-26,Tienda,T14,M,44.0,Cordoba,True,ramirezezequiel@example.net
CLI03892,2022-02-19,Online,,M,18.0,Tucuman,True,tomas54@example.net
CLI03893,2022-07-31,Tienda,T07,F,,CABA,True,mtoledo@example.org
CLI03894,2024-03-02,Online,,M,51.0,Santa Fe,True,ygonzalez@example.com
CLI03895,2022-07-27,Tienda,T04,M,61.0,Cordoba,True,julianjuarez@example.org
CLI03896,2025-07-21,Tienda,T18,M,28.0,Tucuman,True,mansillasalvador@example.net
CLI03897,2025-07-27,Tienda,T20,,38.0,Santa Fe,True,luna92@example.com
CLI03898,2025-12-25,Online,,M,34.0,Mendoza,True,luz-maria15@example.org
CLI03899,2023-10-22,Online,,M,38.0,Tucuman,True,juarezbastian@example.net
CLI03900,2024-10-16,Tienda,T18,M,18.0,Salta,True,gimenezmia@example.com
CLI03901,2022-10-29,Online,,F,35.0,CABA,False,vmaldonado@example.org
CLI03902,2024-12-02,Tienda,T10,F,36.0,Mendoza,True,kgonzalez@example.net
CLI03903,2023-03-24,Tienda,T08,,,Cordoba,False,quirogafrancisca@example.net
CLI03904,2025-04-24,Online,,M,63.0,Salta,True,ujuarez@example.org
CLI03905,2022-04-20,Online,,F,33.0,Cordoba,True,juana25@example.com
CLI03906,2024-01-22,Online,,M,35.0,Buenos Aires,True,ruizalma@example.net
CLI03907,2025-11-13,Online,,M,57.0,Santa Fe,True,felicitasrivero@example.net
CLI03908,2025-06-29,Tienda,T20,X,34.0,Mendoza,True,ramosluana@example.org
CLI03909,2025-12-06,Sucursal,T11,M,58.0,Salta,True,roldanfrancesca@example.org
CLI03910,2022-09-04,Tienda,T21,F,48.0,Cordoba,True,perezcatalina@example.org
CLI03911,2023-07-13,Online,,M,12.0,Buenos Aires,False,molinathiago-lionel
CLI03912,2022-10-03,Online,,F,32.0,Santa Fe,True,lucas49@example.com
CLI03913,2025-06-10,Online,,M,43.0,Buenos Aires,True,ssuarez@example.com
CLI03914,2023-11-19,Tienda,T27,F,39.0,Salta,True,sosasimon@example.net
CLI03915,2023-11-01,Tienda,T26,F,43.0,Entre Rios,True,cdiaz@example.net
CLI03916,2023-02-11,Online,,F,5.0,Neuquen,True,fernandezmateo@example.com
CLI03917,2022-01-14,Tienda,T11,F,49.0,CABA,False,bravobenjamin@example.org
CLI03918,2025-10-11,Tienda,T09,M,32.0,Cordoba,True,jeremias70@example.net
CLI03919,2025-11-06,Tienda,T04,F,35.0,Entre Rios,False,garciaagustin@example.com
CLI03920,2024-05-30,Online,,M,39.0,Buenos Aires,False,hmartinez@example.net
CLI03921,2025-04-10,Tienda,T19,M,24.0,Salta,True,ferreyrabenjamin@example.com
CLI03922,2023-12-14,Online,,X,37.0,Mendoza,False,maria-guadalupeavila@example.net
CLI03923,2022-11-12,Online,,M,38.0,CABA,True,fsanchez@example.org
CLI03924,2024-01-15,Tienda,T04,F,21.0,Mendoza,False,moyanojoaquin@example.net
CLI03925,2025-06-10,Online,,F,18.0,Cordoba,True,bautistacardozo@example.com
CLI03926,2024-07-17,Online,,M,58.0,Entre Rios,False,ledesmajuan-bautista@example.net
CLI03927,2024-10-24,Tienda,T11,F,,Entre Rios,False,emmarodriguez@example.net
CLI03928,2025-11-10,Online,,,39.0,Mendoza,False,charorojas@example.org
CLI03929,2023-05-13,Sucursal,T03,M,33.0,Entre Rios,True,jazminfigueroa@example.net
CLI03930,2022-11-19,Sucursal,T05,F,,Cordoba,True,lgarcia@example.net
CLI03931,2024-10-04,Tienda,T04,F,38.0,CABA,True,fleiva@example.com
CLI03932,2022-10-08,Online,,F,18.0,Mendoza,True,guadalupechavez@example.org
CLI03933,2025-11-06,Tienda,T19,F,48.0,Entre Rios,True,rgarcia@example.com
CLI03934,2024-11-29,Tienda,T17,M,28.0,CABA,True,lhernandez@example.org
CLI03935,2024-10-06,Online,,M,47.0,Mendoza,False,pazmia@example.net
CLI03936,2024-02-24,Tienda,T21,F,39.0,Salta,True,lucasgarcia@example.org
CLI03937,2022-07-12,Online,,M,59.0,Salta,True,sebastian84@example.org
CLI03938,2024-06-13,Tienda,T22,F,,Buenos Aires,True,baguirre@example.net
CLI03939,2022-06-27,Online,,F,36.0,CABA,True,felipe38@example.net
CLI03940,2022-04-17,Online,,F,61.0,Buenos Aires,False,santino76@example.com
CLI03941,2024-03-19,Online,,M,79.0,Entre Rios,True,bautistasosa@example.net
CLI03942,2025-11-12,Online,,,34.0,Entre Rios,True,hernandezjuan-pablo@example.net
CLI03943,2024-11-09,Online,,F,56.0,Entre Rios,True,helena73@example.com
CLI03944,2022-06-15,Online,,F,47.0,Cordoba,True,hperalta@example.com
CLI03945,2025-05-17,Tienda,T24,M,48.0,Entre Rios,False,kcoronel@example.com
CLI03946,2023-03-10,Tienda,T25,,24.0,CABA,False,ignaciogutierrez@example.net
CLI03947,2024-10-28,Tienda,T03,F,28.0,Santa Fe,True,maria-luzcastro@example.org
CLI03948,2024-12-21,Tienda,T22,,61.0,Buenos Aires,True,dylan-benjamin21@example.org
CLI03949,2025-06-03,Online,,F,44.0,Mendoza,True,juan-cruznunez@example.org
CLI03950,2025-01-28,Online,,M,34.0,Mendoza,True,catalina15@example.org
CLI03951,2025-02-25,Sucursal,T22,F,66.0,Entre Rios,True,mlopez@example.net
CLI03952,2025-11-05,Tienda,T12,X,58.0,Mendoza,True,valentinoperez@example.org
CLI03953,2025-06-14,Online,,M,52.0,Salta,False,delfina57@example.com
CLI03954,2024-09-25,Tienda,T07,F,28.0,Santa Fe,True,rcarrizo@example.com
CLI03955,2024-09-20,Online,,F,41.0,Cordoba,True,rojascatalina@example.org
CLI03956,2024-08-23,Online,,F,,Mendoza,False,giovannisilva@example.org
CLI03957,2024-06-08,Tienda,T04,M,18.0,Entre Rios,True,julia22@example.org
CLI03958,2023-01-26,Online,,F,20.0,Entre Rios,True,emma45@example.org
CLI03959,2022-05-08,Tienda,T05,M,31.0,Tucuman,False,juliabenitez@example.com
CLI03960,2024-10-11,Tienda,T19,F,55.0,Tucuman,False,icoronel@example.net
CLI03961,2024-08-09,Online,,X,45.0,CABA,False,qsanchez@example.com
CLI03962,2022-02-25,Online,,F,,CABA,True,lopezjoaquin@example.org
CLI03963,2025-03-13,Tienda,T13,F,44.0,Santa Fe,True,ggarcia@example.net
CLI03964,2025-10-14,Online,,F,43.0,Cordoba,True,victoria19@example.com
CLI03965,2023-03-08,Tienda,T27,M,58.0,Salta,False,fernandezmaria-victoria@example.com
CLI03966,2023-03-21,Tienda,T08,X,85.0,Santa Fe,False,iperalta@example.com
CLI03967,2022-07-20,Online,,M,48.0,Neuquen,True,lmartinez@example.org
CLI03968,2024-04-25,Sucursal,T27,M,60.0,Cordoba,True,thiagoortiz@example.net
CLI03969,2022-09-29,Online,,M,36.0,Buenos Aires,False,diazluz-maria@example.net
CLI03970,2023-12-20,Tienda,T10,M,64.0,Neuquen,False,federico46@example.net
CLI03971,2025-05-05,Online,,M,43.0,Salta,True,juan-ignacio42@example.org
CLI03972,2025-01-14,Online,,F,44.0,CABA,True,maria-victoriaflores@example.com
CLI03973,2023-03-26,Online,,F,35.0,Tucuman,True,ogonzalez@example.org
CLI03974,2023-11-29,Tienda,T18,M,31.0,Santa Fe,True,bastian72@example.com
CLI03975,2023-07-17,Online,,M,34.0,Buenos Aires,True,diazcharo@example.org
CLI03976,2025-07-20,Tienda,T23,F,28.0,Neuquen,True,maximobravo
CLI03977,2024-01-03,Tienda,T13,X,24.0,Salta,True,lautaro-benjamingarcia@example.com
CLI03978,2025-06-07,Tienda,T16,M,67.0,Mendoza,True,xcastillo@example.com
CLI03979,2023-04-23,Tienda,T18,M,48.0,Mendoza,True,juliahernandez@example.net
CLI03980,2025-05-16,Online,,M,55.0,CABA,True,santinoaguirre@example.net
CLI03981,2025-04-14,Tienda,T20,F,49.0,Buenos Aires,True,fernandezgiovanni@example.com
CLI03982,2023-02-18,Tienda,T06,F,22.0,Tucuman,False,cruiz@example.net
CLI03983,2024-10-12,Online,,F,42.0,Santa Fe,True,bautistafernandez@example.org
CLI03984,2022-03-24,Tienda,T04,,29.0,Salta,True,kgodoy@example.net
CLI03985,2023-06-29,Online,,F,31.0,Buenos Aires,True,lorenzo44@example.net
CLI03986,2023-04-01,Online,,F,40.0,Salta,False,juan-pablo56@example.net
CLI03987,2023-09-16,Online,,M,,Salta,False,martinezuma@example.com
CLI03988,2022-06-12,Tienda,T18,M,43.0,Tucuman,False,fernandezjazmin@example.org
CLI03989,2022-01-12,Online,,F,43.0,Buenos Aires,True,emiliarodriguez@example.com
CLI03990,2024-07-19,Online,,F,38.0,Salta,True,ybustos@example.com
CLI03991,2025-10-01,Tienda,T13,F,42.0,CABA,True,sruiz@example.net
CLI03992,2023-04-01,Online,,M,,Salta,True,herreramateo@example.net
CLI03993,2023-09-03,Tienda,T26,M,72.0,Salta,True,victoria60@example.org
CLI03994,2022-02-27,Tienda,T28,F,132.0,Cordoba,True,rodriguezmateo@example.com
CLI03995,2024-08-28,Online,,M,39.0,Cordoba,True,francogonzalez@example.com
CLI03996,2024-01-24,Tienda,T19,,47.0,Mendoza,False,rrojas@example.net
CLI03997,2023-09-29,Online,,F,55.0,Neuquen,True,lucas-ezequielcabrera@example.org
CLI03998,2023-01-23,Tienda,T07,M,56.0,Buenos Aires,True,salvador92@example.net
CLI03999,2023-05-08,Tienda,T16,F,59.0,Tucuman,True,romerorenzo@example.org
CLI04000,2023-05-24,Tienda,T28,F,59.0,Santa Fe,True,francisco93@example.net
CLI04001,2025-10-21,Online,,M,47.0,Tucuman,True,carmela88@example.org
CLI04002,2024-03-08,Tienda,T10,X,38.0,CABA,True,tizianamiranda
CLI04003,2024-02-18,Online,,M,20.0,Buenos Aires,True,helenarodriguez@example.net
CLI04004,2022-06-28,Online,,M,57.0,Salta,True,santiagoperalta@example.org
CLI04005,2025-01-12,Online,,F,50.0,Mendoza,True,emiliagonzalez@example.com
CLI04006,2025-01-20,Tienda,T07,,30.0,CABA,True,silvamateo@example.net
CLI04007,2023-03-13,Tienda,T17,M,42.0,Neuquen,False,ivancaceres@example.net
CLI04008,2023-02-04,Tienda,T12,F,36.0,Cordoba,False,cordobamartin@example.com
CLI04009,2023-09-22,Tienda,T11,F,35.0,CABA,False,guillermina46@example.com
CLI04010,2024-09-08,Tienda,T16,M,66.0,Neuquen,True,sofia97@example.net
CLI04011,2022-12-31,Tienda,T17,,37.0,Salta,False,enzo20@example.com
CLI04012,2024-08-23,Sucursal,T14,F,,Entre Rios,True,ramirezvalentino@example.com
CLI04013,2023-06-28,Tienda,T13,F,40.0,Mendoza,True,pereyrafelicitas@example.com
CLI04014,2024-01-04,Tienda,T22,,32.0,Entre Rios,False,castillojuan-ignacio@example.org
CLI04015,2024-05-07,Tienda,T25,F,43.0,CABA,True,catalinaluna@example.org
CLI04016,2022-04-05,Online,,F,-3.0,CABA,True,lautaro-nicolasruiz@example.com
CLI04017,2023-10-11,Tienda,T14,F,39.0,Cordoba,True,lautaro-benjaminvera@example.org
CLI04018,2022-05-02,Online,,F,49.0,Entre Rios,True,octavio68@example.com
CLI04019,2022-02-17,Online,,M,18.0,Buenos Aires,True,kperez@example.org
CLI04020,2023-11-16,Online,,M,50.0,CABA,False,franciscoflores@example.net
CLI04021,2023-09-24,Tienda,T03,M,22.0,Entre Rios,True,gabrielrodriguez@example.org
CLI04022,2025-07-13,Tienda,T17,X,,Salta,False,pilarortiz@example.org
CLI04023,2022-02-24,Tienda,T27,F,61.0,Salta,True,ugonzalez@example.org
CLI04024,2022-08-15,Online,,M,38.0,Neuquen,False,rodriguezmaximo@example.com
CLI04025,2025-10-08,Tienda,T05,M,52.0,Santa Fe,True,pgarcia@example.net
CLI04026,2024-05-25,Sucursal,T02,M,38.0,Buenos Aires,True,gonzalezpedro@example.com
CLI04027,2022-02-14,Tienda,T04,F,37.0,Tucuman,True,carmelamolina@example.org
CLI04028,2025-12-02,Online,,F,45.0,Neuquen,True,justinabustos@example.com
CLI04029,2025-05-14,Tienda,T25,F,57.0,Entre Rios,True,aguirrefelipe@example.com
CLI04030,2024-12-06,Tienda,T21,F,43.0,Buenos Aires,True,maitemartin@example.org
CLI04031,2024-05-08,Tienda,T22,F,41.0,Mendoza,False,evera
CLI04032,2023-03-11,Tienda,T01,M,28.0,Buenos Aires,False,luanaruiz
CLI04033,2022-09-01,Online,,M,18.0,Santa Fe,False,martinarios@example.org
CLI04034,2023-07-09,Tienda,T27,M,43.0,Cordoba,True,martinezsantiago-benjamin@example.net
CLI04035,2024-11-04,Online,,M,39.0,CABA,True,abarrios@example.net
CLI04036,2024-10-15,Tienda,T08,F,45.0,CABA,True,giovannidiaz@example.net
CLI04037,2024-08-08,Tienda,T11,M,56.0,Mendoza,False,jrodriguez@example.org
CLI04038,2023-08-11,Tienda,T26,M,53.0,Entre Rios,True,fernandezbruno@example.com
CLI04039,2025-07-06,Tienda,T17,M,29.0,Cordoba,True,oquiroga@example.org
CLI04040,2022-03-31,Online,,F,45.0,CABA,True,nsilva@example.com
CLI04041,2023-08-28,Tienda,T15,M,45.0,Buenos Aires,True,ggodoy@example.com
CLI04042,2022-10-02,Tienda,S16,F,38.0,Entre Rios,False,garciajazmin@example.org
CLI04043,2022-02-06,Online,,F,18.0,Salta,True,lorenzorodriguez
CLI04044,2024-07-21,Tienda,T27,F,30.0,Buenos Aires,False,thiagofernandez@example.net
CLI04045,2024-04-04,Online,,F,40.0,Buenos Aires,True,herrerabautista@example.com
CLI04046,2024-02-25,Tienda,T01,F,5.0,Buenos Aires,False,efernandez@example.com
CLI04047,2023-03-12,Online,,M,37.0,Mendoza,True,jsanchez@example.org
CLI04048,2024-09-10,Online,,M,22.0,Tucuman,True,moralesnicolas@example.org
CLI04049,2023-03-26,Tienda,T01,F,60.0,CABA,False,oliviamartinez@example.net
CLI04050,2024-10-07,Tienda,T04,M,-3.0,Santa Fe,False,luz-milagrosgarcia@example.net
CLI04051,2025-03-28,Tienda,T22,X,35.0,Tucuman,True,bperalta@example.com
CLI04052,2025-08-31,Online,,M,49.0,CABA,False,perezagostina@example.net
CLI04053,2025-06-02,Tienda,T05,F,51.0,Santa Fe,True,felipe02@example.com
CLI04054,2022-01-17,Online,,M,40.0,Tucuman,True,maidanajuan@example.net
CLI04055,2025-06-09,Tienda,T14,F,33.0,Salta,True,ortizalvaro@example.com
CLI04056,2025-01-27,Online,,F,33.0,CABA,True,santino-nicolaschavez@example.org
CLI04057,2025-08-18,Tienda,T10,,52.0,Cordoba,True,soriamia-morena@example.org
CLI04058,2023-06-09,Online,,,,Cordoba,False,thiago-valentinvelazquez@example.org
CLI04059,2025-04-22,Tienda,T21,F,48.0,Santa Fe,True,lautarofigueroa@example.com
CLI04060,2023-10-16,Online,,M,18.0,CABA,True,miasuarez@example.org
CLI04061,2023-04-29,Tienda,T17,M,,Neuquen,True,nicolas73@example.net
CLI04062,2023-12-17,Tienda,T04,F,,CABA,True,gsanchez@example.org
CLI04063,2023-03-23,Tienda,T20,M,,CABA,False,pedro28@example.org
CLI04064,2022-11-07,Tienda,T23,F,18.0,Salta,False,vnunez@example.org
CLI04065,2024-04-09,Tienda,T20,F,35.0,Neuquen,False,julietaperez@example.org
CLI04066,2023-02-14,Tienda,T08,M,63.0,Mendoza,True,castrosofia@example.org
CLI04067,2022-04-13,Tienda,T27,M,45.0,Cordoba,False,lmendez@example.com
CLI04068,2024-10-24,Tienda,T11,F,34.0,Entre Rios,True,renata04@example.com
CLI04069,2025-09-04,Tienda,T05,F,31.0,Mendoza,True,ggomez@example.org
CLI04070,2025-08-02,Tienda,T01,F,22.0,Salta,True,hquiroga@example.org
CLI04071,2023-10-17,Online,,M,44.0,Cordoba,False,nahuelvelazquez@example.org
CLI04072,2025-05-31,Online,,F,30.0,Neuquen,True,valentinherrera
CLI04073,2025-08-30,Online,,M,36.0,Cordoba,True,mialopez@example.net
CLI04074,2025-12-19,Tienda,T27,F,54.0,Buenos Aires,False,ygonzalez@example.org
CLI04075,2023-04-21,Tienda,T04,M,54.0,Entre Rios,True,mperalta@example.org
CLI04076,2024-02-08,Tienda,T02,F,50.0,Cordoba,True,juan-franciscoferreyra@example.net
CLI04077,2022-03-12,Tienda,T17,M,,Mendoza,False,castrosantino-benjamin@example.net
CLI04078,2024-03-25,Tienda,T19,F,33.0,Cordoba,True,silvabenjamin@example.net
CLI04079,2024-01-23,Tienda,T08,M,57.0,Mendoza,False,antonella20@example.net
CLI04080,2023-01-03,Online,,M,24.0,Salta,False,jojeda@example.org
CLI04081,2023-01-28,Online,,F,59.0,Entre Rios,True,klopez@example.net
CLI04082,2022-10-24,Tienda,T01,M,41.0,Tucuman,True,navarrotiziano@example.com
CLI04083,2024-10-07,Online,,F,54.0,CABA,True,delfinacastro@example.com
CLI04084,2024-05-17,Tienda,T01,F,35.0,Tucuman,False,angel-gabrielgomez@example.org
CLI04085,2022-03-29,Tienda,T17,M,25.0,Buenos Aires,True,zoe-valentina57@example.com
CLI04086,2024-10-09,Tienda,T23,M,27.0,Buenos Aires,True,emilia08@example.org
CLI04087,2024-02-26,Tienda,T11,M,61.0,Salta,False,martinaromero@example.com
CLI04088,2025-03-05,Tienda,T22,F,,Tucuman,True,vvazquez
CLI04089,2025-08-28,Online,,,24.0,Santa Fe,True,martinezlucas-benjamin@example.net
CLI04090,2023-03-21,Tienda,T07,M,52.0,Salta,False,uma07@example.org
CLI04091,2022-08-29,Online,,M,19.0,Buenos Aires,True,paloma73@example.net
CLI04092,2025-08-06,Tienda,T17,X,39.0,Santa Fe,True,usanchez@example.net
CLI04093,2023-06-20,Sucursal,T15,F,46.0,Tucuman,True,nicolasflores@example.org
CLI04094,2023-11-02,Tienda,T27,,45.0,Neuquen,False,herrerabautista@example.com
CLI04095,2023-11-07,Tienda,T15,F,47.0,Santa Fe,True,lsosa@example.org
CLI04096,2024-11-06,Online,,,40.0,Mendoza,True,juarezmaria-victoria@example.org
CLI04097,2025-01-18,Tienda,T03,M,18.0,Santa Fe,True,bautistaruiz@example.org
CLI04098,2024-12-04,Tienda,T17,F,44.0,Mendoza,False,thiagovazquez@example.com
CLI04099,2025-07-01,Tienda,T23,F,40.0,Mendoza,True,ezequiel20@example.org
CLI04100,2022-10-10,Online,,M,38.0,CABA,True,jfernandez@example.org
CLI04101,2024-07-27,Tienda,T14,M,48.0,Salta,False,pilarduarte@example.org
CLI04102,2022-02-18,Tienda,T25,M,5.0,Cordoba,False,mateo-benjamintorres@example.org
CLI04103,2025-02-16,Online,,F,44.0,Tucuman,True,sanchezjuan-cruz@example.net
CLI04104,2022-07-29,Tienda,S25,F,62.0,Tucuman,True,diazvalentina@example.net
CLI04105,2025-01-16,Tienda,T07,M,72.0,Tucuman,False,bfernandez@example.org
CLI04106,2023-09-30,Tienda,T06,M,,Santa Fe,False,jcarrizo@example.net
CLI04107,2022-01-22,Tienda,T21,F,36.0,Buenos Aires,False,nflores@example.net
CLI04108,2025-10-26,Online,,F,23.0,Tucuman,False,francescodiaz@example.net
CLI04109,2025-09-30,Online,,F,,Santa Fe,True,rodriguezcatalina@example.net
CLI04110,2023-03-20,Tienda,T05,F,18.0,Neuquen,False,bautistaacosta@example.net
CLI04111,2022-12-15,Online,,F,64.0,Salta,False,thiago-benjamingonzalez@example.org
CLI04112,2023-06-27,Tienda,T05,X,55.0,Buenos Aires,False,miafernandez@example.org
CLI04113,2024-06-12,Tienda,T15,M,34.0,Neuquen,True,paezisabella@example.org
CLI04114,2025-05-13,Online,,F,50.0,CABA,False,cvazquez@example.org
CLI04115,2023-11-07,Tienda,T11,,,Buenos Aires,True,acunatomas@example.net
CLI04116,2024-02-02,Online,,F,25.0,Neuquen,True,juanasuarez@example.net
CLI04117,2023-08-06,Tienda,T01,M,52.0,Buenos Aires,False,yavila@example.net
CLI04118,2024-02-15,Tienda,T01,F,27.0,CABA,True,ian96@example.com
CLI04119,2023-02-18,Tienda,T09,M,44.0,Salta,True,cromero@example.com
CLI04120,2025-03-07,Tienda,T22,F,39.0,Tucuman,False,gmedina@example.net
CLI04121,2024-11-24,Online,,M,63.0,Cordoba,False,trivero@example.org
CLI04122,2025-12-28,Online,,M,45.0,Neuquen,False,lourdescastillo@example.com
CLI04123,2023-11-07,Tienda,T01,M,63.0,Santa Fe,True,carrizogonzalo@example.com
CLI04124,2025-06-29,Tienda,T06,F,5.0,Neuquen,True,ocoronel@example.net
CLI04125,2023-05-09,Tienda,T15,F,30.0,Cordoba,False,ayalabenjamin@example.net
CLI04126,2025-03-11,Tienda,T14,M,25.0,Mendoza,False,acunabautista@example.com
CLI04127,2024-07-10,Online,,M,,Mendoza,True,moragonzalez@example.org
CLI04128,2023-11-30,Tienda,T01,F,41.0,Entre Rios,False,isabelladominguez@example.com
CLI04129,2025-05-08,Tienda,T10,F,18.0,Entre Rios,True,gdiaz@example.net
CLI04130,2023-02-01,Online,,M,,CABA,True,medinamia@example.org
CLI04131,2023-03-12,Online,,F,18.0,Santa Fe,True,bianca46@example.com
CLI04132,2022-01-25,Sucursal,T08,F,32.0,Buenos Aires,False,pereyrasimon@example.com
CLI04133,2022-09-05,Online,,F,51.0,Entre Rios,True,sflores@example.com
CLI04134,2024-09-24,Tienda,T05,M,29.0,Salta,True,zgarcia@example.net
CLI04135,2022-04-12,Tienda,T16,F,33.0,Entre Rios,True,juan-bautistafigueroa
CLI04136,2025-07-03,Tienda,T05,M,34.0,Neuquen,True,ramiromolina@example.net
CLI04137,2024-01-23,Tienda,T15,F,45.0,Santa Fe,True,sebastian82@example.org
CLI04138,2022-04-10,Tienda,S19,M,,CABA,True,floresfranco@example.com
CLI04139,2024-12-09,Tienda,T07,M,42.0,Cordoba,True,lgarcia@example.com
CLI04140,2022-02-02,Online,,F,39.0,Entre Rios,True,sosacandela@example.org
CLI04141,2023-07-28,Tienda,T10,F,,CABA,True,joaquinfernandez@example.com
CLI04142,2024-10-02,Tienda,T20,F,27.0,Salta,True,lucas03@example.net
CLI04143,2024-01-31,Tienda,T12,F,,CABA,True,sofia70
CLI04144,2024-06-16,Tienda,T07,F,51.0,Mendoza,False,francesco14@example.com
CLI04145,2023-10-01,Online,,,47.0,CABA,False,cordobavalentina@example.org
CLI04146,2022-02-26,Online,,M,29.0,Buenos Aires,True,simon17@example.org
CLI04147,2023-04-10,Online,,M,36.0,CABA,True,vbravo@example.com
CLI04148,2025-03-27,Online,,M,22.0,Buenos Aires,False,zsanchez@example.net
CLI04149,2023-11-16,Tienda,T22,F,18.0,Neuquen,True,gomezpilar@example.org
CLI04150,2022-02-08,Tienda,T09,F,34.0,Tucuman,True,romerosofia@example.org
CLI04151,2022-02-26,Tienda,T15,F,32.0,Neuquen,True,milagrossosa
CLI04152,2023-05-03,Online,,F,,CABA,False,ian-ezequielgonzalez@example.com
CLI04153,2025-12-11,Online,,M,23.0,CABA,True,ludmila59@example.net
CLI04154,2025-05-22,Tienda,T04,M,46.0,Salta,True,ralvarez
CLI04155,2025-11-28,Online,,M,34.0,Neuquen,True,isabellabenitez@example.org
CLI04156,2022-05-22,Online,,F,18.0,Neuquen,False,morena23@example.org
CLI04157,2023-08-18,Tienda,T08,M,69.0,Santa Fe,True,valentina47@example.com
CLI04158,2025-04-23,Tienda,T15,M,18.0,Buenos Aires,True,milagros62@example.net
CLI04159,2025-08-28,Tienda,T11,F,44.0,Salta,True,josefinalopez@example.com
CLI04160,2023-12-15,Tienda,T14,F,26.0,Tucuman,True,xcarrizo
CLI04161,2022-05-24,Online,,M,50.0,Santa Fe,True,cgomez
CLI04162,2025-10-15,Online,,M,42.0,Cordoba,False,xfernandez@example.net
CLI04163,2024-09-02,Tienda,T14,F,55.0,Cordoba,True,kvera@example.com
CLI04164,2023-01-28,Tienda,T16,F,,Santa Fe,True,aramirez@example.net
CLI04165,2022-10-24,Tienda,T21,M,,Buenos Aires,True,cdominguez
CLI04166,2024-10-04,Tienda,T24,X,61.0,Buenos Aires,True,rdiaz@example.com
CLI04167,2024-01-06,Tienda,T12,M,40.0,CABA,True,wsanchez@example.org
CLI04168,2022-11-03,Tienda,T13,M,,Neuquen,True,sofia-belen83@example.net
CLI04169,2025-04-27,Tienda,T23,M,38.0,Mendoza,True,pazjuliana@example.org
CLI04170,2025-06-26,Online,,M,30.0,Cordoba,True,correalorenzo@example.org
CLI04171,2023-04-15,Online,,M,45.0,Neuquen,True,guzmanvalentina@example.com
CLI04172,2024-03-31,Online,,M,64.0,Neuquen,True,vmendez
CLI04173,2025-07-12,Tienda,T04,M,61.0,Cordoba,True,josefinaojeda
CLI04174,2024-07-13,Online,,M,45.0,Entre Rios,False,figueroacatalina@example.com
CLI04175,2022-03-27,Online,,M,50.0,Tucuman,False,alvarezjuliana@example.org
CLI04176,2023-01-22,Tienda,T15,F,51.0,Cordoba,False,dylan-ezequielayala@example.org
CLI04177,2022-08-14,Tienda,T15,M,32.0,Cordoba,True,hgutierrez@example.org
CLI04178,2022-08-05,Tienda,T04,M,61.0,Tucuman,True,martina04@example.net
CLI04179,2022-01-06,Tienda,T09,M,44.0,Salta,True,garciarenata@example.com
CLI04180,2023-10-18,Tienda,T02,F,18.0,Entre Rios,True,joaquin92@example.net
CLI04181,2025-09-08,Tienda,T04,M,49.0,Cordoba,False,dnunez@example.net
CLI04182,2025-08-01,Tienda,T26,M,28.0,Mendoza,True,juarezguadalupe@example.org
CLI04183,2024-09-20,Online,,X,45.0,Cordoba,True,mia-morenamedina@example.com
CLI04184,2024-07-19,Tienda,T26,F,50.0,Santa Fe,False,dgimenez@example.com
CLI04185,2023-03-09,Tienda,T01,X,36.0,Tucuman,True,mora70@example.com
CLI04186,2024-11-04,Tienda,T25,F,44.0,CABA,False,isabella04@example.com
CLI04187,2025-05-18,Tienda,T09,M,59.0,Buenos Aires,True,ojedaemilia@example.net
CLI04188,2023-01-12,Online,,F,21.0,Buenos Aires,True,ana-paula39@example.net
CLI04189,2024-12-06,Tienda,T28,F,18.0,Neuquen,False,perezjuan-francisco@example.org
CLI04190,2024-11-16,Tienda,T14,F,39.0,CABA,True,moravelazquez@example.org
CLI04191,2025-02-26,Tienda,T28,M,37.0,Neuquen,True,ugonzalez@example.net
CLI04192,2022-07-23,Tienda,T27,M,-3.0,CABA,False,cpaez@example.com
CLI04193,2023-10-02,Sucursal,T10,M,54.0,Cordoba,True,mateo-benjaminfranco@example.net
CLI04194,2025-06-19,Tienda,T13,M,48.0,Buenos Aires,True,maria-victoriaromero@example.net
CLI04195,2022-03-22,Online,,M,39.0,Tucuman,True,gonzalezvalentino@example.com
CLI04196,2023-10-06,Tienda,T09,,18.0,Buenos Aires,True,lopezfelipe@example.net
CLI04197,2024-06-22,Online,,M,22.0,Salta,True,qgomez@example.com
CLI04198,2023-03-25,Online,,F,36.0,Cordoba,True,gutierrezisabella@example.com
CLI04199,2024-12-22,Tienda,T13,F,43.0,Entre Rios,True,bautistabenitez@example.net
CLI04200,2024-12-20,Online,,M,34.0,Entre Rios,True,benjamindiaz
CLI04201,2023-08-25,Tienda,T15,M,42.0,Salta,True,helena03@example.org
CLI04202,2025-10-19,Online,,M,50.0,Cordoba,True,sofiaalvarez@example.com
CLI04203,2022-08-26,Online,,F,30.0,Santa Fe,False,valentinocastillo@example.net
CLI04204,2024-03-16,Online,,M,,Mendoza,False,catalinafernandez@example.net
CLI04205,2025-08-30,Online,,F,27.0,Entre Rios,True,salvadorcarrizo@example.net
CLI04206,2024-02-17,Tienda,T27,M,57.0,Mendoza,True,florenciapaz@example.org
CLI04207,2022-01-02,Tienda,T15,F,18.0,Tucuman,True,ciro67@example.org
CLI04208,2022-12-15,Online,,M,,Mendoza,True,joaquinortiz@example.com
CLI04209,2024-02-05,Online,,M,51.0,Neuquen,True,josefina44@example.org
CLI04210,2024-08-06,Online,,M,18.0,Santa Fe,True,cardozofelipe@example.com
CLI04211,2025-11-02,Online,,F,33.0,Salta,False,malenarios@example.org
CLI04212,2023-12-21,Online,,F,55.0,Cordoba,False,gonzalo44@example.net
CLI04213,2024-10-24,Tienda,T24,M,27.0,Cordoba,True,benitezemma@example.net
CLI04214,2025-02-13,Online,,F,32.0,CABA,True,joaquingonzalez@example.net
CLI04215,2023-07-01,Online,,F,40.0,Santa Fe,True,ycarrizo@example.org
CLI04216,2023-07-13,Tienda,T11,M,59.0,Buenos Aires,True,gherrera@example.com
CLI04217,2024-07-17,Online,,M,49.0,Buenos Aires,True,nvazquez@example.org
CLI04218,2023-01-07,Online,,F,30.0,Entre Rios,True,sofia-belenaguirre@example.org
CLI04219,2022-08-24,Online,,M,21.0,Entre Rios,False,brivero@example.com
CLI04220,2025-11-22,Tienda,T25,M,19.0,Mendoza,True,wrodriguez@example.org
CLI04221,2025-09-02,Online,,M,45.0,Buenos Aires,True,acunavalentino@example.net
CLI04222,2022-11-20,Tienda,T23,F,18.0,Neuquen,False,gomeznicolas@example.org
CLI04223,2022-02-04,Online,,F,32.0,Mendoza,True,geronimogonzalez@example.com
CLI04224,2025-07-31,Online,,M,,Salta,True,jazmin54@example.com
CLI04225,2024-01-16,Tienda,T09,M,23.0,Salta,True,vjuarez@example.org
CLI04226,2023-11-17,Online,,M,35.0,CABA,False,romeromanuel@example.net
CLI04227,2023-08-12,Online,,M,5.0,Cordoba,True,nicolasfarias@example.com
CLI04228,2025-02-03,Tienda,T03,M,50.0,Santa Fe,True,medinamartina@example.com
CLI04229,2023-01-26,Tienda,T09,M,21.0,Santa Fe,True,joaquin90@example.org
CLI04230,2024-09-12,Tienda,T05,F,,Buenos Aires,True,xrojas@example.com
CLI04231,2022-11-01,Online,,M,39.0,Buenos Aires,True,gpaz@example.com
CLI04232,2022-04-06,Online,,M,41.0,Santa Fe,True,lucasgonzalez@example.com
CLI04233,2022-09-29,Tienda,T16,F,18.0,Tucuman,True,bruno88@example.net
CLI04234,2025-10-18,Tienda,T06,,47.0,Neuquen,False,ubravo@example.com
CLI04235,2023-01-05,Online,,F,28.0,CABA,True,gonzalezlucas@example.net
CLI04236,2024-12-15,Sucursal,T02,F,38.0,Salta,True,romerocamila@example.org
CLI04237,2025-04-19,Tienda,T19,M,,Entre Rios,False,julieta82@example.org
CLI04238,2022-09-03,Tienda,T17,M,67.0,Tucuman,True,uma-05
CLI04239,2022-10-19,Tienda,T04,M,41.0,Buenos Aires,True,francescarodriguez@example.net
CLI04240,2023-12-10,Online,,M,70.0,Mendoza,True,hmartinez@example.net
CLI04241,2024-05-22,Online,,F,31.0,Mendoza,False,herrerafrancesca@example.com
CLI04242,2025-05-04,Tienda,T07,M,36.0,Entre Rios,False,jsosa@example.com
CLI04243,2023-11-12,Online,,F,61.0,Mendoza,True,lautaro25@example.com
CLI04244,2024-11-24,Tienda,T23,M,,Buenos Aires,False,lpereyra@example.org
CLI04245,2025-03-07,Tienda,T21,M,46.0,Mendoza,False,oliviaramirez@example.net
CLI04246,2025-09-04,Tienda,T06,F,56.0,Buenos Aires,True,pereyrasantino@example.org
CLI04247,2025-07-21,Online,,M,35.0,Salta,True,luciano12@example.org
CLI04248,2022-04-24,Tienda,T06,M,31.0,CABA,False,felipefernandez@example.net
CLI04249,2025-11-29,Online,,M,37.0,Entre Rios,True,guadalupe73@example.net
CLI04250,2024-12-27,Online,,M,54.0,Tucuman,True,bautistagodoy@example.net
CLI04251,2022-11-21,Online,,F,46.0,Cordoba,False,camilo75@example.net
CLI04252,2024-10-21,Tienda,T04,F,58.0,Entre Rios,False,claragonzalez@example.org
CLI04253,2023-03-11,Tienda,T07,M,36.0,Santa Fe,True,facundosanchez@example.net
CLI04254,2022-07-05,Tienda,S08,F,33.0,Santa Fe,False,bsosa@example.net
CLI04255,2024-09-18,Online,,F,24.0,Mendoza,False,gfarias@example.net
CLI04256,2024-12-05,Online,,M,36.0,Santa Fe,False,quirogalorenzo
CLI04257,2024-12-02,Tienda,T08,F,32.0,Neuquen,True,juan-cruz00@example.net
CLI04258,2025-04-10,Tienda,T18,M,38.0,CABA,True,jazminlopez@example.com
CLI04259,2024-09-17,Tienda,T07,M,27.0,Santa Fe,False,juan-ignacio70@example.net
CLI04260,2022-09-25,Tienda,T01,F,30.0,CABA,True,romerovicente@example.com
CLI04261,2024-08-13,Sucursal,T06,F,36.0,Mendoza,True,ojedavalentino@example.org
CLI04262,2025-01-17,Tienda,T12,M,54.0,Mendoza,True,munozbautista-benjamin@example.com
CLI04263,2025-11-01,Tienda,T26,F,35.0,Buenos Aires,True,mendezmora@example.org
CLI04264,2022-07-14,Online,,M,32.0,Santa Fe,True,ledesmalautaro@example.com
CLI04265,2025-06-28,Tienda,T16,F,54.0,Buenos Aires,False,lautarotorres
CLI04266,2022-05-08,Tienda,T03,M,59.0,Neuquen,False,bautista20@example.org
CLI04267,2024-01-31,Tienda,T05,M,36.0,Buenos Aires,False,jazmin37@example.net
CLI04268,2024-08-09,Tienda,T25,M,36.0,Mendoza,True,joaquinperalta@example.com
CLI04269,2022-02-01,Online,,M,18.0,Buenos Aires,True,jeronimososa@example.net
CLI04270,2022-01-05,Online,,M,18.0,Santa Fe,True,nahiaraduarte@example.net
CLI04271,2025-11-07,Tienda,T05,M,39.0,Cordoba,False,catalina11@example.net
CLI04272,2024-06-16,Online,,F,59.0,Salta,True,uma-cabrera@example.org
CLI04273,2023-12-02,Tienda,T07,,,Buenos Aires,True,uescobar
CLI04274,2024-06-30,Tienda,T14,M,52.0,Salta,False,lautaro88@example.net
CLI04275,2024-05-02,Online,,M,33.0,Neuquen,True,medinamateo@example.org
CLI04276,2022-04-26,Online,,M,47.0,Buenos Aires,False,delfina00@example.net
CLI04277,2025-02-15,Tienda,T16,F,20.0,Entre Rios,False,lola97@example.com
CLI04278,2024-03-03,Tienda,T19,M,39.0,Salta,True,romerosalvador@example.net
CLI04279,2024-12-13,Tienda,T10,M,24.0,Tucuman,True,lautaro-ezequiel62@example.org
CLI04280,2022-01-08,Tienda,T01,M,40.0,Mendoza,True,jazminflores@example.com
CLI04281,2024-10-15,Tienda,T22,M,60.0,Cordoba,False,iflores@example.org
CLI04282,2022-05-14,Tienda,T07,M,71.0,Buenos Aires,False,tiziano-benjaminmorales@example.org
CLI04283,2024-11-15,Online,,M,43.0,Neuquen,True,eramos@example.org
CLI04284,2023-07-09,Tienda,T18,F,46.0,Mendoza,True,marias@example.org
CLI04285,2024-07-05,Tienda,T26,F,18.0,CABA,True,cperez@example.org
CLI04286,2025-04-12,Online,,M,31.0,Tucuman,True,martinezciro@example.com
CLI04287,2025-04-12,Online,,F,61.0,Neuquen,True,rojasmatias@example.net
CLI04288,2024-02-16,Tienda,T21,M,56.0,Neuquen,True,martina37@example.org
CLI04289,2022-08-07,Tienda,T28,M,52.0,Buenos Aires,True,gonzalezlorenzo@example.net
CLI04290,2022-02-03,Online,,F,46.0,Salta,False,navarroignacio@example.com
CLI04291,2025-03-24,Tienda,T02,X,63.0,Cordoba,False,valentindiaz@example.org
CLI04292,2022-02-02,Online,,M,37.0,Mendoza,False,felipe52@example.com
CLI04293,2023-10-13,Online,,M,37.0,Tucuman,True,morenojosefina@example.net
CLI04294,2022-06-13,Tienda,T10,M,79.0,Entre Rios,True,paulinaacosta@example.org
CLI04295,2024-08-16,Tienda,T10,M,28.0,Santa Fe,True,sofiagonzalez@example.net
CLI04296,2022-08-25,Online,,M,46.0,Santa Fe,True,gomezdelfina@example.com
CLI04297,2025-08-06,Online,,M,35.0,Cordoba,False,josefinapereyra@example.org
CLI04298,2024-10-07,Tienda,T08,M,61.0,Tucuman,True,ezequiel56@example.org
CLI04299,2023-12-20,Online,,M,36.0,Tucuman,False,dylan-benjamin77@example.net
CLI04300,2022-05-23,Tienda,T14,F,35.0,CABA,True,valentin86@example.org
CLI04301,2025-01-19,Tienda,T24,F,36.0,Cordoba,True,guzmanbenjamin@example.net
CLI04302,2024-03-11,Tienda,T13,M,51.0,Buenos Aires,True,lucia37@example.com
CLI04303,2023-02-10,Tienda,T22,F,26.0,Santa Fe,True,camilagonzalez@example.com
CLI04304,2022-01-31,Online,,M,19.0,Mendoza,False,elopez@example.net
CLI04305,2025-02-09,Tienda,T08,F,38.0,Buenos Aires,False,julia46@example.com
CLI04306,2023-09-03,Online,,F,35.0,Mendoza,True,thiago-valentin87@example.net
CLI04307,2025-02-04,Tienda,T15,F,,Buenos Aires,False,rsosa@example.com
CLI04308,2023-02-12,Tienda,T25,F,35.0,Santa Fe,False,wcastro@example.net
CLI04309,2022-10-07,Tienda,T25,M,32.0,Mendoza,True,lautarofernandez@example.com
CLI04310,2022-01-19,Online,,F,44.0,Neuquen,False,zacosta@example.org
CLI04311,2022-10-26,Sucursal,T23,F,46.0,Cordoba,True,guadalupe04@example.net
CLI04312,2022-11-22,Tienda,T15,F,54.0,CABA,True,ramosemilia@example.org
CLI04313,2024-09-21,Tienda,T21,M,41.0,Salta,True,chavezthiago@example.net
CLI04314,2025-12-27,Online,,F,18.0,Buenos Aires,False,rodriguezbruno@example.org
CLI04315,2023-03-24,Tienda,T22,F,40.0,Neuquen,True,juan-ignacio50@example.org
CLI04316,2025-12-04,Tienda,T05,M,40.0,Neuquen,True,molinacandelaria@example.net
CLI04317,2024-04-25,Online,,,39.0,Neuquen,False,facundogomez@example.net
CLI04318,2025-07-03,Tienda,T11,M,48.0,Buenos Aires,True,agustinmedina@example.org
CLI04319,2024-06-10,Tienda,T22,F,36.0,Santa Fe,False,thiago-leonelaguirre@example.com
CLI04320,2023-08-21,Tienda,T22,M,56.0,Santa Fe,True,santino26@example.org
CLI04321,2025-09-17,Online,,M,36.0,Tucuman,False,ulopez@example.org
CLI04322,2025-07-22,Tienda,T12,M,60.0,Tucuman,False,mia79@example.org
CLI04323,2025-12-24,Tienda,T01,M,25.0,Neuquen,False,pereyramaximiliano@example.net
CLI04324,2025-06-25,Tienda,T08,F,18.0,Santa Fe,False,jrivero@example.net
CLI04325,2024-03-19,Sucursal,T21,M,27.0,Buenos Aires,True,isabellaalvarez@example.com
CLI04326,2025-03-27,Tienda,T22,F,80.0,Entre Rios,False,juanagarcia@example.org
CLI04327,2025-06-12,Tienda,T21,,37.0,Mendoza,True,sosaciro@example.net
CLI04328,2022-11-14,Tienda,S24,M,39.0,Santa Fe,True,luanalopez@example.com
CLI04329,2022-11-11,Online,,F,44.0,Salta,False,gomezfacundo@example.org
CLI04330,2024-03-04,Tienda,T25,F,34.0,Neuquen,True,figueroabenicio@example.org
CLI04331,2022-02-09,Tienda,T06,F,44.0,Mendoza,True,abigail34@example.com
CLI04332,2023-10-31,Online,,M,42.0,Cordoba,False,renata60@example.org
CLI04333,2024-02-03,Sucursal,T07,M,69.0,Tucuman,True,grodriguez@example.net
CLI04334,2025-12-11,Online,,M,57.0,Neuquen,True,gaelmartinez@example.org
CLI04335,2024-12-22,Sucursal,T26,M,44.0,Salta,True,guzmanagostina@example.org
CLI04336,2022-12-18,Online,,,50.0,Salta,True,msilva@example.com
CLI04337,2025-10-08,Tienda,T01,X,132.0,Buenos Aires,False,jmedina@example.com
CLI04338,2024-10-24,Online,,,25.0,Cordoba,True,tomasgonzalez@example.com
CLI04339,2024-03-01,Tienda,T23,M,56.0,Cordoba,True,wcordoba@example.com
CLI04340,2024-07-23,Sucursal,T12,M,32.0,Buenos Aires,True,leon99@example.net
CLI04341,2024-03-05,Tienda,T28,F,52.0,Salta,True,lucerovalentino@example.com
CLI04342,2025-12-12,Tienda,T07,M,42.0,CABA,True,srodriguez@example.com
CLI04343,2023-08-09,Tienda,T10,M,53.0,Entre Rios,False,mmartinez@example.org
CLI04344,2024-01-17,Online,,F,60.0,CABA,True,llopez@example.org
CLI04345,2023-09-27,Tienda,T08,F,49.0,Neuquen,False,zvillalba@example.net
CLI04346,2024-02-02,Online,,M,34.0,Cordoba,True,acostamateo-joaquin@example.org
CLI04347,2022-07-22,Tienda,T28,F,36.0,Salta,True,nruiz@example.com
CLI04348,2023-06-04,Online,,F,48.0,Mendoza,True,gonzalezjuan-gabriel@example.org
CLI04349,2025-07-27,Tienda,T09,F,,Salta,False,felipe53@example.net
CLI04350,2024-09-10,Online,,M,35.0,Tucuman,True,floresalvaro@example.org
CLI04351,2025-10-06,Tienda,T28,F,39.0,Mendoza,True,wfernandez@example.net
CLI04352,2024-03-28,Tienda,T03,M,36.0,Mendoza,False,renata82@example.net
CLI04353,2022-08-19,Tienda,T16,F,48.0,CABA,False,wperalta@example.com
CLI04354,2024-07-25,Tienda,T08,F,34.0,Mendoza,True,victoriagutierrez@example.com
CLI04355,2022-01-31,Online,,F,42.0,Tucuman,True,agostina11@example.net
CLI04356,2025-04-23,Tienda,T14,F,30.0,Buenos Aires,False,lopezkiara@example.com
CLI04357,2024-09-18,Tienda,T12,F,18.0,Entre Rios,True,emiliaarias@example.net
CLI04358,2023-02-26,Online,,F,12.0,Cordoba,True,sanchezclara@example.net
CLI04359,2024-06-07,Online,,M,54.0,Entre Rios,True,francisco69@example.org
CLI04360,2024-05-29,Tienda,T21,F,34.0,Salta,True,luca85@example.com
CLI04361,2025-10-07,Online,,F,52.0,Buenos Aires,False,simon34@example.com
CLI04362,2024-01-12,Tienda,T22,F,45.0,Buenos Aires,True,vegadelfina@example.net
CLI04363,2025-08-31,Online,,F,24.0,Santa Fe,True,etorres@example.net
CLI04364,2024-11-20,Tienda,T26,F,57.0,Neuquen,True,jeremias57@example.org
CLI04365,2025-09-30,Tienda,T26,F,18.0,Buenos Aires,True,juan-ignaciopereyra@example.com
CLI04366,2022-08-10,Online,,M,40.0,Buenos Aires,True,camilarojas@example.net
CLI04367,2025-03-18,Tienda,T15,M,51.0,Salta,True,lacuna@example.net
CLI04368,2025-10-28,Tienda,T15,M,25.0,Mendoza,True,dante97@example.com
CLI04369,2023-10-27,Tienda,T08,F,63.0,Tucuman,False,qmedina@example.org
CLI04370,2022-01-03,Tienda,T25,M,32.0,Neuquen,True,valentina-farias@example.com
CLI04371,2023-01-13,Online,,M,58.0,Cordoba,False,cbenitez
CLI04372,2024-03-18,Online,,X,,Buenos Aires,False,vicente83@example.org
CLI04373,2023-09-03,Tienda,T15,X,50.0,Mendoza,True,lautaro-gabrielbustos@example.net
CLI04374,2023-05-21,Tienda,T03,M,40.0,Mendoza,True,efernandez@example.com
CLI04375,2024-08-09,Tienda,T05,F,74.0,CABA,True,matildacruz@example.com
CLI04376,2025-05-09,Tienda,T05,F,47.0,Tucuman,True,felipegutierrez@example.net
CLI04377,2022-10-04,Sucursal,T15,F,55.0,Entre Rios,True,perezthiago-gabriel@example.org
CLI04378,2023-07-03,Tienda,T04,F,51.0,CABA,False,ealvarez@example.net
CLI04379,2022-09-14,Online,,,44.0,Mendoza,False,pmartinez
CLI04380,2022-01-29,Sucursal,T12,F,,Entre Rios,True,rodriguezcatalina@example.com
CLI04381,2024-11-08,Online,,M,47.0,Buenos Aires,True,mmansilla@example.org
CLI04382,2025-10-03,Tienda,T03,M,55.0,Cordoba,False,xpaez@example.org
CLI04383,2024-07-22,Online,,F,54.0,Neuquen,False,ciro66@example.net
CLI04384,2025-09-03,Tienda,T13,,,Neuquen,True,molinapaloma@example.org
CLI04385,2025-08-22,Online,,M,39.0,Santa Fe,True,maximiliano17@example.com
CLI04386,2024-10-16,Tienda,T09,M,51.0,CABA,True,wdominguez@example.org
CLI04387,2025-06-18,Online,,M,,Neuquen,False,lrodriguez@example.net
CLI04388,2023-06-09,Tienda,T10,F,41.0,Buenos Aires,True,maite44@example.net
CLI04389,2024-04-24,Online,,M,18.0,Cordoba,True,candelaria17@example.com
CLI04390,2023-01-21,Tienda,T17,F,32.0,CABA,True,diazezequiel@example.net
CLI04391,2022-09-17,Tienda,T04,F,39.0,Tucuman,True,icardozo@example.org
CLI04392,2025-08-23,Sucursal,T01,F,22.0,Buenos Aires,True,vromero@example.com
CLI04393,2025-08-25,Tienda,T13,F,25.0,Mendoza,True,emiliasosa
CLI04394,2025-02-25,Tienda,T02,M,55.0,Neuquen,True,sofiacordoba@example.com
CLI04395,2022-11-09,Tienda,T23,F,49.0,Entre Rios,True,catalina16@example.com
CLI04396,2025-08-23,Tienda,T15,M,57.0,Entre Rios,True,martina25@example.com
CLI04397,2022-11-29,Online,,F,58.0,Santa Fe,False,bastian60@example.com
CLI04398,2023-03-20,Online,,M,51.0,Buenos Aires,True,salvador93@example.net
CLI04399,2022-12-20,Online,,F,53.0,Cordoba,False,toledojuan-martin@example.net
CLI04400,2022-11-08,Tienda,T07,,46.0,Entre Rios,True,maria-victoriarivero
CLI04401,2024-01-27,Online,,M,60.0,Santa Fe,False,isabella46@example.com
CLI04402,2023-04-17,Sucursal,T05,F,20.0,Salta,True,ramiro84@example.org
CLI04403,2024-07-01,Tienda,T07,M,39.0,Santa Fe,False,vvargas@example.org
CLI04404,2023-05-11,Tienda,T21,M,56.0,Cordoba,True,toledobianca@example.net
CLI04405,2022-11-14,Online,,M,54.0,Entre Rios,True,sosaalvaro@example.org
CLI04406,2023-02-11,Tienda,T05,F,,Santa Fe,True,ugarcia@example.net
CLI04407,2022-05-27,Online,,F,37.0,CABA,True,dvelazquez@example.net
CLI04408,2024-08-03,Tienda,T06,F,54.0,Neuquen,False,victoria56@example.org
CLI04409,2024-06-25,Online,,F,39.0,Mendoza,False,medinaguadalupe@example.com
CLI04410,2025-03-05,Online,,M,26.0,Buenos Aires,True,riverodylan@example.com
CLI04411,2025-06-16,Online,,M,58.0,Mendoza,True,martinezvalentino@example.net
CLI04412,2025-06-29,Online,,F,36.0,Cordoba,True,gonzalezjeronimo@example.org
CLI04413,2024-07-14,Tienda,T08,F,44.0,Salta,True,francisca33@example.org
CLI04414,2023-10-03,Tienda,T13,M,19.0,Cordoba,True,mora51@example.com
CLI04415,2025-08-13,Online,,M,18.0,Buenos Aires,True,qguzman@example.org
CLI04416,2025-11-28,Online,,F,48.0,Salta,True,fernandezjuana@example.org
CLI04417,2022-01-28,Tienda,T22,F,65.0,Neuquen,True,martina09@example.org
CLI04418,2022-05-15,Online,,F,18.0,Salta,True,isabellapaz@example.com
CLI04419,2022-01-25,Sucursal,T17,M,35.0,Salta,True,ubravo@example.com
CLI04420,2024-02-18,Tienda,T24,F,50.0,Tucuman,True,cabrerabautista@example.com
CLI04421,2023-08-24,Online,,,44.0,CABA,True,kdiaz@example.com
CLI04422,2025-08-24,Online,,F,43.0,Cordoba,True,peraltacatalina@example.net
CLI04423,2025-12-20,Tienda,T08,M,41.0,Buenos Aires,False,vfernandez@example.com
CLI04424,2022-08-12,Tienda,T21,M,28.0,Buenos Aires,True,fsilva@example.com
CLI04425,2023-10-24,Online,,M,57.0,Santa Fe,True,josefina96
CLI04426,2025-11-28,Tienda,T09,M,55.0,Entre Rios,True,godoyjulia@example.net
CLI04427,2024-01-17,Online,,F,47.0,Neuquen,True,isabella71@example.net
CLI04428,2023-06-19,Tienda,T01,M,18.0,Cordoba,True,catalina74@example.org
CLI04429,2022-09-12,Online,,F,65.0,Salta,True,tmaidana@example.com
CLI04430,2025-08-29,Tienda,T13,,41.0,Entre Rios,True,julia70@example.net
CLI04431,2022-10-30,Online,,M,,Salta,True,lopezdylan-ezequiel
CLI04432,2024-12-06,Online,,F,69.0,Neuquen,True,coronelemiliano@example.com
CLI04433,2025-01-02,Tienda,T25,F,,Salta,False,coronelthiago-benjamin@example.net
CLI04434,2023-06-02,Online,,M,41.0,CABA,True,kgonzalez@example.net
CLI04435,2024-07-18,Tienda,T16,M,57.0,Cordoba,True,julieta62@example.com
CLI04436,2023-02-10,Online,,F,50.0,Buenos Aires,False,gjuarez@example.net
CLI04437,2025-09-07,Tienda,T07,M,34.0,CABA,False,opaz@example.com
CLI04438,2024-02-22,Online,,M,44.0,Tucuman,True,agustin92@example.com
CLI04439,2025-09-17,Tienda,T22,F,18.0,Entre Rios,True,mherrera@example.com
CLI04440,2024-10-20,Tienda,T04,M,20.0,CABA,True,torresian-benjamin
CLI04441,2024-10-01,Tienda,T05,F,,Tucuman,True,catalina88@example.com
CLI04442,2022-11-12,Online,,M,62.0,Tucuman,True,fernandezgeronimo@example.net
CLI04443,2025-03-07,Online,,M,,Neuquen,False,quirogavalentina@example.net
CLI04444,2022-03-31,Online,,F,59.0,Tucuman,True,floresangelina@example.net
CLI04445,2025-06-02,Online,,M,44.0,CABA,True,diazfelipe@example.org
CLI04446,2023-08-19,Tienda,T20,F,67.0,Santa Fe,True,salvador79@example.net
CLI04447,2022-05-22,Online,,M,37.0,Tucuman,False,mateo-valentin86@example.com
CLI04448,2022-06-05,Online,,,83.0,Entre Rios,True,agustincardozo@example.net
CLI04449,2024-05-30,Online,,F,48.0,Tucuman,True,benitezfrancisco@example.com
CLI04450,2025-07-14,Online,,F,39.0,Santa Fe,True,herreraguillermina@example.org
CLI04451,2024-08-07,Online,,F,45.0,Santa Fe,True,aflores@example.com
CLI04452,2025-06-18,Online,,F,18.0,Buenos Aires,False,delfinarodriguez@example.net
CLI04453,2025-10-18,Online,,M,47.0,Entre Rios,True,rojasfederico@example.com
CLI04454,2023-06-26,Tienda,T15,F,37.0,Tucuman,False,lucerodylan-benjamin@example.org
CLI04455,2025-06-06,Tienda,T16,X,49.0,Mendoza,True,romerosebastian@example.org
CLI04456,2024-01-13,Online,,F,,Tucuman,False,mateo-joaquinalvarez@example.org
CLI04457,2024-02-22,Tienda,T16,M,18.0,Tucuman,False,genaroramos@example.org
CLI04458,2025-11-13,Online,,M,18.0,Tucuman,True,ledesmaciro@example.net
CLI04459,2024-11-14,Online,,F,33.0,Salta,True,emartin@example.com
CLI04460,2023-10-11,Tienda,T24,F,24.0,CABA,True,poncetomas@example.com
CLI04461,2023-01-02,Tienda,T25,M,54.0,Mendoza,True,rlopez@example.org
CLI04462,2023-11-17,Tienda,T14,M,27.0,Entre Rios,True,sara46@example.com
CLI04463,2025-01-27,Online,,F,48.0,Mendoza,True,bautistafernandez
CLI04464,2023-10-16,Online,,F,39.0,Salta,True,rojasvalentina@example.org
CLI04465,2025-03-19,Online,,F,63.0,Mendoza,False,brivero@example.com
CLI04466,2024-06-18,Tienda,T09,F,43.0,Buenos Aires,True,catalina05@example.org
CLI04467,2022-01-01,Online,,M,,Buenos Aires,True,juan-ignacio24@example.net
CLI04468,2025-07-14,Tienda,T20,M,27.0,Neuquen,True,gomezluciana@example.com
CLI04469,2024-01-26,Tienda,T24,,47.0,Tucuman,True,zgomez@example.net
CLI04470,2024-01-13,Tienda,T19,M,51.0,Buenos Aires,True,milagros59@example.net
CLI04471,2022-08-24,Tienda,T22,F,40.0,Santa Fe,True,luz-mariaalvarez@example.net
CLI04472,2023-09-20,Tienda,T24,F,52.0,Buenos Aires,True,amparosoria
CLI04473,2024-05-04,Tienda,T13,M,27.0,Salta,True,sanchezvictoria@example.org
CLI04474,2022-07-09,Tienda,T27,M,39.0,Buenos Aires,False,thiago-benjaminfernandez@example.org
CLI04475,2025-04-21,Online,,M,,Santa Fe,False,alvaro46@example.net
CLI04476,2022-11-04,Online,,M,,Buenos Aires,True,lola71@example.org
CLI04477,2024-03-27,Online,,F,59.0,Neuquen,True,pperez@example.net
CLI04478,2025-12-22,Online,,F,51.0,Tucuman,False,tomasalvarez@example.com
CLI04479,2023-05-24,Online,,F,33.0,Neuquen,False,emilia74@example.net
CLI04480,2023-12-11,Tienda,T10,M,5.0,Cordoba,False,descobar
CLI04481,2025-10-18,Online,,F,41.0,Santa Fe,True,facundoluna@example.org
CLI04482,2022-04-16,Tienda,T17,X,,Mendoza,False,juan-bautistarodriguez@example.org
CLI04483,2022-12-09,Online,,X,36.0,Buenos Aires,True,joaquinnavarro@example.net
CLI04484,2023-03-25,Tienda,T15,F,26.0,Salta,False,dantecruz@example.org
CLI04485,2022-04-18,Online,,M,52.0,Neuquen,True,valentin15@example.org
CLI04486,2025-11-08,Tienda,T21,M,44.0,Tucuman,True,tomasgomez@example.net
CLI04487,2025-10-09,Tienda,T27,M,46.0,Mendoza,False,sojeda@example.org
CLI04488,2025-07-21,Tienda,T06,M,53.0,Entre Rios,True,felipe16@example.com
CLI04489,2025-06-21,Online,,M,18.0,Tucuman,False,romerocandelaria@example.com
CLI04490,2024-03-30,Tienda,T20,M,42.0,CABA,True,castillosara@example.com
CLI04491,2025-09-04,Online,,F,38.0,Neuquen,True,martinezmartina@example.net
CLI04492,2024-11-24,Tienda,T26,M,51.0,Buenos Aires,False,sromero@example.org
CLI04493,2024-10-31,Tienda,T20,F,49.0,Buenos Aires,False,valentin90@example.net
CLI04494,2022-03-03,Tienda,S16,F,49.0,Buenos Aires,False,valentin23@example.net
CLI04495,2023-01-05,Online,,F,60.0,Tucuman,True,bmolina@example.org
CLI04496,2023-04-09,Tienda,T10,F,18.0,Cordoba,False,garciaignacio@example.org
CLI04497,2022-12-09,Online,,M,27.0,Cordoba,True,morena33@example.org
CLI04498,2022-03-04,Online,,M,59.0,Salta,True,pilarperez@example.net
CLI04499,2023-11-29,Online,,F,62.0,Neuquen,True,egimenez@example.net
CLI04500,2024-01-23,Tienda,T21,F,30.0,CABA,True,ygomez@example.org
CLI04501,2024-08-05,Online,,M,57.0,Cordoba,True,morenojuana@example.net
CLI04502,2024-04-06,Tienda,T06,M,,CABA,True,sanchezjosefina
CLI04503,2023-07-10,Online,,M,22.0,Mendoza,True,jsilva@example.org
CLI04504,2025-01-19,Tienda,T16,F,33.0,Mendoza,True,lucas-ezequiel34@example.org
CLI04505,2025-12-22,Tienda,T01,M,46.0,CABA,False,icaceres@example.net
CLI04506,2023-05-05,Online,,M,41.0,Neuquen,True,verajuan-ignacio@example.org
CLI04507,2022-05-09,Tienda,T09,X,67.0,Entre Rios,True,valentina-jazmin87@example.com
CLI04508,2022-05-23,Online,,F,50.0,Santa Fe,True,julietachavez@example.com
CLI04509,2025-08-08,Online,,,54.0,Santa Fe,True,herreraluana@example.net
CLI04510,2023-12-22,Online,,F,32.0,CABA,True,pereyravictoria@example.org
CLI04511,2024-09-09,Tienda,T09,F,24.0,Salta,True,nramirez
CLI04512,2025-10-08,Tienda,T02,F,33.0,CABA,True,lorenzo83@example.com
CLI04513,2022-10-04,Online,,F,61.0,Buenos Aires,False,sara99@example.org
CLI04514,2025-12-07,Tienda,T13,M,12.0,CABA,False,qrodriguez@example.com
CLI04515,2024-02-14,Tienda,T23,M,30.0,Cordoba,True,igonzalez@example.com
CLI04516,2023-12-28,Tienda,T15,M,40.0,CABA,True,gabriel89@example.net
CLI04517,2022-06-28,Tienda,S12,F,,Cordoba,False,emiliaperez@example.org
CLI04518,2022-01-04,Online,,M,60.0,Mendoza,False,augustodiaz@example.net
CLI04519,2022-07-08,Tienda,T14,F,24.0,Cordoba,True,santiago-nicolasperez@example.org
CLI04520,2023-09-15,Online,,M,54.0,Santa Fe,True,rlucero@example.com
CLI04521,2022-08-26,Sucursal,T07,M,60.0,Cordoba,True,colivera@example.net
CLI04522,2024-01-10,Tienda,T10,M,23.0,Buenos Aires,True,sflores@example.net
CLI04523,2024-12-27,Online,,M,,Mendoza,False,juan-sebastian95@example.org
CLI04524,2023-12-05,Tienda,T05,M,52.0,Neuquen,True,gomezmorena@example.net
CLI04525,2023-05-30,Tienda,T05,M,61.0,Neuquen,True,bautista65@example.net
CLI04526,2023-05-03,Tienda,T28,F,34.0,Salta,True,lmaidana@example.org
CLI04527,2022-04-26,Tienda,T08,M,27.0,CABA,True,agustin53@example.com
CLI04528,2024-04-24,Tienda,T23,,46.0,Salta,True,suarezisabella@example.com
CLI04529,2022-06-24,Online,,M,59.0,Mendoza,False,martinjuan-ignacio@example.com
CLI04530,2025-04-13,Tienda,T09,F,26.0,Buenos Aires,True,martina28@example.com
CLI04531,2025-01-11,Tienda,T11,,30.0,Cordoba,False,camposjazmin@example.org
CLI04532,2023-11-22,Tienda,T23,F,58.0,Entre Rios,True,zmartinez@example.net
CLI04533,2024-03-11,Online,,F,44.0,Mendoza,True,plucero@example.com
CLI04534,2024-06-24,Tienda,T25,M,30.0,Tucuman,False,ciro-benjaminvelazquez@example.com
CLI04535,2025-07-27,Online,,F,42.0,CABA,True,maximodominguez@example.org
CLI04536,2025-04-21,Tienda,T18,F,48.0,Neuquen,True,emiliasilva@example.com
CLI04537,2025-03-25,Tienda,T26,M,56.0,Entre Rios,True,acunaluz-maria@example.com
CLI04538,2022-12-12,Tienda,T18,M,46.0,Tucuman,False,sofia82@example.net
CLI04539,2025-02-03,Tienda,T18,F,41.0,Mendoza,True,guadalupe86@example.com
CLI04540,2024-07-08,Tienda,T21,,18.0,Santa Fe,True,cbenitez@example.com
CLI04541,2022-02-14,Tienda,S16,M,,Cordoba,False,poncebenicio@example.net
CLI04542,2023-06-10,Tienda,T14,M,49.0,Neuquen,True,feliperomero@example.org
CLI04543,2024-08-31,Online,,F,44.0,Buenos Aires,True,paloma98@example.com
CLI04544,2024-05-27,Tienda,T20,F,42.0,CABA,True,ksosa@example.com
CLI04545,2025-06-05,Online,,F,43.0,CABA,False,rsanchez
CLI04546,2024-09-23,Online,,F,55.0,Cordoba,True,bcorrea@example.net
CLI04547,2024-04-16,Tienda,T19,M,36.0,Buenos Aires,True,lautaro36@example.net
CLI04548,2025-10-21,Online,,F,25.0,Neuquen,True,santiagocardozo@example.com
CLI04549,2024-09-06,Online,,M,54.0,Entre Rios,True,oliviacoronel@example.org
CLI04550,2024-06-03,Tienda,T02,F,36.0,Salta,True,lolafernandez@example.net
CLI04551,2025-01-26,Online,,F,38.0,Neuquen,True,avilajosefina@example.com
CLI04552,2025-05-08,Tienda,T19,F,48.0,Santa Fe,True,gomezfederico@example.com
CLI04553,2024-05-27,Sucursal,T09,F,38.0,Salta,False,juanaperez
CLI04554,2023-07-09,Tienda,T16,M,,Tucuman,True,leonpereyra@example.org
CLI04555,2025-01-30,Sucursal,T20,M,26.0,Mendoza,True,lucianagodoy@example.com
CLI04556,2022-01-02,Tienda,T19,F,60.0,Santa Fe,True,fmorales@example.com
CLI04557,2023-07-12,Online,,M,,Tucuman,False,valentino97@example.org
CLI04558,2023-04-26,Tienda,T09,F,60.0,CABA,False,santinobenitez@example.net
CLI04559,2022-10-02,Tienda,S11,M,24.0,Buenos Aires,True,fernandezfelipe@example.net
CLI04560,2024-07-14,Tienda,T12,F,31.0,Cordoba,True,uquiroga@example.net
CLI04561,2024-05-18,Tienda,T09,F,35.0,Salta,True,duartevalentin@example.org
CLI04562,2023-04-11,Tienda,T14,M,54.0,Neuquen,True,lbustos@example.com
CLI04563,2025-07-12,Online,,M,44.0,Cordoba,True,ignaciogonzalez@example.net
CLI04564,2025-06-29,Tienda,T15,M,35.0,Entre Rios,True,sdominguez@example.com
CLI04565,2024-10-14,Tienda,T11,F,24.0,Entre Rios,False,ediaz@example.net
CLI04566,2023-10-05,Online,,M,55.0,Santa Fe,True,emilianocaceres@example.com
CLI04567,2025-01-21,Tienda,T18,M,42.0,Entre Rios,True,nicolasgomez@example.com
CLI04568,2023-10-21,Online,,F,47.0,CABA,False,thiago86@example.com
CLI04569,2024-10-23,Tienda,T23,M,39.0,Tucuman,True,valentinsanchez@example.net
CLI04570,2024-04-28,Online,,F,34.0,CABA,True,kalvarez@example.org
CLI04571,2024-07-11,Tienda,T26,F,51.0,Cordoba,True,benjamingutierrez@example.org
CLI04572,2023-06-20,Online,,M,46.0,Salta,False,iavila@example.com
CLI04573,2024-12-19,Tienda,T18,M,57.0,Mendoza,True,catalina45@example.org
CLI04574,2022-02-28,Tienda,T19,M,,Salta,True,vfernandez@example.net
CLI04575,2024-10-25,Tienda,T16,F,22.0,Cordoba,True,olopez
CLI04576,2025-04-19,Online,,M,52.0,Buenos Aires,True,acostafacundo@example.net
CLI04577,2023-01-02,Tienda,T22,M,42.0,Buenos Aires,True,juan-cruzroldan@example.net
CLI04578,2024-12-21,Tienda,T10,M,38.0,Cordoba,True,cabrerabenjamin@example.net
CLI04579,2023-03-01,Tienda,T02,X,18.0,Neuquen,False,ferreyrafrancisco@example.net
CLI04580,2024-12-26,Tienda,T17,F,29.0,Santa Fe,True,francescabravo@example.net
CLI04581,2024-08-29,Sucursal,T27,F,44.0,Cordoba,False,juan-manuelvazquez@example.net
CLI04582,2025-02-14,Tienda,T21,M,33.0,Santa Fe,True,victoria93@example.com
CLI04583,2024-10-26,Tienda,T01,F,,Cordoba,True,martinabarrios@example.net
CLI04584,2024-09-03,Online,,F,50.0,Mendoza,True,guillermina63@example.org
CLI04585,2023-03-31,Tienda,T19,F,41.0,Entre Rios,False,diaztiziana@example.com
CLI04586,2022-08-31,Online,,M,28.0,Mendoza,False,ledesmajoaquin@example.com
CLI04587,2022-12-01,Online,,M,47.0,Tucuman,True,luciagomez@example.net
CLI04588,2024-08-28,Online,,F,47.0,Neuquen,True,luz-mariacorrea
CLI04589,2024-06-20,Tienda,T19,F,38.0,CABA,True,alma12@example.net
CLI04590,2025-02-06,Tienda,T14,F,18.0,Tucuman,True,isabellacaceres@example.net
CLI04591,2024-07-25,Online,,M,24.0,Tucuman,True,dylan-ezequielvega@example.org
CLI04592,2023-12-30,Online,,F,53.0,Salta,False,tizianorodriguez@example.com
CLI04593,2025-07-12,Tienda,T02,F,38.0,Salta,True,benjamin92@example.net
CLI04594,2023-04-20,Online,,F,18.0,Santa Fe,True,kvega@example.com
CLI04595,2025-11-15,Tienda,T18,,39.0,CABA,True,micaela39@example.com
CLI04596,2024-08-24,Online,,M,42.0,Santa Fe,True,elena89@example.org
CLI04597,2023-04-10,Tienda,T24,F,50.0,Salta,True,zmartin@example.org
CLI04598,2022-06-30,Online,,F,47.0,Entre Rios,True,villalbadante@example.org
CLI04599,2025-09-05,Tienda,T02,M,47.0,CABA,False,rojassofia@example.com
CLI04600,2022-10-05,Tienda,T26,F,30.0,Salta,True,moralesbenjamin-alejandro@example.com
CLI04601,2024-03-10,Online,,M,,Cordoba,True,medinabenjamin@example.net
CLI04602,2023-04-04,Tienda,T14,F,33.0,Entre Rios,False,zquiroga
CLI04603,2023-02-11,Online,,M,60.0,Santa Fe,True,bianca37@example.net
CLI04604,2022-01-20,Online,,M,20.0,Tucuman,True,lopezsantino@example.com
CLI04605,2025-07-18,Online,,X,54.0,Tucuman,True,priscilatorres@example.com
CLI04606,2023-08-24,Online,,M,20.0,Mendoza,True,valentina-76@example.org
CLI04607,2023-10-25,Tienda,T08,M,23.0,Salta,True,garcialorenzo@example.net
CLI04608,2025-03-30,Tienda,T18,F,43.0,Entre Rios,False,facundomunoz@example.net
CLI04609,2025-12-02,Tienda,T08,,30.0,Santa Fe,True,thiago-nahuel32@example.net
CLI04610,2022-08-21,Tienda,S01,M,38.0,Cordoba,True,ignacio64@example.net
CLI04611,2022-05-17,Tienda,S06,F,25.0,Mendoza,True,angel-gabriel83@example.com
CLI04612,2025-12-03,Sucursal,T13,M,43.0,Santa Fe,False,emma86@example.org
CLI04613,2025-01-23,Tienda,T04,F,53.0,Buenos Aires,True,cacereslucia
CLI04614,2022-07-21,Tienda,T05,F,21.0,Cordoba,True,isabellamolina@example.org
CLI04615,2022-09-21,Online,,M,49.0,Neuquen,False,thiago62@example.com
CLI04616,2024-11-12,Tienda,T22,M,46.0,Salta,True,lucas37@example.net
CLI04617,2022-12-27,Online,,M,52.0,Entre Rios,True,toledosantino-benjamin@example.com
CLI04618,2024-09-25,Tienda,T25,M,18.0,Mendoza,True,matiasacosta@example.net
CLI04619,2023-05-26,Tienda,T13,M,54.0,Santa Fe,False,grodriguez@example.net
CLI04620,2024-09-05,Tienda,T21,F,25.0,Mendoza,True,perezfausto@example.net
CLI04621,2025-07-06,Online,,F,37.0,Mendoza,True,zbenitez@example.com
CLI04622,2022-02-18,Tienda,S20,X,,Salta,False,ayalajuana@example.net
CLI04623,2023-07-03,Online,,M,27.0,Salta,True,maria-victoriafernandez@example.net
CLI04624,2025-08-10,Online,,F,29.0,CABA,True,diazmartina@example.net
CLI04625,2023-03-04,Tienda,T02,F,31.0,Santa Fe,False,thiago-agustin17@example.com
CLI04626,2024-11-26,Online,,,43.0,Santa Fe,False,pereztomas-benjamin@example.com
CLI04627,2024-11-01,Tienda,T13,M,51.0,Santa Fe,True,guillermina17@example.com
CLI04628,2025-05-20,Tienda,T20,M,37.0,Buenos Aires,True,valentinogonzalez@example.org
CLI04629,2022-08-10,Online,,F,52.0,Tucuman,False,ilopez@example.com
CLI04630,2025-06-04,Online,,M,,Tucuman,True,dgonzalez@example.com
CLI04631,2022-04-16,Online,,M,57.0,Buenos Aires,True,peraltaguadalupe@example.net
CLI04632,2024-12-26,Tienda,T17,F,,Entre Rios,False,benicio07@example.net
CLI04633,2025-10-10,Tienda,T26,F,43.0,Neuquen,False,mateo11@example.com
CLI04634,2023-01-14,Tienda,T02,,40.0,Salta,True,bianca60
CLI04635,2022-04-21,Online,,F,43.0,CABA,True,bfranco@example.net
CLI04636,2022-11-06,Tienda,T17,M,,Entre Rios,True,valentina52@example.net
CLI04637,2024-05-31,Online,,M,52.0,Tucuman,True,asanchez@example.com
CLI04638,2022-01-10,Tienda,T19,,43.0,Santa Fe,False,wgarcia@example.com
CLI04639,2025-01-18,Tienda,T20,F,,Mendoza,True,franciscagarcia@example.net
CLI04640,2024-11-05,Online,,F,37.0,Mendoza,True,angel-gabriel36@example.net
CLI04641,2023-10-13,Tienda,T04,F,,CABA,True,ocabrera@example.org
CLI04642,2022-01-17,Tienda,T08,M,32.0,Salta,True,suarezcarmela@example.net
CLI04643,2022-12-25,Online,,F,56.0,Entre Rios,True,jeronimo61@example.org
CLI04644,2024-03-03,Tienda,T14,X,52.0,Salta,True,guillermina96
CLI04645,2022-10-06,Online,,M,59.0,Cordoba,True,antonia29@example.org
CLI04646,2022-12-09,Online,,M,34.0,Mendoza,False,martinacarrizo@example.net
CLI04647,2022-03-08,Online,,M,38.0,Salta,True,herrerabruno@example.org
CLI04648,2024-09-29,Tienda,T22,F,75.0,Buenos Aires,True,ygomez@example.com
CLI04649,2023-08-23,Tienda,T23,M,56.0,Entre Rios,True,felipeperalta@example.net
CLI04650,2025-02-18,Online,,M,21.0,Cordoba,False,alvaroacosta@example.net
CLI04651,2022-12-01,Tienda,S22,M,51.0,CABA,True,pilar56@example.net
CLI04652,2022-02-25,Tienda,T26,M,46.0,Santa Fe,True,joaquin42@example.com
CLI04653,2024-01-11,Tienda,T28,M,36.0,Tucuman,True,federicobarrios@example.org
CLI04654,2024-10-25,Tienda,T09,M,37.0,Tucuman,True,valentinaramos@example.com
CLI04655,2022-08-18,Tienda,T03,M,29.0,Entre Rios,True,lucia-27
CLI04656,2023-04-10,Online,,M,33.0,Buenos Aires,True,hmendoza@example.com
CLI04657,2023-07-03,Online,,M,30.0,Santa Fe,True,ffernandez@example.com
CLI04658,2022-08-29,Online,,X,25.0,Santa Fe,True,ian-ezequielvera@example.com
CLI04659,2023-05-04,Online,,M,35.0,Mendoza,True,sofia54@example.com
CLI04660,2023-11-06,Online,,F,29.0,Cordoba,False,torresangelina@example.com
CLI04661,2023-12-23,Online,,F,51.0,Cordoba,True,fsuarez
CLI04662,2022-10-16,Online,,M,55.0,Buenos Aires,True,ortizbautista@example.org
CLI04663,2025-05-25,Online,,M,39.0,Tucuman,True,isabellabustos@example.com
CLI04664,2022-05-06,Tienda,T21,F,36.0,Cordoba,True,castillorafael@example.net
CLI04665,2023-04-28,Online,,M,50.0,CABA,True,jdominguez@example.org
CLI04666,2023-04-27,Sucursal,T13,M,39.0,Buenos Aires,True,gonzalezhelena@example.org
CLI04667,2022-04-26,Tienda,T24,M,69.0,Buenos Aires,True,msoto@example.net
CLI04668,2025-03-04,Tienda,T23,M,5.0,Mendoza,True,bruno06@example.org
CLI04669,2025-04-08,Online,,M,18.0,Salta,False,uma-71@example.net
CLI04670,2025-04-20,Online,,M,25.0,Cordoba,False,ferreyraguadalupe@example.com
CLI04671,2024-03-31,Tienda,T14,F,47.0,CABA,True,godoyvictoria@example.net
CLI04672,2024-10-16,Tienda,T21,F,52.0,Santa Fe,True,olivia18@example.com
CLI04673,2022-05-27,Tienda,T25,F,34.0,CABA,True,leon35@example.net
CLI04674,2024-02-03,Online,,,41.0,Mendoza,False,mateo50@example.com
CLI04675,2022-01-28,Online,,X,37.0,Tucuman,True,tomasgonzalez@example.com
CLI04676,2025-08-26,Tienda,T13,M,48.0,Santa Fe,True,tiziano04@example.org
CLI04677,2024-03-14,Online,,F,69.0,Entre Rios,True,osanchez@example.com
CLI04678,2022-09-24,Tienda,T22,M,18.0,Mendoza,False,juan-ignaciodiaz@example.com
CLI04679,2024-01-04,Online,,M,72.0,Mendoza,True,valentinafranco@example.net
CLI04680,2023-09-12,Online,,M,56.0,Santa Fe,False,emmamoreno
CLI04681,2023-09-02,Tienda,T15,F,37.0,Salta,True,agustindiaz@example.com
CLI04682,2025-07-26,Tienda,T06,M,48.0,Buenos Aires,False,lnunez@example.net
CLI04683,2025-07-07,Tienda,T14,F,41.0,Mendoza,True,benitezguillermina@example.org
CLI04684,2024-10-30,Tienda,T01,F,48.0,Buenos Aires,True,dominguezmicaela@example.com
CLI04685,2024-03-28,Tienda,T24,M,48.0,Salta,True,hernandezfrancesca@example.com
CLI04686,2025-08-22,Tienda,T10,M,52.0,Santa Fe,True,kgodoy@example.net
CLI04687,2023-02-23,Tienda,T20,F,27.0,Tucuman,True,lisandro41@example.net
CLI04688,2025-11-24,Online,,,,CABA,True,poncebenjamin@example.com
CLI04689,2023-08-25,Tienda,T02,M,32.0,Salta,True,agustinmoyano@example.org
CLI04690,2024-10-17,Tienda,T17,M,37.0,Mendoza,True,maximojuarez@example.com
CLI04691,2025-05-01,Tienda,T14,F,52.0,Salta,True,aguirremilena@example.com
CLI04692,2023-03-26,Tienda,T26,M,35.0,Salta,True,lorenzo02@example.org
CLI04693,2024-10-07,Online,,M,45.0,Tucuman,True,romerosantiago@example.net
CLI04694,2022-02-04,Tienda,T12,M,46.0,Buenos Aires,True,vlopez@example.com
CLI04695,2022-04-01,Tienda,T11,M,43.0,Mendoza,True,figueroamora@example.org
CLI04696,2024-10-13,Online,,F,24.0,Buenos Aires,False,qrios@example.org
CLI04697,2022-01-06,Tienda,T16,F,48.0,CABA,False,sofia91@example.net
CLI04698,2023-03-01,Sucursal,T09,F,44.0,Buenos Aires,True,wtorres
CLI04699,2024-04-17,Online,,F,72.0,Neuquen,True,benjamin05@example.com
CLI04700,2025-03-21,Online,,M,5.0,Santa Fe,False,mia98@example.net
CLI04701,2023-05-15,Online,,M,56.0,Entre Rios,True,munozfelipe
CLI04702,2022-08-19,Sucursal,S16,M,35.0,Entre Rios,False,julieta53@example.com
CLI04703,2022-12-24,Tienda,T16,F,37.0,CABA,False,benjaminbenitez@example.org
CLI04704,2025-03-15,Tienda,T08,F,65.0,Santa Fe,True,gomezjoaquina@example.com
CLI04705,2022-02-22,Online,,,39.0,Salta,True,molinabenjamin@example.org
CLI04706,2022-12-03,Online,,F,53.0,Entre Rios,True,castillofrancisco@example.net
CLI04707,2023-10-05,Online,,F,43.0,Cordoba,True,mateo-ezequiel71@example.org
CLI04708,2022-12-17,Online,,M,,Neuquen,True,ejuarez@example.net
CLI04709,2024-08-23,Tienda,T09,M,38.0,Cordoba,False,lunalopez@example.com
CLI04710,2023-06-30,Tienda,T11,M,35.0,CABA,True,nnunez@example.com
CLI04711,2025-05-24,Tienda,T22,M,38.0,Entre Rios,True,santino01@example.org
CLI04712,2023-09-02,Tienda,T24,M,67.0,Buenos Aires,False,bmunoz@example.org
CLI04713,2025-08-01,Online,,M,48.0,Neuquen,True,gonzalezciro@example.com
CLI04714,2025-05-29,Online,,M,18.0,Salta,True,martinezema@example.net
CLI04715,2025-11-06,Tienda,T13,M,68.0,Santa Fe,True,kdominguez@example.org
CLI04716,2023-04-15,Online,,F,47.0,Tucuman,False,dylan-ezequiel60@example.net
CLI04717,2022-09-27,Tienda,T15,M,54.0,Cordoba,True,martinafarias@example.org
CLI04718,2022-10-06,Online,,F,63.0,Neuquen,True,miacardozo@example.org
CLI04719,2022-04-14,Tienda,T04,M,,CABA,True,antonella97@example.net
CLI04720,2025-03-14,Online,,X,46.0,CABA,False,facundo82@example.org
CLI04721,2025-08-03,Online,,M,39.0,Buenos Aires,True,delfinaescobar@example.org
CLI04722,2024-12-27,Online,,F,37.0,Tucuman,True,violeta39@example.org
CLI04723,2022-02-08,Sucursal,T01,M,37.0,Entre Rios,False,ayalarenata@example.org
CLI04724,2023-11-28,Tienda,T07,F,43.0,Tucuman,True,lautaro36@example.net
CLI04725,2025-08-07,Tienda,T06,F,58.0,Buenos Aires,True,idiaz@example.net
CLI04726,2023-02-06,Online,,F,52.0,Entre Rios,True,lchavez@example.net
CLI04727,2022-01-17,Tienda,T07,F,46.0,Tucuman,True,alvarezguillermina@example.org
CLI04728,2022-03-16,Online,,,58.0,Buenos Aires,True,munozlucas-ezequiel@example.net
CLI04729,2025-04-14,Tienda,T20,M,18.0,Santa Fe,True,martinezdante@example.net
CLI04730,2022-12-05,Online,,M,42.0,Cordoba,True,pazjuan@example.net
CLI04731,2022-09-01,Tienda,T15,M,,CABA,True,sancheznahiara@example.com
CLI04732,2025-11-10,Tienda,T21,M,46.0,Neuquen,True,yromero@example.net
CLI04733,2024-05-16,Online,,F,,Santa Fe,True,abigailrodriguez@example.com
CLI04734,2023-09-26,Online,,F,44.0,Entre Rios,False,joaquinayala@example.net
CLI04735,2025-01-20,Tienda,T08,M,,Mendoza,True,sgarcia@example.com
CLI04736,2025-01-21,Tienda,T12,F,39.0,Tucuman,True,matildablanco@example.net
CLI04737,2022-10-17,Online,,,51.0,Santa Fe,True,ignacio48@example.net
CLI04738,2025-05-27,Tienda,T15,,43.0,Buenos Aires,True,gutierrezfelipe@example.net
CLI04739,2025-03-23,Sucursal,T05,F,38.0,Cordoba,True,fernandezfrancisco@example.net
CLI04740,2024-07-07,Online,,F,49.0,Buenos Aires,True,santino-nicolaspereyra@example.net
CLI04741,2022-03-08,Online,,M,50.0,Neuquen,True,uma73@example.org
CLI04742,2024-08-27,Tienda,T28,F,29.0,Buenos Aires,True,fojeda@example.net
CLI04743,2023-06-21,Tienda,T13,,55.0,Salta,False,xvelazquez@example.com
CLI04744,2024-08-15,Tienda,T22,X,38.0,Cordoba,True,simonpereyra@example.org
CLI04745,2022-02-05,Tienda,T20,F,43.0,CABA,False,acostajuan-martin@example.org
CLI04746,2022-07-17,Online,,F,18.0,CABA,True,cduarte@example.org
CLI04747,2025-02-20,Online,,F,41.0,Santa Fe,True,guillerminaramirez@example.org
CLI04748,2023-06-27,Online,,M,18.0,Santa Fe,True,vegajuan-cruz@example.net
CLI04749,2022-12-15,Online,,M,54.0,Buenos Aires,False,lopezcatalina@example.org
CLI04750,2023-04-14,Tienda,T21,M,31.0,Cordoba,True,thiago-benjamin80@example.com
CLI04751,2022-03-24,Online,,,35.0,CABA,True,agonzalez
CLI04752,2023-10-28,Tienda,T25,M,12.0,Mendoza,True,bautistavaldez@example.com
CLI04753,2023-06-06,Tienda,T18,F,23.0,Tucuman,True,oliviarodriguez@example.com
CLI04754,2025-03-06,Online,,X,42.0,Neuquen,True,valentino09@example.net
CLI04755,2023-01-09,Online,,F,25.0,CABA,True,oliviavazquez@example.com
CLI04756,2023-10-02,Online,,F,39.0,Santa Fe,False,yrodriguez@example.com
CLI04757,2022-09-21,Tienda,T18,M,54.0,Santa Fe,True,rodriguezmorena-jazmin
CLI04758,2025-05-27,Online,,F,60.0,CABA,True,bravomia-jazmin@example.net
CLI04759,2023-10-23,Online,,M,62.0,Entre Rios,True,dcampos@example.net
CLI04760,2022-06-17,Sucursal,T05,M,38.0,Mendoza,True,xtorres@example.org
CLI04761,2023-08-07,Online,,M,28.0,Santa Fe,True,alma15@example.org
CLI04762,2025-09-24,Online,,M,48.0,Entre Rios,True,emilianocarrizo@example.net
CLI04763,2022-12-20,Tienda,S09,F,64.0,CABA,False,jeremias37@example.net
CLI04764,2022-07-18,Online,,M,29.0,Mendoza,False,guadalupe81@example.com
CLI04765,2023-07-03,Online,,F,61.0,Neuquen,True,ferreyralautaro-nahuel@example.com
CLI04766,2024-04-03,Online,,F,40.0,Santa Fe,False,leivaoctavio@example.net
CLI04767,2022-02-25,Tienda,T03,M,18.0,Cordoba,True,jperalta@example.com
CLI04768,2023-05-07,Online,,M,43.0,Cordoba,False,fernandezcamila@example.com
CLI04769,2025-12-16,Online,,F,-3.0,Salta,True,federicogomez@example.com
CLI04770,2022-05-01,Online,,M,52.0,Cordoba,True,ana-paula56@example.com
CLI04771,2024-12-12,Online,,F,57.0,Salta,True,juan-cruz16@example.org
CLI04772,2023-10-13,Tienda,T09,M,47.0,Entre Rios,True,diazsofia@example.org
CLI04773,2025-08-08,Online,,F,18.0,CABA,True,luciaromero@example.com
CLI04774,2022-08-02,Tienda,T16,M,18.0,Buenos Aires,True,fgonzalez@example.net
CLI04775,2025-10-02,Tienda,T12,M,,Neuquen,True,roldangiuliana@example.com
CLI04776,2024-12-13,Online,,F,,Tucuman,True,lucasgonzalez@example.org
CLI04777,2024-11-29,Tienda,T13,M,27.0,Cordoba,True,eacosta@example.net
CLI04778,2023-12-08,Tienda,T06,M,30.0,Cordoba,False,pazbenjamin@example.org
CLI04779,2024-08-06,Online,,X,53.0,Entre Rios,False,xvargas@example.com
CLI04780,2023-09-05,Tienda,T05,M,62.0,Salta,False,pvelazquez
CLI04781,2024-04-26,Online,,M,18.0,Tucuman,True,moralesluna@example.org
CLI04782,2023-07-14,Tienda,T07,M,27.0,Neuquen,True,tiziano-benjamin37@example.net
CLI04783,2022-03-24,Tienda,T20,F,40.0,Entre Rios,True,gperez@example.net
CLI04784,2024-01-23,Tienda,T16,M,39.0,Salta,False,sanchezalma-jazmin@example.net
CLI04785,2025-08-22,Tienda,T02,F,18.0,Mendoza,True,gomezfelipe@example.net
CLI04786,2024-05-02,Tienda,T19,M,83.0,Mendoza,True,vicentesanchez@example.org
CLI04787,2022-06-21,Tienda,T23,F,51.0,Entre Rios,True,ledesmadylan-ezequiel@example.net
CLI04788,2024-05-03,Online,,F,47.0,Cordoba,True,oroldan
CLI04789,2023-10-10,Online,,M,18.0,Santa Fe,True,juan-bautistaleiva@example.net
CLI04790,2024-12-16,Tienda,T15,M,46.0,CABA,False,pilar49@example.net
CLI04791,2022-02-22,Tienda,S14,M,25.0,Buenos Aires,True,francoromero@example.org
CLI04792,2025-09-08,Tienda,T21,F,49.0,Mendoza,True,valentina90@example.org
CLI04793,2025-10-27,Tienda,T06,M,46.0,Neuquen,False,lautaro-gabriel27@example.org
CLI04794,2022-03-28,Online,,M,42.0,CABA,True,julietaromero@example.net
CLI04795,2023-03-21,Online,,M,48.0,Entre Rios,True,kpaz@example.org
CLI04796,2025-02-18,Tienda,T03,M,33.0,Neuquen,True,oliviasosa@example.com
CLI04797,2024-06-19,Tienda,T02,M,,Salta,True,maria-guadalupe21@example.org
CLI04798,2025-04-22,Online,,F,18.0,Salta,False,ramirezlola@example.org
CLI04799,2025-05-07,Online,,M,52.0,Entre Rios,False,jgutierrez@example.org
CLI04800,2024-06-18,Tienda,T11,X,5.0,Entre Rios,True,csoto@example.org
CLI04801,2024-03-22,Online,,F,77.0,Cordoba,True,benjaminvera@example.org
CLI04802,2024-07-21,Online,,F,,Cordoba,True,nlopez@example.com
CLI04803,2024-11-21,Tienda,T24,M,,Cordoba,True,benjamin41@example.com
CLI04804,2022-06-16,Online,,M,63.0,CABA,True,fdiaz@example.org
CLI04805,2024-09-23,Tienda,T03,F,31.0,Tucuman,True,aviladylan-ezequiel@example.org
CLI04806,2024-09-19,Online,,M,26.0,Tucuman,True,gomezconstanza@example.net
CLI04807,2022-12-07,Sucursal,T18,M,41.0,Santa Fe,True,juan-ignacioperez
CLI04808,2022-09-13,Tienda,T04,M,60.0,Mendoza,False,santinolopez@example.net
CLI04809,2022-03-09,Tienda,T24,M,69.0,Santa Fe,True,luisina27@example.net
CLI04810,2022-11-15,Tienda,S17,M,36.0,Tucuman,True,pedro50@example.com
CLI04811,2023-10-04,Tienda,T23,F,45.0,Neuquen,False,simonlopez@example.org
CLI04812,2024-09-15,Online,,M,45.0,Buenos Aires,True,dmoyano@example.com
CLI04813,2023-10-03,Tienda,T03,M,32.0,Neuquen,False,qcaceres@example.net
CLI04814,2023-07-19,Tienda,T13,M,34.0,Mendoza,True,vromero@example.net
CLI04815,2025-07-04,Online,,M,40.0,Buenos Aires,True,coronelmateo@example.org
CLI04816,2023-06-20,Online,,M,41.0,Salta,True,ezequielledesma@example.org
CLI04817,2024-04-05,Tienda,T02,F,57.0,CABA,False,pgimenez@example.com
CLI04818,2024-02-04,Online,,F,18.0,Entre Rios,True,morena08@example.net
CLI04819,2022-04-11,Tienda,T11,F,48.0,Mendoza,False,alejolopez@example.net
CLI04820,2022-11-07,Tienda,T28,M,47.0,Cordoba,True,santino14@example.net
CLI04821,2025-03-30,Online,,M,61.0,CABA,True,mateo03@example.com
CLI04822,2022-11-26,Online,,,36.0,Buenos Aires,False,emma92@example.net
CLI04823,2024-12-26,Online,,F,36.0,Santa Fe,False,nicolas17@example.net
CLI04824,2024-04-03,Tienda,T05,M,43.0,Neuquen,True,agustin00@example.com
CLI04825,2022-04-11,Tienda,T12,F,5.0,Buenos Aires,True,pcastro@example.com
CLI04826,2022-04-18,Sucursal,T09,M,33.0,Entre Rios,False,joaquin22@example.org
CLI04827,2024-02-23,Tienda,T14,M,32.0,Neuquen,False,emoreno@example.net
CLI04828,2022-05-27,Online,,X,12.0,Mendoza,True,renatagodoy@example.net
CLI04829,2023-09-06,Online,,M,27.0,Entre Rios,False,mendozaemilia@example.org
CLI04830,2025-04-04,Tienda,T03,F,33.0,Salta,True,juan-cruzquiroga@example.net
CLI04831,2024-11-02,Tienda,T17,M,30.0,Entre Rios,False,ifernandez
CLI04832,2023-11-02,Online,,M,31.0,Neuquen,True,franco60@example.net
CLI04833,2022-09-25,Online,,M,23.0,Entre Rios,False,lbenitez@example.com
CLI04834,2025-02-14,Tienda,T12,M,55.0,CABA,True,srodriguez@example.net
CLI04835,2025-04-08,Online,,F,46.0,Tucuman,True,emiliamaidana@example.net
CLI04836,2025-07-16,Online,,F,41.0,Tucuman,False,antonella24@example.org
CLI04837,2023-08-10,Online,,M,26.0,Mendoza,True,valentinogonzalez@example.net
CLI04838,2024-10-17,Online,,M,50.0,Buenos Aires,True,isabella81@example.org
CLI04839,2024-09-30,Tienda,T27,M,38.0,CABA,True,molinaalexander@example.org
CLI04840,2025-01-22,Online,,M,40.0,Entre Rios,True,trodriguez@example.com
CLI04841,2023-11-04,Sucursal,T17,F,43.0,CABA,True,vdiaz@example.org
CLI04842,2025-09-22,Tienda,T05,M,40.0,Tucuman,True,malenafigueroa@example.net
CLI04843,2023-10-25,Online,,M,55.0,Buenos Aires,True,felipe19@example.net
CLI04844,2024-05-30,Tienda,T26,M,30.0,Tucuman,True,quirogadylan@example.net
CLI04845,2025-09-28,Tienda,T07,,32.0,Neuquen,True,francochavez@example.net
CLI04846,2024-11-28,Online,,X,43.0,Cordoba,True,oliviaalvarez@example.com
CLI04847,2024-12-11,Tienda,T11,F,38.0,Tucuman,True,lcorrea@example.net
CLI04848,2025-11-18,Tienda,T26,F,49.0,Cordoba,True,ivan18@example.net
CLI04849,2025-08-07,Tienda,T16,M,54.0,Cordoba,True,dmedina@example.com
CLI04850,2023-10-30,Online,,,132.0,Entre Rios,True,lolaluna@example.com
CLI04851,2023-08-31,Online,,M,55.0,CABA,False,gonzalezmateo@example.com
CLI04852,2025-05-29,Tienda,T03,F,37.0,Buenos Aires,False,joaquin66@example.net
CLI04853,2023-05-05,Online,,M,39.0,Salta,False,ferreyralucas@example.com
CLI04854,2025-04-25,Tienda,T04,M,36.0,Entre Rios,True,juan-ignacioramirez@example.com
CLI04855,2024-06-10,Tienda,T02,M,58.0,Cordoba,True,thiago-agustinherrera@example.net
CLI04856,2025-02-28,Tienda,T14,F,38.0,Cordoba,True,xnavarro@example.org
CLI04857,2022-07-24,Tienda,T18,M,29.0,Mendoza,False,pazvictoria@example.net
CLI04858,2024-12-01,Online,,F,27.0,Salta,True,garias@example.net
CLI04859,2025-03-12,Online,,M,52.0,Tucuman,True,malenamartinez@example.com
CLI04860,2024-09-08,Online,,F,29.0,Mendoza,True,acampos@example.com
CLI04861,2024-06-28,Tienda,T10,M,18.0,Santa Fe,True,mateoavila@example.org
CLI04862,2023-09-16,Tienda,T12,F,51.0,Neuquen,True,thiago-benjamin10@example.net
CLI04863,2023-05-23,Tienda,T12,X,132.0,Santa Fe,True,maria-victoria82@example.com
CLI04864,2025-05-18,Online,,M,52.0,Buenos Aires,True,bautista36@example.net
CLI04865,2024-09-24,Tienda,T19,F,,CABA,True,augusto31@example.net
CLI04866,2025-08-29,Tienda,T15,F,49.0,Mendoza,True,duartecatalina@example.org
CLI04867,2024-01-09,Online,,F,47.0,CABA,True,ruizangelina@example.net
CLI04868,2024-08-18,Tienda,T07,F,42.0,Santa Fe,True,federicovillalba@example.net
CLI04869,2025-07-01,Tienda,T05,M,31.0,Neuquen,True,guadalupebenitez@example.com
CLI04870,2022-06-25,Online,,F,18.0,Entre Rios,False,lisandro60@example.com
CLI04871,2025-05-03,Tienda,T09,F,18.0,Entre Rios,False,medinaantonella@example.net
CLI04872,2023-06-10,Online,,F,47.0,Santa Fe,True,dgonzalez@example.com
CLI04873,2022-08-15,Tienda,S14,M,53.0,Buenos Aires,True,poncesofia@example.org
CLI04874,2025-03-15,Online,,F,42.0,Cordoba,True,ludmilarodriguez@example.net
CLI04875,2023-02-13,Tienda,T04,F,31.0,Santa Fe,True,urodriguez@example.net
CLI04876,2022-10-28,Online,,M,,Buenos Aires,True,nicolas77@example.net
CLI04877,2025-07-10,Online,,F,41.0,Mendoza,True,beniciososa@example.net
CLI04878,2025-12-01,Tienda,T21,F,,Neuquen,False,villalbarafael@example.net
CLI04879,2022-08-19,Tienda,T03,F,36.0,Neuquen,False,kperez@example.com
CLI04880,2023-06-27,Tienda,T16,M,25.0,Cordoba,True,lautaro-benjaminpereyra@example.com
CLI04881,2024-10-17,Tienda,T21,F,27.0,Salta,False,dylan-benjamin08@example.org
CLI04882,2023-07-06,Tienda,T28,M,47.0,Mendoza,True,lautaro-benjaminnunez@example.com
CLI04883,2022-12-19,Tienda,S24,M,64.0,Mendoza,True,agostinacardozo@example.com
CLI04884,2022-02-19,Sucursal,T24,F,,Tucuman,True,maidanamaria-victoria@example.net
CLI04885,2022-05-11,Online,,M,39.0,CABA,True,luisanagomez@example.org
CLI04886,2025-08-22,Online,,F,48.0,Neuquen,True,irodriguez@example.org
CLI04887,2025-09-29,Tienda,T02,F,40.0,Santa Fe,True,martinagutierrez@example.net
CLI04888,2025-02-08,Tienda,T05,M,44.0,Entre Rios,False,genaro32@example.com
CLI04889,2022-04-06,Tienda,T15,M,,Mendoza,False,poncerenata@example.org
CLI04890,2024-02-16,Online,,,54.0,Salta,False,drodriguez@example.com
CLI04891,2025-03-08,Tienda,T14,F,26.0,CABA,True,csilva@example.net
CLI04892,2025-06-10,Tienda,T16,F,66.0,Buenos Aires,True,maria-victoria73@example.com
CLI04893,2025-04-01,Online,,M,40.0,Cordoba,False,benjaminaguirre@example.com
CLI04894,2025-01-31,Online,,M,,Cordoba,True,camila64@example.net
CLI04895,2025-01-12,Tienda,T25,M,74.0,Santa Fe,True,acostamaria-paz@example.org
CLI04896,2022-02-25,Online,,F,29.0,CABA,False,benitezagustina@example.net
CLI04897,2024-12-12,Tienda,T07,M,41.0,Cordoba,True,simon97@example.org
CLI04898,2025-01-02,Tienda,T25,F,31.0,Salta,False,martina87@example.com
CLI04899,2023-12-12,Online,,F,58.0,Buenos Aires,False,luz-milagrosjuarez@example.com
CLI04900,2025-01-29,Online,,F,18.0,Buenos Aires,True,ferreyravalentina@example.com
CLI04901,2025-08-14,Tienda,T10,F,46.0,Mendoza,True,maria-luz73@example.net
CLI04902,2025-12-25,Tienda,T25,F,19.0,CABA,True,ofernandez@example.org
CLI04903,2022-07-14,Tienda,T17,M,63.0,Santa Fe,True,morena48@example.com
CLI04904,2023-01-24,Online,,M,71.0,Neuquen,True,nvillalba@example.org
CLI04905,2025-06-22,Tienda,T10,F,54.0,CABA,False,bgomez@example.net
CLI04906,2025-07-01,Tienda,T17,F,31.0,Tucuman,True,juan-martin15@example.org
CLI04907,2025-08-15,Online,,M,58.0,Santa Fe,True,benitezthiago-ezequiel@example.net
CLI04908,2022-07-10,Online,,M,72.0,Cordoba,True,joaquinsosa@example.com
CLI04909,2023-03-31,Online,,M,45.0,Mendoza,True,valentinogodoy@example.net
CLI04910,2024-08-16,Tienda,T08,M,36.0,Buenos Aires,True,drodriguez@example.com
CLI04911,2022-12-14,Tienda,T19,F,62.0,Cordoba,True,milo61@example.com
CLI04912,2025-12-01,Tienda,T14,M,23.0,Entre Rios,False,bianca84@example.net
CLI04913,2024-05-07,Online,,F,38.0,Salta,True,rodriguezvictoria@example.com
CLI04914,2024-02-21,Tienda,T18,F,41.0,Mendoza,True,miavera@example.net
CLI04915,2024-09-13,Online,,F,43.0,Santa Fe,True,lourdes50@example.net
CLI04916,2025-09-08,Tienda,T15,F,57.0,Neuquen,True,ysoria@example.org
CLI04917,2024-04-30,Tienda,T09,F,40.0,Neuquen,True,lautaro-nicolas08@example.net
CLI04918,2022-01-11,Tienda,T14,F,26.0,Salta,True,elena14@example.com
CLI04919,2025-10-09,Tienda,T04,F,22.0,Salta,True,delfinavera@example.org
CLI04920,2024-07-26,Tienda,T08,M,,Entre Rios,True,tizianobenitez@example.net
CLI04921,2023-11-17,Online,,F,48.0,Salta,True,sorialola@example.net
CLI04922,2023-03-05,Online,,F,,Mendoza,True,miguel-angelmoyano@example.org
CLI04923,2024-09-03,Tienda,T18,F,50.0,Entre Rios,True,alvarezema@example.com
CLI04924,2023-03-04,Tienda,T07,M,22.0,CABA,True,fernandezvictoria@example.org
CLI04925,2024-02-05,Tienda,T28,F,50.0,CABA,False,santinomendoza@example.org
CLI04926,2022-11-19,Tienda,T21,F,,CABA,True,ojedadelfina@example.org
CLI04927,2024-06-17,Tienda,T28,F,60.0,Cordoba,True,josefinaroldan@example.com
CLI04928,2024-11-10,Tienda,T06,F,37.0,CABA,False,thiago-ezequiel01@example.net
CLI04929,2025-02-19,Online,,X,38.0,Salta,True,zrodriguez@example.com
CLI04930,2022-03-01,Online,,M,,CABA,True,benicio71@example.com
CLI04931,2023-01-29,Tienda,T06,F,55.0,Cordoba,True,vdiaz@example.com
CLI04932,2023-07-08,Tienda,T25,M,40.0,Santa Fe,True,joaquin17@example.com
CLI04933,2025-07-12,Tienda,T06,F,12.0,Tucuman,True,benjaminquiroga
CLI04934,2023-03-07,Online,,X,58.0,Neuquen,True,ftorres@example.net
CLI04935,2022-04-07,Sucursal,T28,F,25.0,Salta,True,delfinalopez@example.net
CLI04936,2022-02-14,Tienda,T06,M,,Santa Fe,False,mia-jazmin23@example.com
CLI04937,2023-12-10,Tienda,T17,M,56.0,Buenos Aires,False,juan-martin63@example.com
CLI04938,2025-01-07,Tienda,T18,F,53.0,Tucuman,True,leivathiago-ezequiel@example.com
CLI04939,2023-10-30,Tienda,T13,F,50.0,Cordoba,True,gmartinez
CLI04940,2025-07-13,Online,,M,45.0,Neuquen,True,tomasherrera@example.org
CLI04941,2025-03-06,Sucursal,T07,F,20.0,Neuquen,True,vargasbenjamin@example.net
CLI04942,2025-06-12,Tienda,T08,F,21.0,Mendoza,False,benjamin37@example.com
CLI04943,2022-07-14,Tienda,T28,,53.0,Tucuman,True,sgodoy@example.org
CLI04944,2024-08-01,Tienda,T23,F,33.0,Entre Rios,True,cardozovalentin@example.com
CLI04945,2022-06-17,Tienda,T10,M,,Salta,True,acostalara@example.org
CLI04946,2023-04-24,Tienda,T22,M,,Mendoza,False,josefina06@example.net
CLI04947,2022-06-19,Tienda,T08,M,18.0,Santa Fe,False,benjamin-alejandro79@example.org
CLI04948,2025-03-31,Online,,M,18.0,Santa Fe,False,medinaalexander@example.com
CLI04949,2025-10-07,Online,,M,49.0,Buenos Aires,True,perezjuan-cruz@example.net
CLI04950,2023-02-15,Online,,F,34.0,Tucuman,True,carrizolola@example.com
CLI04951,2025-12-30,Online,,M,37.0,Tucuman,True,garciabenicio@example.net
CLI04952,2023-08-01,Tienda,T11,M,58.0,Tucuman,True,angelinaacuna@example.com
CLI04953,2022-05-13,Tienda,T04,F,38.0,Mendoza,True,nunezguillermina@example.org
CLI04954,2023-05-07,Tienda,T06,F,41.0,Salta,True,bianca32@example.org
CLI04955,2023-05-31,Sucursal,T15,M,46.0,Mendoza,False,cluna@example.net
CLI04956,2022-05-10,Tienda,T01,F,18.0,CABA,False,luz-maria99@example.net
CLI04957,2022-05-24,Tienda,T02,M,,Salta,True,acostasantiago@example.com
CLI04958,2023-02-08,Tienda,T06,F,47.0,CABA,True,lunacastro@example.net
CLI04959,2023-09-16,Tienda,T24,M,34.0,Salta,False,pgonzalez@example.net
CLI04960,2024-12-24,Tienda,T19,M,58.0,CABA,True,salvador25@example.com
CLI04961,2023-12-25,Online,,M,29.0,Tucuman,True,nunezrenata@example.org
CLI04962,2023-07-22,Tienda,T27,F,,Mendoza,True,vmorales@example.net
CLI04963,2025-06-09,Online,,,24.0,Neuquen,False,ledesmajuliana@example.net
CLI04964,2025-03-02,Online,,,38.0,Salta,True,hernandezluisana@example.org
CLI04965,2025-06-27,Tienda,T12,M,31.0,Entre Rios,False,delfinagomez@example.com
CLI04966,2022-03-08,Online,,F,45.0,CABA,True,jbustos@example.org
CLI04967,2025-12-15,Tienda,T05,F,32.0,Mendoza,False,jmartinez@example.com
CLI04968,2022-02-08,Tienda,T26,F,45.0,Tucuman,True,garciaambar@example.org
CLI04969,2023-11-30,Online,,F,,Mendoza,True,joaquin15@example.com
CLI04970,2025-04-06,Online,,F,47.0,Santa Fe,True,martina42@example.com
CLI04971,2023-12-04,Tienda,T07,M,47.0,Neuquen,True,luana65@example.net
CLI04972,2023-01-30,Online,,M,43.0,Santa Fe,True,gluna@example.org
CLI04973,2025-03-12,Tienda,T15,F,30.0,Mendoza,True,scabrera@example.com
CLI04974,2024-10-09,Tienda,T27,M,18.0,Mendoza,False,diazcatalina@example.org
CLI04975,2023-06-14,Online,,M,46.0,Entre Rios,True,gonzalezuma@example.net
CLI04976,2023-07-13,Tienda,T15,M,22.0,Entre Rios,True,francescahernandez@example.org
CLI04977,2025-03-17,Tienda,T05,F,46.0,Salta,False,wherrera@example.org
CLI04978,2023-01-05,Tienda,T02,F,41.0,Cordoba,True,lopezmorena@example.org
CLI04979,2022-09-04,Tienda,S21,M,41.0,Santa Fe,True,tiziano-benjamincastro
CLI04980,2022-02-12,Online,,F,42.0,CABA,False,isabella30@example.org
CLI04981,2024-11-11,Tienda,T07,M,50.0,Mendoza,True,vmartinez@example.com
CLI04982,2023-03-05,Tienda,T03,,28.0,CABA,True,thiago-nicolas56@example.com
CLI04983,2023-09-26,Online,,F,46.0,Entre Rios,True,mirandadelfina@example.org
CLI04984,2023-11-25,Tienda,T06,M,57.0,Santa Fe,False,catalinarodriguez@example.net
CLI04985,2024-01-08,Online,,M,53.0,Entre Rios,False,poncemaria-victoria@example.net
CLI04986,2023-11-08,Tienda,T12,M,57.0,Tucuman,False,martina37@example.com
CLI04987,2022-03-07,Online,,M,38.0,Neuquen,True,tomasrios@example.com
CLI04988,2023-07-02,Tienda,T07,M,40.0,CABA,True,beniciotorres@example.com
CLI04989,2023-06-15,Tienda,T21,M,68.0,Cordoba,True,vegaciro@example.org
CLI04990,2024-07-13,Sucursal,T20,F,49.0,Cordoba,False,obenitez@example.com
CLI04991,2022-04-24,Online,,M,45.0,Cordoba,True,catalina19@example.net
CLI04992,2023-05-03,Tienda,T14,M,56.0,Entre Rios,True,rgonzalez@example.net
CLI04993,2025-02-10,Tienda,T18,M,29.0,Tucuman,True,milena89@example.com
CLI04994,2025-09-03,Tienda,T21,F,40.0,Buenos Aires,False,luz-milagros95@example.net
CLI04995,2023-12-04,Online,,M,48.0,Buenos Aires,True,xcarrizo@example.org
CLI04996,2022-02-08,Tienda,T03,M,41.0,Tucuman,True,nunezlucio@example.org
CLI04997,2025-11-12,Tienda,T04,F,63.0,Buenos Aires,True,luciano55@example.org
CLI04998,2023-12-18,Tienda,T19,M,48.0,Salta,False,valentina54@example.net
CLI04999,2023-10-16,Online,,F,54.0,Salta,True,benjamingutierrez@example.com
CLI05000,2023-06-06,Tienda,T16,F,30.0,CABA,True,amunoz@example.net
CLI05001,2023-05-25,Tienda,T18,M,41.0,Tucuman,True,oquiroga@example.com
CLI05002,2024-04-04,Tienda,T27,M,,Mendoza,True,garciaemma@example.com
CLI05003,2024-11-12,Online,,F,49.0,Neuquen,True,perezvalentina@example.com
CLI05004,2024-07-19,Tienda,T13,M,48.0,Buenos Aires,False,julieta56
CLI05005,2022-06-20,Sucursal,T08,M,42.0,Entre Rios,False,mvelazquez@example.net
CLI05006,2025-11-20,Online,,M,50.0,Tucuman,True,martina54@example.net
CLI05007,2022-10-12,Tienda,S16,M,71.0,Buenos Aires,True,iperez@example.org
CLI05008,2023-10-21,Tienda,T12,F,42.0,Buenos Aires,False,lolasuarez@example.net
CLI05009,2025-08-22,Online,,F,32.0,Neuquen,True,maiablanco@example.org
CLI05010,2025-06-08,Tienda,T06,M,58.0,Salta,False,cperalta@example.org
CLI05011,2022-01-28,Tienda,T02,M,62.0,Tucuman,False,garciajeronimo@example.com
CLI05012,2024-06-22,Online,,M,,CABA,True,srodriguez@example.org
CLI05013,2024-03-26,Tienda,T13,,,Entre Rios,True,slucero
CLI05014,2022-12-29,Online,,F,18.0,Cordoba,False,lucas-benjaminperalta@example.com
CLI05015,2025-04-18,Sucursal,T28,F,48.0,Salta,False,guadalupemedina@example.org
CLI05016,2023-07-26,Tienda,T26,M,39.0,Neuquen,True,santiago43@example.net
CLI05017,2022-04-25,Tienda,T25,M,72.0,CABA,False,victoriamunoz@example.com
CLI05018,2025-12-11,Tienda,T02,F,,Santa Fe,True,luana10@example.net
CLI05019,2024-10-10,Tienda,T04,F,67.0,Buenos Aires,False,jmartinez@example.net
CLI05020,2024-05-27,Tienda,T15,,39.0,Neuquen,True,ygomez@example.net
CLI05021,2025-04-20,Tienda,T08,,38.0,Cordoba,True,romeroolivia@example.com
CLI05022,2025-07-14,Online,,F,,Mendoza,True,qgomez@example.net
CLI05023,2024-11-06,Online,,F,25.0,Mendoza,True,almajuarez@example.org
CLI05024,2022-03-02,Tienda,T07,F,34.0,CABA,True,romeroclara@example.com
CLI05025,2024-02-24,Tienda,T22,M,57.0,Mendoza,True,valentin72@example.net
CLI05026,2023-09-01,Tienda,T15,M,20.0,Cordoba,True,martinezolivia@example.net
CLI05027,2023-11-06,Tienda,T18,M,43.0,Tucuman,True,wcabrera@example.org
CLI05028,2023-05-22,Tienda,T05,M,57.0,CABA,True,thiago-agustingonzalez@example.org
CLI05029,2022-07-14,Tienda,T17,F,45.0,CABA,True,navarrojeronimo@example.net
CLI05030,2025-06-29,Tienda,T19,F,49.0,Santa Fe,False,mgonzalez@example.net
CLI05031,2022-02-04,Tienda,T10,F,47.0,CABA,True,martina83@example.org
CLI05032,2022-05-26,Tienda,S15,M,49.0,Cordoba,True,priscila36@example.org
CLI05033,2022-02-01,Tienda,S20,F,,Cordoba,False,santino07@example.org
CLI05034,2022-11-02,Tienda,T18,F,63.0,Cordoba,True,luisina15@example.org
CLI05035,2023-06-02,Online,,M,47.0,Cordoba,True,lopezlara@example.com
CLI05036,2023-01-25,Sucursal,T17,F,34.0,Salta,True,trodriguez@example.net
CLI05037,2025-05-11,Online,,F,38.0,Tucuman,False,wrodriguez@example.com
CLI05038,2022-11-25,Tienda,S03,M,40.0,Tucuman,True,gonzalezjuan-martin@example.org
CLI05039,2024-11-04,Tienda,T03,F,,CABA,True,malenaescobar@example.net
CLI05040,2024-04-22,Tienda,T27,F,25.0,Salta,True,diazmia-valentina@example.net
CLI05041,2022-11-21,Online,,,24.0,Salta,False,renata93@example.net
CLI05042,2025-09-08,Online,,M,24.0,Mendoza,False,benicio38@example.org
CLI05043,2024-10-08,Tienda,T13,F,54.0,Salta,True,benjaminsilva@example.net
CLI05044,2022-12-28,Online,,F,29.0,Buenos Aires,True,ambar35@example.com
CLI05045,2024-01-23,Tienda,T09,M,44.0,Santa Fe,False,valentinagimenez@example.net
CLI05046,2024-07-20,Online,,F,26.0,Salta,True,joaquinferreyra@example.net
CLI05047,2024-02-26,Tienda,T06,M,41.0,CABA,False,clararamirez@example.com
CLI05048,2023-05-13,Online,,F,35.0,Salta,True,lpereyra@example.com
CLI05049,2023-03-08,Tienda,T16,F,,Santa Fe,True,octavioolivera@example.org
CLI05050,2023-03-20,Online,,F,58.0,Buenos Aires,True,gonzalezlucas@example.net
CLI05051,2022-07-13,Online,,F,,CABA,False,ramosabril@example.com
CLI05052,2023-08-24,Online,,,29.0,Salta,True,tomasdiaz@example.org
CLI05053,2024-11-15,Tienda,T13,M,75.0,Entre Rios,True,uperez@example.net
CLI05054,2025-05-23,Tienda,T16,F,29.0,CABA,True,benjamingonzalez@example.com
CLI05055,2025-09-18,Tienda,T11,,26.0,Buenos Aires,True,klopez@example.com
CLI05056,2024-06-14,Tienda,T26,F,19.0,Salta,True,rcardozo@example.com
CLI05057,2023-08-12,Online,,X,64.0,Tucuman,False,rfernandez@example.com
CLI05058,2022-10-14,Sucursal,T19,M,45.0,Salta,True,faustomiranda@example.org
CLI05059,2024-03-05,Tienda,T21,F,47.0,Tucuman,True,fbustos@example.com
CLI05060,2022-08-18,Tienda,T09,F,57.0,Entre Rios,False,valentina-dominguez@example.com
CLI05061,2024-02-17,Tienda,T22,M,44.0,Cordoba,True,pilarperez@example.com
CLI05062,2025-08-14,Tienda,T26,F,52.0,Entre Rios,True,ludmiladiaz
CLI05063,2022-03-27,Tienda,T05,M,65.0,Santa Fe,True,pilar41@example.net
CLI05064,2023-09-01,Tienda,T12,X,46.0,Entre Rios,True,catalinamendez@example.net
CLI05065,2023-05-21,Tienda,T18,M,12.0,Mendoza,True,jortiz@example.org
CLI05066,2025-04-01,Online,,M,45.0,Neuquen,True,tcastillo@example.org
CLI05067,2022-10-05,Tienda,T24,X,,Salta,False,benjaminescobar@example.com
CLI05068,2022-04-16,Tienda,T20,F,62.0,Tucuman,True,mansillaguadalupe@example.net
CLI05069,2023-12-28,Online,,F,50.0,Buenos Aires,True,eflores@example.org
CLI05070,2022-06-01,Tienda,T19,M,46.0,Buenos Aires,False,torresmorena@example.com
CLI05071,2022-10-04,Tienda,T24,F,18.0,Buenos Aires,False,qmendez@example.net
CLI05072,2025-03-04,Online,,F,30.0,Santa Fe,False,zalvarez@example.net
CLI05073,2023-12-10,Tienda,T01,F,33.0,Neuquen,True,navarrojosefina@example.net
CLI05074,2025-05-16,Online,,F,42.0,Mendoza,True,ctorres@example.com
CLI05075,2023-02-17,Online,,F,47.0,Neuquen,True,juan-ignaciocardozo@example.org
CLI05076,2025-08-28,Tienda,T11,M,44.0,Mendoza,True,lucas35@example.net
CLI05077,2022-11-27,Tienda,T02,X,40.0,Buenos Aires,True,vazquezmorena@example.net
CLI05078,2023-02-28,Tienda,T18,M,47.0,Neuquen,True,luciano-benjaminrivero@example.org
CLI05079,2025-07-28,Tienda,T24,M,47.0,Buenos Aires,True,riverofederico@example.com
CLI05080,2025-11-05,Online,,,55.0,Neuquen,True,emmaguzman@example.com
CLI05081,2024-09-25,Tienda,T08,M,18.0,Mendoza,True,chavezmora@example.net
CLI05082,2023-06-18,Tienda,T07,F,56.0,Salta,False,matilda35@example.net
CLI05083,2023-11-17,Online,,F,69.0,Neuquen,True,emmanunez@example.com
CLI05084,2024-10-19,Tienda,T18,M,58.0,CABA,True,drivero@example.com
CLI05085,2025-06-21,Tienda,T03,F,36.0,Salta,True,pbenitez
CLI05086,2025-12-02,Tienda,T13,M,30.0,Tucuman,True,abrilherrera@example.org
CLI05087,2023-04-16,Tienda,T28,F,41.0,Entre Rios,False,bautista-benjamin02@example.com
CLI05088,2025-07-20,Online,,M,,Cordoba,True,catalina11@example.org
CLI05089,2024-12-11,Online,,M,46.0,Entre Rios,True,vleiva@example.com
CLI05090,2024-04-18,Tienda,T19,X,18.0,Tucuman,True,nfarias@example.net
CLI05091,2023-05-26,Online,,F,18.0,Entre Rios,True,paloma41@example.com
CLI05092,2025-04-03,Tienda,T07,F,45.0,Neuquen,False,qbenitez@example.org
CLI05093,2022-06-27,Online,,M,75.0,Buenos Aires,False,romerojuan-ignacio@example.net
CLI05094,2022-06-12,Tienda,T08,F,,Mendoza,True,juan-manuelmedina@example.com
CLI05095,2025-06-21,Tienda,T05,F,33.0,Cordoba,True,ignaciopaez@example.com
CLI05096,2022-11-26,Tienda,T27,M,42.0,Neuquen,False,salvadorgonzalez@example.com
CLI05097,2024-09-15,Tienda,T13,M,46.0,CABA,True,fernandezsofia@example.net
CLI05098,2023-07-05,Sucursal,T21,F,54.0,CABA,False,molinabenjamin@example.org
CLI05099,2023-10-01,Tienda,T21,M,20.0,Entre Rios,True,almasosa@example.org
CLI05100,2024-11-16,Online,,M,,Cordoba,True,pereyrajuan-ignacio@example.net
CLI05101,2022-12-27,Online,,M,33.0,Neuquen,False,agodoy@example.net
CLI05102,2022-01-27,Tienda,T03,,53.0,Cordoba,False,isabellalopez@example.com
CLI05103,2022-02-18,Tienda,T14,,47.0,Cordoba,True,fernandezambar@example.com
CLI05104,2025-01-10,Tienda,T11,M,57.0,Neuquen,False,scarrizo@example.com
CLI05105,2023-05-03,Tienda,T01,F,25.0,Santa Fe,True,morenothiago-valentin@example.net
CLI05106,2023-12-26,Online,,F,26.0,Neuquen,True,roldansofia@example.net
CLI05107,2025-01-31,Tienda,T26,,,Tucuman,True,dmoreno@example.com
CLI05108,2025-09-23,Online,,M,35.0,Cordoba,True,martinaalvarez@example.com
CLI05109,2022-12-06,Online,,M,31.0,Neuquen,True,hortiz@example.net
CLI05110,2022-11-22,Online,,F,24.0,Salta,True,ygarcia@example.com
CLI05111,2022-10-19,Online,,F,33.0,Salta,False,benicioflores@example.org
CLI05112,2024-12-19,Online,,F,19.0,Santa Fe,False,valentinaescobar@example.com
CLI05113,2025-08-18,Online,,M,55.0,CABA,True,rmendoza@example.net
CLI05114,2024-03-28,Online,,F,35.0,Mendoza,True,soriaclara@example.net
CLI05115,2025-04-02,Online,,X,24.0,Salta,True,kpereyra@example.com
CLI05116,2025-11-15,Online,,M,44.0,Salta,False,camilalucero@example.net
CLI05117,2022-01-10,Online,,,19.0,Tucuman,True,vhernandez@example.net
CLI05118,2022-06-12,Online,,F,46.0,Neuquen,True,velazquezjuan-martin@example.net
CLI05119,2025-02-18,Tienda,T20,F,36.0,Mendoza,True,arodriguez
CLI05120,2022-08-18,Tienda,T03,M,65.0,Entre Rios,True,josefina38@example.net
CLI05121,2023-11-09,Online,,M,5.0,Santa Fe,False,luz-milagrosortiz@example.net
CLI05122,2024-08-04,Tienda,T15,M,30.0,Neuquen,True,bmedina@example.com
CLI05123,2024-11-15,Online,,M,54.0,Entre Rios,False,thiago-agustin78@example.net
CLI05124,2025-10-07,Sucursal,T20,M,43.0,Cordoba,True,sotoemma@example.com
CLI05125,2025-12-22,Tienda,T22,F,,CABA,True,herrerasantino@example.org
CLI05126,2023-08-19,Sucursal,T22,F,18.0,Santa Fe,True,gomezjuan-ignacio@example.org
CLI05127,2023-03-31,Online,,M,35.0,Entre Rios,True,francesca86@example.com
CLI05128,2025-08-29,Online,,F,35.0,Mendoza,True,valentina-perez@example.org
CLI05129,2023-07-13,Online,,M,,Tucuman,True,santino26@example.net
CLI05130,2023-08-09,Online,,F,26.0,Tucuman,True,santinofigueroa@example.com
CLI05131,2023-06-08,Tienda,T27,F,46.0,CABA,True,antonio29@example.org
CLI05132,2022-04-03,Online,,F,39.0,Cordoba,True,maria-belen76
CLI05133,2023-03-05,Tienda,T11,F,22.0,Entre Rios,True,ferreyrajuan-ignacio@example.org
CLI05134,2025-05-28,Online,,M,33.0,Entre Rios,True,dominguezbenicio@example.net
CLI05135,2024-05-06,Sucursal,T24,F,49.0,Santa Fe,True,guillermina23@example.org
CLI05136,2024-05-08,Online,,,38.0,CABA,True,gimenezcatalina@example.com
CLI05137,2022-12-30,Tienda,T10,F,39.0,Santa Fe,True,abigailvaldez@example.org
CLI05138,2024-09-06,Tienda,T19,M,40.0,Entre Rios,True,facundo27@example.com
CLI05139,2024-06-16,Tienda,T13,F,42.0,CABA,True,sofiaojeda@example.org
CLI05140,2023-03-01,Tienda,T14,M,45.0,CABA,False,acostaambar@example.com
CLI05141,2022-09-02,Tienda,T10,M,40.0,Neuquen,True,nvaldez@example.com
CLI05142,2022-07-05,Online,,F,20.0,CABA,False,tcampos@example.org
CLI05143,2024-08-21,Tienda,T12,F,,Entre Rios,False,ddiaz@example.com
CLI05144,2022-08-26,Tienda,T20,M,42.0,Neuquen,False,valvarez@example.org
CLI05145,2022-06-29,Tienda,T11,F,64.0,CABA,True,lautaro-nicolas50@example.com
CLI05146,2024-04-12,Tienda,T23,F,27.0,Cordoba,True,guillerminagomez@example.net
CLI05147,2023-07-05,Online,,F,63.0,Entre Rios,True,ndiaz@example.net
CLI05148,2024-02-12,Online,,M,33.0,Neuquen,False,mateo03@example.org
CLI05149,2025-05-03,Online,,M,63.0,Entre Rios,True,brunorodriguez@example.org
CLI05150,2022-10-29,Online,,,18.0,Santa Fe,True,lucas-benjamin87@example.org
CLI05151,2023-11-11,Online,,M,,Tucuman,True,rojaslautaro@example.org
CLI05152,2024-05-05,Tienda,T04,,18.0,CABA,True,isabellaperez@example.org
CLI05153,2022-04-15,Tienda,T07,F,21.0,Cordoba,True,abrilramirez@example.net
CLI05154,2023-06-02,Tienda,T05,M,35.0,Neuquen,False,bianca51@example.com
CLI05155,2023-07-24,Tienda,T28,F,48.0,CABA,True,vicente45@example.com
CLI05156,2024-10-27,Tienda,T14,F,30.0,Cordoba,True,njuarez@example.net
CLI05157,2025-04-23,Online,,M,44.0,Tucuman,True,alvarofernandez@example.com
CLI05158,2025-05-05,Online,,F,,Cordoba,True,maria-victoria46@example.org
CLI05159,2025-02-06,Tienda,T26,F,,Santa Fe,False,ecastillo@example.net
CLI05160,2025-01-27,Tienda,T13,,33.0,Mendoza,False,mia89@example.net
CLI05161,2023-06-27,Online,,F,68.0,Mendoza,True,beniciocastillo@example.org
CLI05162,2025-01-14,Tienda,T20,M,66.0,Buenos Aires,False,bautista88@example.net
CLI05163,2023-10-04,Tienda,T28,F,28.0,Cordoba,True,enzo78@example.com
CLI05164,2022-12-12,Tienda,S04,M,48.0,Cordoba,False,guillerminajuarez@example.net
CLI05165,2025-10-16,Online,,,34.0,Santa Fe,False,dramirez@example.com
CLI05166,2022-12-12,Tienda,T19,X,61.0,CABA,True,correadelfina@example.org
CLI05167,2024-04-20,Online,,F,45.0,Cordoba,True,qperez@example.org
CLI05168,2024-01-05,Online,,M,66.0,Santa Fe,False,santiago-benjamin56@example.com
CLI05169,2022-03-09,Tienda,T08,F,,Tucuman,False,diaztomas@example.com
CLI05170,2025-01-05,Online,,M,37.0,Santa Fe,True,matilda90@example.org
CLI05171,2022-02-15,Online,,M,30.0,Mendoza,True,roldanfelipe@example.com
CLI05172,2025-03-09,Online,,M,,Salta,True,bruno90@example.net
CLI05173,2024-02-21,Online,,F,47.0,CABA,True,delfinasuarez@example.net
CLI05174,2024-12-08,Tienda,T28,F,42.0,Mendoza,False,lourdesdiaz@example.org
CLI05175,2023-02-24,Tienda,T03,F,45.0,Cordoba,True,joaquin44@example.net
CLI05176,2023-07-20,Tienda,T12,M,51.0,Santa Fe,False,rodriguezthiago-valentin@example.com
CLI05177,2023-10-02,Online,,F,40.0,Tucuman,False,gsosa@example.org
CLI05178,2023-03-27,Online,,M,32.0,Santa Fe,False,tgarcia@example.com
CLI05179,2023-04-13,Online,,F,27.0,Entre Rios,False,diazjuan-manuel@example.com
CLI05180,2023-07-18,Tienda,T05,F,33.0,Entre Rios,True,dperez@example.net
CLI05181,2022-05-21,Tienda,T27,M,36.0,CABA,True,juan-martingodoy@example.net
CLI05182,2023-01-24,Online,,F,55.0,Neuquen,True,nina70
CLI05183,2022-08-29,Tienda,T17,F,54.0,CABA,True,valentina-jazminferreyra@example.net
CLI05184,2023-05-23,Tienda,T02,F,31.0,Mendoza,False,carrizocamilo@example.org
CLI05185,2025-04-13,Online,,M,49.0,Tucuman,False,ylopez@example.net
CLI05186,2024-09-25,Online,,M,28.0,Cordoba,False,romerolautaro-ezequiel@example.org
CLI05187,2022-05-16,Sucursal,T01,F,53.0,Neuquen,True,gtorres@example.com
CLI05188,2024-03-30,Tienda,T23,F,18.0,Cordoba,False,bruno61@example.org
CLI05189,2024-08-06,Online,,F,55.0,Neuquen,True,fmiranda
CLI05190,2025-05-25,Sucursal,T01,M,38.0,Neuquen,True,luciagomez@example.org
CLI05191,2025-02-20,Tienda,T18,M,44.0,Entre Rios,True,thiago-benjamin80@example.org
CLI05192,2023-06-11,Tienda,T10,M,39.0,Neuquen,False,sanchezmicaela@example.org
CLI05193,2023-08-08,Tienda,T09,F,26.0,Buenos Aires,False,jeremiascarrizo@example.net
CLI05194,2022-11-13,Tienda,T09,F,43.0,Mendoza,True,luz-maria91@example.net
CLI05195,2022-08-21,Tienda,T18,M,41.0,Tucuman,True,lbenitez@example.org
CLI05196,2022-10-26,Online,,,52.0,Buenos Aires,True,medinafacundo@example.org
CLI05197,2024-06-17,Online,,F,50.0,Salta,False,herrerauma@example.com
CLI05198,2023-04-11,Tienda,T27,M,58.0,Cordoba,False,lautaro-nahuel96@example.org
CLI05199,2023-07-03,Online,,M,49.0,Mendoza,False,luisanalopez@example.net
CLI05200,2022-02-05,Tienda,S16,F,25.0,Cordoba,True,verajuana@example.org
CLI05201,2023-04-19,Tienda,T12,F,52.0,Neuquen,True,agostina34@example.net
CLI05202,2023-05-01,Tienda,T25,F,12.0,Entre Rios,True,alexander47@example.net
CLI05203,2022-03-25,Sucursal,T12,F,31.0,Neuquen,True,tomas21@example.com
CLI05204,2023-03-11,Online,,F,42.0,Buenos Aires,True,hacosta@example.com
CLI05205,2023-06-18,Online,,F,29.0,CABA,True,enavarro@example.org
CLI05206,2023-03-01,Tienda,T08,M,36.0,Buenos Aires,True,constanza02@example.com
CLI05207,2024-05-23,Tienda,T07,F,55.0,Buenos Aires,True,svega@example.com
CLI05208,2025-10-30,Tienda,T28,,33.0,Salta,True,ignaciolopez@example.org
CLI05209,2024-05-20,Tienda,T17,F,,Cordoba,True,vgodoy@example.net
CLI05210,2024-02-22,Tienda,T12,M,23.0,Mendoza,False,thiago-leonel04@example.net
CLI05211,2023-07-13,Sucursal,T26,M,81.0,Entre Rios,True,laguero@example.org
CLI05212,2023-10-14,Tienda,T23,F,,Buenos Aires,True,pereyrajuan@example.com
CLI05213,2022-12-03,Tienda,T28,F,42.0,Tucuman,True,santiago30@example.org
CLI05214,2025-03-13,Tienda,T09,M,42.0,Mendoza,True,garciamaria-luz@example.org
CLI05215,2025-02-01,Online,,M,57.0,Tucuman,False,mia-valentinarodriguez@example.org
CLI05216,2022-06-16,Online,,,33.0,Santa Fe,True,guillerminagutierrez@example.net
CLI05217,2025-10-24,Online,,M,29.0,Entre Rios,False,rodriguezlorenzo@example.net
CLI05218,2025-04-23,Tienda,T09,,,Neuquen,False,osuarez@example.com
CLI05219,2023-07-07,Tienda,T02,F,30.0,Neuquen,True,isabellagomez@example.com
CLI05220,2023-08-07,Tienda,T08,F,21.0,Tucuman,False,lucas-ezequielmartinez@example.com
CLI05221,2023-02-03,Online,,F,18.0,Cordoba,False,dylan70@example.com
CLI05222,2023-09-29,Tienda,T23,F,42.0,Mendoza,True,luz-milagros22@example.net
CLI05223,2023-01-23,Tienda,T10,M,35.0,Cordoba,True,paeztobias@example.net
CLI05224,2024-02-28,Online,,F,61.0,Tucuman,False,santino33
CLI05225,2023-11-14,Tienda,T15,M,34.0,CABA,False,jazminacuna@example.org
CLI05226,2025-05-29,Sucursal,T03,M,,Tucuman,False,qrodriguez@example.org
CLI05227,2023-04-04,Tienda,T25,M,,CABA,False,abrilmartinez@example.com
CLI05228,2025-11-03,Online,,F,,CABA,True,poncejulia@example.net
CLI05229,2023-12-10,Tienda,T04,M,52.0,Tucuman,True,rosario87@example.org
CLI05230,2022-12-04,Online,,F,30.0,Tucuman,True,dominguezthiago-agustin@example.org
CLI05231,2025-09-05,Tienda,T15,M,,Salta,True,renata55@example.net
CLI05232,2023-08-03,Tienda,T17,F,46.0,Mendoza,False,tiziano16@example.net
CLI05233,2025-02-06,Tienda,T08,M,43.0,Entre Rios,True,lucianosuarez@example.net
CLI05234,2023-08-26,Tienda,T26,M,25.0,CABA,False,elenaquiroga@example.net
CLI05235,2025-09-26,Sucursal,T16,F,45.0,Entre Rios,False,lisandro44@example.org
CLI05236,2022-08-14,Online,,M,63.0,Buenos Aires,True,valentina62@example.org
CLI05237,2024-05-09,Tienda,T11,M,53.0,Santa Fe,True,julieta18@example.com
CLI05238,2023-12-16,Online,,F,43.0,Santa Fe,False,valentinavargas@example.com
CLI05239,2025-09-14,Tienda,T26,F,33.0,Neuquen,True,ipereyra@example.org
CLI05240,2024-10-31,Online,,M,40.0,CABA,True,sofiarodriguez@example.org
CLI05241,2024-07-20,Tienda,T26,M,48.0,Salta,False,lnavarro@example.net
CLI05242,2024-01-07,Tienda,T24,X,38.0,Entre Rios,True,cruzjuan-manuel
CLI05243,2025-03-27,Online,,M,48.0,Tucuman,False,maldonadohelena@example.org
CLI05244,2023-08-01,Online,,F,,Cordoba,False,pilar94@example.net
CLI05245,2023-11-13,Online,,M,21.0,Buenos Aires,True,fvega@example.com
CLI05246,2025-05-12,Tienda,T11,F,5.0,Tucuman,True,camilamolina@example.com
CLI05247,2022-10-14,Online,,M,48.0,Entre Rios,True,guillerminafernandez@example.org
CLI05248,2022-12-13,Tienda,T25,F,38.0,Neuquen,True,lucianoromero@example.net
CLI05249,2025-05-04,Tienda,T09,F,32.0,Neuquen,True,ramirezjulieta@example.org
CLI05250,2023-12-17,Tienda,T23,M,62.0,Entre Rios,False,coronelluna@example.org
CLI05251,2025-11-03,Tienda,T24,M,40.0,Tucuman,False,angel-gabriel98@example.net
CLI05252,2025-10-07,Tienda,T08,M,40.0,Tucuman,False,psanchez@example.net
CLI05253,2024-04-13,Tienda,T03,,34.0,CABA,True,ccastro@example.net
CLI05254,2023-12-21,Online,,F,37.0,Tucuman,False,feliperivero@example.net
CLI05255,2022-04-13,Sucursal,T07,F,37.0,Neuquen,True,ymendoza@example.com
CLI05256,2022-11-16,Online,,M,40.0,Salta,True,rodrigueztomas@example.com
CLI05257,2025-05-03,Tienda,T27,F,20.0,Santa Fe,True,mmedina@example.com
CLI05258,2022-08-30,Online,,M,19.0,Mendoza,True,uduarte@example.com
CLI05259,2025-04-07,Tienda,T04,M,33.0,Neuquen,True,josefinacardozo@example.com
CLI05260,2025-01-28,Online,,M,36.0,Mendoza,True,loladominguez@example.org
CLI05261,2022-10-28,Online,,F,33.0,Mendoza,False,gomezsofia@example.net
CLI05262,2024-10-10,Tienda,T17,M,51.0,Neuquen,False,mirandafrancisco@example.org
CLI05263,2025-07-14,Tienda,T15,X,41.0,Buenos Aires,True,lola35@example.net
CLI05264,2023-01-06,Tienda,T01,X,51.0,Buenos Aires,False,rodriguezagustin@example.com
CLI05265,2023-04-15,Tienda,T28,M,44.0,Buenos Aires,True,mia-morena08@example.org
CLI05266,2025-02-16,Online,,F,18.0,Santa Fe,True,facundogodoy@example.net
CLI05267,2025-08-07,Tienda,T06,F,48.0,Mendoza,False,juan-ignaciodiaz@example.net
CLI05268,2023-05-29,Tienda,T23,M,61.0,Neuquen,True,mdiaz@example.org
CLI05269,2025-09-27,Tienda,T26,M,43.0,Salta,False,sofiaolivera@example.net
CLI05270,2023-03-09,Online,,M,40.0,Entre Rios,False,pereyranahiara@example.org
CLI05271,2025-11-04,Online,,M,25.0,Tucuman,True,juan-bautista63@example.org
CLI05272,2023-10-21,Online,,M,45.0,Buenos Aires,True,renatasosa@example.com
CLI05273,2023-12-26,Tienda,T21,F,,Buenos Aires,True,cmansilla@example.com
CLI05274,2024-01-11,Tienda,T20,F,18.0,Tucuman,False,moralesolivia@example.org
CLI05275,2024-04-05,Sucursal,T28,F,44.0,Tucuman,True,florencia37@example.net
CLI05276,2024-07-28,Tienda,T02,M,53.0,Mendoza,True,xluna@example.com
CLI05277,2024-04-01,Tienda,T14,M,,Santa Fe,True,valentinogonzalez@example.com
CLI05278,2022-08-28,Tienda,T12,M,39.0,Santa Fe,True,yrodriguez@example.org
CLI05279,2022-02-10,Tienda,T16,M,32.0,Cordoba,True,valentinacruz@example.net
CLI05280,2024-12-13,Tienda,T25,F,63.0,CABA,True,mora18@example.org
CLI05281,2024-01-13,Online,,M,46.0,Cordoba,True,maidanamaximo@example.org
CLI05282,2022-06-06,Tienda,T01,F,36.0,Santa Fe,False,prodriguez@example.com
CLI05283,2023-08-02,Online,,M,37.0,Mendoza,True,camilaromero@example.org
CLI05284,2025-09-27,Tienda,T21,F,43.0,Tucuman,False,medinamaria-paz@example.net
CLI05285,2024-02-25,Tienda,T14,M,132.0,Mendoza,True,mansillatomas@example.org
CLI05286,2024-11-13,Tienda,T12,X,12.0,Entre Rios,True,camilavera@example.org
CLI05287,2022-07-21,Tienda,T01,F,29.0,CABA,True,miguel-angelbenitez@example.org
CLI05288,2025-01-31,Tienda,T16,,45.0,Buenos Aires,True,gquiroga@example.com
CLI05289,2022-10-10,Tienda,T27,M,39.0,Tucuman,True,maldonadotiziano@example.com
CLI05290,2025-06-26,Online,,F,21.0,Mendoza,False,aguirretomas@example.net
CLI05291,2022-09-11,Tienda,T13,M,39.0,Santa Fe,True,brunogimenez@example.com
CLI05292,2025-06-06,Tienda,T28,X,,Buenos Aires,False,santiago01@example.org
CLI05293,2023-12-29,Online,,M,132.0,Entre Rios,True,joaquinguzman@example.com
CLI05294,2022-09-20,Tienda,T04,M,43.0,CABA,True,jazmin67@example.org
CLI05295,2024-05-26,Online,,F,44.0,CABA,False,bgonzalez@example.org
CLI05296,2022-09-24,Online,,M,64.0,Entre Rios,False,navarrobautista@example.com
CLI05297,2023-07-01,Online,,M,50.0,Buenos Aires,True,lcastillo@example.com
CLI05298,2024-10-21,Online,,M,12.0,Neuquen,True,lucas-ezequielsuarez@example.net
CLI05299,2024-12-24,Tienda,T09,F,35.0,Salta,True,enavarro@example.org
CLI05300,2022-09-22,Tienda,T08,F,41.0,Tucuman,False,ecarrizo@example.net
CLI05301,2023-09-27,Tienda,T08,M,32.0,Cordoba,False,slopez@example.net
CLI05302,2024-01-25,Online,,F,31.0,CABA,True,pvillalba@example.com
CLI05303,2024-03-29,Online,,F,53.0,Buenos Aires,True,santiago-nicolascoronel@example.org
CLI05304,2024-08-06,Online,,F,71.0,Neuquen,True,gonzalezvalentino@example.org
CLI05305,2023-03-27,Tienda,T06,M,51.0,Santa Fe,False,martina43@example.com
CLI05306,2022-02-27,Online,,F,,Mendoza,True,almavazquez@example.org
CLI05307,2023-04-22,Tienda,T26,F,48.0,Mendoza,False,rrodriguez@example.com
CLI05308,2024-03-19,Tienda,T02,,52.0,Santa Fe,False,alejolopez@example.com
CLI05309,2024-03-18,Tienda,T19,F,40.0,Buenos Aires,True,lautarocaceres@example.org
CLI05310,2022-04-23,Online,,M,132.0,Salta,False,paloma19@example.net
CLI05311,2024-02-21,Tienda,T04,M,50.0,Cordoba,True,ltorres@example.com
CLI05312,2023-06-21,Tienda,T15,F,63.0,Salta,False,nunezjuana@example.com
CLI05313,2025-11-29,Online,,F,42.0,Tucuman,True,oriana21@example.org
CLI05314,2023-10-22,Online,,M,18.0,Mendoza,True,egonzalez
CLI05315,2025-04-15,Online,,F,52.0,Salta,True,miabravo@example.org
CLI05316,2024-11-13,Online,,M,44.0,CABA,False,valdezmaria-emilia@example.org
CLI05317,2024-11-01,Tienda,T26,M,30.0,CABA,True,acostaemilia
CLI05318,2023-01-14,Online,,M,30.0,Cordoba,True,nmunoz@example.com
CLI05319,2025-03-30,Tienda,T13,F,18.0,Entre Rios,True,felipeduarte@example.net
CLI05320,2024-06-21,Tienda,T12,M,30.0,Salta,True,brunogonzalez@example.org
CLI05321,2022-09-14,Tienda,S03,F,38.0,Santa Fe,True,lucia-moreno@example.com
CLI05322,2025-12-26,Tienda,T10,F,48.0,Tucuman,True,jjuarez@example.com
CLI05323,2023-04-24,Online,,M,40.0,Salta,True,emilia89@example.org
CLI05324,2023-03-27,Online,,M,27.0,Entre Rios,False,fariascamila@example.net
CLI05325,2023-03-15,Tienda,T19,,35.0,Cordoba,True,agustin12@example.com
CLI05326,2022-11-02,Tienda,T07,M,42.0,Buenos Aires,False,herrerathiago-benjamin@example.net
CLI05327,2023-10-10,Tienda,T23,F,49.0,Cordoba,False,dperez@example.com
CLI05328,2025-08-05,Online,,F,45.0,Cordoba,True,paguirre@example.com
CLI05329,2023-01-15,Tienda,T13,M,53.0,CABA,False,juan-gabriel58@example.org
CLI05330,2023-03-31,Tienda,T15,F,18.0,CABA,False,chavezalma-valentina
CLI05331,2024-12-05,Tienda,T01,F,44.0,Cordoba,True,benjaminnunez@example.org
CLI05332,2022-07-24,Tienda,T09,M,45.0,Salta,True,bastian31@example.net
CLI05333,2023-08-30,Online,,F,28.0,Tucuman,True,mora52@example.com
CLI05334,2025-03-26,Online,,M,44.0,Cordoba,False,julietalopez@example.com
CLI05335,2023-07-21,Tienda,T10,F,34.0,Salta,True,delfinarodriguez
CLI05336,2022-03-20,Online,,F,24.0,Mendoza,True,isabel73@example.org
CLI05337,2022-08-03,Online,,M,23.0,Santa Fe,True,sofia-belen88@example.net
CLI05338,2023-12-08,Online,,F,49.0,Cordoba,True,dante59@example.org
CLI05339,2024-07-29,Tienda,T16,M,49.0,Buenos Aires,False,lolatorres@example.org
CLI05340,2022-07-12,Tienda,T21,,56.0,CABA,False,renzorodriguez@example.org
CLI05341,2022-05-19,Online,,F,52.0,Buenos Aires,True,rojasmateo-benjamin@example.com
CLI05342,2023-03-27,Online,,M,48.0,Salta,True,emanueltorres
CLI05343,2023-11-23,Online,,,26.0,Buenos Aires,True,ponceemma@example.org
CLI05344,2024-01-19,Online,,M,38.0,Santa Fe,False,omorales@example.net
CLI05345,2023-09-01,Online,,F,37.0,Entre Rios,False,brunomartinez@example.net
CLI05346,2024-10-09,Tienda,T11,F,69.0,CABA,True,fernandezuma@example.net
CLI05347,2022-01-28,Tienda,T24,M,29.0,Entre Rios,False,lunalucia@example.org
CLI05348,2023-12-12,Tienda,T22,M,23.0,CABA,False,ugonzalez@example.net
CLI05349,2023-12-31,Online,,M,27.0,CABA,True,benjamin29@example.org
CLI05350,2023-10-30,Tienda,T04,M,55.0,Buenos Aires,False,grodriguez@example.net
CLI05351,2023-06-17,Tienda,T21,F,33.0,Mendoza,True,manuel84@example.org
CLI05352,2024-01-31,Online,,F,52.0,Cordoba,True,zquiroga@example.com
CLI05353,2023-02-02,Tienda,T07,F,34.0,Salta,False,valentina37@example.org
CLI05354,2022-03-25,Tienda,T13,,,Buenos Aires,False,benjamin-alejandrobravo@example.org
CLI05355,2024-09-03,Tienda,T21,M,20.0,Entre Rios,True,acostaolivia@example.net
CLI05356,2024-01-30,Online,,X,35.0,Entre Rios,False,lucas-ezequielfranco@example.net
CLI05357,2022-01-21,Online,,M,50.0,Cordoba,True,pilar33@example.com
CLI05358,2022-09-05,Sucursal,T14,F,38.0,CABA,False,fernandezmanuel@example.org
CLI05359,2023-06-26,Tienda,T03,F,29.0,Neuquen,False,ssanchez@example.net
CLI05360,2022-07-28,Tienda,T28,M,61.0,Salta,True,beniteznicolas@example.net
CLI05361,2022-03-01,Online,,M,22.0,Mendoza,True,isuarez
CLI05362,2024-09-29,Online,,M,30.0,Cordoba,False,fherrera@example.org
CLI05363,2025-10-15,Online,,M,57.0,Neuquen,True,psosa@example.org
CLI05364,2022-01-05,Tienda,T07,M,65.0,CABA,True,nfernandez@example.net
CLI05365,2025-02-20,Tienda,T22,M,41.0,Cordoba,True,geronimo64@example.org
CLI05366,2023-07-10,Online,,M,24.0,Tucuman,True,peraltarafael@example.com
CLI05367,2023-06-04,Tienda,T16,M,24.0,Entre Rios,True,octaviogodoy@example.com
CLI05368,2022-11-24,Online,,M,29.0,Neuquen,True,emmadominguez@example.net
CLI05369,2025-06-04,Tienda,T18,F,40.0,Buenos Aires,True,thiago-benjamin05@example.com
CLI05370,2022-11-24,Tienda,T12,F,,Salta,False,navarroalma-jazmin@example.com
CLI05371,2023-12-05,Tienda,T16,M,54.0,Santa Fe,True,juliacruz@example.com
CLI05372,2022-12-05,Tienda,T14,M,55.0,Cordoba,False,mateo-agustinleiva@example.net
CLI05373,2024-09-10,Sucursal,T23,F,35.0,Tucuman,False,cordobatomas@example.net
CLI05374,2024-01-27,Sucursal,T20,F,52.0,Salta,True,thiago-lionel42@example.net
CLI05375,2024-10-01,Tienda,T13,F,,CABA,False,lucerobautista@example.net
CLI05376,2025-11-14,Tienda,T08,F,53.0,Salta,True,catalina26@example.org
CLI05377,2024-06-11,Online,,M,41.0,Buenos Aires,True,renata24@example.org
CLI05378,2022-05-24,Online,,M,36.0,Buenos Aires,True,martina48@example.com
CLI05379,2023-09-21,Online,,,57.0,Santa Fe,True,wdominguez@example.net
CLI05380,2024-12-11,Tienda,T15,F,63.0,Mendoza,False,lucia11@example.com
CLI05381,2024-06-20,Online,,M,38.0,Mendoza,True,lautaro-benjamin73@example.net
CLI05382,2022-09-22,Online,,F,46.0,Entre Rios,False,emma61@example.net
CLI05383,2023-09-10,Tienda,T09,M,57.0,Cordoba,False,camila88@example.net
CLI05384,2023-01-17,Tienda,T09,F,63.0,Buenos Aires,True,maria-luzgimenez@example.net
CLI05385,2023-01-23,Online,,F,66.0,Cordoba,True,thiago-benjaminmartinez@example.org
CLI05386,2022-09-08,Online,,F,42.0,Neuquen,True,tolivera
CLI05387,2022-08-12,Online,,F,59.0,Tucuman,False,torresisabel@example.net
CLI05388,2025-01-19,Sucursal,T07,M,25.0,CABA,False,zoe53@example.com
CLI05389,2024-03-04,Online,,M,18.0,Mendoza,True,ramosmaria-luz@example.org
CLI05390,2023-08-01,Online,,M,36.0,Entre Rios,False,lucasgonzalez@example.net
CLI05391,2024-11-09,Online,,F,46.0,CABA,True,ariasfranco@example.org
CLI05392,2022-05-21,Online,,F,21.0,Entre Rios,False,biancamendez@example.com
CLI05393,2025-02-01,Online,,F,40.0,Mendoza,True,antonella10@example.com
CLI05394,2024-05-29,Tienda,T02,M,44.0,Santa Fe,False,pereyramateo-joaquin@example.com
CLI05395,2025-08-31,Tienda,T28,F,41.0,Salta,False,torresisabel@example.com
CLI05396,2022-12-16,Online,,F,45.0,Salta,False,ortizuma
CLI05397,2023-10-05,Online,,M,57.0,Salta,False,valentinoluna@example.org
CLI05398,2025-07-23,Online,,M,38.0,Entre Rios,True,erivero@example.org
CLI05399,2023-12-11,Online,,F,35.0,Buenos Aires,True,maria-paz24@example.com
CLI05400,2022-10-31,Online,,F,49.0,Buenos Aires,True,luceronicolas@example.org
CLI05401,2025-08-22,Online,,F,56.0,CABA,True,vegacatalina@example.net
CLI05402,2022-04-10,Tienda,T13,F,36.0,Mendoza,True,lucianoperez@example.net
CLI05403,2022-06-15,Tienda,T19,M,60.0,Buenos Aires,False,villalbaluisina@example.net
CLI05404,2023-02-14,Tienda,T05,F,-3.0,Santa Fe,True,tomasmartin@example.org
CLI05405,2022-07-20,Tienda,T10,F,36.0,Santa Fe,True,juan-ignacio40@example.com
CLI05406,2022-04-10,Tienda,T07,F,41.0,Cordoba,True,ortizvalentina@example.net
CLI05407,2024-10-14,Sucursal,T26,M,31.0,Salta,False,alma89@example.net
CLI05408,2025-01-18,Online,,F,51.0,Buenos Aires,True,xrojas@example.org
CLI05409,2022-12-03,Online,,M,43.0,Salta,True,rioslautaro-nicolas@example.org
CLI05410,2024-11-19,Tienda,T12,M,,Neuquen,False,guadalupe64@example.com
CLI05411,2023-06-05,Tienda,T14,M,18.0,Buenos Aires,True,mateo-benjamin48@example.com
CLI05412,2023-11-16,Online,,M,12.0,Neuquen,True,santino47@example.net
CLI05413,2023-01-14,Online,,F,34.0,Cordoba,True,avilamaximiliano
CLI05414,2025-06-15,Tienda,T09,F,49.0,Buenos Aires,True,blancovalentino@example.net
CLI05415,2023-07-27,Tienda,T08,F,37.0,Salta,True,nunezfrancisco@example.com
CLI05416,2025-06-22,Online,,M,32.0,Salta,True,martina06@example.org
CLI05417,2023-02-13,Tienda,T16,M,47.0,Buenos Aires,True,mateolopez@example.net
CLI05418,2022-05-31,Online,,,36.0,CABA,True,benitezmartina@example.org
CLI05419,2024-03-19,Tienda,T01,M,45.0,Salta,False,bautista-benjamin67@example.org
CLI05420,2023-03-14,Tienda,T22,F,54.0,Neuquen,False,vicenteaguirre
CLI05421,2025-09-16,Tienda,T08,F,55.0,CABA,False,emartinez@example.org
CLI05422,2024-11-14,Tienda,T02,M,20.0,Santa Fe,True,pmendez@example.com
CLI05423,2023-01-12,Online,,F,31.0,Salta,True,wtorres@example.net
CLI05424,2024-10-10,Online,,X,48.0,Entre Rios,True,romerojuana@example.com
CLI05425,2024-11-10,Online,,F,39.0,Santa Fe,False,sol74@example.net
CLI05426,2022-01-08,Tienda,T03,M,31.0,Cordoba,True,yponce@example.net
CLI05427,2022-04-13,Tienda,S07,F,50.0,Salta,False,perezolivia@example.com
CLI05428,2025-09-18,Tienda,T07,M,43.0,Neuquen,False,emmalopez@example.net
CLI05429,2024-04-26,Tienda,T20,F,48.0,Tucuman,False,bautistagimenez@example.org
CLI05430,2024-02-22,Tienda,T06,F,54.0,Santa Fe,False,nahiararodriguez@example.com
CLI05431,2023-01-23,Online,,F,36.0,Santa Fe,True,correaalma@example.net
CLI05432,2024-05-17,Online,,F,56.0,CABA,True,antonio27@example.com
CLI05433,2022-08-01,Tienda,S23,M,44.0,Buenos Aires,True,emilia02@example.com
CLI05434,2022-07-06,Online,,F,45.0,Buenos Aires,True,oliviarodriguez@example.org
CLI05435,2022-01-02,Online,,M,56.0,CABA,True,eacosta@example.com
CLI05436,2022-11-03,Online,,F,19.0,Cordoba,True,vazquezbenjamin@example.net
CLI05437,2025-05-25,Online,,F,19.0,Mendoza,True,martinezvalentina@example.org
CLI05438,2024-11-29,Online,,F,26.0,Buenos Aires,False,lola21@example.org
CLI05439,2022-03-27,Online,,F,53.0,Buenos Aires,False,ledesmafranco@example.net
CLI05440,2023-01-22,Online,,F,,CABA,True,mia85@example.net
CLI05441,2023-04-14,Tienda,T08,F,34.0,Salta,True,molinaluisina@example.com
CLI05442,2022-07-04,Online,,F,27.0,Buenos Aires,True,benjamin70@example.org
CLI05443,2022-02-12,Tienda,T21,F,18.0,Salta,False,jrivero@example.com
CLI05444,2024-03-19,Online,,M,46.0,CABA,True,delfinamartinez@example.net
CLI05445,2025-08-08,Tienda,T22,M,41.0,Tucuman,True,ruizgael@example.com
CLI05446,2025-04-04,Online,,F,47.0,Entre Rios,True,ramiro42@example.com
CLI05447,2024-02-25,Tienda,T27,,54.0,CABA,True,bautista08@example.com
CLI05448,2024-07-17,Sucursal,T17,M,,Mendoza,True,rafael07@example.com
CLI05449,2023-03-31,Online,,M,60.0,Cordoba,True,krodriguez@example.com
CLI05450,2023-05-30,Tienda,T01,M,36.0,Neuquen,False,facundosuarez
CLI05451,2025-10-08,Tienda,T22,F,62.0,Salta,True,miguel-angel26@example.net
CLI05452,2022-12-02,Tienda,T20,F,47.0,Santa Fe,False,francosofia@example.org
CLI05453,2025-05-03,Online,,F,34.0,Mendoza,False,simonmendez@example.com
CLI05454,2023-07-06,Online,,,44.0,Salta,True,vegaantonella@example.net
CLI05455,2024-01-12,Online,,M,71.0,Neuquen,True,benjamin32@example.net
CLI05456,2022-10-20,Online,,F,24.0,Santa Fe,True,nahiara-jazmingarcia@example.com
CLI05457,2023-10-04,Tienda,T23,M,33.0,Buenos Aires,True,igonzalez@example.net
CLI05458,2022-06-16,Online,,M,36.0,Buenos Aires,True,elenamoreno@example.net
CLI05459,2024-06-13,Online,,M,44.0,Tucuman,True,sfernandez@example.net
CLI05460,2024-10-11,Online,,M,42.0,Cordoba,True,emiliarodriguez@example.com
CLI05461,2023-03-16,Tienda,T10,F,67.0,CABA,False,benitezamparo@example.org
CLI05462,2024-12-29,Online,,M,39.0,Entre Rios,False,fernandezjeremias@example.net
CLI05463,2024-03-28,Tienda,T11,M,51.0,Entre Rios,True,santino78@example.net
CLI05464,2022-06-02,Tienda,T12,M,35.0,CABA,True,micaelarodriguez@example.net
CLI05465,2022-06-30,Online,,F,26.0,Mendoza,True,josefina62@example.org
CLI05466,2024-01-15,Online,,M,39.0,CABA,True,biancajuarez@example.net
CLI05467,2022-04-16,Online,,M,38.0,Entre Rios,True,juan-cruz06@example.org
CLI05468,2025-04-15,Online,,F,51.0,Buenos Aires,False,mia-valentinagonzalez@example.org
CLI05469,2024-10-28,Online,,M,,Neuquen,False,hdiaz@example.net
CLI05470,2024-08-04,Tienda,T16,F,35.0,Entre Rios,True,zoe62@example.com
CLI05471,2023-04-03,Tienda,T25,F,56.0,Santa Fe,True,klopez@example.org
CLI05472,2024-03-02,Online,,F,28.0,Cordoba,True,constanza42
CLI05473,2023-03-22,Tienda,T05,F,65.0,Salta,True,lopezema@example.com
CLI05474,2024-06-18,Tienda,T04,M,21.0,Cordoba,True,isabella46@example.net
CLI05475,2024-01-08,Tienda,T24,F,34.0,Santa Fe,False,rojasfrancesca@example.com
CLI05476,2023-10-31,Online,,F,45.0,Cordoba,True,lolajuarez@example.org
CLI05477,2024-06-05,Tienda,T02,M,36.0,Salta,True,valdezvictoria@example.net
CLI05478,2022-05-19,Online,,,26.0,Tucuman,False,milo31@example.org
CLI05479,2023-11-20,Online,,M,51.0,Cordoba,True,mia-valentina02
CLI05480,2024-01-20,Online,,M,28.0,Mendoza,False,ciroescobar@example.org
CLI05481,2022-10-19,Online,,M,54.0,Buenos Aires,False,renata82@example.net
CLI05482,2025-03-12,Online,,F,21.0,Entre Rios,True,castroagustin@example.net
CLI05483,2024-08-12,Online,,M,55.0,Buenos Aires,True,yquiroga@example.com
CLI05484,2022-10-27,Tienda,T16,F,-3.0,Salta,True,paloma59@example.org
CLI05485,2024-10-18,Tienda,T22,M,48.0,Neuquen,True,genaro28@example.net
CLI05486,2023-05-11,Tienda,T13,M,,Tucuman,False,violeta71@example.org
CLI05487,2022-11-14,Online,,M,39.0,Santa Fe,True,lucianoaguirre@example.net
CLI05488,2024-09-03,Online,,F,41.0,Santa Fe,True,felicitas67@example.com
CLI05489,2025-02-10,Online,,M,57.0,CABA,True,rgonzalez@example.net
CLI05490,2022-12-07,Tienda,T24,,27.0,Santa Fe,False,joaquin18@example.com
CLI05491,2025-06-27,Online,,F,38.0,Tucuman,True,bautista49@example.net
CLI05492,2022-03-19,Sucursal,S11,F,38.0,CABA,True,floresjuliana@example.com
CLI05493,2025-02-22,Tienda,T09,M,38.0,Mendoza,False,martinaledesma@example.net
CLI05494,2024-01-30,Tienda,T23,M,37.0,CABA,True,uma-66@example.net
CLI05495,2023-12-27,Tienda,T28,M,18.0,Mendoza,True,hcastro@example.org
CLI05496,2025-09-30,Tienda,T14,F,41.0,Mendoza,True,cacerescarmela@example.com
CLI05497,2024-08-13,Tienda,T16,M,45.0,Buenos Aires,False,florescarmela@example.com
CLI05498,2024-10-13,Online,,F,58.0,Buenos Aires,True,alma14@example.org
CLI05499,2024-08-20,Tienda,T21,F,52.0,Tucuman,True,odiaz@example.net
CLI05500,2023-12-24,Online,,F,33.0,Salta,True,martina59
CLI05501,2023-08-07,Tienda,T25,M,37.0,Entre Rios,False,ktorres@example.com
CLI05502,2025-08-28,Tienda,T12,M,28.0,Tucuman,True,torresbenicio@example.org
CLI05503,2023-09-27,Tienda,T14,M,36.0,Santa Fe,True,delfinamaldonado@example.com
CLI05504,2025-05-05,Tienda,T14,F,33.0,Tucuman,True,maiarodriguez@example.com
CLI05505,2024-08-26,Tienda,T11,M,,Santa Fe,True,emiliamedina@example.com
CLI05506,2024-03-06,Tienda,T06,M,46.0,Buenos Aires,False,benjamin-alejandro98@example.net
CLI05507,2022-04-22,Online,,F,49.0,Santa Fe,True,francosofia@example.org
CLI05508,2025-06-07,Sucursal,T26,X,36.0,CABA,True,manuelalvarez@example.net
CLI05509,2025-06-15,Tienda,T04,M,39.0,Cordoba,True,julia36@example.com
CLI05510,2023-01-07,Tienda,T13,F,48.0,Tucuman,True,almamolina@example.com
CLI05511,2023-11-23,Tienda,T19,M,30.0,Tucuman,True,carrizoian-benjamin@example.com
CLI05512,2024-07-21,Tienda,T15,F,48.0,CABA,True,valentin68@example.org
CLI05513,2022-07-18,Tienda,T26,M,53.0,Neuquen,True,jeremiasmoreno@example.org
CLI05514,2023-06-26,Tienda,T25,M,33.0,Entre Rios,True,fcaceres@example.org
CLI05515,2024-01-28,Online,,F,41.0,Cordoba,True,santino03@example.com
CLI05516,2022-11-02,Tienda,T19,F,29.0,Buenos Aires,True,benicio49@example.org
CLI05517,2025-07-03,Online,,F,,Salta,True,lucio31@example.net
CLI05518,2024-10-27,Online,,M,47.0,Buenos Aires,True,julianasanchez
CLI05519,2022-05-01,Tienda,T22,F,56.0,Santa Fe,True,rmartinez@example.com
CLI05520,2022-02-12,Online,,M,38.0,CABA,False,charo38
CLI05521,2022-06-13,Tienda,T16,M,29.0,Tucuman,True,maximogutierrez@example.net
CLI05522,2022-01-19,Tienda,T14,,40.0,Mendoza,False,sofia47@example.org
CLI05523,2025-03-17,Online,,M,60.0,Buenos Aires,True,chavezezequiel@example.com
CLI05524,2023-02-12,Tienda,T27,M,63.0,Salta,True,giuliana15@example.net
CLI05525,2024-06-20,Tienda,T16,M,52.0,Cordoba,True,uaguirre@example.com
CLI05526,2024-10-23,Tienda,T24,M,41.0,Santa Fe,True,zoe-valentinaacosta@example.com
CLI05527,2024-12-04,Tienda,T24,F,,Salta,False,juarezisabella@example.org
CLI05528,2022-12-30,Online,,,56.0,Mendoza,False,alma77@example.com
CLI05529,2024-08-18,Tienda,T05,F,27.0,Tucuman,True,zblanco@example.net
CLI05530,2023-03-04,Sucursal,T05,F,54.0,Tucuman,True,ccabrera@example.net
CLI05531,2024-09-17,Online,,F,30.0,Santa Fe,True,pescobar@example.org
CLI05532,2024-12-22,Online,,M,45.0,CABA,True,isabella30@example.com
CLI05533,2023-06-11,Tienda,T08,M,52.0,Neuquen,False,esuarez@example.com
CLI05534,2023-03-03,Online,,F,,Cordoba,False,sofiacardozo@example.net
CLI05535,2025-08-18,Tienda,T27,M,43.0,Tucuman,True,ediaz@example.com
CLI05536,2023-11-13,Online,,M,,Neuquen,False,morena-jazmin51@example.net
CLI05537,2024-04-13,Sucursal,T06,M,36.0,CABA,False,morenofacundo@example.com
CLI05538,2024-08-10,Tienda,T11,M,37.0,Mendoza,False,gabrielrodriguez@example.org
CLI05539,2022-02-08,Sucursal,T11,F,5.0,Tucuman,False,santiago88@example.org
CLI05540,2023-07-15,Online,,M,44.0,Tucuman,True,veraignacio@example.org
CLI05541,2022-08-29,Sucursal,T07,M,52.0,Tucuman,True,quirogamaria-paz@example.org
CLI05542,2022-09-26,Online,,,40.0,Cordoba,True,herreravalentino@example.org
CLI05543,2025-06-14,Tienda,T20,F,18.0,Mendoza,True,alma-jazmin40@example.net
CLI05544,2023-08-07,Tienda,T09,F,48.0,Tucuman,False,upereyra@example.org
CLI05545,2024-02-03,Online,,F,50.0,Entre Rios,False,tomasortiz@example.net
CLI05546,2022-04-25,Tienda,T28,M,30.0,Mendoza,True,francosanchez@example.net
CLI05547,2025-05-29,Tienda,T07,F,39.0,Santa Fe,False,wsoria@example.org
CLI05548,2023-10-24,Tienda,T27,F,42.0,Buenos Aires,False,vsanchez@example.com
CLI05549,2025-10-21,Tienda,T22,M,31.0,Entre Rios,False,qmedina@example.net
CLI05550,2025-02-16,Tienda,T14,M,45.0,Neuquen,False,sosacharo@example.com
CLI05551,2022-10-13,Tienda,S26,M,43.0,Tucuman,True,sofia75@example.net
CLI05552,2025-07-01,Sucursal,T10,M,26.0,Entre Rios,True,fgarcia@example.org
CLI05553,2022-09-28,Online,,F,18.0,Buenos Aires,True,valentin70@example.net
CLI05554,2022-11-28,Tienda,S03,X,29.0,Salta,True,thiago-benjaminbarrios@example.org
CLI05555,2023-10-19,Online,,M,61.0,Santa Fe,True,wflores@example.com
CLI05556,2022-01-06,Tienda,T21,M,58.0,Tucuman,True,fernandezbautista@example.com
CLI05557,2025-11-20,Online,,F,37.0,Cordoba,True,tomas15@example.org
CLI05558,2025-08-22,Online,,M,,Neuquen,True,isabella27@example.org
CLI05559,2024-08-28,Tienda,T24,M,61.0,Cordoba,False,bfernandez@example.net
CLI05560,2025-12-16,Tienda,T17,M,51.0,Buenos Aires,True,bautistamansilla@example.com
CLI05561,2024-01-15,Online,,F,59.0,Mendoza,False,lautaro-ezequiel65@example.com
CLI05562,2022-02-24,Tienda,T06,F,67.0,Cordoba,True,isabella13@example.org
CLI05563,2024-01-24,Tienda,T27,,-3.0,Buenos Aires,False,catalinacoronel@example.net
CLI05564,2022-09-16,Online,,M,43.0,Entre Rios,False,camilo20@example.org
CLI05565,2025-09-26,Online,,M,31.0,Buenos Aires,True,joaquin39@example.net
CLI05566,2025-12-30,Tienda,T06,M,44.0,Neuquen,True,xfigueroa@example.net
CLI05567,2024-04-27,Tienda,T24,F,28.0,Cordoba,False,ufarias@example.com
CLI05568,2024-04-01,Sucursal,T09,M,56.0,Neuquen,False,torresdylan-benjamin@example.net
CLI05569,2022-02-08,Tienda,T11,F,39.0,Santa Fe,False,scastro@example.org
CLI05570,2022-09-19,Tienda,T13,X,63.0,CABA,False,avazquez@example.net
CLI05571,2024-08-01,Tienda,T11,F,132.0,CABA,True,enzonunez@example.net
CLI05572,2023-01-26,Tienda,T10,M,48.0,Entre Rios,True,herreramaite@example.org
CLI05573,2024-07-26,Online,,F,31.0,CABA,True,valentino86@example.net
CLI05574,2024-09-16,Online,,M,54.0,Entre Rios,False,milofernandez@example.net
CLI05575,2022-05-10,Sucursal,T28,M,30.0,Mendoza,True,acunalucia@example.org
CLI05576,2022-07-25,Online,,M,59.0,Mendoza,False,wdiaz@example.org
CLI05577,2022-08-03,Tienda,T15,F,49.0,Neuquen,True,valentinbenitez@example.org
CLI05578,2024-01-04,Tienda,T07,M,18.0,Neuquen,False,lolabarrios@example.org
CLI05579,2022-01-26,Tienda,T19,M,23.0,Buenos Aires,True,juan-ignacio52@example.net
CLI05580,2023-05-24,Tienda,T12,,45.0,Cordoba,False,brunomartinez@example.org
CLI05581,2025-09-05,Online,,M,,Mendoza,True,rodriguezoctavio@example.net
CLI05582,2024-01-16,Tienda,T18,M,69.0,Neuquen,True,benjamin-alejandrocardozo@example.net
CLI05583,2025-09-04,Tienda,T12,M,30.0,Neuquen,True,jeronimonunez@example.com
CLI05584,2025-06-19,Tienda,T21,X,39.0,Buenos Aires,True,gonzalezthiago-joaquin@example.org
CLI05585,2022-03-17,Online,,M,,Entre Rios,True,ecastro@example.org
CLI05586,2025-08-31,Online,,F,45.0,Salta,False,salvadorvillalba@example.com
CLI05587,2023-05-14,Tienda,T05,F,65.0,Salta,False,macosta@example.org
CLI05588,2024-08-13,Online,,M,40.0,Tucuman,True,ucastro@example.net
CLI05589,2024-09-06,Online,,F,20.0,Buenos Aires,True,ramosfelipe@example.net
CLI05590,2024-04-13,Tienda,T09,M,63.0,Cordoba,True,moraaguero@example.com
CLI05591,2024-02-22,Online,,F,47.0,Entre Rios,True,tiziana80@example.net
CLI05592,2022-09-17,Tienda,T03,,21.0,Mendoza,True,xgomez@example.org
CLI05593,2022-10-28,Tienda,T16,X,32.0,Entre Rios,False,guadalupeluna
CLI05594,2024-05-22,Tienda,T18,F,37.0,Mendoza,False,benicio62@example.net
CLI05595,2022-04-02,Online,,F,,Buenos Aires,True,moralessantino-agustin
CLI05596,2023-12-03,Online,,F,53.0,Cordoba,True,aavila@example.org
CLI05597,2023-12-11,Online,,M,38.0,Tucuman,False,lara54@example.com
CLI05598,2023-07-19,Tienda,T05,M,34.0,CABA,True,thiago-valentinperez@example.com
CLI05599,2025-10-20,Online,,M,28.0,Entre Rios,True,yrivero@example.com
CLI05600,2024-12-09,Tienda,T04,F,39.0,Neuquen,True,samuelherrera@example.org
CLI05601,2024-06-01,Tienda,T17,M,43.0,Tucuman,False,milojuarez@example.org
CLI05602,2025-07-10,Tienda,T13,F,,Cordoba,True,julianacoronel@example.org
CLI05603,2024-09-28,Tienda,T20,,18.0,Cordoba,True,garcialorenzo@example.com
CLI05604,2022-09-08,Online,,M,5.0,Entre Rios,True,hgarcia@example.com
CLI05605,2023-11-03,Online,,F,48.0,Santa Fe,True,cgonzalez@example.com
CLI05606,2024-04-15,Tienda,T17,F,65.0,Neuquen,True,milenarodriguez@example.org
CLI05607,2025-10-23,Tienda,T03,M,54.0,Buenos Aires,False,gutierrezjuan-ignacio@example.com
CLI05608,2023-07-27,Online,,F,18.0,Santa Fe,True,floresthiago-benjamin@example.com
CLI05609,2022-05-26,Tienda,T25,F,18.0,Tucuman,False,maia59
CLI05610,2023-10-13,Online,,M,49.0,Cordoba,True,sofia39@example.com
CLI05611,2022-06-07,Online,,M,42.0,Santa Fe,True,martina79@example.net
CLI05612,2025-08-22,Tienda,T16,F,42.0,Buenos Aires,True,julietaarias@example.net
CLI05613,2022-04-26,Tienda,T01,M,69.0,CABA,True,julianaguzman@example.org
CLI05614,2024-06-12,Tienda,T24,M,27.0,CABA,False,fernandezjuan-francisco@example.com
CLI05615,2022-02-16,Tienda,T25,M,58.0,Cordoba,True,thiago-leonelromero@example.net
CLI05616,2024-02-18,Tienda,T21,,43.0,Salta,False,xtorres@example.com
CLI05617,2025-06-08,Online,,F,33.0,Cordoba,True,juan-davidrodriguez@example.com
CLI05618,2023-10-10,Tienda,T22,,18.0,Tucuman,False,emiliamartinez@example.org
CLI05619,2025-11-22,Online,,M,25.0,Mendoza,True,tiziano-benjaminperez@example.net
CLI05620,2025-04-28,Online,,M,62.0,Tucuman,False,avilajuan-martin
CLI05621,2025-09-19,Online,,M,43.0,Tucuman,True,gomezjoaquina@example.org
CLI05622,2025-07-16,Tienda,T05,M,53.0,CABA,True,iarias@example.com
CLI05623,2023-09-14,Online,,M,50.0,Tucuman,True,emmavazquez@example.net
CLI05624,2024-04-15,Tienda,T09,M,39.0,Buenos Aires,False,valentina27@example.com
CLI05625,2024-08-06,Online,,F,53.0,Buenos Aires,True,guillermina36@example.net
CLI05626,2025-10-14,Tienda,T08,F,,Salta,False,dlucero@example.org
CLI05627,2024-10-20,Tienda,T13,F,39.0,Buenos Aires,True,alvaro79@example.net
CLI05628,2024-09-21,Tienda,T13,X,37.0,Salta,False,silvaagustin@example.com
CLI05629,2025-10-23,Online,,M,32.0,Entre Rios,True,gonzalezlucas@example.net
CLI05630,2025-04-05,Tienda,T03,F,45.0,Entre Rios,True,bautista-benjamin06@example.org
CLI05631,2025-08-26,Tienda,T08,M,39.0,Tucuman,False,dylan-benjaminmendez@example.com
CLI05632,2024-11-10,Tienda,T20,M,57.0,Neuquen,True,aojeda@example.net
CLI05633,2023-07-22,Online,,M,,Neuquen,True,benjaminramirez@example.com
CLI05634,2023-02-06,Online,,M,29.0,Buenos Aires,True,lolaruiz@example.com
CLI05635,2023-04-17,Sucursal,T24,F,,Tucuman,False,francolucia@example.org
CLI05636,2024-06-21,Online,,M,52.0,Cordoba,True,ponceana-paula@example.net
CLI05637,2022-08-02,Tienda,T22,M,76.0,Cordoba,True,valentina-benitez@example.org
CLI05638,2022-08-25,Online,,M,41.0,Mendoza,True,orodriguez@example.com
CLI05639,2025-11-22,Sucursal,T20,F,18.0,CABA,True,sotojazmin@example.net
CLI05640,2023-11-21,Online,,M,54.0,Tucuman,False,romerothiago-benjamin@example.net
CLI05641,2022-03-20,Tienda,T06,F,32.0,Salta,True,bfernandez@example.org
CLI05642,2024-09-10,Online,,F,51.0,Neuquen,True,manuel31@example.net
CLI05643,2024-08-13,Tienda,T16,F,47.0,Neuquen,False,vrodriguez@example.com
CLI05644,2023-07-10,Tienda,T11,M,51.0,Salta,False,julietagomez@example.org
CLI05645,2022-01-18,Tienda,T27,M,43.0,Neuquen,True,ignaciolopez@example.net
CLI05646,2023-04-02,Tienda,T13,M,38.0,Mendoza,True,psoria@example.com
CLI05647,2024-10-09,Tienda,T27,M,56.0,Mendoza,False,emartinez@example.org
CLI05648,2023-04-14,Online,,M,,Salta,False,kcaceres@example.net
CLI05649,2024-04-21,Online,,F,58.0,CABA,True,thiago71@example.com
CLI05650,2025-02-13,Online,,F,33.0,Cordoba,True,thiago-ezequiel59
CLI05651,2025-08-19,Tienda,T11,F,44.0,CABA,True,santinogomez@example.org
CLI05652,2022-01-09,Online,,F,31.0,Mendoza,True,castronina@example.org
CLI05653,2023-03-20,Online,,M,54.0,Cordoba,True,martinambar@example.com
CLI05654,2022-12-08,Tienda,S01,F,32.0,Tucuman,True,martinezjulieta@example.com
CLI05655,2023-06-03,Online,,F,30.0,Neuquen,True,valentina-12@example.com
CLI05656,2022-04-19,Tienda,T26,M,55.0,Santa Fe,False,zdiaz@example.com
CLI05657,2025-07-21,Tienda,T02,F,46.0,Buenos Aires,True,pnunez@example.net
CLI05658,2024-05-28,Tienda,T07,M,40.0,Cordoba,True,juan-ignaciogimenez@example.com
CLI05659,2022-02-03,Online,,M,28.0,CABA,False,emilialuna@example.org
CLI05660,2022-10-29,Sucursal,T01,M,,Neuquen,True,mateo02@example.org
CLI05661,2024-12-26,Tienda,T17,F,47.0,Neuquen,False,martina58@example.org
CLI05662,2025-01-12,Tienda,T22,F,,Tucuman,True,juan-martin84@example.org
CLI05663,2024-03-12,Tienda,T19,F,32.0,Cordoba,False,matiascaceres@example.com
CLI05664,2023-01-26,Tienda,T26,M,48.0,Entre Rios,True,hperez@example.org
CLI05665,2024-10-21,Online,,F,18.0,Salta,True,benitezagustin@example.net
CLI05666,2022-10-27,Tienda,T25,,42.0,Santa Fe,True,erios@example.org
CLI05667,2025-07-21,Online,,F,-3.0,Salta,True,nlopez@example.net
CLI05668,2022-12-06,Online,,M,51.0,Cordoba,False,otorres@example.net
CLI05669,2024-11-19,Online,,F,36.0,Santa Fe,True,emilia60@example.org
CLI05670,2023-03-21,Tienda,T10,M,73.0,Entre Rios,True,mora54@example.net
CLI05671,2023-09-18,Online,,F,44.0,Tucuman,True,facundo15@example.com
CLI05672,2024-03-01,Online,,F,46.0,Santa Fe,True,olopez@example.org
CLI05673,2024-01-17,Online,,F,18.0,Neuquen,False,antonia94@example.org
CLI05674,2025-03-19,Tienda,T07,M,22.0,Tucuman,False,hlopez@example.net
CLI05675,2022-04-08,Tienda,T11,F,55.0,Salta,True,martina10@example.org
CLI05676,2023-08-27,Online,,F,,Tucuman,False,juan-gabrielgutierrez@example.org
CLI05677,2023-09-11,Online,,M,57.0,Neuquen,True,medinamatias@example.org
CLI05678,2023-10-06,Tienda,T24,M,32.0,Buenos Aires,False,juan-pablo50@example.org
CLI05679,2024-02-19,Tienda,T06,F,,Entre Rios,False,mateo-benjamin65@example.net
CLI05680,2025-02-09,Online,,F,30.0,Mendoza,True,icorrea@example.com
CLI05681,2023-03-02,Tienda,T02,F,47.0,Neuquen,True,olopez@example.org
CLI05682,2023-02-14,Online,,M,12.0,Santa Fe,True,waguirre@example.org
CLI05683,2023-11-07,Tienda,T19,F,54.0,Salta,True,tomas30@example.com
CLI05684,2025-03-07,Tienda,T04,M,31.0,Neuquen,True,sofia-belen49@example.net
CLI05685,2023-05-11,Sucursal,T27,F,24.0,CABA,False,bautistamartinez@example.com
CLI05686,2022-05-07,Online,,M,49.0,Neuquen,False,juan-bautistaacosta@example.org
CLI05687,2025-11-14,Online,,M,44.0,Tucuman,True,juan-ignaciorodriguez@example.org
CLI05688,2022-08-05,Tienda,T21,M,50.0,Cordoba,True,floresdelfina@example.net
CLI05689,2023-04-22,Online,,M,25.0,Tucuman,True,sofiadiaz@example.org
CLI05690,2025-01-14,Tienda,T12,M,51.0,CABA,False,martinalopez@example.org
CLI05691,2025-11-02,Online,,X,39.0,Mendoza,True,maria-victoriahernandez@example.com
CLI05692,2024-03-21,Online,,M,27.0,CABA,False,gonzalezjuan-ignacio@example.net
CLI05693,2023-03-30,Tienda,T26,M,35.0,Cordoba,False,alma-jazmin40@example.com
CLI05694,2023-11-22,Tienda,T12,M,54.0,Neuquen,True,barriosfelipe@example.com
CLI05695,2023-06-06,Online,,M,44.0,Mendoza,True,julieta65@example.org
CLI05696,2022-04-06,Tienda,T11,F,43.0,Santa Fe,True,catalinamendoza
CLI05697,2024-07-24,Online,,F,42.0,Tucuman,True,guadalupe45@example.com
CLI05698,2023-04-01,Online,,F,36.0,Cordoba,True,munozvalentin@example.org
CLI05699,2023-04-24,Online,,M,58.0,Tucuman,True,diazbenjamin-ezequiel@example.org
CLI05700,2024-11-13,Online,,F,,Mendoza,False,rojasjoaquin@example.org
CLI05701,2023-10-21,Tienda,T20,,22.0,Tucuman,True,agustinromero@example.org
CLI05702,2022-09-11,Online,,F,22.0,Entre Rios,True,juarezmateo@example.com
CLI05703,2024-12-07,Tienda,T02,M,34.0,Entre Rios,True,vgonzalez@example.net
CLI05704,2023-08-12,Online,,M,36.0,Buenos Aires,True,catalina96@example.com
CLI05705,2023-10-03,Online,,M,132.0,Tucuman,True,sferreyra@example.com
CLI05706,2025-06-29,Tienda,T06,M,,Mendoza,False,francesca50
CLI05707,2024-10-18,Tienda,T19,M,52.0,Santa Fe,True,benjaminescobar@example.net
CLI05708,2024-08-09,Sucursal,T05,F,58.0,Cordoba,True,sosajuan-cruz@example.org
CLI05709,2022-11-29,Online,,M,35.0,Entre Rios,False,oliverajoaquin@example.net
CLI05710,2022-11-11,Online,,F,59.0,Salta,False,tizianomiranda@example.net
CLI05711,2023-03-24,Tienda,T17,M,32.0,Buenos Aires,False,thiago99@example.com
CLI05712,2025-12-19,Online,,F,39.0,CABA,True,chavezgenaro@example.com
CLI05713,2023-12-05,Tienda,T09,M,35.0,Santa Fe,True,aguirremanuel@example.com
CLI05714,2024-06-15,Online,,M,63.0,Cordoba,False,antonellasanchez@example.com
CLI05715,2025-05-09,Online,,F,57.0,Salta,True,daguirre@example.net
CLI05716,2024-09-03,Online,,F,57.0,Mendoza,False,facundo71@example.net
CLI05717,2022-10-10,Online,,F,26.0,Entre Rios,True,lopezemma@example.net
CLI05718,2025-07-26,Tienda,T20,M,43.0,Neuquen,False,silvajoaquin@example.org
CLI05719,2025-06-27,Online,,,26.0,Santa Fe,True,diazluisina@example.net
CLI05720,2024-02-28,Online,,M,44.0,Buenos Aires,True,vcoronel@example.com
CLI05721,2022-08-28,Tienda,T06,F,49.0,Cordoba,True,fernandezfranco@example.com
CLI05722,2022-02-06,Online,,F,60.0,Neuquen,False,alvaro20@example.org
CLI05723,2023-12-18,Online,,X,40.0,Salta,True,ambarvazquez@example.org
CLI05724,2022-03-12,Tienda,T04,F,45.0,Cordoba,True,miadiaz@example.org
CLI05725,2025-10-31,Online,,M,40.0,CABA,True,rodriguezjuan-bautista@example.org
CLI05726,2025-02-07,Online,,F,,Santa Fe,True,martinamoyano@example.org
CLI05727,2022-03-18,Online,,,65.0,Cordoba,True,poncerenata@example.org
CLI05728,2025-02-17,Tienda,T23,F,47.0,CABA,True,dfernandez@example.net
CLI05729,2025-05-04,Tienda,T11,,62.0,Cordoba,False,clara17@example.com
CLI05730,2024-05-13,Tienda,T13,M,53.0,CABA,True,orojas@example.net
CLI05731,2022-02-10,Tienda,T18,F,24.0,Tucuman,True,valentinomansilla@example.org
CLI05732,2024-08-09,Online,,M,33.0,Neuquen,False,bsuarez@example.net
CLI05733,2024-08-05,Tienda,T26,M,51.0,Santa Fe,True,alvarezisabella
CLI05734,2022-11-04,Tienda,T24,M,53.0,Mendoza,False,diazemma@example.org
CLI05735,2022-01-01,Online,,M,51.0,Salta,True,jacosta@example.net
CLI05736,2025-10-31,Sucursal,T26,M,42.0,Neuquen,True,lunamateo@example.com
CLI05737,2024-08-23,Tienda,T16,M,54.0,Buenos Aires,True,mirandalorenzo@example.org
CLI05738,2025-07-16,Tienda,T14,F,28.0,Neuquen,True,pereyrasofia@example.org
CLI05739,2022-06-28,Online,,M,38.0,Cordoba,True,lautaro61@example.com
CLI05740,2023-07-11,Tienda,T22,F,26.0,Salta,True,ggomez@example.com
CLI05741,2025-12-08,Tienda,T08,M,55.0,Santa Fe,False,tomasleiva@example.com
CLI05742,2022-10-20,Tienda,S12,F,47.0,Mendoza,True,alvarezemma@example.net
CLI05743,2024-11-18,Tienda,T22,F,,Entre Rios,True,martinezmatias@example.net
CLI05744,2022-04-26,Tienda,S22,F,38.0,Cordoba,True,acostaemma@example.net
CLI05745,2024-10-20,Tienda,T28,M,18.0,Cordoba,True,gonzalezrenata@example.net
CLI05746,2022-09-05,Tienda,T19,X,31.0,Mendoza,True,francoluna@example.org
CLI05747,2023-01-10,Tienda,T12,M,44.0,Santa Fe,False,nmartin@example.net
CLI05748,2022-11-10,Online,,M,42.0,CABA,True,joaquinromero@example.net
CLI05749,2024-03-02,Tienda,T05,M,54.0,Buenos Aires,False,mateogodoy@example.org
CLI05750,2025-11-28,Online,,M,57.0,Cordoba,True,candela29@example.org
CLI05751,2023-07-30,Online,,X,34.0,Buenos Aires,True,vrodriguez@example.net
CLI05752,2025-08-26,Tienda,T14,F,,Buenos Aires,True,emilia26@example.net
CLI05753,2024-02-16,Online,,,18.0,Buenos Aires,False,mateolopez
CLI05754,2025-06-12,Online,,M,51.0,Santa Fe,False,thiago-benjamin60@example.org
CLI05755,2025-01-04,Tienda,T01,M,18.0,Mendoza,True,juliamaldonado@example.org
CLI05756,2023-12-14,Online,,F,49.0,Santa Fe,False,santino61@example.org
CLI05757,2023-08-07,Online,,,18.0,Buenos Aires,False,martinaavila@example.net
CLI05758,2024-07-20,Tienda,T04,F,48.0,Entre Rios,True,leivaisabella
CLI05759,2023-01-09,Sucursal,T07,F,64.0,CABA,True,juan-ignacio95@example.org
CLI05760,2022-12-30,Tienda,T01,M,39.0,Entre Rios,False,pereyraignacio@example.net
CLI05761,2023-01-08,Tienda,T26,M,51.0,Salta,True,felipe55@example.net
CLI05762,2024-12-25,Online,,M,57.0,Entre Rios,True,cordobaian-benjamin@example.com
CLI05763,2024-03-01,Tienda,T26,,18.0,Neuquen,False,bautistablanco@example.net
CLI05764,2024-11-21,Tienda,T27,F,18.0,Mendoza,True,tayala@example.org
CLI05765,2022-09-06,Sucursal,T02,M,42.0,Salta,True,lopezthiago@example.org
CLI05766,2025-11-07,Tienda,T02,M,26.0,Buenos Aires,False,julieta77@example.net
CLI05767,2024-11-26,Tienda,T28,M,36.0,CABA,False,lorenzo54@example.org
CLI05768,2022-06-22,Online,,M,,Buenos Aires,False,nicolas35@example.net
CLI05769,2025-09-29,Online,,F,68.0,Santa Fe,True,bruno39@example.com
CLI05770,2024-10-14,Online,,M,51.0,CABA,True,cruiz@example.com
CLI05771,2024-08-21,Tienda,T04,M,32.0,Salta,False,vrios@example.com
CLI05772,2023-01-02,Tienda,T20,F,49.0,Santa Fe,False,alvarocastro@example.org
CLI05773,2023-06-20,Tienda,T03,,,Cordoba,True,jgomez@example.net
CLI05774,2022-02-09,Online,,F,39.0,Salta,True,emma71@example.net
CLI05775,2024-09-20,Online,,M,65.0,Salta,True,camilagutierrez@example.com
CLI05776,2023-09-02,Tienda,T01,M,18.0,Cordoba,True,emilia52@example.com
CLI05777,2022-11-23,Tienda,T08,M,64.0,Salta,True,xvargas@example.org
CLI05778,2022-06-04,Online,,F,36.0,Tucuman,True,imartinez
CLI05779,2025-06-20,Tienda,T26,M,60.0,Buenos Aires,True,ununez@example.net
CLI05780,2025-08-11,Tienda,T19,M,,CABA,True,paulina90@example.org
CLI05781,2023-06-04,Online,,F,34.0,Neuquen,True,lucianaperez@example.com
CLI05782,2023-04-22,Online,,M,32.0,Entre Rios,False,pgimenez@example.net
CLI05783,2024-01-21,Online,,F,46.0,Mendoza,True,saracastro@example.org
CLI05784,2023-07-21,Online,,F,47.0,Entre Rios,True,lucia89@example.com
CLI05785,2022-04-25,Tienda,T08,F,85.0,Santa Fe,False,suarezjoaquin@example.org
CLI05786,2023-11-06,Online,,M,64.0,Buenos Aires,True,franciscogomez@example.org
CLI05787,2025-03-13,Online,,F,41.0,Cordoba,True,benjamingarcia@example.com
CLI05788,2025-07-01,Online,,M,25.0,Santa Fe,True,gomezbautista@example.com
CLI05789,2023-04-24,Tienda,T18,F,43.0,Santa Fe,True,almaromero@example.com
CLI05790,2023-12-09,Tienda,T16,M,50.0,Santa Fe,True,hojeda@example.org
CLI05791,2023-04-17,Tienda,T05,M,,CABA,False,jgonzalez@example.com
CLI05792,2025-12-26,Tienda,T01,M,132.0,Tucuman,False,micaela44@example.com
CLI05793,2025-04-15,Online,,X,,Mendoza,True,mroldan@example.org
CLI05794,2024-03-03,Sucursal,T08,M,35.0,Tucuman,True,bsanchez@example.net
CLI05795,2022-02-05,Online,,F,19.0,Entre Rios,True,lolaojeda@example.org
CLI05796,2025-08-16,Tienda,T07,,53.0,Cordoba,True,joaquina87@example.org
CLI05797,2025-08-07,Tienda,T26,F,65.0,Buenos Aires,False,maximogomez@example.org
CLI05798,2025-03-22,Online,,M,39.0,Entre Rios,True,geronimogomez@example.net
CLI05799,2025-07-12,Online,,M,44.0,Neuquen,True,vdiaz@example.com
CLI05800,2024-11-18,Tienda,T12,M,59.0,Buenos Aires,True,helena09@example.org
CLI05801,2022-07-02,Online,,F,50.0,Salta,False,matias09@example.net
CLI05802,2025-10-30,Tienda,T28,F,32.0,CABA,True,mperez@example.org
CLI05803,2023-01-19,Online,,F,37.0,Cordoba,False,nahuelvera@example.org
CLI05804,2025-05-04,Online,,X,41.0,Buenos Aires,False,julia31@example.com
CLI05805,2024-10-04,Online,,M,42.0,Buenos Aires,True,maria-belengarcia@example.net
CLI05806,2022-05-03,Tienda,T13,M,59.0,Entre Rios,True,dgarcia@example.com
CLI05807,2023-10-06,Tienda,T07,M,28.0,CABA,True,vacosta@example.org
CLI05808,2025-03-26,Online,,F,,Buenos Aires,True,ymaldonado@example.org
CLI05809,2025-08-16,Online,,M,40.0,Salta,True,asoto@example.net
CLI05810,2022-01-26,Tienda,T12,M,18.0,CABA,False,pnunez@example.net
CLI05811,2025-11-30,Tienda,T05,F,53.0,Cordoba,False,alejotoledo@example.org
CLI05812,2024-01-11,Tienda,T18,M,44.0,Santa Fe,True,delfina60@example.org
CLI05813,2022-06-29,Tienda,T02,F,24.0,Cordoba,True,tizianasanchez@example.org
CLI05814,2023-01-13,Online,,F,18.0,Santa Fe,True,ruizsalvador@example.com
CLI05815,2022-11-26,Online,,F,56.0,Tucuman,True,medinajuan-manuel
CLI05816,2025-03-18,Sucursal,T10,M,66.0,Neuquen,True,therrera@example.com
CLI05817,2023-09-14,Online,,M,43.0,Entre Rios,False,santiago76@example.org
CLI05818,2024-06-20,Tienda,T13,F,39.0,Buenos Aires,True,xrodriguez@example.net
CLI05819,2024-05-06,Tienda,T22,M,53.0,Tucuman,True,paulinavazquez@example.org
CLI05820,2025-12-18,Sucursal,T23,F,,Neuquen,True,valentino95@example.net
CLI05821,2022-09-20,Online,,F,35.0,Neuquen,False,isabellablanco@example.net
CLI05822,2022-12-15,Online,,,5.0,Tucuman,True,luceropedro@example.com
CLI05823,2025-04-01,Tienda,T05,X,,Entre Rios,True,benjaminrodriguez@example.com
CLI05824,2024-08-24,Online,,F,59.0,Entre Rios,True,rgonzalez@example.com
CLI05825,2023-02-14,Tienda,T03,F,46.0,Tucuman,True,ibenitez@example.net
CLI05826,2024-07-03,Tienda,T13,,61.0,CABA,False,lmiranda@example.org
CLI05827,2023-08-20,Tienda,T28,M,18.0,Buenos Aires,True,santino54@example.org
CLI05828,2025-01-25,Tienda,T09,F,61.0,Buenos Aires,True,enzodiaz@example.org
CLI05829,2022-07-28,Online,,M,41.0,Mendoza,False,umoyano@example.com
CLI05830,2022-07-01,Tienda,T15,F,51.0,Cordoba,True,samuel95@example.net
CLI05831,2023-08-21,Online,,M,30.0,Mendoza,False,mcordoba@example.org
CLI05832,2024-02-12,Tienda,T01,M,27.0,Salta,True,cmedina@example.org
CLI05833,2023-12-27,Tienda,T09,F,59.0,Buenos Aires,True,fortiz@example.org
CLI05834,2024-03-25,Tienda,T22,M,49.0,Tucuman,False,rojasmicaela@example.org
CLI05835,2024-10-01,Tienda,T01,M,50.0,Neuquen,True,jazmin96@example.com
CLI05836,2024-11-11,Online,,F,,Neuquen,False,sofia25@example.net
CLI05837,2023-12-28,Tienda,T15,F,51.0,CABA,False,lourdesmiranda@example.com
CLI05838,2024-06-05,Online,,F,20.0,Salta,False,julieta51@example.com
CLI05839,2025-07-14,Tienda,T10,F,38.0,Tucuman,False,simon86
CLI05840,2025-10-19,Tienda,T11,X,37.0,Salta,True,torresvalentina
CLI05841,2022-10-06,Online,,M,71.0,Tucuman,True,maximo77@example.net
CLI05842,2022-05-29,Tienda,S25,M,61.0,Buenos Aires,False,violeta21@example.com
CLI05843,2025-03-18,Tienda,T16,M,30.0,Neuquen,False,suarezgonzalo@example.com
CLI05844,2023-07-01,Online,,F,21.0,Salta,False,agustinaperez@example.net
CLI05845,2022-10-03,Tienda,T16,M,53.0,Cordoba,False,fperez@example.net
CLI05846,2024-01-06,Online,,F,51.0,Buenos Aires,True,coronelclara@example.com
CLI05847,2022-08-16,Tienda,T08,F,62.0,Buenos Aires,True,barriosjoaquin@example.net
CLI05848,2025-03-23,Tienda,T07,M,26.0,Neuquen,True,thiago-ezequiel09@example.org
CLI05849,2025-03-05,Tienda,T20,F,66.0,Neuquen,True,bautista48@example.net
CLI05850,2025-11-03,Online,,M,45.0,Entre Rios,True,lucianosanchez@example.com
CLI05851,2022-01-27,Online,,M,61.0,Mendoza,True,pedro57@example.net
CLI05852,2024-05-12,Online,,M,46.0,Entre Rios,True,morenaramirez@example.net
CLI05853,2023-04-03,Tienda,T19,M,36.0,Tucuman,True,joaquin23@example.org
CLI05854,2025-12-24,Online,,F,31.0,Tucuman,True,ramiromartinez@example.org
CLI05855,2024-04-25,Online,,M,62.0,Entre Rios,False,juan-ignacio17@example.com
CLI05856,2024-12-29,Sucursal,T20,F,18.0,Entre Rios,True,juan-gabrielvega@example.com
CLI05857,2023-12-23,Tienda,T19,X,58.0,Tucuman,False,benjamin91@example.org
CLI05858,2024-01-05,Tienda,T25,M,52.0,CABA,True,campostiziano-valentin@example.com
CLI05859,2023-11-12,Tienda,T19,M,32.0,Neuquen,True,uromero@example.org
CLI05860,2022-12-30,Online,,M,53.0,Mendoza,True,santiagobenitez@example.com
CLI05861,2025-12-18,Tienda,T22,F,41.0,Mendoza,False,silvacatalina@example.org
CLI05862,2022-04-28,Tienda,T20,M,5.0,Entre Rios,True,gomezsol@example.com
CLI05863,2022-10-16,Online,,M,38.0,Entre Rios,True,upaez@example.org
CLI05864,2022-04-03,Online,,M,51.0,Cordoba,True,thiago-nahuel90@example.net
CLI05865,2023-04-06,Tienda,T15,F,43.0,CABA,False,clopez@example.com
CLI05866,2025-09-25,Tienda,T22,M,31.0,Salta,True,fvelazquez@example.org
CLI05867,2025-05-08,Sucursal,T16,M,,Entre Rios,False,xnunez@example.net
CLI05868,2023-04-28,Online,,M,53.0,Cordoba,True,nrios@example.net
CLI05869,2024-01-16,Online,,M,60.0,Tucuman,True,igonzalez@example.org
CLI05870,2023-04-24,Tienda,T22,M,45.0,Santa Fe,True,mendezfacundo@example.org
CLI05871,2025-07-19,Online,,F,64.0,Mendoza,True,apaez@example.net
CLI05872,2023-01-04,Tienda,T19,M,32.0,Cordoba,False,rdiaz@example.com
CLI05873,2025-06-17,Tienda,T01,F,36.0,Mendoza,True,mendezguadalupe@example.net
CLI05874,2023-05-26,Online,,,21.0,Buenos Aires,True,bruno75@example.com
CLI05875,2022-06-12,Sucursal,S01,,,Mendoza,True,sosaciro-benjamin@example.org
CLI05876,2023-03-03,Sucursal,T02,M,43.0,Mendoza,True,agustinacabrera@example.net
CLI05877,2022-01-26,Tienda,S04,F,41.0,Santa Fe,False,quirogamartina@example.com
CLI05878,2024-03-12,Online,,F,23.0,Buenos Aires,False,augustovera@example.com
CLI05879,2024-10-02,Online,,F,56.0,Santa Fe,False,barrioslucas-ezequiel@example.com
CLI05880,2023-12-16,Tienda,T26,M,18.0,Cordoba,True,juan-pablo99@example.org
CLI05881,2025-09-07,Tienda,T16,M,28.0,Tucuman,True,rafael89@example.net
CLI05882,2022-04-24,Tienda,S24,M,18.0,Santa Fe,True,ian-ezequielolivera
CLI05883,2025-02-10,Tienda,T25,M,57.0,Salta,True,juan-sebastiangomez@example.com
CLI05884,2024-02-25,Tienda,T13,F,,Cordoba,True,gfernandez@example.org
CLI05885,2022-10-17,Tienda,S04,F,39.0,Tucuman,True,mateoleiva
CLI05886,2024-11-16,Online,,M,46.0,Santa Fe,False,delfina31@example.com
CLI05887,2023-06-14,Tienda,T26,F,24.0,Santa Fe,True,verasofia@example.net
CLI05888,2023-08-15,Tienda,T22,F,26.0,Mendoza,True,milo94@example.com
CLI05889,2024-01-28,Online,,F,27.0,Santa Fe,True,abrilmansilla
CLI05890,2023-01-29,Tienda,T27,M,46.0,Neuquen,True,victoriamartinez@example.net
CLI05891,2022-05-25,Tienda,T01,M,36.0,Salta,True,gonzaloperez@example.com
CLI05892,2022-02-14,Online,,F,,Cordoba,True,bautistagonzalez@example.com
CLI05893,2022-05-04,Tienda,T11,F,26.0,Santa Fe,True,helenarojas@example.org
CLI05894,2024-04-28,Sucursal,T05,F,22.0,Salta,True,blopez@example.net
CLI05895,2024-06-22,Online,,F,48.0,Cordoba,False,amparo25@example.com
CLI05896,2024-06-02,Tienda,T04,M,46.0,CABA,True,garcialisandro@example.org
CLI05897,2023-10-12,Tienda,T02,M,48.0,CABA,True,castillomia-valentina@example.com
CLI05898,2025-11-07,Tienda,T28,F,32.0,Tucuman,False,beniciomartinez@example.org
CLI05899,2024-12-19,Online,,M,45.0,Entre Rios,True,isabellagodoy@example.com
CLI05900,2023-02-15,Tienda,T04,F,19.0,Salta,True,catalinavillalba@example.com
CLI05901,2024-07-03,Tienda,T08,F,26.0,Entre Rios,True,bautistamunoz@example.com
CLI05902,2025-11-15,Tienda,T04,,46.0,CABA,True,lherrera@example.com
CLI05903,2025-01-23,Tienda,T09,M,28.0,Salta,True,almagomez@example.net
CLI05904,2023-02-25,Online,,M,24.0,Salta,True,mirandafacundo@example.com
CLI05905,2022-03-27,Tienda,T25,M,28.0,Entre Rios,True,gonzalezvalentino@example.net
CLI05906,2023-05-12,Online,,M,66.0,Salta,False,lautaro-ezequiel84@example.org
CLI05907,2025-11-18,Online,,M,35.0,Buenos Aires,True,martina10@example.org
CLI05908,2024-01-26,Tienda,T28,M,46.0,Santa Fe,True,bastianjuarez@example.org
CLI05909,2025-01-15,Tienda,T23,F,39.0,Neuquen,True,rjuarez@example.com
CLI05910,2022-12-25,Tienda,T01,F,77.0,Salta,True,alma-jazmin72@example.org
CLI05911,2025-09-16,Tienda,T26,F,40.0,Buenos Aires,True,dominguezsantino@example.net
CLI05912,2023-01-09,Tienda,T24,M,57.0,Neuquen,False,icastillo@example.org
CLI05913,2024-02-22,Online,,M,55.0,Buenos Aires,False,juan-bautista19@example.net
CLI05914,2025-09-24,Tienda,T16,M,48.0,Entre Rios,True,rferreyra@example.com
CLI05915,2023-07-24,Online,,M,42.0,Mendoza,False,ortizisabella
CLI05916,2025-11-21,Tienda,T25,F,20.0,Cordoba,True,gael03@example.net
CLI05917,2022-10-28,Tienda,T04,M,50.0,Entre Rios,True,benitezmaria-luz
CLI05918,2023-02-27,Online,,M,,Santa Fe,False,juan-ignacio86
CLI05919,2025-02-01,Tienda,T16,X,50.0,CABA,True,rolivera
CLI05920,2025-01-21,Online,,M,72.0,Cordoba,True,santino-agustinlucero@example.org
CLI05921,2022-01-02,Tienda,T24,M,53.0,Entre Rios,True,csuarez@example.net
CLI05922,2025-12-18,Tienda,T28,M,56.0,Entre Rios,True,martinaaguirre@example.net
CLI05923,2023-07-01,Tienda,T03,M,35.0,Buenos Aires,True,ccarrizo@example.net
CLI05924,2024-05-17,Tienda,T23,F,40.0,Buenos Aires,True,silvathiago-gabriel@example.org
CLI05925,2025-07-02,Tienda,T24,M,49.0,Buenos Aires,True,uma-diaz@example.org
CLI05926,2023-05-07,Tienda,T02,F,59.0,Entre Rios,True,santino-benjaminmolina@example.net
CLI05927,2023-01-12,Tienda,T06,F,27.0,Tucuman,False,valentino01@example.com
CLI05928,2023-02-15,Tienda,T28,M,22.0,Entre Rios,True,catalinamartinez@example.net
CLI05929,2022-04-29,Tienda,T15,F,41.0,Buenos Aires,False,thiagobenitez@example.net
CLI05930,2024-06-26,Online,,,41.0,Tucuman,True,lourdes98@example.org
CLI05931,2022-02-10,Sucursal,T27,M,49.0,Neuquen,False,oliviaferreyra@example.net
CLI05932,2023-02-28,Tienda,T03,F,,Neuquen,True,jsosa
CLI05933,2022-01-13,Tienda,T07,M,34.0,Salta,True,matiasmansilla@example.com
CLI05934,2024-01-03,Online,,F,69.0,Tucuman,False,erios@example.com
CLI05935,2024-04-21,Tienda,T03,X,50.0,Tucuman,True,mateo-benjaminledesma
CLI05936,2022-06-19,Sucursal,T07,M,43.0,Entre Rios,False,torresisabella@example.org
CLI05937,2024-02-19,Online,,F,18.0,Santa Fe,False,rafael26@example.net
CLI05938,2025-07-30,Online,,M,64.0,Entre Rios,False,federico40@example.com
CLI05939,2024-01-28,Online,,,68.0,Mendoza,False,thiagoaguirre@example.com
CLI05940,2024-11-27,Tienda,T05,M,49.0,Entre Rios,True,ypereyra@example.org
CLI05941,2022-09-30,Tienda,T27,F,50.0,Santa Fe,True,rojaspaloma@example.net
CLI05942,2025-08-31,Online,,M,36.0,Buenos Aires,True,mateo77
CLI05943,2024-06-18,Online,,M,18.0,Entre Rios,True,barriosfrancisca@example.net
CLI05944,2025-05-06,Tienda,T26,F,31.0,Cordoba,False,xfigueroa@example.com
CLI05945,2022-01-05,Tienda,T13,M,21.0,Santa Fe,True,mateo23@example.org
CLI05946,2023-10-18,Tienda,T03,M,22.0,Neuquen,True,paezmartina
CLI05947,2024-10-05,Online,,X,30.0,Buenos Aires,True,ana-paulamartinez@example.net
CLI05948,2022-05-22,Tienda,T07,M,34.0,Mendoza,True,zsuarez@example.net
CLI05949,2025-09-01,Tienda,T08,M,49.0,CABA,True,catalinamartinez@example.net
CLI05950,2023-03-17,Tienda,T19,M,61.0,Salta,True,mendezvictoria@example.com
CLI05951,2023-08-23,Online,,M,39.0,Buenos Aires,True,diazsimon@example.org
CLI05952,2023-12-30,Online,,F,53.0,CABA,True,mateososa
CLI05953,2023-09-29,Online,,M,37.0,Cordoba,True,jazmin29@example.com
CLI05954,2025-10-30,Tienda,T03,F,37.0,Neuquen,False,npereyra@example.net
CLI05955,2024-08-24,Online,,F,47.0,Entre Rios,False,bherrera@example.com
CLI05956,2024-07-22,Tienda,T16,M,33.0,Tucuman,True,tmedina@example.com
CLI05957,2024-10-03,Tienda,T04,M,45.0,Cordoba,False,jvaldez@example.com
CLI05958,2025-07-28,Tienda,T27,M,35.0,Buenos Aires,True,francisco77@example.com
CLI05959,2024-11-16,Online,,,29.0,Buenos Aires,True,joaquinmartinez@example.net
CLI05960,2022-01-09,Tienda,S11,F,32.0,Tucuman,True,bautista95@example.net
CLI05961,2025-01-16,Tienda,T25,M,63.0,Mendoza,True,jeremiasquiroga
CLI05962,2024-05-03,Tienda,T06,F,45.0,Tucuman,True,sofiapaez
CLI05963,2023-07-07,Tienda,T18,M,35.0,Neuquen,False,ogomez@example.net
CLI05964,2022-05-24,Tienda,T24,M,44.0,Neuquen,False,martinablanco@example.com
CLI05965,2022-07-30,Tienda,T07,F,31.0,Santa Fe,True,mvaldez@example.com
CLI05966,2023-04-21,Tienda,T16,,35.0,Cordoba,True,floresrenzo@example.net
CLI05967,2024-07-02,Online,,M,36.0,Neuquen,True,valentina-jazminacosta@example.net
CLI05968,2023-04-08,Online,,F,18.0,Tucuman,False,pilarcorrea
CLI05969,2025-09-22,Tienda,T05,F,39.0,CABA,True,ovega@example.org
CLI05970,2025-08-07,Tienda,T16,M,48.0,Cordoba,False,wbenitez@example.com
CLI05971,2022-01-18,Tienda,T15,F,45.0,Cordoba,True,juareztiziano-valentin@example.com
CLI05972,2023-10-10,Sucursal,T16,F,39.0,Mendoza,True,zcaceres
CLI05973,2024-07-30,Tienda,T26,F,57.0,Entre Rios,False,catalinamartinez@example.com
CLI05974,2022-05-17,Tienda,T27,M,30.0,Tucuman,False,soriamartina@example.org
CLI05975,2025-11-05,Tienda,T02,M,57.0,Mendoza,False,mia-morena32@example.com
CLI05976,2024-08-24,Tienda,T10,F,55.0,Entre Rios,True,maldonadodelfina@example.net
CLI05977,2022-12-22,Online,,M,44.0,Santa Fe,True,sebastianescobar@example.org
CLI05978,2024-01-20,Tienda,T01,M,63.0,Entre Rios,False,acostamiguel-angel@example.net
CLI05979,2025-10-16,Online,,M,30.0,Tucuman,True,thiago13@example.net
CLI05980,2024-08-29,Online,,M,45.0,Santa Fe,True,valentinotorres@example.com
CLI05981,2024-03-22,Online,,M,39.0,Salta,False,dlopez@example.net
CLI05982,2023-03-09,Tienda,T01,M,30.0,Salta,True,oliviafranco@example.net
CLI05983,2024-03-12,Online,,F,37.0,Salta,True,tobiasalvarez@example.com
CLI05984,2025-12-25,Tienda,T19,M,47.0,Mendoza,True,gonzalezmartina@example.org
CLI05985,2025-02-01,Tienda,T07,M,47.0,Mendoza,False,tomaslopez@example.net
CLI05986,2025-03-01,Online,,M,50.0,CABA,True,felicitasacosta@example.net
CLI05987,2023-11-07,Tienda,T20,M,32.0,Salta,True,guillermina05@example.org
CLI05988,2022-01-30,Tienda,T15,F,40.0,Tucuman,False,ciroojeda@example.org
CLI05989,2022-10-16,Tienda,T08,M,40.0,Cordoba,True,uluna@example.com
CLI05990,2023-02-03,Tienda,T22,M,132.0,Mendoza,True,camila89@example.org
CLI05991,2025-02-13,Online,,F,41.0,CABA,False,correasantiago-nicolas@example.org
CLI05992,2022-07-15,Online,,M,18.0,Mendoza,True,rrodriguez@example.org
CLI05993,2023-06-01,Online,,M,25.0,Neuquen,True,gonzalezagustina@example.net
CLI05994,2023-02-26,Online,,F,34.0,Santa Fe,False,castroamparo@example.net
CLI05995,2025-06-10,Tienda,T20,M,36.0,Mendoza,False,mia53@example.org
CLI05996,2022-02-27,Tienda,T23,F,50.0,Buenos Aires,True,catalinamoreno@example.org
CLI05997,2023-06-28,Online,,F,33.0,Neuquen,True,kperez@example.net
CLI05998,2024-11-13,Tienda,T05,F,65.0,Buenos Aires,True,lautaroperez@example.net
CLI05999,2024-05-24,Sucursal,T17,F,21.0,Mendoza,True,lisandrocoronel@example.com
CLI06000,2025-05-17,Tienda,T11,X,67.0,Mendoza,True,nvillalba@example.org
CLI06001,2025-11-04,Online,,F,39.0,Cordoba,True,xrojas@example.net
CLI06002,2025-12-18,Online,,,24.0,Tucuman,True,avilaisabella@example.com
CLI06003,2024-07-14,Tienda,T17,M,54.0,CABA,True,zoevera@example.net
CLI06004,2024-07-03,Tienda,T21,,43.0,Salta,False,xtorres@example.com
CLI06005,2026-04-15,Tienda,T21,F,58.0,Mendoza,True,fernandezjuan-ignacio@example.org
CLI06006,2025-10-11,Tienda,T03,M,33.0,Cordoba,True,josefinarojas@example.com
CLI06007,2025-11-27,Online,,F,,Tucuman,True,nicolas82@example.com
CLI06008,2026-10-01,Online,,M,51.0,Cordoba,True,mateo-valentinsanchez@example.net
CLI06009,2024-12-28,Online,,F,40.0,Tucuman,False,ojedaisabella@example.com
CLI06010,2024-04-22,Sucursal,T01,F,50.0,CABA,True,ramireztiziano@example.com
CLI06011,2024-01-31,Tienda,T01,M,36.0,Neuquen,False,facundosuarez
CLI06012,2022-08-06,Online,,M,63.0,CABA,True,fdiaz@example.org
CLI06013,2025-07-16,Tienda,T28,F,42.0,Mendoza,False,lourdesdiaz@example.org
CLI06014,2025-11-27,Online,,F,18.0,CABA,True,luciaromero@example.com
CLI06015,2025-09-05,Tienda,T22,M,28.0,Entre Rios,True,renata89@example.org
CLI06016,2024-12-17,Online,,F,23.0,Tucuman,True,catalina32@example.org
CLI06017,2025-02-03,Online,,,27.0,Salta,False,facundo44@example.org
CLI06018,2023-08-16,Sucursal,T03,M,33.0,Entre Rios,True,jazminfigueroa@example.net
CLI06019,2023-04-04,Tienda,T20,F,,CABA,False,bautistasosa@example.com
CLI06020,2024-07-17,Online,,X,29.0,CABA,False,wfernandez@example.org
CLI06021,2022-08-06,Tienda,T27,M,43.0,Neuquen,True,ignaciolopez@example.net
CLI06022,2024-01-06,Online,,M,22.0,Mendoza,True,jsilva@example.org
CLI06023,2024-04-24,Online,,M,79.0,Entre Rios,True,bautistasosa@example.net
CLI06024,2023-07-23,Tienda,T04,M,61.0,Tucuman,True,martina04@example.net
CLI06025,2025-09-30,Tienda,T14,M,25.0,Mendoza,False,acunabautista@example.com
CLI06026,2024-05-06,Tienda,T05,M,55.0,Mendoza,True,urojas@example.org
CLI06027,2023-05-03,Tienda,T01,F,43.0,CABA,True,julieta62@example.com
CLI06028,2022-07-21,Tienda,T19,M,46.0,Buenos Aires,False,torresmorena@example.com
CLI06029,2023-02-09,Online,,F,21.0,Salta,True,julieta82@example.org
CLI06030,2025-12-15,Tienda,T02,F,34.0,Buenos Aires,False,mia83@example.com
CLI06031,2025-12-20,Online,,M,,Salta,True,jazmin54@example.com
CLI06032,2023-03-09,Tienda,S16,F,34.0,Santa Fe,True,felipe28@example.com
CLI06033,2022-11-16,Tienda,T16,F,-3.0,CABA,True,martinezagostina@example.com
CLI06034,2024-03-09,Tienda,T23,F,,Mendoza,True,benitezagostina@example.com
CLI06035,2025-10-07,Online,,F,61.0,Tucuman,True,lautaro-nahuel27
CLI06036,2023-08-27,Online,,M,62.0,Cordoba,True,moracaceres@example.org
CLI06037,2024-04-10,Tienda,T12,F,42.0,Buenos Aires,False,lolasuarez@example.net
CLI06038,2026-05-27,Tienda,T11,X,67.0,Mendoza,True,nvillalba@example.org
CLI06039,2025-06-02,Tienda,T06,M,24.0,Cordoba,True,ponceignacio
CLI06040,2023-08-28,Tienda,S01,M,20.0,Mendoza,True,pilar52@example.org
CLI06041,2025-07-16,Online,,M,45.0,Santa Fe,True,valentinotorres@example.com
CLI06042,2024-10-12,Tienda,T01,F,30.0,Salta,False,joaquin18
CLI06043,2023-07-28,Online,,F,52.0,Neuquen,True,kmaidana@example.com
CLI06044,2024-09-12,Tienda,T24,F,44.0,Cordoba,True,maria-victoria64
CLI06045,2025-06-24,Tienda,T09,M,37.0,Tucuman,True,juan-ignacioramos@example.net
CLI06046,2025-03-11,Tienda,T17,F,29.0,Santa Fe,True,francescabravo@example.net
CLI06047,2023-01-19,Tienda,S17,F,52.0,Entre Rios,True,juan-ignacio88@example.com
CLI06048,2022-11-25,Tienda,T21,M,38.0,Salta,True,sofiasilva@example.net
CLI06049,2022-03-01,Online,,M,37.0,Santa Fe,True,benjamin34@example.com
CLI06050,2025-02-04,Tienda,T03,F,,Neuquen,True,felipe82@example.org
