id_cliente,fecha_inscripcion,nivel,puntos_acumulados,puntos_canjeados,fecha_ultimo_movimiento
CLI02005,2023-04-27,Bronze,1502,705,2023-09-11
CLI05278,2022-10-17,Bronze,1725,273,
CLI01043,2024-10-13,Bronze,1531,1279,2025-03-03
CLI00611,2024-03-20,Bronze,2194,3152,2025-11-21
CLI01448,2023-05-23,Bronze,3493,2088,
CLI05707,2024-10-27,Bronze,1528,1163,2025-02-04
CLI03912,2022-10-26,Bronze,444,68,2025-06-28
CLI05160,2025-02-18,Bronze,9801,2935,2025-09-02
CLI04585,2023-05-26,Bronze,10322,6145,
CLI05017,2022-06-09,Bronze,4793,2493,2025-11-21
CLI00360,2025-04-30,Bronze,4397,1548,2025-08-24
CLI03894,2024-04-15,Silver,16249,14236,2024-09-15
CLI04011,2023-02-02,Bronze,1116,689,
CLI05559,2024-09-09,Bronze,9309,5132,2025-01-21
CLI05884,2024-03-19,Bronze,805,54,2025-08-21
CLI01355,2025-01-21,Bronze,294,171,2025-04-24
CLI05246,2025-06-12,Bronze,294,227,2025-06-23
CLI00403,2022-09-08,Bronze,5936,3926,
CLI01189,2024-06-29,Bronze,5571,259,2025-03-16
CLI05523,2025-04-15,Bronze,195,3,2025-05-28
CLI01445,2025-05-15,Bronze,3317,1540,2025-07-13
CLI02718,2024-02-29,Bronze,2023,246,2025-10-13
CLI00738,2025-11-06,Bronze,4082,1763,2025-12-12
CLI02125,2023-10-28,Bronze,4218,636,2024-01-26
CLI05119,2025-04-12,Bronze,9996,7015,2025-08-01
CLI03405,2025-02-13,Bronze,1131,422,2025-06-19
CLI00913,2023-11-19,Bronze,6092,5467,2024-12-12
CLI05463,2024-04-29,Bronze,3379,2480,2025-04-02
CLI03273,2024-12-07,Bronze,2335,1074,2025-03-25
CLI01539,2022-07-09,Bronze,5477,4412,
CLI04007,2023-04-01,Bronze,1536,985,2024-09-28
CLI03763,2025-01-03,Bronze,724,239,2025-05-16
CLI01114,2025-05-13,Bronze,6120,1415,2025-05-16
CLI00562,2023-09-17,Bronze,2330,1211,2024-02-19
CLI04189,2025-01-11,Bronze,2475,991,2025-10-08
CLI05673,2024-01-27,Bronze,2068,302,2025-07-20
CLI02957,2023-12-15,Bronze,2158,1700,2024-02-28
CLI03729,2022-04-10,Bronze,1301,121,2022-06-16
CLI02586,2025-06-04,Bronze,1007,80,2025-12-15
CLI04516,2024-02-19,Bronze,4971,4217,2025-02-25
CLI00501,2022-06-04,Bronze,5454,624,2023-10-04
CLI00060,2022-02-21,Bronze,4092,5359,2024-03-17
CLI01441,2022-10-05,Bronze,288,222,
CLI04857,2022-09-01,Silver,15812,8806,
CLI05873,2025-07-13,Bronze,8486,4744,2025-08-25
CLI04117,2023-08-16,Bronze,3566,2045,2023-10-06
CLI03702,2024-05-10,Bronze,10398,7754,2025-02-15
CLI03275,2023-12-21,Bronze,1219,396,2025-10-22
CLI01016,2022-09-12,Bronze,8673,3043,2023-01-15
CLI04574,2022-03-20,Bronze,2382,1691,2024-07-28
CLI03533,2022-03-07,Bronze,6329,360,2022-08-26
CLI04412,2025-07-17,Silver,22370,15580,2025-12-01
CLI00853,2024-09-06,Bronze,9999,2011,2025-06-29
CLI04078,2024-04-14,Bronze,5379,2909,2025-11-28
CLI04328,2022-11-17,Bronze,6087,5041,2025-05-26
CLI02714,2023-12-30,Bronze,5551,3179,2025-02-05
CLI01423,2023-09-23,Bronze,4219,745,2023-10-03
CLI00245,2022-03-24,Bronze,578,790,2025-01-06
CLI01284,2022-03-22,Bronze,1582,825,
CLI04244,2025-01-22,Bronze,604,414,2025-02-22
CLI01486,2024-06-22,Silver,13761,11145,2025-08-07
CLI03114,2023-09-26,Bronze,6537,1404,2025-09-03
CLI05397,2023-10-23,Silver,14364,799,2025-02-12
CLI05656,2022-05-26,Bronze,3087,767,2022-11-01
CLI00608,2022-08-25,Bronze,36,21,2024-03-04
CLI02760,2022-03-10,Bronze,2744,1279,
CLI01353,2025-02-13,Bronze,4186,2090,2025-09-06
CLI01052,2022-06-28,Bronze,7175,2147,2023-08-17
CLI02977,2024-11-13,Bronze,3403,207,2025-12-07
CLI05157,2025-06-09,Bronze,1857,267,2025-08-25
CLI04446,2023-10-03,Bronze,8701,6377,2025-08-14
CLI02322,2025-06-02,Bronze,1355,447,2025-11-26
CLI02451,2022-10-09,Bronze,5416,2950,
CLI01060,2022-11-23,Bronze,4031,2457,2024-07-05
CLI00247,2022-10-13,Bronze,9391,4680,2024-03-04
CLI01183,2023-11-13,Bronze,1949,1030,2025-01-02
CLI01133,2025-08-08,Bronze,306,0,2025-12-22
CLI05020,2024-06-21,Bronze,2256,1166,2025-10-26
CLI02865,2024-03-25,Bronze,7417,2693,2025-10-30
CLI03932,2022-10-14,Silver,22237,3068,2024-12-07
CLI02615,2025-11-25,Bronze,3593,1948,2025-12-10
CLI05915,2023-08-21,Bronze,1164,766,2024-01-18
CLI04129,2025-05-30,Bronze,2763,1015,2025-07-11
CLI04512,2025-11-03,Bronze,7116,5135,2025-12-06
CLI03547,2023-03-17,Bronze,3424,2194,
CLI00707,2024-06-29,Bronze,9444,7696,2025-09-20
CLI01196,2022-08-27,Bronze,2494,1665,
CLI05488,2024-09-09,Bronze,11104,6867,2025-01-23
CLI03225,2025-09-09,Bronze,898,256,2025-10-31
CLI06046,2025-05-02,Bronze,5133,4279,2025-10-07
CLI02758,2025-11-16,Bronze,5035,2014,2025-11-29
CLI02640,2022-10-21,Bronze,3780,2820,
CLI00464,2023-01-05,Bronze,63,42,
CLI01792,2023-02-24,Bronze,1490,638,
CLI01522,2024-11-27,Bronze,1935,898,2025-11-10
CLI05454,2023-08-29,Bronze,7645,4321,2025-01-01
CLI01458,2024-09-04,Bronze,3346,416,2025-05-16
CLI01408,2023-03-12,Bronze,1509,470,2025-08-05
CLI05528,2023-01-04,Bronze,808,68,2023-09-19
CLI05913,2024-04-18,Bronze,418,47,2024-09-22
CLI00961,2025-04-19,Bronze,2810,1569,2025-09-23
CLI05231,2025-10-25,Bronze,634,157,2025-12-25
CLI05790,2024-01-09,Bronze,2247,1391,2025-07-17
CLI03140,2024-01-07,Bronze,3575,5087,2024-05-05
CLI05594,2024-05-31,Bronze,1290,198,2024-10-09
CLI05538,2024-09-07,Bronze,369,55,2025-02-21
CLI04324,2025-07-11,Bronze,5521,4251,2025-12-22
CLI04619,2023-06-16,Bronze,8968,6423,2024-02-23
CLI05806,2022-06-14,Bronze,3702,2664,
CLI00684,2022-04-07,Bronze,5851,359,2023-12-16
CLI01096,2025-02-08,Bronze,1867,188,2025-02-17
CLI01587,2025-10-27,Bronze,3674,564,2025-11-25
CLI05564,2022-09-25,Bronze,50,24,
CLI04709,2024-09-21,Bronze,3332,2841,2025-05-31
CLI04746,2022-08-02,Bronze,9602,3383,2025-11-29
CLI03816,2023-06-13,Bronze,3021,704,2024-02-13
CLI02334,2024-04-21,Bronze,2554,1915,2025-07-29
CLI02639,2023-10-07,Bronze,2843,1151,2025-02-16
CLI00306,2024-07-25,Bronze,2964,1215,2025-01-13
CLI04975,2023-07-05,Bronze,5700,2786,2024-08-24
CLI04071,2023-11-09,Bronze,6880,1609,2025-06-10
CLI05303,2024-05-22,Bronze,2512,1030,2025-07-30
CLI02569,2024-02-19,Bronze,4218,1278,2025-06-17
CLI01855,2023-08-06,Bronze,10543,220,2025-07-08
CLI03572,2023-04-01,Bronze,9437,7341,2025-01-08
CLI02285,2023-04-27,Bronze,115,25,2024-05-24
CLI01421,2024-10-28,Bronze,9771,7747,2025-01-22
CLI01403,2023-09-25,Bronze,5004,2845,2025-09-14
CLI01603,2025-02-11,Bronze,9907,6043,2025-07-24
CLI01544,2025-11-28,Bronze,10802,1159,2025-12-20
CLI03169,2022-09-07,Bronze,95,15,
CLI00136,2024-08-16,Bronze,7584,2855,2025-11-01
CLI01491,2023-02-19,Bronze,3794,3294,
CLI04789,2023-12-02,Bronze,442,15,2025-01-13
CLI03059,2025-12-29,Bronze,3534,821,2025-12-31
CLI00057,2022-07-11,Bronze,4740,1481,2022-11-17
CLI00957,2024-06-15,Bronze,5026,420,2025-01-14
CLI01219,2022-06-11,Bronze,3396,570,
CLI00335,2024-07-27,Bronze,6073,3050,2024-07-30
CLI02255,2025-05-06,Bronze,3513,2955,2025-10-05
CLI03688,2024-02-26,Bronze,1825,419,2024-07-26
CLI02374,2025-09-03,Silver,13422,4108,2025-09-08
CLI03784,2025-05-30,Bronze,6899,5844,2025-07-08
CLI03921,2025-06-08,Bronze,8870,6885,2025-10-24
CLI05818,2024-07-24,Bronze,4054,1614,2025-04-14
CLI00739,2025-01-17,Bronze,2626,1323,2025-04-20
CLI02845,2022-04-05,Bronze,4468,1737,2022-04-14
CLI01003,2022-12-02,Bronze,3435,4171,2024-06-17
CLI03357,2023-02-09,Bronze,1719,941,2024-07-08
CLI04915,2024-09-19,Bronze,476,169,2025-05-20
CLI00001,2023-05-15,Bronze,2860,170,2024-11-18
CLI03318,2025-06-13,Bronze,706,122,2025-07-27
CLI04010,2024-10-23,Bronze,4554,1876,2025-01-19
CLI02311,2025-09-23,Bronze,3543,2219,2025-09-28
CLI05506,2024-03-25,Bronze,1206,274,2025-02-23
CLI02039,2024-04-24,Bronze,501,355,2025-11-08
CLI01766,2023-10-25,Bronze,4998,3628,2024-09-06
CLI02110,2024-10-15,Bronze,7424,5997,2024-10-24
CLI02493,2022-09-27,Bronze,1325,926,
CLI05525,2024-08-02,Bronze,629,371,2025-11-03
CLI04618,2024-11-13,Bronze,6809,5319,2025-09-06
CLI00195,2024-09-12,Bronze,2071,1030,2025-01-17
CLI01671,2025-03-19,Bronze,1499,1150,2025-06-12
CLI04360,2024-06-21,Bronze,436,272,2024-11-18
CLI04547,2024-05-30,Bronze,2114,68,2025-05-07
CLI01351,2025-01-23,Bronze,7205,1386,2025-03-06
CLI02030,2023-11-14,Bronze,243,173,2024-10-17
CLI04987,2022-04-15,Bronze,6366,153,2024-02-09
CLI02080,2024-04-14,Bronze,1706,291,2025-09-22
CLI03963,2025-03-25,Bronze,4718,2248,2025-10-10
CLI01750,2024-08-31,Bronze,6380,1649,2025-09-06
CLI03171,2023-10-29,Bronze,2267,515,2024-12-06
CLI00184,2022-05-06,Bronze,1019,735,2023-08-17
CLI05758,2024-08-18,Bronze,5905,4216,2024-08-21
CLI04083,2024-11-24,Bronze,1512,393,2025-11-27
CLI05052,2023-09-10,Silver,17218,6160,2024-02-03
CLI01916,2023-07-23,Bronze,1842,95,2025-02-26
CLI04397,2023-01-23,Bronze,2183,492,2025-08-09
CLI03026,2022-10-12,Bronze,1477,167,2022-10-13
CLI00730,2025-03-25,Bronze,11540,3376,2025-05-01
CLI02844,2025-07-30,Bronze,2726,434,2025-08-17
CLI00861,2024-09-26,Silver,18314,6541,2024-12-08
CLI05771,2024-09-12,Bronze,3299,169,2025-05-02
CLI02396,2025-06-20,Bronze,3523,144,2025-08-30
CLI05678,2023-11-04,Bronze,3667,1803,2025-05-03
CLI00758,2022-04-24,Bronze,1117,290,2025-06-30
CLI02220,2025-06-03,Bronze,3864,1266,2025-09-21
CLI04333,2024-03-14,Bronze,785,87,2025-08-23
CLI03084,2025-02-23,Bronze,8976,5230,2025-09-22
CLI04608,2025-04-24,Bronze,902,142,2025-12-10
CLI01245,2023-07-11,Bronze,1781,129,2024-02-26
CLI00116,2022-02-26,Bronze,2897,2205,2022-07-13
CLI04000,2023-06-09,Bronze,1653,1347,2025-09-14
CLI01253,2025-08-23,Bronze,3788,3174,2025-10-02
CLI05705,2023-10-12,Bronze,1434,50,2024-10-13
CLI02560,2023-04-06,Bronze,1087,726,
CLI02737,2025-02-28,Bronze,753,487,2025-08-24
CLI04080,2023-02-10,Bronze,3685,496,2024-02-14
CLI00841,2022-04-27,Bronze,10228,452,
CLI02173,2022-09-11,Bronze,9025,2174,2023-05-21
CLI05993,2023-06-24,Bronze,7613,1355,2024-11-25
CLI04087,2024-03-03,Bronze,559,214,2025-08-19
CLI05345,2023-10-10,Bronze,295,337,2025-01-13
CLI05733,2024-09-28,Bronze,6500,2447,2025-03-19
CLI02962,2025-01-26,Bronze,2660,1534,2025-08-10
CLI04673,2022-06-09,Bronze,4961,1554,
CLI01626,2023-07-06,Bronze,10365,3543,2025-09-27
CLI05353,2023-03-19,Bronze,4983,2510,2023-06-13
CLI05315,2025-05-01,Bronze,961,489,2025-06-28
CLI00617,2022-12-26,Bronze,13,1,2025-12-22
CLI03074,2024-10-09,Bronze,11478,1258,2024-12-01
CLI04958,2023-03-17,Bronze,1288,698,2023-06-07
CLI04104,2022-09-14,Bronze,1709,1040,2024-03-20
CLI01131,2023-12-16,Bronze,7300,1506,2024-04-11
CLI03660,2024-03-19,Bronze,3066,806,2025-11-23
CLI04901,2025-08-22,Bronze,2547,534,2025-12-26
CLI00122,2022-05-30,Bronze,9698,1636,
CLI00276,2023-08-21,Bronze,5984,2257,2024-07-10
CLI03210,2023-06-10,Bronze,371,75,2024-04-21
CLI04737,2022-10-22,Bronze,23,16,2024-08-19
CLI04603,2023-03-16,Bronze,7134,2504,
CLI00798,2023-03-21,Bronze,4484,3794,2023-04-05
CLI05570,2022-11-12,Bronze,217,131,
CLI00954,2023-10-14,Bronze,4071,2120,2023-10-26
CLI00894,2023-07-18,Bronze,306,70,2025-01-23
CLI00150,2022-02-19,Bronze,735,362,2024-12-17
CLI02934,2022-05-22,Bronze,1658,1135,2024-11-21
CLI01024,2025-04-24,Bronze,1842,1522,2025-10-13
CLI05737,2024-09-20,Bronze,1740,248,2025-05-12
CLI03910,2022-09-04,Bronze,7562,4416,2024-02-15
CLI04734,2023-10-28,Bronze,5665,2994,2024-05-23
CLI00009,2024-10-15,Bronze,2225,872,2025-02-23
CLI02245,2023-04-16,Bronze,4800,979,
CLI00118,2025-07-09,Bronze,1448,824,2025-09-19
CLI04843,2023-10-31,Bronze,9228,3919,2025-07-16
CLI05295,2024-07-05,Bronze,699,505,2024-12-31
CLI05927,2023-02-05,Bronze,1810,1207,2023-04-17
CLI04691,2025-05-05,Bronze,837,182,2025-10-09
CLI02432,2024-10-05,Bronze,6890,5936,2025-10-23
CLI01864,2024-05-01,Bronze,721,405,2024-10-16
CLI00869,2024-06-10,Bronze,9047,4221,2025-10-13
CLI03372,2022-03-28,Bronze,2068,1274,
CLI00277,2025-03-04,Bronze,6596,4977,2025-04-10
CLI01550,2023-02-20,Bronze,11983,6407,
CLI00966,2025-02-28,Bronze,1916,908,2025-04-09
CLI01676,2024-08-31,Bronze,18,15,2024-10-02
CLI00180,2025-09-02,Bronze,8728,3330,2025-09-21
CLI02733,2023-05-23,Bronze,9881,7404,2025-12-09
CLI03448,2024-02-25,Bronze,5134,1516,2025-10-19
CLI04263,2025-12-02,Bronze,2630,1102,2025-12-16
CLI00084,2024-09-20,Bronze,1536,573,2025-08-30
CLI04319,2024-08-04,Bronze,2745,1817,2025-01-16
CLI03490,2023-01-07,Bronze,1455,770,2023-07-22
CLI04590,2025-02-16,Bronze,1432,28,2025-04-21
CLI04869,2025-07-19,Bronze,6018,2152,2025-11-04
CLI02535,2025-04-02,Silver,14414,9054,2025-06-21
CLI02784,2022-04-14,Bronze,1003,613,
CLI03635,2024-10-06,Bronze,3740,164,2024-10-14
CLI02600,2024-02-28,Bronze,1754,1558,2025-04-13
CLI04159,2025-10-25,Bronze,5874,4272,2025-12-01
CLI03753,2022-08-27,Bronze,985,132,
CLI05669,2024-11-28,Bronze,11435,9185,2025-11-01
CLI03849,2022-10-02,Bronze,7670,5237,2024-03-25
CLI03120,2022-12-28,Bronze,1945,893,
CLI01705,2022-04-21,Silver,13992,1949,2023-10-04
CLI00677,2022-12-23,Bronze,7450,1372,
CLI03550,2024-10-13,Bronze,3464,1331,2025-08-26
CLI04939,2023-11-07,Bronze,2797,1970,2024-05-01
CLI00474,2024-05-08,Bronze,1953,273,2025-11-22
CLI03895,2022-08-30,Bronze,2553,990,2024-05-11
CLI03951,2025-04-01,Bronze,2784,1898,2025-05-22
CLI02497,2023-12-02,Bronze,6720,2011,2024-05-02
CLI05135,2024-05-10,Bronze,3769,2667,2025-01-15
CLI01791,2022-12-12,Bronze,1664,555,2024-03-17
CLI03257,2025-06-23,Bronze,230,15,2025-09-04
CLI02703,2023-04-07,Bronze,787,106,2025-11-04
CLI03699,2022-09-14,Bronze,4045,908,2025-05-21
CLI05890,2023-02-23,Bronze,4043,1999,2023-05-28
CLI04241,2024-06-20,Bronze,987,51,2025-06-06
CLI03612,2025-10-09,Bronze,5209,3542,2025-11-15
CLI06029,2023-02-27,Bronze,7942,5544,2024-11-08
CLI04473,2024-06-22,Bronze,1547,1073,2025-07-31
CLI03063,2023-06-10,Bronze,1309,960,2024-09-03
CLI02335,2023-12-18,Bronze,10072,7829,2025-10-23
CLI01902,2024-03-01,Bronze,2114,1638,2024-11-23
CLI03289,2023-02-21,Bronze,4651,3659,
CLI02412,2023-09-24,Bronze,2283,429,2025-08-19
CLI04356,2025-04-23,Bronze,4770,64,2025-06-04
CLI00992,2024-09-22,Bronze,2477,1647,2025-05-21
CLI00511,2022-07-12,Bronze,172,145,2023-04-06
CLI04031,2024-05-31,Bronze,6071,1763,2025-10-21
CLI04824,2024-04-21,Bronze,4841,69,2025-01-10
CLI03514,2024-04-15,Bronze,2225,1727,2025-02-24
CLI03979,2023-06-02,Bronze,1698,61,2024-08-08
CLI04817,2024-05-11,Bronze,2436,1236,2025-09-30
CLI01454,2024-09-06,Bronze,318,214,2025-07-25
CLI05124,2025-11-03,Bronze,1288,1001,2025-11-20
CLI04647,2022-03-18,Bronze,1711,1076,2023-12-29
CLI00831,2022-10-03,Bronze,4156,785,
CLI02044,2024-06-29,Bronze,5658,442,2024-08-09
CLI03773,2024-09-21,Bronze,10237,9072,2025-08-14
CLI02811,2023-03-05,Bronze,3274,754,2024-02-16
CLI04989,2023-07-01,Bronze,1202,651,2025-03-07
CLI02429,2023-08-29,Bronze,2798,1498,2024-01-10
CLI02800,2024-02-02,Bronze,3681,3008,2024-05-21
CLI03866,2024-11-11,Bronze,1774,1538,2024-11-12
CLI05412,2023-12-25,Bronze,450,80,2024-04-25
CLI04151,2022-04-02,Bronze,1051,38,2022-05-10
CLI04981,2024-12-08,Bronze,3703,584,2025-12-11
CLI00890,2025-01-02,Bronze,579,349,2025-04-16
CLI02786,2022-12-25,Bronze,19,9,
CLI04349,2025-08-15,Bronze,2550,1362,2025-10-01
CLI04845,2025-11-12,Bronze,7027,5356,2025-11-21
CLI02236,2024-10-12,Bronze,3622,882,2025-01-21
CLI00701,2023-07-30,Bronze,2130,120,2025-10-13
CLI00408,2025-01-17,Bronze,6495,5380,2025-09-01
CLI05824,2024-09-09,Bronze,3822,1886,2025-02-04
CLI01451,2025-08-23,Bronze,4613,851,2025-12-06
CLI03848,2025-02-06,Bronze,2920,2006,2025-09-22
CLI05375,2024-11-06,Bronze,6463,3184,2024-11-07
CLI03009,2023-01-30,Bronze,9824,377,2025-11-07
CLI02559,2025-08-31,Silver,21699,11301,2025-12-23
CLI04219,2022-09-13,Bronze,1842,875,2025-03-19
CLI05249,2025-05-22,Bronze,4261,2709,2025-06-22
CLI00616,2024-03-09,Bronze,1962,1468,2024-07-08
CLI01642,2025-09-19,Bronze,6360,3335,2025-10-31
CLI00906,2025-11-14,Silver,12898,5675,2025-11-30
CLI01307,2025-02-13,Bronze,1224,920,2025-06-24
CLI05254,2024-01-19,Bronze,758,522,2025-11-02
CLI00399,2025-12-25,Bronze,6230,2456,2025-12-30
CLI02119,2025-10-16,Bronze,8761,7241,2025-11-23
CLI01435,2023-09-05,Silver,17409,11229,2025-08-10
CLI03010,2024-02-21,Bronze,348,254,2025-03-12
CLI05333,2023-10-14,Bronze,743,631,2024-09-02
CLI03733,2022-05-02,Silver,14449,8224,
CLI05908,2024-03-23,Bronze,5297,1539,2025-09-28
CLI00055,2024-04-05,Bronze,3556,794,2025-07-20
CLI04823,2025-01-07,Bronze,878,83,2025-08-13
CLI04681,2023-10-26,Bronze,11807,10019,2025-02-19
CLI03791,2024-07-10,Bronze,8482,2942,2025-03-07
CLI03847,2025-10-12,Bronze,3610,765,2025-12-28
CLI01525,2025-06-11,Bronze,9402,8025,2025-11-08
CLI00162,2022-01-22,Bronze,3814,731,2025-12-10
CLI03582,2024-09-23,Bronze,3458,1944,2025-11-26
CLI03214,2024-03-22,Bronze,6973,2891,2025-03-29
CLI05311,2024-03-13,Bronze,3447,1731,2024-07-02
CLI04365,2025-10-25,Bronze,4291,3028,2025-12-15
CLI04009,2023-11-08,Bronze,30,2,2025-10-20
CLI05597,2024-02-01,Bronze,721,490,2024-05-06
CLI02817,2023-03-11,Bronze,3865,1586,
CLI01176,2022-09-16,Bronze,1387,907,
CLI02463,2022-11-08,Bronze,5000,1357,
CLI03611,2023-10-15,Bronze,4337,2026,2024-06-11
CLI00308,2024-11-24,Bronze,3162,226,2025-02-24
CLI05478,2022-06-02,Bronze,201,29,2024-04-01
CLI04267,2024-03-15,Bronze,1417,1568,2025-01-14
CLI01758,2025-04-12,Bronze,1108,527,2025-08-03
CLI05783,2024-03-14,Bronze,1802,772,2025-04-13
CLI04507,2022-05-15,Bronze,9546,5866,
CLI03601,2024-10-26,Bronze,1273,612,2025-10-12
CLI04005,2025-02-13,Bronze,1657,1002,2025-12-21
CLI03440,2023-04-26,Bronze,7742,2066,2024-08-14
CLI03735,2024-01-02,Bronze,9019,11854,2025-07-19
CLI03643,2023-09-29,Bronze,41,26,2023-12-05
CLI04362,2024-02-27,Bronze,7327,6498,2025-09-16
CLI03542,2025-05-07,Bronze,1156,524,2025-07-21
CLI03415,2025-04-19,Bronze,9155,4375,2025-07-20
CLI01666,2022-03-11,Bronze,3027,720,
CLI04364,2024-12-02,Bronze,1690,186,2025-11-29
CLI02797,2023-11-09,Bronze,84,16,2024-11-15
CLI03469,2022-11-07,Bronze,160,72,2025-05-15
CLI00986,2023-11-06,Bronze,963,514,2024-06-13
CLI03477,2022-03-17,Bronze,5656,1627,2022-08-09
CLI01538,2023-07-28,Bronze,2195,290,2024-07-28
CLI00029,2023-11-22,Bronze,3026,1579,2024-09-25
CLI01715,2023-08-11,Silver,19351,4926,2025-10-06
CLI02070,2022-04-24,Bronze,2734,1263,
CLI02895,2024-03-17,Bronze,1285,312,2024-09-08
CLI02960,2022-10-02,Bronze,8389,4525,
CLI02971,2023-01-25,Bronze,2960,2386,2023-03-27
CLI05947,2024-10-18,Bronze,590,269,2025-01-08
CLI04638,2022-03-10,Bronze,3943,574,
CLI00522,2024-02-17,Bronze,4604,3726,2025-09-23
CLI04643,2023-01-20,Bronze,1586,25,2024-05-22
CLI01788,2023-09-18,Bronze,569,257,2023-10-03
CLI03829,2024-05-08,Silver,12467,8255,2025-10-03
CLI04925,2024-02-19,Bronze,4476,1338,2024-04-07
CLI01011,2024-02-02,Bronze,2434,1022,2024-10-29
CLI03272,2024-05-23,Bronze,526,237,2024-12-08
CLI01773,2025-07-22,Bronze,6139,1402,2025-08-26
CLI01700,2022-08-29,Bronze,5665,2927,
CLI04265,2025-08-19,Bronze,2156,890,2025-10-18
CLI02344,2023-02-23,Silver,12276,2428,2024-03-14
CLI05437,2025-07-09,Bronze,1404,184,2025-11-08
CLI02135,2023-08-30,Bronze,3266,1308,2025-07-04
CLI00346,2023-12-10,Bronze,1767,201,2025-04-15
CLI05581,2025-10-01,Bronze,295,197,2025-12-21
CLI01123,2024-12-07,Bronze,11610,6951,2025-05-05
CLI05719,2025-08-25,Bronze,2352,1219,2025-10-18
CLI04903,2022-08-10,Bronze,2765,318,
CLI02608,2022-08-07,Bronze,1494,1016,2022-09-26
CLI03653,2024-11-29,Bronze,266,61,2025-05-25
CLI03301,2023-09-05,Bronze,3457,1195,2023-11-27
CLI05614,2024-06-12,Bronze,2982,105,2025-01-05
CLI05811,2025-12-27,Bronze,1766,661,2025-12-31
CLI05462,2025-02-08,Bronze,1416,573,2025-07-19
CLI04562,2023-04-27,Bronze,7085,6289,2024-11-25
CLI04414,2023-11-22,Silver,15291,4813,2025-02-22
CLI04527,2022-05-15,Bronze,8707,6244,
CLI01838,2022-03-21,Bronze,7540,3623,2023-12-19
CLI00434,2025-10-09,Bronze,972,314,2025-11-21
CLI02269,2025-12-15,Bronze,9207,3896,2025-12-31
CLI03549,2023-05-02,Bronze,2294,943,
CLI01789,2023-01-23,Bronze,5384,4386,
CLI03863,2024-08-25,Bronze,2486,1560,2025-11-18
CLI01465,2022-01-27,Bronze,2046,1337,2023-08-19
CLI01277,2023-08-18,Silver,13222,5244,2023-11-06
CLI03728,2025-06-03,Bronze,1088,261,2025-11-11
CLI03672,2025-10-07,Bronze,1025,5,2025-12-17
CLI01395,2025-09-16,Bronze,444,280,2025-10-03
CLI05198,2023-06-07,Bronze,7015,3224,2025-06-14
CLI04108,2025-10-27,Bronze,458,399,2025-11-06
CLI04836,2025-08-16,Bronze,3066,402,2025-10-25
CLI01565,2022-02-11,Bronze,4979,3143,2023-11-11
CLI04703,2023-02-13,Bronze,799,552,
CLI03674,2022-06-07,Bronze,1098,283,2025-04-05
CLI05457,2023-11-10,Bronze,6148,1561,2025-09-27
CLI04270,2022-02-17,Bronze,1188,408,2022-11-10
CLI04457,2024-02-28,Bronze,65,37,2024-08-02
CLI03472,2024-11-01,Bronze,850,735,2025-02-08
CLI04561,2024-07-06,Bronze,4808,1770,2024-07-16
CLI01885,2022-06-30,Bronze,2062,539,
CLI01756,2024-02-17,Bronze,1585,1222,2025-09-07
CLI00453,2022-08-31,Bronze,1058,148,
CLI02719,2023-11-01,Bronze,1316,674,2024-06-20
CLI01708,2022-02-28,Bronze,3207,357,2024-06-08
CLI01180,2024-12-01,Bronze,2988,574,2025-12-29
CLI03854,2024-12-24,Silver,26059,15414,2025-01-03
CLI04758,2025-06-23,Bronze,4430,2510,2025-06-24
CLI05641,2022-05-03,Bronze,5907,2137,
CLI00774,2022-08-25,Bronze,3264,1248,
CLI05698,2023-04-11,Bronze,2296,534,2025-04-11
CLI04477,2024-04-06,Bronze,1546,746,2025-12-01
CLI04006,2025-03-16,Bronze,1509,1077,2025-12-17
CLI01116,2024-10-03,Bronze,6127,4034,2025-09-22
CLI00130,2022-06-04,Bronze,151,35,2023-04-16
CLI03598,2023-01-19,Bronze,4464,2678,2025-07-08
CLI02610,2023-05-17,Bronze,2664,360,
CLI02939,2022-11-08,Bronze,3331,1021,
CLI05935,2024-05-13,Bronze,108,67,2024-12-13
CLI00188,2022-12-08,Bronze,4658,2454,2024-11-18
CLI02308,2025-01-31,Bronze,3818,2446,2025-05-31
CLI04674,2024-02-20,Silver,14835,7867,2024-03-26
CLI02142,2024-02-16,Bronze,10346,2317,2024-12-20
CLI04932,2023-09-02,Bronze,7584,4099,2025-01-08
CLI05722,2022-04-07,Bronze,366,181,2025-10-10
CLI00420,2022-02-09,Bronze,5154,4401,
CLI00583,2025-09-04,Bronze,266,92,2025-09-05
CLI05475,2024-02-10,Bronze,4877,1231,2024-08-18
CLI01577,2023-08-02,Silver,14660,12880,2023-11-24
CLI03984,2022-04-23,Bronze,747,499,
CLI02115,2023-06-14,Bronze,2593,672,2025-12-30
CLI00935,2023-12-26,Bronze,6145,573,2025-06-17
CLI05715,2025-05-23,Silver,19664,16278,2025-06-04
CLI04195,2022-05-16,Bronze,130,55,2022-11-15
CLI01581,2023-06-23,Bronze,6803,1359,2024-06-02
CLI00672,2022-07-31,Bronze,994,803,
CLI03625,2022-04-30,Silver,24056,20984,2025-10-26
CLI02623,2024-08-28,Bronze,828,580,2025-08-23
CLI01499,2023-09-25,Bronze,1524,2074,2024-02-17
CLI04348,2023-06-15,Bronze,1803,58,2023-09-23
CLI02611,2025-12-09,Bronze,932,258,2025-12-21
CLI03149,2023-06-20,Bronze,273,77,2024-03-24
CLI02471,2025-05-08,Bronze,2767,798,2025-06-10
CLI02018,2024-11-06,Bronze,8639,3873,2024-11-21
CLI05178,2023-05-22,Bronze,1902,1267,2024-04-10
CLI04415,2025-08-16,Bronze,1192,141,2025-09-06
CLI05607,2025-12-18,Bronze,5475,1286,2025-12-24
CLI03177,2023-08-04,Bronze,3404,2980,2024-08-30
CLI04378,2023-08-02,Bronze,2925,2210,2024-03-11
CLI01716,2025-11-14,Bronze,5647,2097,2025-12-20
CLI01873,2022-06-07,Bronze,2910,1644,2024-04-03
CLI05139,2024-07-16,Bronze,9416,8153,2025-01-31
CLI00740,2023-01-21,Silver,16502,11159,
CLI05042,2025-09-14,Bronze,7408,1399,2025-12-16
CLI02027,2023-10-24,Bronze,284,174,2025-04-08
CLI05599,2025-11-21,Bronze,5665,1580,2025-12-29
CLI06023,2024-06-12,Bronze,3063,1036,2025-08-12
CLI05561,2024-02-04,Bronze,2492,875,2024-08-25
CLI03344,2022-04-15,Silver,15560,5805,
CLI04386,2024-10-23,Bronze,11971,5721,2024-12-29
CLI01129,2023-09-04,Bronze,707,2,2024-11-09
CLI01674,2025-10-28,Bronze,2099,1467,2025-11-29
CLI00916,2023-07-09,Bronze,283,84,2023-12-17
CLI02949,2025-10-10,Bronze,4393,1448,2025-12-10
CLI02566,2024-01-31,Bronze,613,18,2024-11-10
CLI04564,2025-08-15,Silver,14711,4098,2025-11-04
CLI02465,2025-10-12,Bronze,2806,1840,2025-12-02
CLI04106,2023-10-08,Bronze,997,631,2024-05-23
CLI03837,2025-03-21,Bronze,4752,1462,2025-07-23
CLI02294,2023-05-14,Bronze,3735,2943,
CLI01339,2022-04-09,Silver,18281,2110,
CLI00211,2025-06-20,Bronze,4730,2449,2025-08-13
CLI05241,2024-09-07,Bronze,4100,3206,2025-03-03
CLI04635,2022-05-14,Bronze,1973,858,2022-05-23
CLI05646,2023-04-02,Bronze,2880,1218,2023-10-08
CLI05388,2025-03-10,Bronze,496,26,2025-07-22
CLI02655,2022-09-02,Bronze,977,771,2022-12-07
CLI01641,2023-11-08,Bronze,4585,152,2025-05-31
CLI01167,2023-12-09,Bronze,780,585,2025-03-20
CLI02731,2022-01-26,Bronze,10984,408,
CLI02789,2022-11-30,Bronze,1927,1421,2023-03-26
CLI05255,2022-06-11,Silver,14592,7936,2025-08-04
CLI01936,2025-02-22,Bronze,706,206,2025-08-30
CLI05773,2023-07-04,Bronze,3758,5402,2025-01-29
CLI03507,2025-09-02,Bronze,919,647,2025-09-24
CLI00146,2022-11-06,Bronze,696,281,2025-04-21
CLI02420,2025-12-22,Bronze,824,16,2025-12-23
CLI03835,2024-09-04,Bronze,1659,945,2025-10-11
CLI00416,2025-03-16,Bronze,7199,1699,2025-11-19
CLI05056,2024-08-08,Bronze,8885,6173,2025-09-03
CLI00053,2023-09-30,Bronze,1612,130,2024-06-14
CLI03020,2023-10-19,Bronze,254,197,2025-07-13
CLI00659,2023-04-19,Bronze,6733,3106,
CLI04530,2025-06-04,Bronze,4079,1613,2025-10-16
CLI05179,2023-04-18,Bronze,1489,483,
CLI04745,2022-02-27,Bronze,2291,1916,2022-12-25
CLI02426,2025-09-30,Bronze,2839,327,2025-12-16
CLI00893,2024-06-02,Bronze,4277,1857,2025-12-09
CLI05929,2022-06-21,Bronze,4098,72,2025-11-26
CLI04712,2023-09-22,Bronze,604,258,2023-12-06
CLI04377,2022-11-10,Bronze,3357,2477,
CLI05745,2024-11-13,Silver,21016,12663,2025-08-02
CLI04873,2022-10-02,Bronze,875,15,2025-07-22
CLI01611,2022-08-29,Bronze,3414,351,
CLI01170,2024-09-04,Bronze,1573,231,2025-07-21
CLI05829,2022-08-04,Bronze,2246,458,2025-04-19
CLI03605,2022-10-03,Bronze,4157,1584,
CLI03693,2023-10-14,Bronze,6610,1775,2024-11-18
CLI05158,2025-05-26,Bronze,2978,2008,2025-09-04
CLI05357,2022-01-28,Bronze,2129,1822,2022-11-30
CLI01821,2022-10-26,Bronze,10645,9457,
CLI03998,2023-01-26,Gold,42745,30138,2025-11-07
CLI01321,2023-09-24,Bronze,6614,4573,2025-01-02
CLI00597,2023-04-12,Bronze,2614,736,
CLI00359,2024-11-05,Bronze,4004,823,2025-11-14
CLI00447,2024-12-25,Bronze,3218,2475,2024-12-26
CLI03548,2023-12-19,Gold,42422,24972,2025-10-18
CLI04118,2024-03-17,Bronze,7870,4964,2025-01-11
CLI05088,2025-09-06,Bronze,4779,4121,2025-11-25
CLI00290,2024-09-06,Silver,19379,3948,2025-09-07
CLI05992,2022-08-24,Bronze,205,86,
CLI01261,2022-07-08,Bronze,2307,721,
CLI04624,2025-09-22,Bronze,1261,701,2025-11-27
CLI04546,2024-10-18,Bronze,3742,511,2024-12-04
CLI06050,2025-02-25,Bronze,3020,1881,2025-11-17
CLI01122,2024-07-16,Bronze,461,38,2024-10-03
CLI00733,2022-03-13,Bronze,1069,135,2023-04-12
CLI01875,2023-02-13,Bronze,3904,2072,2023-10-31
CLI05371,2023-12-20,Bronze,2951,1827,2025-11-06
CLI02216,2024-06-23,Bronze,2609,1911,2025-07-08
CLI01343,2022-10-17,Bronze,4468,2491,2024-04-21
CLI05970,2025-08-12,Bronze,5826,2394,2025-08-18
CLI02941,2022-07-27,Bronze,908,94,
CLI03219,2024-08-26,Bronze,519,135,2025-07-27
CLI03274,2024-07-08,Bronze,8195,1136,2025-04-06
CLI05445,2025-10-06,Bronze,11896,3184,2025-10-23
CLI00748,2023-08-31,Bronze,5669,4426,2024-01-03
CLI02014,2022-09-20,Bronze,1860,1184,
CLI04665,2023-06-05,Bronze,2558,889,2025-01-22
CLI03113,2022-05-17,Bronze,559,288,2023-03-31
CLI03039,2024-08-26,Bronze,3599,2938,2025-03-12
CLI03452,2022-04-26,Bronze,3170,1773,
CLI01812,2024-10-06,Bronze,3937,1002,2025-01-26
CLI02458,2022-09-02,Bronze,10190,7977,2025-04-14
CLI03583,2025-06-25,Bronze,6248,4982,2025-08-30
CLI01442,2024-04-09,Bronze,1316,459,2025-10-10
CLI03808,2024-07-02,Bronze,206,131,2025-01-25
CLI00699,2025-01-15,Bronze,4555,870,2025-08-01
CLI00962,2025-04-24,Bronze,356,159,2025-11-28
CLI03786,2024-05-24,Bronze,3137,1424,2024-05-26
CLI01105,2023-03-30,Bronze,675,468,2025-10-16
CLI04017,2023-11-20,Bronze,3430,840,2024-02-05
CLI01681,2025-12-08,Silver,15653,9518,2025-12-17
CLI04898,2025-02-26,Bronze,3224,2562,2025-03-08
CLI04098,2024-12-17,Bronze,2639,533,2025-07-04
CLI00433,2024-08-23,Bronze,6388,3177,2025-07-02
CLI00719,2022-04-03,Bronze,1552,668,2023-05-26
CLI03919,2025-12-24,Bronze,2364,1737,2025-12-27
CLI03754,2025-01-12,Silver,20955,31179,2025-04-03
CLI04304,2022-03-13,Bronze,799,35,
CLI00713,2022-03-31,Bronze,6265,4495,2025-09-10
CLI01329,2022-04-27,Bronze,48,36,2023-11-02
CLI05477,2024-06-30,Bronze,11695,5276,2025-03-13
CLI03474,2025-06-13,Bronze,101,49,2025-12-16
CLI02041,2025-11-20,Bronze,3831,3108,2025-12-08
CLI05489,2025-04-06,Bronze,127,109,2025-04-29
CLI04084,2024-06-01,Bronze,5568,2863,2024-10-09
CLI05312,2023-07-05,Silver,14623,9388,2025-03-06
CLI04923,2024-10-20,Bronze,11064,3762,2024-11-18
CLI01906,2023-04-13,Bronze,7565,4383,
CLI02671,2025-02-09,Bronze,5316,4213,2025-08-01
CLI02643,2025-09-28,Bronze,1692,180,2025-11-18
CLI05331,2024-12-13,Bronze,715,621,2025-02-18
CLI02890,2023-09-01,Bronze,4869,2277,2024-06-01
CLI03512,2025-11-09,Bronze,2526,2125,2025-12-20
CLI05024,2022-04-04,Bronze,2804,421,2023-05-03
CLI04105,2025-03-16,Bronze,347,217,2025-05-20
CLI02517,2025-12-18,Bronze,552,204,2025-12-20
CLI05565,2025-10-03,Bronze,2346,1202,2025-12-25
CLI04723,2022-02-20,Bronze,1639,850,2025-02-22
CLI00319,2022-07-10,Bronze,10712,9625,
CLI05302,2024-02-21,Bronze,1638,1352,2025-10-28
CLI03206,2024-09-22,Bronze,5839,396,2025-02-27
CLI05643,2024-08-23,Bronze,4455,1797,2025-08-30
CLI05600,2025-01-04,Bronze,3306,432,2025-02-09
CLI03123,2022-02-22,Bronze,3133,1591,2024-06-01
CLI02114,2024-07-25,Bronze,10458,569,2024-12-06
CLI04462,2024-01-13,Bronze,1501,1244,2024-02-18
CLI03883,2025-12-09,Bronze,4970,138,2025-12-28
CLI04375,2024-08-09,Bronze,6674,4452,2025-02-20
CLI04361,2025-11-01,Bronze,8718,3109,2025-12-07
CLI00876,2022-03-14,Silver,17672,1016,2022-10-22
CLI03160,2024-02-09,Bronze,4687,396,2024-11-26
CLI04622,2022-03-09,Bronze,7388,1716,2023-12-10
CLI00232,2023-03-30,Bronze,7169,1381,
CLI03200,2024-08-31,Bronze,1328,382,2025-06-15
CLI03151,2024-10-30,Bronze,7493,2741,2025-12-21
CLI02617,2024-10-17,Bronze,890,491,2025-12-31
CLI01128,2024-09-02,Bronze,1877,1421,2025-07-07
CLI00808,2023-05-27,Bronze,106,16,
CLI01217,2024-06-16,Bronze,6499,2344,2024-06-26
CLI01490,2023-02-01,Bronze,9677,6343,2023-05-25
CLI02837,2024-09-24,Bronze,606,375,2025-05-05
CLI02558,2024-12-24,Bronze,1637,228,2025-01-05
CLI06026,2024-05-25,Bronze,3654,3159,2025-03-11
CLI05418,2022-07-18,Bronze,394,200,2023-03-16
CLI01837,2022-07-03,Bronze,2690,749,
CLI05574,2024-11-08,Bronze,1759,615,2025-12-13
CLI04672,2024-10-28,Bronze,84,41,2025-04-10
CLI05219,2023-08-14,Bronze,4505,742,2025-04-10
CLI05247,2022-10-30,Bronze,3230,1322,2024-05-22
CLI01078,2025-02-17,Bronze,7394,3785,2025-03-23
CLI04885,2022-06-09,Bronze,1952,206,
CLI04243,2023-11-12,Bronze,2044,1448,2024-10-08
CLI00963,2023-06-18,Bronze,4972,3821,2025-03-23
CLI03193,2024-05-17,Bronze,11114,3088,2024-05-19
CLI05867,2025-05-10,Bronze,1255,757,2025-06-25
CLI02973,2025-05-14,Bronze,1721,948,2025-05-17
CLI00988,2023-07-24,Bronze,708,144,2025-08-02
CLI04980,2022-02-16,Bronze,7290,4775,2023-09-23
CLI01108,2025-10-13,Bronze,543,150,2025-11-08
CLI01443,2022-04-01,Bronze,7279,5548,
CLI05045,2024-02-08,Bronze,2023,1411,2024-02-19
CLI01555,2023-06-07,Bronze,166,69,2024-08-31
CLI02707,2024-07-01,Bronze,508,292,2024-07-31
CLI00757,2024-09-22,Bronze,2655,1857,2025-11-29
CLI01699,2022-11-02,Silver,14108,12460,
CLI02859,2023-09-20,Bronze,1431,1718,2025-08-08
CLI02210,2022-04-03,Bronze,3508,1649,2024-11-20
CLI03132,2024-12-21,Bronze,957,768,2025-04-08
CLI03363,2024-11-13,Silver,12577,5195,2025-05-27
CLI04875,2023-02-13,Bronze,2158,732,2024-01-09
CLI02523,2023-04-22,Bronze,2059,933,
CLI04739,2025-04-02,Bronze,6744,4375,2025-11-20
CLI01429,2025-11-09,Bronze,3472,1717,2025-12-31
CLI00326,2024-01-16,Bronze,942,514,2024-09-12
CLI01950,2025-03-25,Bronze,2073,1609,2025-04-04
CLI01683,2025-09-29,Bronze,7633,952,2025-12-13
CLI04115,2023-12-26,Bronze,222,179,2025-06-12
CLI04740,2024-07-27,Bronze,3960,3257,2025-12-01
CLI05555,2023-12-17,Bronze,544,205,2024-05-11
CLI03152,2025-05-07,Bronze,1936,1156,2025-10-01
CLI05301,2023-11-15,Bronze,1479,627,2024-08-06
CLI03306,2023-12-07,Bronze,7947,348,2025-11-03
CLI04299,2024-02-02,Silver,15493,10477,2024-11-30
CLI03204,2025-07-31,Bronze,6567,4160,2025-08-27
CLI03016,2024-02-15,Bronze,4656,1368,2024-09-18
CLI02100,2022-03-25,Bronze,2122,140,2025-07-12
CLI03545,2024-09-05,Silver,18252,13830,2025-06-03
CLI03804,2025-07-28,Bronze,9972,8370,2025-12-18
CLI01742,2025-02-09,Bronze,1475,933,2025-04-20
CLI04586,2022-09-29,Bronze,3154,1992,
CLI03703,2024-02-04,Bronze,2635,912,2025-09-22
CLI00102,2024-08-06,Bronze,395,177,2025-04-07
CLI03990,2024-08-15,Bronze,6079,138,2025-02-19
CLI02537,2025-07-25,Bronze,8346,4555,2025-11-16
CLI03670,2022-11-22,Bronze,936,497,2025-01-15
CLI05918,2023-04-13,Bronze,982,204,2025-12-24
CLI00826,2023-09-10,Silver,18102,4698,2025-02-16
CLI05022,2025-08-20,Bronze,8927,7708,2025-09-04
CLI05843,2025-04-29,Bronze,308,52,2025-11-13
CLI00074,2025-04-25,Bronze,8147,4844,2025-10-30
CLI04654,2024-12-12,Bronze,1224,1019,2024-12-31
CLI03266,2023-11-15,Silver,16040,6989,2025-05-03
CLI01247,2024-10-21,Bronze,1653,162,2025-07-09
CLI02511,2023-04-05,Bronze,5139,6277,
CLI04544,2024-06-06,Bronze,642,454,2025-11-12
CLI05636,2024-08-03,Bronze,1385,354,2024-12-19
CLI04056,2025-03-12,Bronze,5483,2448,2025-11-03
CLI04409,2024-08-01,Bronze,4550,592,2025-01-13
CLI03527,2025-12-22,Bronze,8506,3838,2025-12-29
CLI01498,2022-08-04,Bronze,7549,3798,2025-12-29
CLI04612,2025-12-30,Bronze,3747,3354,2025-12-31
CLI01732,2022-10-04,Bronze,724,483,
CLI02262,2023-07-03,Bronze,5025,1744,2024-12-23
CLI04788,2024-05-30,Bronze,6894,3671,2025-12-09
CLI03889,2023-03-04,Bronze,4829,496,2025-04-30
CLI01846,2024-12-15,Bronze,1126,543,2025-06-19
CLI01524,2025-01-21,Bronze,536,374,2025-01-29
CLI05325,2023-04-26,Bronze,655,504,2025-07-13
CLI02910,2024-12-09,Bronze,89,62,2025-01-15
CLI01179,2023-04-02,Bronze,614,215,2024-04-04
CLI00081,2025-02-06,Silver,12213,4188,2025-03-26
CLI04396,2025-09-01,Bronze,443,383,2025-12-05
CLI05983,2024-03-25,Bronze,1446,927,2025-08-30
CLI03824,2023-06-06,Bronze,6276,2492,2025-09-08
CLI03518,2025-06-30,Bronze,1180,804,2025-12-02
CLI03064,2025-04-09,Bronze,1699,667,2025-07-01
CLI02662,2024-03-12,Bronze,4786,907,2025-11-26
CLI01182,2023-01-21,Bronze,272,63,
CLI04030,2024-12-07,Bronze,1579,1104,2025-10-30
CLI04493,2024-12-12,Bronze,6623,2191,2025-01-13
CLI02838,2022-05-07,Bronze,5192,4033,2022-09-05
CLI02417,2023-01-23,Bronze,7673,2970,
CLI04573,2024-12-25,Bronze,4266,2177,2025-08-12
CLI03136,2024-10-18,Bronze,5559,1081,2025-11-14
CLI02806,2023-02-28,Bronze,7050,3598,
CLI03280,2024-02-08,Bronze,7633,4934,2024-03-28
CLI03197,2022-06-15,Bronze,233,3,2022-08-11
CLI05757,2023-09-27,Bronze,7495,3215,2025-09-27
CLI05469,2024-11-09,Bronze,4725,1993,2025-04-09
CLI03356,2022-12-05,Bronze,920,751,2023-08-08
CLI02433,2025-06-03,Bronze,1958,1395,2025-10-19
CLI03940,2022-06-01,Bronze,6086,284,
CLI02956,2024-01-21,Bronze,5756,4529,2024-07-06
CLI02792,2022-08-31,Bronze,3042,1683,2024-09-01
CLI02464,2023-02-19,Bronze,6246,1673,2024-08-11
CLI02970,2025-03-05,Bronze,7430,6438,2025-09-06
CLI04783,2022-04-30,Bronze,101,25,2024-07-09
CLI04180,2023-11-27,Bronze,4368,1792,2025-12-15
CLI05032,2022-06-11,Bronze,848,323,
CLI04655,2022-10-02,Bronze,2323,608,
CLI02016,2022-07-09,Bronze,6272,2500,2023-08-26
CLI02040,2023-07-06,Silver,13395,9068,2025-07-03
CLI02186,2023-07-24,Silver,15797,7432,2024-05-17
CLI01697,2024-09-30,Bronze,210,40,2025-01-23
CLI00652,2025-02-02,Bronze,2300,1530,2025-11-28
CLI04538,2023-01-19,Bronze,4421,1176,
CLI03086,2022-01-28,Bronze,1922,825,2023-02-28
CLI03581,2024-02-26,Bronze,6052,933,2025-06-23
CLI05337,2022-09-18,Bronze,2616,2228,2023-05-21
CLI00214,2023-02-04,Bronze,1449,1131,2025-11-18
CLI03665,2025-11-14,Bronze,2685,2121,2025-12-13
CLI00604,2025-11-24,Bronze,1395,1798,2025-12-07
CLI04936,2022-04-11,Bronze,1451,78,2024-12-18
CLI02154,2024-09-07,Bronze,2046,1606,2024-11-24
CLI04716,2023-05-20,Bronze,388,1,2025-09-27
CLI00369,2025-05-17,Bronze,6064,4923,2025-11-12
CLI00471,2024-05-20,Bronze,2666,2069,2025-01-04
CLI01731,2024-02-11,Bronze,2723,67,2025-11-21
CLI01032,2024-11-16,Bronze,2288,1604,2025-11-26
CLI03434,2024-03-14,Silver,15118,4974,2025-05-01
CLI00222,2025-08-27,Bronze,8197,4718,2025-12-05
CLI00563,2025-12-08,Bronze,70,13,2025-12-20
CLI05399,2024-01-26,Bronze,8429,4454,2024-02-15
CLI03746,2022-07-11,Bronze,11916,1111,2025-03-24
CLI01586,2024-01-26,Bronze,3718,1180,2024-03-03
CLI03769,2022-07-02,Bronze,1995,105,
CLI01926,2023-11-29,Silver,17130,10137,2024-03-10
CLI01859,2022-10-19,Bronze,1904,1509,
CLI04650,2025-03-18,Silver,12249,1279,2025-07-08
CLI03427,2025-09-25,Bronze,9295,172,2025-11-05
CLI03067,2023-03-10,Bronze,1054,21,2024-10-10
CLI05551,2022-11-23,Bronze,3139,2394,2022-12-08
CLI02174,2022-09-21,Bronze,1025,21,2025-01-12
CLI03557,2022-09-16,Bronze,4454,936,2025-09-04
CLI04761,2023-10-03,Bronze,469,52,2025-07-10
CLI05718,2025-08-07,Bronze,8069,2438,2025-10-14
CLI04296,2022-09-24,Bronze,2652,1363,2023-04-30
CLI04018,2022-05-07,Bronze,287,197,
CLI02894,2023-04-18,Bronze,117,87,2024-10-01
CLI01650,2025-06-30,Bronze,82,110,2025-08-22
CLI00101,2023-06-11,Bronze,431,333,2023-08-08
CLI02450,2024-10-06,Bronze,9287,8238,2025-09-28
CLI04913,2024-05-23,Bronze,535,433,2025-07-30
CLI02028,2025-03-11,Bronze,5684,3033,2025-08-17
CLI02093,2024-11-02,Bronze,10358,11879,2025-04-17
CLI04425,2023-12-07,Bronze,5800,1759,2024-10-13
CLI05888,2023-09-11,Bronze,853,351,2025-08-07
CLI05681,2023-04-19,Bronze,3590,948,2024-02-21
CLI04927,2024-08-02,Bronze,2135,131,2024-10-31
CLI00068,2022-08-31,Bronze,4012,652,2025-07-08
CLI05307,2023-06-04,Bronze,10651,7157,2025-08-20
CLI03978,2025-08-01,Bronze,1300,981,2025-10-11
CLI02035,2025-03-25,Bronze,4332,1652,2025-07-16
CLI04160,2024-01-11,Bronze,14,4,2024-10-29
CLI00373,2022-04-30,Bronze,5953,4920,2025-01-04
CLI04535,2025-09-17,Bronze,801,233,2025-11-04
CLI02545,2022-07-26,Bronze,1688,1240,2025-12-29
CLI02461,2025-03-16,Bronze,7229,5832,2025-03-30
CLI04003,2024-03-11,Bronze,7258,2873,2025-10-30
CLI00494,2025-12-29,Bronze,2185,254,2025-12-30
CLI01173,2022-06-29,Bronze,5037,3662,2022-07-21
CLI02795,2022-09-17,Bronze,4964,1722,
CLI02713,2022-07-12,Bronze,699,513,2024-03-25
CLI01675,2022-11-14,Bronze,1011,426,2023-09-29
CLI01431,2024-10-14,Bronze,1135,738,2024-11-19
CLI00922,2025-02-15,Bronze,3110,1883,2025-08-18
CLI00969,2022-03-20,Silver,14001,12233,2023-10-29
CLI03179,2023-02-19,Bronze,7338,1734,2023-06-24
CLI01546,2024-08-27,Bronze,1867,1048,2025-02-02
CLI03972,2025-02-24,Bronze,978,222,2025-10-09
CLI00949,2023-02-20,Bronze,2897,2240,2025-11-04
CLI00664,2024-03-14,Bronze,2939,196,2025-04-03
CLI03216,2022-10-31,Bronze,27,10,2025-06-24
CLI03893,2022-09-21,Bronze,6884,3994,2025-11-01
CLI01087,2023-08-02,Bronze,1642,945,2024-01-18
CLI02712,2024-03-31,Bronze,10571,5272,2025-09-30
CLI03314,2024-12-07,Bronze,4880,820,2024-12-10
CLI01407,2022-03-21,Bronze,2201,527,2023-12-26
CLI04385,2025-08-26,Bronze,9960,7012,2025-10-31
CLI03341,2024-05-21,Bronze,786,466,2025-12-18
CLI02095,2024-03-16,Bronze,65,12,2024-09-13
CLI02058,2024-10-17,Bronze,6117,595,2025-11-06
CLI05391,2024-12-20,Bronze,332,68,2025-03-31
CLI00532,2024-09-19,Bronze,6801,280,2025-07-12
CLI00079,2022-07-17,Bronze,2548,1415,2025-06-27
CLI03007,2022-08-06,Bronze,1387,1139,2023-06-29
CLI03334,2025-09-16,Bronze,1930,1473,2025-12-14
CLI00972,2024-03-06,Silver,18745,2356,2024-03-15
CLI03708,2023-12-17,Bronze,478,282,2025-12-20
CLI01137,2022-07-24,Bronze,2193,1438,2024-11-15
CLI04082,2022-12-10,Silver,12816,8841,2025-05-21
CLI05816,2025-05-06,Bronze,1034,20,2025-08-17
CLI03522,2022-02-24,Silver,12769,517,2022-08-28
CLI05872,2023-01-17,Bronze,6160,4284,2025-02-17
CLI05456,2022-11-26,Bronze,140,113,2023-09-24
CLI03544,2023-03-14,Bronze,4524,3754,2023-12-24
CLI02528,2023-01-03,Bronze,1362,663,
CLI03806,2025-08-16,Bronze,1263,873,2025-10-19
CLI02699,2025-12-30,Bronze,6421,1965,2025-12-31
CLI04728,2022-05-01,Bronze,5222,3169,
CLI01767,2024-12-07,Bronze,1331,59,2025-08-16
CLI01209,2025-01-07,Bronze,6609,4987,2025-10-23
CLI01562,2024-09-07,Bronze,6155,1190,2025-09-17
CLI04008,2023-03-24,Bronze,9779,2386,
CLI01954,2022-03-28,Bronze,2266,2007,2025-11-21
CLI02636,2024-09-26,Bronze,3982,2448,2024-11-14
CLI01283,2024-12-06,Bronze,5205,2562,2024-12-07
CLI02468,2024-05-20,Bronze,6331,5408,2025-05-11
CLI00229,2023-07-07,Bronze,4823,2759,2023-09-09
CLI05430,2024-02-26,Bronze,33,18,2025-09-07
CLI01685,2023-04-17,Bronze,840,526,2025-04-18
CLI04587,2023-01-01,Bronze,3977,488,
CLI01986,2025-07-21,Silver,13492,9289,2025-10-21
CLI00743,2024-09-12,Bronze,7975,7029,2025-12-19
CLI05172,2025-03-17,Bronze,4630,731,2025-10-31
CLI03691,2023-09-29,Bronze,8969,7164,2024-06-29
CLI03683,2025-05-05,Bronze,5311,3104,2025-09-18
CLI02078,2023-10-13,Bronze,3361,1204,2025-08-21
CLI00723,2022-08-16,Bronze,47,24,2023-08-25
CLI02858,2022-09-27,Bronze,4690,1487,
CLI05547,2025-06-03,Bronze,1586,723,2025-11-22
CLI04976,2023-08-13,Bronze,748,377,2023-11-04
CLI01649,2023-02-04,Bronze,5017,767,2024-04-18
CLI03416,2023-03-31,Bronze,885,264,2023-05-06
CLI03845,2024-09-24,Bronze,6417,1097,2025-07-17
CLI01336,2022-05-14,Bronze,4895,771,2025-10-02
CLI02791,2024-03-27,Bronze,3587,231,2025-11-15
CLI00508,2022-11-18,Bronze,376,38,2023-08-09
CLI04492,2024-12-21,Bronze,4819,3502,2025-07-06
CLI04337,2025-11-06,Bronze,7745,4515,2025-12-04
CLI01119,2025-12-18,Bronze,757,476,2025-12-22
CLI05522,2022-01-27,Bronze,7218,508,2024-05-31
CLI05530,2023-04-11,Bronze,97,82,2025-05-04
CLI00135,2024-02-11,Bronze,9840,6070,2025-12-28
CLI01356,2022-07-20,Bronze,1745,158,2023-04-13
CLI02248,2024-02-16,Bronze,3966,384,2025-03-05
CLI06000,2025-06-10,Bronze,2252,1333,2025-08-10
CLI01722,2022-10-15,Bronze,4899,3480,2023-04-11
CLI01392,2022-08-08,Bronze,129,38,
CLI04854,2025-06-17,Bronze,4740,2727,2025-07-03
CLI01236,2024-07-08,Bronze,5392,1038,2025-12-28
CLI05714,2024-08-11,Bronze,2320,2001,2024-09-25
CLI01730,2025-10-07,Bronze,2108,2801,2025-10-13
CLI05290,2025-08-02,Bronze,2009,1438,2025-08-30
CLI02881,2024-09-01,Bronze,9140,6408,2025-02-09
CLI01645,2025-10-08,Bronze,6126,2697,2025-10-21
CLI03270,2024-08-02,Bronze,1253,95,2025-04-20
CLI00741,2022-04-20,Silver,15021,2179,2024-06-08
CLI00714,2024-10-27,Bronze,2226,879,2025-06-02
CLI04813,2023-11-26,Bronze,646,528,2025-11-26
CLI00196,2023-09-28,Bronze,651,312,2025-12-07
CLI03025,2024-12-27,Bronze,1633,463,2025-02-10
CLI05237,2024-05-29,Bronze,683,268,2024-08-23
CLI00975,2024-04-25,Bronze,11270,9556,2024-10-17
CLI01783,2025-07-04,Bronze,1302,470,2025-09-20
CLI05287,2022-08-02,Bronze,1763,791,2024-09-14
CLI02555,2025-11-17,Bronze,4277,161,2025-12-26
CLI01280,2024-06-28,Bronze,1257,999,2025-08-21
CLI04438,2024-03-22,Bronze,1151,641,2024-12-05
CLI00905,2025-12-21,Bronze,312,189,2025-12-26
CLI01772,2022-05-11,Bronze,3761,1296,
CLI04685,2024-04-14,Bronze,759,669,2025-09-15
CLI02371,2024-10-20,Silver,25187,22253,2025-11-18
CLI00950,2023-09-10,Bronze,9257,2147,2023-10-25
CLI04781,2024-04-28,Bronze,3321,5,2025-03-04
CLI01815,2025-01-14,Bronze,8458,4870,2025-04-18
CLI03442,2025-01-28,Bronze,3468,2526,2025-11-29
CLI04275,2024-05-04,Bronze,1426,882,2025-03-08
CLI04172,2024-05-07,Bronze,3090,1176,2025-03-16
CLI01593,2024-12-26,Silver,18648,7151,2025-11-15
CLI03633,2025-11-05,Bronze,2494,1514,2025-12-07
CLI01662,2022-06-04,Bronze,2285,552,
CLI04972,2023-02-19,Bronze,293,141,2025-04-11
CLI02576,2024-12-12,Bronze,5063,700,2025-12-14
CLI05558,2025-08-22,Silver,16426,6882,2025-09-19
CLI00832,2025-03-14,Bronze,4242,75,2025-10-16
CLI05805,2024-11-25,Bronze,7339,2700,2025-03-09
CLI00378,2023-01-22,Silver,12197,1720,2024-03-20
CLI00475,2022-08-10,Bronze,750,202,2024-06-11
CLI02999,2023-09-12,Silver,22781,3994,2025-07-25
CLI03934,2024-12-19,Bronze,6724,3251,2025-07-17
CLI00934,2024-12-23,Bronze,1645,929,2025-04-13
CLI02235,2023-09-08,Bronze,1832,20,2023-09-22
CLI04475,2025-06-18,Silver,12379,4281,2025-09-18
CLI02372,2025-02-24,Bronze,10639,3,2025-08-20
CLI03954,2024-10-28,Bronze,6783,4287,2024-12-18
CLI02596,2023-02-09,Bronze,7485,3787,
CLI04900,2025-02-28,Bronze,8308,2254,2025-04-08
CLI00189,2024-06-05,Bronze,303,195,2025-11-24
CLI00080,2022-04-07,Bronze,2609,3378,2024-01-13
CLI00064,2023-08-10,Bronze,758,328,2024-03-23
CLI01747,2024-06-06,Silver,12282,1118,2025-11-23
CLI04259,2024-09-17,Bronze,808,137,2025-12-24
CLI01701,2025-05-15,Bronze,10183,1326,2025-10-10
CLI01768,2024-04-27,Bronze,3378,1065,2025-04-14
CLI05977,2023-02-06,Bronze,471,366,2025-09-19
CLI05990,2023-03-30,Bronze,9521,7845,2024-05-07
CLI00333,2024-05-07,Bronze,4212,2197,2025-03-16
CLI05162,2025-02-03,Bronze,3468,923,2025-12-09
CLI00742,2025-05-24,Bronze,1648,709,2025-09-12
CLI00717,2022-06-14,Bronze,2501,573,2024-09-22
CLI04732,2025-12-24,Bronze,9850,2600,2025-12-30
CLI04545,2025-06-24,Bronze,2786,1798,2025-12-05
CLI00329,2024-05-01,Bronze,1649,730,2025-04-30
CLI01083,2024-05-23,Bronze,1576,173,2025-06-15
CLI02574,2025-03-23,Silver,27384,15292,2025-10-28
CLI00173,2025-08-31,Bronze,4311,2489,2025-09-01
CLI04459,2024-12-04,Bronze,3714,2220,2024-12-27
CLI00666,2023-10-29,Silver,20523,10221,2024-11-11
CLI01223,2023-07-30,Silver,21804,19044,2025-04-28
CLI01194,2024-02-03,Bronze,334,62,2025-09-04
CLI06001,2025-12-27,Bronze,2224,11,2025-12-31
CLI03630,2023-04-22,Bronze,7158,935,2025-08-08
CLI00702,2022-11-29,Bronze,3349,275,
CLI06035,2025-11-25,Bronze,3835,629,2025-12-03
CLI00163,2025-11-16,Bronze,1455,1147,2025-12-29
CLI05988,2022-03-13,Bronze,4781,2425,2022-11-06
CLI00997,2022-12-01,Bronze,5439,625,2025-07-15
CLI01077,2022-03-01,Bronze,3618,827,
CLI04991,2022-05-27,Bronze,5758,2841,
CLI04787,2022-08-14,Bronze,2846,911,2023-03-23
CLI03178,2022-09-17,Bronze,6158,676,2024-03-26
CLI05107,2025-02-04,Bronze,4864,3767,2025-12-12
CLI01464,2022-09-12,Bronze,8128,3702,
CLI01876,2025-10-16,Bronze,4647,1566,2025-10-18
CLI03832,2022-02-14,Bronze,2961,1235,2023-08-05
CLI01243,2025-11-22,Bronze,1375,1035,2025-12-19
CLI00980,2024-09-14,Bronze,4170,3049,2025-07-24
CLI05941,2022-11-26,Bronze,166,75,2023-10-30
CLI02742,2022-04-09,Bronze,925,193,
CLI03243,2025-04-09,Bronze,2261,1174,2025-09-12
CLI05675,2022-04-29,Bronze,6949,3292,2022-10-27
CLI05067,2022-11-11,Bronze,9183,5786,2025-02-11
CLI00244,2024-07-28,Bronze,10484,3788,2024-09-30
CLI02017,2023-09-21,Bronze,3067,2504,2024-09-22
CLI05554,2023-01-06,Bronze,8977,7964,
CLI01264,2024-12-02,Bronze,1990,85,2025-05-07
CLI04338,2024-12-04,Bronze,1183,334,2025-01-30
CLI04469,2024-03-16,Bronze,5973,4899,2024-08-19
CLI04598,2022-07-05,Bronze,255,188,2025-01-12
CLI05213,2023-01-18,Silver,24129,11227,2025-10-04
CLI03860,2025-03-05,Bronze,2058,2998,2025-06-26
CLI02055,2023-06-04,Bronze,10066,4113,2023-07-28
CLI05421,2025-10-31,Bronze,738,417,2025-11-30
CLI01385,2023-02-28,Bronze,7454,2055,2024-11-10
CLI04040,2022-05-04,Bronze,4180,515,2024-06-09
CLI00789,2024-09-22,Bronze,7015,607,2025-04-13
CLI01741,2022-12-09,Bronze,2903,1228,
CLI05167,2024-05-20,Bronze,2544,488,2025-08-20
CLI01858,2023-07-30,Bronze,2517,2152,2023-10-16
CLI00020,2023-09-19,Bronze,875,517,2025-03-25
CLI00747,2023-03-28,Bronze,3544,2737,2023-11-08
CLI04109,2025-11-03,Silver,12871,10494,2025-11-28
CLI05271,2025-11-30,Bronze,2604,970,2025-12-12
CLI05118,2022-07-22,Bronze,2693,69,
CLI04464,2023-10-19,Bronze,93,51,2024-07-20
CLI05568,2024-04-22,Bronze,1761,444,2025-10-20
CLI04484,2023-04-27,Bronze,47,22,
CLI02162,2024-12-06,Bronze,3063,1842,2025-07-09
CLI02751,2022-10-01,Bronze,5740,2693,2023-09-07
CLI03623,2024-08-06,Bronze,7849,532,2025-05-13
CLI02022,2022-11-23,Bronze,7259,4970,
CLI02353,2022-04-03,Bronze,3622,1382,2023-10-13
CLI02124,2025-02-03,Bronze,9728,2364,2025-09-12
CLI05748,2022-12-08,Bronze,5235,3150,2025-11-01
CLI01145,2022-07-12,Bronze,7183,4243,2022-09-11
CLI00445,2025-02-18,Bronze,753,229,2025-05-01
CLI00641,2025-11-12,Bronze,2307,1677,2025-12-28
CLI05222,2023-10-03,Bronze,4725,282,2025-03-24
CLI01599,2025-09-02,Bronze,2203,10,2025-11-16
CLI00460,2022-03-29,Bronze,997,344,2022-06-17
CLI04809,2022-05-03,Bronze,3283,2913,
CLI02590,2022-05-03,Bronze,9106,2336,2023-06-04
CLI05009,2025-10-11,Bronze,6249,3528,2025-10-15
CLI05823,2025-04-19,Bronze,933,216,2025-05-10
CLI00588,2023-07-28,Bronze,2347,196,2023-09-02
CLI00626,2022-01-16,Bronze,42,9,
CLI02846,2023-08-14,Bronze,2212,1373,2025-11-12
CLI06047,2023-03-18,Bronze,2454,1290,
CLI01091,2025-01-01,Bronze,755,87,2025-05-21
CLI05197,2024-07-14,Bronze,6722,569,2025-09-29
CLI00736,2023-01-16,Bronze,193,147,2025-08-02
CLI04630,2025-07-15,Bronze,387,317,2025-12-18
CLI04384,2025-09-28,Bronze,4761,2436,2025-10-18
CLI04143,2024-03-05,Bronze,3627,2757,2025-10-12
CLI05667,2025-07-24,Bronze,1345,530,2025-08-10
CLI02411,2025-12-13,Bronze,4957,2237,2025-12-30
CLI03362,2025-04-02,Bronze,422,351,2025-04-16
CLI02536,2022-11-27,Bronze,5237,1719,
CLI01910,2024-11-22,Bronze,11123,7224,2025-03-15
CLI00337,2025-08-02,Silver,15831,2782,2025-12-04
CLI03296,2025-02-28,Bronze,9435,5154,2025-12-30
CLI03300,2024-06-05,Bronze,4492,598,2024-11-22
CLI03072,2022-01-25,Bronze,10194,7095,
CLI00280,2022-12-23,Bronze,1518,196,2024-01-09
CLI02942,2023-03-06,Silver,13273,8692,
CLI02207,2025-10-05,Bronze,4531,4019,2025-12-26
CLI03743,2022-09-20,Bronze,2923,966,2023-01-18
CLI00877,2024-03-28,Bronze,11196,2256,2025-08-13
CLI04554,2023-08-23,Bronze,5114,4023,2024-05-18
CLI03024,2024-06-15,Bronze,4811,142,2025-10-20
CLI03278,2022-04-14,Bronze,2543,3276,2023-07-26
CLI05880,2023-12-24,Bronze,433,378,2024-07-05
CLI00139,2025-11-27,Bronze,1599,761,2025-12-02
CLI02701,2023-06-29,Bronze,3101,2215,2024-02-29
CLI00505,2024-09-02,Bronze,443,225,2025-05-13
CLI03379,2023-04-12,Bronze,827,536,
CLI04127,2024-07-27,Bronze,5790,254,2025-08-01
CLI05095,2025-07-16,Bronze,1895,528,2025-10-07
CLI01147,2025-04-08,Bronze,3720,987,2025-06-18
CLI00914,2025-04-20,Silver,13703,952,2025-06-13
CLI05090,2024-05-21,Bronze,9559,3506,2025-12-22
CLI01901,2024-11-08,Bronze,3985,1286,2024-12-02
CLI00121,2023-07-23,Bronze,4880,3210,2023-08-07
CLI00388,2023-10-17,Bronze,2109,1710,2025-01-18
CLI02437,2024-09-28,Bronze,1311,303,2025-01-30
CLI02818,2025-03-17,Bronze,607,288,2025-12-20
CLI05327,2023-10-28,Bronze,4266,1504,2023-12-19
CLI03857,2025-06-02,Bronze,687,45,2025-06-23
CLI02704,2022-06-28,Bronze,2772,2473,
CLI04675,2022-02-14,Bronze,394,13,2022-11-22
CLI02272,2022-07-25,Bronze,5941,3499,2024-11-08
CLI02752,2022-12-24,Bronze,1723,588,2023-12-02
CLI01536,2022-02-28,Bronze,1975,678,2023-05-23
CLI05143,2024-09-05,Bronze,6165,2991,2025-09-03
CLI02092,2024-12-28,Bronze,948,701,2025-01-24
CLI05212,2023-11-08,Bronze,333,98,2025-04-25
CLI03284,2022-09-18,Bronze,1973,1553,2023-12-01
CLI04549,2024-09-18,Bronze,1928,2166,2025-04-17
CLI02676,2022-10-04,Bronze,11150,3588,2024-04-25
CLI00148,2025-06-22,Bronze,976,517,2025-11-09
CLI03066,2024-09-23,Bronze,1343,943,2025-04-07
CLI01228,2022-03-02,Bronze,4599,2158,
CLI02126,2022-11-07,Bronze,2718,3354,2022-12-08
CLI03814,2022-10-12,Bronze,449,375,2025-11-29
CLI01842,2024-11-22,Bronze,3191,67,2025-05-18
CLI04123,2023-12-08,Bronze,7142,8972,2024-01-25
CLI00036,2023-03-29,Bronze,10423,5065,2023-06-18
CLI00632,2025-10-19,Bronze,1747,596,2025-12-29
CLI05683,2024-01-01,Bronze,2316,1209,2025-04-21
CLI03187,2025-09-03,Bronze,1931,284,2025-11-20
CLI05341,2022-05-29,Bronze,5813,4440,2025-02-16
CLI00729,2022-03-06,Bronze,5383,2651,
CLI05046,2024-08-05,Bronze,6457,1635,2024-09-29
CLI02159,2023-01-27,Bronze,8955,6451,2024-11-09
CLI01764,2023-11-17,Silver,14166,5444,2024-06-20
CLI02799,2022-05-15,Bronze,7371,6114,2024-06-02
CLI02656,2023-05-19,Bronze,988,465,
CLI00454,2025-05-28,Bronze,604,62,2025-12-29
CLI04034,2023-07-26,Bronze,620,189,2024-04-06
CLI02923,2025-01-14,Bronze,271,75,2025-12-10
CLI05108,2025-09-28,Silver,12771,5785,2025-11-21
CLI02831,2022-10-26,Bronze,6607,1511,2023-10-20
CLI01059,2022-03-07,Bronze,665,253,2022-03-10
CLI03749,2024-09-20,Bronze,9743,660,2025-08-25
CLI01585,2025-09-20,Bronze,2368,919,2025-10-15
CLI04096,2024-12-08,Bronze,4847,1070,2025-03-09
CLI02990,2024-02-10,Bronze,2993,2061,2025-12-13
CLI01880,2024-08-14,Bronze,8169,7283,2024-12-07
CLI03671,2025-06-12,Bronze,3955,606,2025-07-20
CLI02541,2022-03-08,Bronze,1355,774,2023-08-20
CLI02406,2023-03-20,Bronze,5157,1583,
CLI02387,2023-06-21,Bronze,642,37,2025-11-27
CLI01330,2024-09-17,Bronze,4450,2090,2025-06-30
CLI01548,2022-10-03,Bronze,3300,2485,2024-11-05
CLI05742,2022-12-16,Bronze,1818,2067,2023-09-27
CLI00449,2024-09-28,Bronze,2685,263,2025-09-30
CLI00208,2022-03-14,Bronze,9003,3987,
CLI04763,2023-01-05,Bronze,5942,1844,2023-02-25
CLI04196,2023-11-30,Bronze,433,131,2024-07-18
CLI05393,2025-02-01,Bronze,2039,408,2025-03-05
CLI00982,2025-06-19,Bronze,8259,4033,2025-06-20
CLI04798,2025-06-11,Bronze,6102,148,2025-09-04
CLI04541,2022-02-25,Bronze,8888,1881,
CLI05546,2022-06-13,Bronze,1739,1055,
CLI00933,2025-04-20,Silver,12618,2055,2025-10-29
CLI01311,2024-07-21,Silver,23671,11464,2025-11-05
CLI00086,2025-05-13,Bronze,507,239,2025-06-08
CLI05871,2025-08-05,Bronze,7400,1478,2025-12-16
CLI03723,2022-08-18,Bronze,1925,1433,2025-10-18
CLI04330,2024-04-07,Bronze,1135,431,2024-09-30
CLI03330,2025-12-27,Bronze,6576,35,2025-12-29
CLI04715,2025-11-22,Bronze,4633,473,2025-12-20
CLI03085,2024-05-02,Bronze,2888,1720,2025-08-25
CLI01529,2025-03-28,Bronze,8849,4244,2025-11-01
CLI00801,2024-09-17,Bronze,9872,3392,2025-05-06
CLI03195,2024-04-16,Bronze,8136,5527,2025-08-01
CLI02785,2022-05-16,Bronze,7024,6106,2025-04-29
CLI04767,2022-02-28,Bronze,120,101,2022-03-10
CLI04683,2025-08-28,Bronze,426,236,2025-12-28
CLI02194,2024-03-18,Bronze,2506,1169,2025-08-25
CLI01389,2025-11-17,Bronze,1785,216,2025-12-02
CLI03839,2023-08-25,Bronze,582,12,2024-12-06
CLI05889,2024-02-04,Bronze,5691,3678,2025-06-29
CLI04052,2025-09-13,Bronze,5080,1784,2025-09-30
CLI03391,2023-08-07,Bronze,11911,5309,2024-01-26
CLI03325,2022-01-15,Silver,17763,398,2022-08-07
CLI04690,2024-11-06,Bronze,9475,420,2025-02-23
CLI03867,2023-08-18,Bronze,6045,2093,2024-02-27
CLI02259,2023-01-15,Bronze,2483,245,
CLI05853,2023-04-04,Bronze,514,151,
CLI05200,2022-03-13,Bronze,3480,1633,2024-01-01
CLI05965,2022-09-28,Silver,12759,2631,
CLI00724,2024-03-09,Bronze,1134,712,2024-04-09
CLI04001,2025-12-04,Bronze,4406,1018,2025-12-09
CLI05260,2025-03-08,Bronze,2643,2100,2025-12-30
CLI03648,2024-06-13,Bronze,6646,5350,2024-11-06
CLI01998,2024-10-11,Bronze,3846,1166,2025-12-06
CLI03836,2023-10-20,Bronze,249,212,2024-11-15
CLI05979,2025-10-25,Bronze,3105,110,2025-12-04
CLI02475,2025-10-31,Bronze,2971,128,2025-12-25
CLI01410,2023-10-15,Bronze,2704,547,2024-10-05
CLI00315,2025-03-06,Bronze,4931,3447,2025-12-09
CLI05642,2024-10-05,Bronze,1772,131,2025-07-15
CLI04465,2025-05-06,Bronze,4099,1924,2025-12-31
CLI01684,2025-09-26,Bronze,2132,1792,2025-11-18
CLI05405,2022-08-11,Bronze,2235,344,
CLI05297,2023-07-24,Bronze,2260,833,2025-02-19
CLI00005,2025-10-29,Bronze,3861,153,2025-11-14
CLI00767,2025-03-23,Bronze,518,283,2025-05-13
CLI02547,2025-12-21,Bronze,4529,5389,2025-12-31
CLI05960,2022-03-09,Bronze,1062,906,2024-01-14
CLI02826,2025-02-06,Bronze,5036,1096,2025-04-17
CLI03666,2023-07-04,Bronze,5481,969,2024-03-05
CLI00623,2024-09-03,Bronze,583,509,2025-02-06
CLI00027,2025-03-23,Bronze,10008,363,2025-06-30
CLI01635,2024-01-10,Bronze,514,104,2025-06-08
CLI04888,2025-02-23,Bronze,2579,1460,2025-04-07
CLI05825,2023-03-16,Bronze,2654,1367,
CLI05126,2023-09-18,Bronze,235,196,2024-02-06
CLI06036,2023-10-09,Bronze,7946,802,2025-09-30
CLI05533,2023-07-05,Bronze,68,48,2025-08-30
CLI03506,2023-05-09,Bronze,597,325,2023-09-30
CLI01874,2025-02-26,Bronze,3183,1661,2025-10-11
CLI01210,2023-04-02,Bronze,5197,1659,
CLI02237,2022-08-22,Bronze,3144,788,
CLI02736,2022-04-13,Silver,15864,3127,2025-07-03
CLI01269,2025-04-04,Bronze,3222,974,2025-12-03
CLI02424,2024-05-02,Silver,18629,5048,2024-06-09
CLI02444,2025-10-31,Bronze,942,525,2025-12-12
CLI04069,2025-10-17,Bronze,4147,1946,2025-10-26
CLI01975,2025-02-17,Bronze,2937,2229,2025-08-16
CLI02288,2022-12-16,Bronze,2446,952,2025-06-04
CLI02644,2024-09-07,Bronze,2333,2769,2025-09-27
CLI05699,2023-05-29,Bronze,5860,2748,2025-09-06
CLI02164,2023-06-15,Bronze,66,56,2024-12-29
CLI03627,2025-04-14,Bronze,1417,780,2025-10-06
CLI01826,2024-04-25,Bronze,3880,1961,2024-07-21
CLI04065,2024-05-08,Bronze,2348,1681,2025-02-05
CLI01779,2025-04-11,Bronze,1791,1505,2025-06-09
CLI03992,2023-04-16,Bronze,7371,5600,2025-08-26
CLI00384,2023-01-15,Bronze,5941,3602,2023-12-13
CLI00513,2022-11-09,Bronze,7928,6326,2023-10-05
CLI02479,2024-05-13,Bronze,4912,882,2024-12-15
CLI01086,2025-12-01,Bronze,1816,371,2025-12-19
CLI00700,2023-06-12,Bronze,6199,2195,2025-07-06
CLI01335,2023-10-17,Bronze,8434,2344,2025-05-30
CLI04440,2024-11-24,Bronze,2103,756,2025-08-15
CLI01884,2022-09-17,Bronze,3841,462,2024-05-02
CLI03923,2022-11-26,Bronze,6606,4206,2025-12-01
CLI04870,2022-07-07,Bronze,2968,652,2024-10-08
CLI01484,2024-06-06,Bronze,1968,490,2024-06-13
CLI01556,2024-03-27,Bronze,4471,3580,2024-04-10
CLI05932,2023-04-21,Silver,20161,2965,
CLI04294,2022-07-10,Bronze,6410,259,
CLI04179,2022-02-24,Bronze,1097,468,2025-03-15
CLI00761,2025-11-11,Bronze,7064,5690,2025-12-27
CLI00771,2022-11-28,Bronze,633,316,2022-12-10
CLI02131,2024-08-23,Bronze,5390,4415,2025-10-18
CLI03667,2025-10-18,Bronze,3939,3277,2025-12-09
CLI04417,2022-02-10,Bronze,3638,1040,
CLI05657,2025-08-14,Bronze,5309,2391,2025-08-24
CLI05784,2023-08-11,Bronze,5239,1304,2024-08-11
CLI01115,2022-07-26,Bronze,1575,718,2025-05-15
CLI02200,2023-05-31,Silver,13080,1805,2025-02-03
CLI00799,2022-07-08,Bronze,41,5,2023-10-02
CLI05215,2025-02-14,Bronze,1026,519,2025-09-26
CLI03709,2024-12-13,Bronze,4256,638,2024-12-19
CLI03400,2023-05-21,Bronze,5233,3356,2023-11-09
CLI04157,2023-09-03,Bronze,627,38,2025-01-12
CLI00681,2022-08-30,Bronze,6256,806,2025-11-27
CLI02278,2023-04-26,Bronze,5526,2980,2023-07-16
CLI03279,2023-05-12,Bronze,1450,741,2023-08-27
CLI01647,2023-05-02,Bronze,3505,1793,2025-09-19
CLI00343,2025-02-15,Bronze,10226,918,2025-04-06
CLI05176,2023-08-05,Bronze,937,792,2023-11-25
CLI02290,2025-08-13,Bronze,3513,1123,2025-10-15
CLI05839,2025-08-29,Bronze,978,5,2025-12-02
CLI03004,2022-11-15,Bronze,1509,435,2024-08-24
CLI00141,2022-08-16,Bronze,102,62,
CLI05644,2023-08-30,Bronze,8562,2784,2024-12-16
CLI02143,2022-02-23,Bronze,2467,97,2025-03-03
CLI02867,2022-11-22,Silver,13002,5604,2025-05-17
CLI00228,2025-01-24,Bronze,11385,3099,2025-12-11
CLI05907,2025-12-19,Bronze,935,217,2025-12-31
CLI02974,2022-09-10,Bronze,252,95,2023-06-22
CLI04458,2025-11-19,Bronze,3637,2139,2025-12-14
CLI05518,2024-11-21,Bronze,1197,441,2025-09-02
CLI04460,2023-12-07,Bronze,3370,782,2025-08-18
CLI00164,2025-06-05,Bronze,3245,2854,2025-10-20
CLI02987,2024-01-25,Bronze,5654,4739,2024-12-01
CLI01972,2023-11-22,Bronze,58,29,2024-05-19
CLI03862,2024-05-16,Bronze,121,11,2024-12-26
CLI05205,2023-06-28,Bronze,6993,2927,2025-06-30
CLI05330,2023-05-05,Bronze,7678,2134,
CLI03891,2022-02-03,Bronze,9863,2588,2023-06-27
CLI02291,2024-07-25,Bronze,8281,959,2024-09-15
CLI04250,2024-12-31,Bronze,957,384,2025-11-01
CLI01941,2025-04-24,Silver,15217,12271,2025-12-04
CLI01669,2024-02-10,Bronze,5835,1873,2024-12-28
CLI00428,2025-05-16,Bronze,2166,1491,2025-08-12
CLI03587,2023-03-01,Bronze,2239,890,
CLI00450,2025-07-08,Silver,17417,4708,2025-09-05
CLI01282,2024-02-03,Bronze,1719,1420,2025-12-23
CLI03706,2025-02-12,Bronze,6275,2873,2025-02-22
CLI01691,2025-10-29,Bronze,4996,418,2025-11-18
CLI02268,2023-05-02,Bronze,3783,2285,
CLI00314,2023-02-20,Bronze,9013,1053,2024-07-20
CLI04102,2022-03-12,Bronze,1246,198,2024-03-05
CLI04878,2025-12-14,Bronze,4016,3014,2025-12-27
CLI00370,2025-09-14,Bronze,883,270,2025-12-26
CLI01437,2024-07-30,Bronze,1229,933,2025-06-22
CLI03523,2023-07-29,Bronze,3748,3210,2025-03-15
CLI05208,2025-11-08,Bronze,432,303,2025-12-29
CLI00665,2024-03-05,Bronze,11321,7210,2025-02-06
CLI05582,2024-03-13,Bronze,658,64,2025-03-09
CLI05879,2024-10-06,Bronze,264,115,2025-03-25
CLI02036,2023-10-27,Bronze,1096,655,2024-02-03
CLI04782,2023-09-08,Silver,20101,2457,2023-10-26
CLI02390,2025-01-03,Bronze,3686,184,2025-02-02
CLI02548,2024-06-10,Bronze,3568,2272,2024-10-25
CLI02905,2023-11-17,Bronze,3691,1235,2025-01-19
CLI04254,2022-07-23,Bronze,1586,409,2022-08-07
CLI04599,2025-09-16,Bronze,1525,92,2025-10-14
CLI01833,2024-07-19,Bronze,299,51,2025-06-03
CLI00679,2022-11-20,Bronze,4538,974,2023-07-19
CLI00127,2025-10-16,Silver,13150,4806,2025-11-27
CLI04553,2024-07-22,Silver,14835,760,2024-12-09
CLI03813,2022-08-03,Bronze,2071,104,
CLI02874,2022-11-26,Bronze,8361,4577,
CLI02317,2023-01-05,Bronze,833,363,
CLI01748,2024-08-08,Bronze,3,0,2025-03-02
CLI04233,2022-11-01,Bronze,1378,472,2022-12-01
CLI04877,2025-07-30,Bronze,7501,1859,2025-09-19
CLI01848,2022-02-09,Bronze,1694,589,2025-03-28
CLI00371,2022-11-27,Bronze,3204,187,2025-01-19
CLI02854,2025-10-30,Bronze,4939,1102,2025-11-02
CLI03493,2022-11-12,Bronze,7047,5621,2024-08-27
CLI01273,2025-03-03,Bronze,2747,2377,2025-04-20
CLI00286,2025-09-14,Bronze,3028,3884,2025-12-01
CLI00096,2024-10-05,Bronze,1565,1294,2025-07-31
CLI01171,2025-10-26,Bronze,1958,1523,2025-11-28
CLI05838,2024-07-12,Bronze,856,224,2024-07-18
CLI01707,2022-07-26,Bronze,2441,499,
CLI01229,2025-10-20,Bronze,576,291,2025-11-30
CLI05716,2024-10-04,Bronze,1963,203,2025-09-17
CLI01342,2024-07-12,Bronze,6112,2527,2025-05-02
CLI00172,2024-12-20,Bronze,8368,1206,2025-06-02
CLI03322,2024-08-12,Bronze,2754,2379,2025-03-13
CLI03402,2022-05-12,Bronze,7646,4809,2023-07-03
CLI01004,2025-10-12,Bronze,5873,707,2025-11-23
CLI02633,2022-11-01,Bronze,134,68,
CLI05414,2025-06-28,Bronze,2601,251,2025-07-25
CLI01391,2025-07-26,Bronze,1000,617,2025-12-29
CLI05596,2024-02-01,Bronze,682,79,2024-09-07
CLI05734,2022-12-28,Bronze,2458,58,
CLI00251,2025-09-24,Bronze,2746,3713,2025-11-24
CLI02380,2025-03-13,Bronze,7373,1573,2025-04-30
CLI06041,2025-08-26,Bronze,180,73,2025-12-03
CLI02763,2023-06-02,Bronze,5824,700,2025-01-31
CLI00049,2024-08-31,Bronze,446,184,2024-11-11
CLI00112,2022-05-01,Bronze,7445,2784,2025-09-06
CLI03468,2023-05-30,Bronze,1989,341,
CLI00951,2022-06-09,Bronze,3447,694,2023-03-07
CLI00194,2022-05-07,Bronze,8439,6148,2023-10-23
CLI02567,2024-03-21,Bronze,10064,8105,2024-10-28
CLI00613,2025-11-09,Bronze,1342,903,2025-12-01
CLI02332,2022-12-16,Bronze,1814,666,2023-09-02
CLI02726,2023-11-08,Bronze,291,98,2025-08-08
CLI00153,2022-02-02,Bronze,1382,515,2025-12-03
CLI00110,2023-03-11,Bronze,972,167,
CLI02191,2023-09-05,Bronze,1408,1058,2025-01-26
CLI00673,2023-09-03,Bronze,9312,1322,2025-07-09
CLI05878,2024-04-27,Bronze,3417,1354,2025-01-19
CLI05161,2023-08-01,Silver,15088,6929,2023-11-19
CLI05928,2023-04-13,Silver,14657,10877,2024-06-12
CLI05413,2023-01-21,Bronze,4579,1771,2023-07-31
CLI02503,2024-04-10,Bronze,2886,1648,2025-06-20
CLI03045,2025-12-27,Bronze,1950,1383,2025-12-30
CLI05076,2025-09-01,Bronze,6694,3403,2025-10-26
CLI02767,2023-03-05,Bronze,3706,602,
CLI04255,2024-11-17,Bronze,3964,3259,2024-11-29
CLI01309,2022-08-26,Bronze,3291,1889,2022-11-07
CLI01158,2023-06-14,Bronze,3543,1093,2024-11-14
CLI05963,2023-07-19,Bronze,7540,3010,2024-09-08
CLI03031,2024-06-30,Bronze,131,153,2025-07-15
CLI03783,2025-12-30,Bronze,523,31,2025-12-31
CLI04155,2025-12-26,Bronze,1534,780,2025-12-28
CLI03385,2025-03-05,Bronze,62,32,2025-12-03
CLI02083,2023-06-01,Bronze,2557,1382,2024-11-22
CLI04311,2022-10-28,Bronze,831,128,2025-03-04
CLI02502,2022-11-06,Bronze,7517,3530,2023-09-05
CLI05378,2022-07-02,Bronze,559,45,2024-09-05
CLI05210,2024-02-26,Bronze,987,864,2025-11-13
CLI03376,2023-09-03,Bronze,4148,2482,2024-11-27
CLI02168,2025-07-07,Bronze,1728,323,2025-07-21
CLI05511,2023-12-31,Bronze,11365,7961,2025-11-01
CLI01592,2022-12-12,Bronze,1132,407,2023-10-26
CLI03632,2024-04-29,Bronze,2020,708,2024-07-02
CLI00883,2022-11-04,Bronze,416,69,2022-12-06
CLI03793,2024-03-26,Bronze,5682,1286,2025-12-19
CLI00568,2022-06-29,Bronze,3181,862,
CLI02659,2023-12-31,Bronze,1951,87,2024-12-07
CLI04565,2024-11-09,Bronze,1255,738,2025-09-20
CLI03692,2022-09-18,Bronze,2891,32,2023-09-30
CLI05359,2023-08-01,Bronze,1889,87,2024-05-04
CLI02944,2022-05-25,Bronze,10978,2180,
CLI03488,2025-08-12,Bronze,920,470,2025-09-07
CLI00316,2022-09-29,Bronze,4208,2037,2025-09-04
CLI01422,2023-12-02,Bronze,4966,570,2025-01-28
CLI04766,2024-05-28,Silver,25636,5837,2024-10-14
CLI02265,2025-06-25,Bronze,336,291,2025-12-16
CLI03144,2024-11-08,Bronze,1068,903,2025-12-01
CLI04949,2025-10-07,Bronze,6630,5806,2025-12-14
CLI04064,2022-12-04,Bronze,676,444,2023-08-05
CLI01770,2025-06-05,Bronze,1125,619,2025-12-07
CLI05794,2024-04-03,Bronze,6878,528,2025-05-13
CLI01796,2023-10-03,Bronze,3191,839,2024-10-28
CLI05490,2023-01-08,Bronze,2379,1863,
CLI01142,2024-06-16,Bronze,7262,3463,2025-05-05
CLI05942,2025-10-15,Bronze,2736,2236,2025-12-15
CLI02605,2022-04-06,Bronze,4824,367,2024-01-04
CLI05895,2024-07-24,Bronze,828,42,2025-01-09
CLI01982,2022-06-05,Bronze,3680,3105,
CLI03378,2022-01-27,Bronze,1109,80,
CLI03619,2023-01-08,Bronze,6440,4527,2024-03-17
CLI02687,2024-08-01,Bronze,468,358,2024-11-14
CLI02983,2024-04-18,Bronze,148,76,2025-10-06
CLI00930,2022-05-01,Bronze,1831,755,2022-12-07
CLI00749,2023-07-10,Bronze,4295,3313,2024-02-15
CLI01727,2023-08-26,Bronze,4763,3974,2024-10-04
CLI00624,2025-03-08,Bronze,445,258,2025-03-26
CLI05753,2024-04-10,Bronze,3182,889,2025-05-12
CLI05050,2023-03-20,Bronze,6323,3741,2023-04-08
CLI04101,2024-08-11,Bronze,1654,921,2025-10-04
CLI04548,2025-12-10,Bronze,284,210,2025-12-22
CLI01058,2024-08-21,Bronze,3406,1509,2024-10-07
CLI01065,2024-07-15,Bronze,893,279,2025-08-03
CLI02389,2025-08-20,Bronze,103,56,2025-12-17
CLI03573,2023-04-23,Bronze,6282,1143,
CLI05186,2024-11-18,Bronze,2137,1613,2025-01-11
CLI01991,2022-04-05,Bronze,434,29,
CLI03231,2024-03-22,Bronze,3714,2871,2025-08-24
CLI02298,2023-03-20,Bronze,3761,419,2024-11-19
CLI00480,2022-03-27,Bronze,6467,4378,2025-12-28
CLI00230,2025-12-19,Bronze,1996,945,2025-12-22
CLI02205,2024-03-14,Bronze,1886,1018,2025-05-05
CLI02227,2024-11-08,Bronze,519,305,2025-05-17
CLI02377,2025-03-13,Bronze,4989,2391,2025-06-12
CLI01755,2024-11-16,Bronze,5470,873,2025-03-15
CLI04288,2024-02-19,Bronze,2704,2154,2025-08-22
CLI03956,2024-08-26,Silver,12960,8442,2025-03-12
CLI02013,2024-10-08,Bronze,610,343,2025-07-26
CLI04140,2022-02-02,Bronze,3658,2722,2023-12-31
CLI01230,2025-10-21,Bronze,3707,1542,2025-12-25
CLI03237,2024-06-13,Bronze,589,206,2025-01-28
CLI03384,2024-06-18,Silver,19273,10147,2025-06-15
CLI01543,2022-08-10,Bronze,5947,1438,2025-07-01
CLI00595,2023-02-22,Bronze,10269,6702,2024-02-04
CLI02204,2025-12-05,Bronze,1670,636,2025-12-08
CLI04269,2022-03-13,Bronze,1717,19,
CLI02951,2024-02-22,Bronze,7245,4901,2024-11-11
CLI02254,2025-01-02,Bronze,9,3,2025-11-09
CLI02495,2023-11-01,Bronze,9741,6047,2025-12-03
CLI01515,2022-10-30,Bronze,760,221,2025-05-01
CLI05550,2025-04-04,Bronze,10454,9115,2025-05-10
CLI01630,2025-10-09,Bronze,6958,1384,2025-12-29
CLI05238,2024-01-13,Bronze,5632,1159,2024-05-21
CLI05639,2025-11-24,Bronze,6193,5,2025-11-25
CLI03499,2022-12-23,Bronze,8042,2009,2023-10-06
CLI01344,2025-04-16,Bronze,6384,2719,2025-10-30
CLI03310,2025-09-01,Bronze,7323,4556,2025-09-23
CLI03861,2022-08-25,Bronze,3754,2069,
CLI00800,2022-12-19,Bronze,4357,861,2023-11-16
CLI00281,2023-02-04,Bronze,2585,840,2025-09-01
CLI05633,2023-07-22,Bronze,1200,1072,2023-08-10
CLI00732,2024-11-22,Bronze,4465,2123,2025-04-28
CLI05903,2025-02-25,Bronze,407,193,2025-05-19
CLI05069,2024-02-04,Bronze,11978,431,2025-12-23
CLI04946,2023-05-11,Bronze,5731,3638,2024-05-28
CLI04634,2023-03-08,Bronze,3493,3014,2023-06-20
CLI01130,2025-07-12,Bronze,7293,883,2025-09-29
CLI01678,2022-04-13,Bronze,1009,149,2024-05-04
CLI04192,2022-09-10,Bronze,799,164,2024-11-01
CLI05356,2024-03-11,Silver,12699,7212,2025-12-29
CLI03308,2023-10-14,Bronze,6863,386,2024-06-11
CLI02454,2024-03-12,Bronze,3072,1459,2025-01-06
CLI02266,2024-01-02,Bronze,438,295,2025-01-17
CLI00181,2025-01-29,Bronze,5348,2911,2025-06-24
CLI00025,2024-03-26,Silver,13746,11677,2025-12-01
CLI04389,2024-06-06,Bronze,88,35,2025-06-04
CLI01507,2023-07-13,Bronze,7651,6256,2025-12-24
CLI05381,2024-08-03,Bronze,7310,3567,2025-12-07
CLI05446,2025-05-16,Bronze,11150,1249,2025-12-11
CLI02282,2022-05-18,Silver,15374,11871,2025-01-17
CLI04534,2024-08-04,Bronze,248,19,2024-09-29
CLI00432,2024-09-14,Bronze,4529,5821,2025-11-05
CLI02851,2025-08-09,Bronze,3127,1456,2025-10-22
CLI00570,2022-08-04,Bronze,925,529,2023-11-10
CLI01819,2022-03-03,Bronze,2263,1876,
CLI05070,2022-06-26,Bronze,1597,1154,
CLI04814,2023-08-25,Bronze,8958,7199,2024-11-12
CLI03939,2022-07-15,Bronze,3476,427,2023-04-15
CLI05534,2023-04-17,Bronze,1801,906,
CLI02647,2025-02-14,Bronze,4041,2865,2025-05-18
CLI03807,2022-10-26,Bronze,2125,1812,2022-11-30
CLI04537,2025-05-13,Bronze,3710,2757,2025-06-29
CLI04829,2023-09-16,Bronze,5988,3730,2025-06-26
CLI01366,2025-08-18,Bronze,11908,207,2025-12-14
CLI04930,2022-03-25,Bronze,1025,195,2023-02-06
CLI02303,2022-11-26,Bronze,279,184,2025-11-04
CLI03127,2025-11-17,Bronze,4016,359,2025-12-30
CLI03967,2022-08-25,Bronze,9889,8315,2025-05-10
CLI04629,2022-09-13,Bronze,1891,1680,2024-03-31
CLI01967,2025-08-19,Bronze,7350,3598,2025-09-03
CLI03352,2024-11-21,Bronze,10518,7797,2025-07-04
CLI02991,2024-08-02,Bronze,2828,228,2024-08-09
CLI05098,2023-07-18,Bronze,907,719,2023-08-27
CLI00133,2023-07-10,Bronze,956,105,2024-05-17
CLI02739,2025-03-24,Bronze,1099,559,2025-12-07
CLI05223,2023-03-16,Bronze,3315,826,2025-12-13
CLI05588,2024-09-30,Bronze,394,206,2025-11-09
CLI01802,2022-10-13,Bronze,10758,1237,
CLI05961,2025-01-31,Bronze,559,40,2025-10-20
CLI00265,2025-02-22,Bronze,2487,2123,2025-12-13
CLI01097,2024-02-16,Bronze,10904,5868,2024-05-08
CLI01702,2022-06-16,Bronze,396,10,2022-09-25
CLI04567,2025-02-07,Bronze,4368,3679,2025-04-01
CLI01985,2025-12-22,Bronze,4608,2989,2025-12-27
CLI05662,2025-02-19,Bronze,4343,1396,2025-10-30
CLI05306,2022-04-09,Bronze,3493,2955,
CLI05809,2025-09-04,Bronze,589,180,2025-10-20
CLI03417,2025-10-17,Bronze,7157,1172,2025-10-24
CLI01190,2023-01-18,Bronze,5,4,2023-01-27
CLI01375,2025-07-30,Silver,13843,2828,2025-10-25
CLI00427,2022-03-02,Bronze,7611,221,
CLI01724,2022-06-10,Bronze,8346,4901,
CLI02663,2022-11-15,Bronze,10779,4665,
CLI04372,2024-05-03,Bronze,1367,239,2024-12-13
CLI05601,2024-06-07,Bronze,1733,1555,2025-05-12
CLI03167,2023-02-11,Bronze,1448,920,
CLI03922,2024-01-05,Bronze,831,414,2025-12-17
CLI02306,2025-12-26,Bronze,4014,2778,2025-12-27
CLI04043,2022-03-08,Bronze,4960,1487,2025-09-25
CLI04711,2025-06-18,Bronze,111,24,2025-07-22
CLI05566,2025-12-31,Bronze,4452,236,2025-12-31
CLI04300,2022-05-27,Bronze,7561,4672,2023-07-26
CLI02938,2024-03-11,Silver,13769,6272,2025-01-02
CLI05288,2025-03-06,Silver,13060,6706,2025-08-26
CLI00842,2025-10-12,Bronze,7223,2787,2025-11-28
CLI05980,2024-10-05,Bronze,1977,1502,2025-05-27
CLI04066,2023-02-27,Bronze,5982,5239,2025-07-27
CLI01652,2023-12-09,Bronze,3489,1062,2024-07-05
CLI05289,2022-12-07,Bronze,254,121,
CLI00132,2023-02-15,Bronze,1974,76,2025-08-01
CLI01164,2024-03-19,Bronze,7054,5184,2024-07-22
CLI05051,2022-09-06,Bronze,17,1,2024-05-11
CLI03174,2024-03-28,Bronze,825,125,2024-07-18
CLI00246,2025-06-19,Bronze,4910,1150,2025-12-27
CLI01436,2022-06-23,Bronze,4483,3492,2022-08-28
CLI05269,2025-09-30,Bronze,8086,158,2025-10-01
CLI04694,2022-04-04,Bronze,169,119,2022-09-01
CLI04551,2025-03-06,Bronze,7421,4456,2025-12-13
CLI02398,2024-09-30,Bronze,279,175,2025-10-20
CLI02407,2024-07-15,Silver,18349,5032,2025-07-27
CLI06015,2025-10-25,Bronze,3119,2242,2025-10-31
CLI01292,2022-09-13,Bronze,2782,2468,
CLI02415,2025-05-21,Bronze,1282,673,2025-09-27
CLI05973,2024-08-18,Bronze,202,168,2025-07-28
CLI02963,2023-05-12,Bronze,10865,6183,
CLI01168,2022-11-25,Bronze,7045,186,2025-12-25
CLI02554,2022-08-12,Bronze,789,152,
CLI03418,2022-09-29,Bronze,3754,1711,
CLI04908,2022-08-12,Bronze,704,46,
CLI02369,2025-03-11,Bronze,882,310,2025-10-24
CLI00119,2022-06-26,Bronze,495,316,
CLI04974,2024-10-29,Bronze,9511,1216,2025-01-07
CLI04293,2023-11-06,Bronze,4250,3169,2025-05-02
CLI03423,2023-05-09,Bronze,56,46,2024-05-25
CLI00090,2022-11-07,Bronze,291,177,
CLI04079,2024-02-24,Bronze,583,382,2024-12-24
CLI05865,2023-04-10,Bronze,3371,3749,2023-11-09
CLI04210,2024-09-29,Bronze,1693,174,2024-12-19
CLI04014,2024-01-20,Bronze,240,63,2025-03-22
CLI05082,2023-07-25,Bronze,2938,118,2024-06-24
CLI00589,2022-08-15,Bronze,3874,3056,
CLI02243,2025-02-02,Bronze,117,103,2025-08-27
CLI03315,2022-06-22,Bronze,4566,270,2023-06-19
CLI02442,2022-05-10,Bronze,7721,1053,
CLI01107,2022-09-11,Bronze,447,619,2024-07-15
CLI05931,2022-04-01,Bronze,369,315,
CLI00682,2023-03-05,Bronze,513,73,
CLI00709,2023-07-08,Bronze,1150,752,2024-03-10
CLI03055,2025-12-16,Bronze,8086,1925,2025-12-30
CLI01584,2024-04-11,Bronze,1840,474,2025-01-05
CLI04094,2023-11-29,Bronze,672,389,2024-05-20
CLI00413,2023-02-27,Bronze,6702,1501,2025-12-14
CLI02630,2024-02-13,Bronze,4557,1579,2024-06-18
CLI03438,2025-08-10,Bronze,5833,4939,2025-11-05
CLI02498,2025-06-14,Silver,13495,1640,2025-08-22
CLI01290,2025-08-25,Bronze,8274,4874,2025-11-24
CLI02889,2024-10-15,Bronze,5754,4927,2025-11-27
CLI00978,2022-07-20,Bronze,867,457,
CLI04807,2023-02-04,Bronze,11169,7870,2024-06-26
CLI01547,2022-06-16,Bronze,5814,5151,
CLI04536,2025-05-18,Bronze,1873,88,2025-10-06
CLI03410,2023-03-19,Bronze,10120,3016,
CLI02247,2025-05-05,Bronze,872,50,2025-07-13
CLI06004,2024-07-25,Bronze,1962,960,2024-10-26
CLI03964,2025-11-15,Bronze,2519,2193,2025-12-21
CLI05256,2023-01-12,Silver,17852,1375,
CLI03943,2024-11-27,Bronze,980,86,2024-12-20
CLI05777,2022-12-25,Silver,16360,2129,2024-12-23
CLI02840,2024-05-19,Bronze,3205,1977,2024-10-15
CLI03051,2023-12-08,Bronze,1340,602,2024-05-10
CLI02312,2022-12-21,Bronze,5477,2615,2024-11-25
CLI04921,2024-01-08,Bronze,11810,415,2025-12-29
CLI03307,2025-09-16,Bronze,383,311,2025-09-22
CLI02651,2022-10-01,Silver,18753,5667,2025-12-29
CLI00422,2024-12-14,Bronze,7781,856,2025-01-03
CLI04240,2024-01-10,Bronze,317,172,2024-12-27
CLI04494,2022-03-07,Bronze,10537,1841,
CLI00357,2025-04-02,Bronze,2053,1499,2025-11-15
CLI03530,2024-01-08,Bronze,1242,1050,2024-09-04
CLI05025,2024-04-20,Bronze,2345,1601,2025-05-28
CLI02762,2024-09-06,Bronze,2186,1168,2025-06-08
CLI01460,2025-10-11,Bronze,4419,1206,2025-11-01
CLI04880,2023-08-02,Bronze,5630,2419,2024-05-23
CLI00487,2024-05-03,Bronze,3478,2140,2024-10-26
CLI02681,2023-03-23,Bronze,7352,4471,2023-11-08
CLI02988,2023-06-07,Bronze,2252,769,2023-12-05
CLI03555,2023-10-12,Bronze,570,46,2025-10-02
CLI01990,2024-12-15,Bronze,955,834,2025-12-05
CLI03208,2025-03-05,Bronze,3911,1654,2025-03-11
CLI02051,2022-10-27,Bronze,1622,954,
CLI04790,2025-02-10,Bronze,7595,2936,2025-10-30
CLI00400,2024-04-13,Bronze,1408,1068,2025-10-31
CLI00639,2024-12-03,Bronze,3963,814,2025-03-14
CLI05133,2023-04-04,Bronze,427,360,
CLI04892,2025-06-22,Bronze,7375,5511,2025-07-03
CLI05740,2023-08-28,Bronze,3529,1229,2024-06-29
CLI01262,2023-02-06,Bronze,1359,236,2025-08-14
CLI02452,2024-10-25,Bronze,5243,4435,2025-02-26
CLI00581,2023-03-17,Bronze,2867,149,
CLI01760,2024-01-12,Bronze,10003,6811,2025-10-09
CLI03235,2025-07-01,Bronze,6065,998,2025-12-20
CLI00918,2022-09-12,Silver,13932,819,2025-08-10
CLI03003,2024-07-27,Silver,12186,7130,2025-11-14
CLI05054,2025-06-14,Bronze,455,107,2025-12-20
CLI02937,2025-11-27,Bronze,1385,463,2025-12-22
CLI00393,2025-06-02,Bronze,660,4,2025-09-03
CLI01144,2023-11-14,Bronze,1740,1152,2024-02-19
CLI00888,2024-02-29,Bronze,4309,2395,2025-08-17
CLI05814,2023-01-17,Bronze,824,332,2023-12-05
CLI00007,2024-05-24,Bronze,1996,1319,2025-09-05
CLI03904,2025-06-22,Bronze,438,261,2025-12-18
CLI01703,2023-04-28,Bronze,81,51,
CLI00268,2024-06-15,Bronze,7628,294,2024-08-25
CLI02947,2022-05-20,Bronze,206,128,
CLI01500,2024-04-11,Bronze,82,63,2025-04-09
CLI01314,2023-03-07,Bronze,4139,2739,
CLI05440,2023-03-23,Silver,13345,2741,
CLI01376,2025-12-29,Bronze,6166,3776,2025-12-30
CLI03229,2022-11-19,Bronze,911,43,2025-11-19
CLI03770,2025-05-21,Bronze,11821,617,2025-11-27
CLI05384,2023-01-18,Bronze,29,3,2024-03-19
CLI00572,2024-03-18,Bronze,9629,1871,2024-10-05
CLI04135,2022-05-24,Bronze,2550,1515,
CLI03553,2022-09-25,Bronze,713,124,2024-04-13
CLI04061,2023-04-29,Bronze,816,326,2024-07-16
CLI02300,2022-08-31,Silver,12731,9214,
CLI04600,2022-10-05,Bronze,339,162,2025-05-16
CLI00793,2023-03-09,Bronze,1449,700,
CLI02121,2023-12-09,Bronze,8579,261,2025-05-08
CLI00518,2023-03-02,Bronze,3453,546,2025-06-26
CLI00787,2025-03-18,Bronze,9739,6085,2025-05-30
CLI05253,2024-04-20,Bronze,867,282,2024-09-24
CLI01374,2025-04-07,Gold,31330,11731,2025-09-05
CLI05075,2023-03-05,Bronze,3312,38,2025-05-13
CLI05214,2025-05-10,Bronze,2477,1154,2025-07-27
CLI01832,2025-08-05,Bronze,12,8,2025-12-27
CLI05184,2023-05-23,Bronze,1963,490,2025-08-13
CLI02087,2024-06-27,Bronze,11492,3064,2025-06-22
CLI00052,2022-11-19,Bronze,346,111,2024-07-08
CLI03520,2024-03-13,Bronze,1900,173,2024-10-02
CLI05923,2023-08-11,Bronze,1048,188,2024-03-11
CLI05578,2024-01-31,Bronze,1202,1033,2025-09-28
CLI00512,2022-04-23,Bronze,2113,4,
CLI05870,2023-05-08,Bronze,3197,2060,
CLI04947,2022-06-29,Bronze,4699,48,2024-07-19
CLI05543,2025-06-24,Bronze,256,98,2025-07-28
CLI00675,2023-01-09,Bronze,693,450,
CLI04539,2025-02-13,Silver,26522,5158,2025-08-03
CLI03554,2022-06-20,Silver,18388,1695,
CLI00651,2024-07-14,Bronze,5327,1159,2025-08-11
CLI04297,2025-09-07,Bronze,8951,6069,2025-11-21
CLI00213,2023-10-31,Bronze,394,168,2025-08-15
CLI03398,2025-08-22,Bronze,5326,1555,2025-10-14
CLI03659,2025-10-09,Bronze,4534,253,2025-12-24
CLI04615,2022-09-27,Bronze,2299,1030,2025-05-10
CLI01628,2025-03-03,Bronze,1458,628,2025-10-28
CLI03916,2023-04-01,Bronze,185,161,2025-03-07
CLI04631,2022-04-23,Bronze,8281,5829,
CLI00061,2024-07-26,Bronze,1423,185,2024-12-18
CLI05282,2022-06-12,Bronze,2952,2147,2023-09-30
CLI03679,2024-01-29,Bronze,3649,839,2025-08-04
CLI05192,2023-07-15,Bronze,320,222,2023-09-12
CLI00492,2024-05-18,Bronze,1588,84,2024-12-28
CLI00397,2022-03-03,Bronze,2841,421,2024-12-30
CLI02130,2024-02-26,Bronze,563,482,2025-02-04
CLI00279,2022-10-18,Bronze,10108,2284,
CLI05731,2022-04-08,Bronze,1057,139,2023-05-16
CLI05940,2025-01-19,Bronze,5563,4862,2025-08-28
CLI02531,2024-02-29,Bronze,1345,700,2024-03-02
CLI03032,2025-07-13,Bronze,3098,79,2025-10-21
CLI00182,2023-08-26,Bronze,9598,882,2025-10-18
CLI00423,2024-01-14,Silver,17240,13406,2024-08-04
CLI02270,2024-12-17,Bronze,11219,7989,2025-11-03
CLI01061,2023-04-12,Bronze,2595,988,
CLI00662,2023-08-03,Bronze,6008,18,2024-07-26
CLI04162,2025-12-03,Bronze,6286,511,2025-12-12
CLI02499,2025-01-15,Bronze,770,661,2025-08-25
CLI03827,2023-02-04,Bronze,5021,3088,2023-02-05
CLI00351,2024-04-27,Bronze,4489,1605,2024-06-21
CLI00063,2025-09-23,Bronze,2013,899,2025-12-12
CLI03539,2025-08-13,Bronze,1889,824,2025-11-28
CLI00610,2025-12-13,Bronze,1517,2035,2025-12-23
CLI05687,2025-11-27,Bronze,3437,1136,2025-12-15
CLI00078,2022-02-06,Silver,12949,4796,2025-10-14
CLI02435,2024-04-10,Bronze,2207,149,2025-02-26
CLI04804,2022-06-19,Bronze,7228,4153,2025-02-08
CLI01257,2022-12-14,Bronze,3593,1485,
CLI01047,2023-05-22,Bronze,3285,1028,
CLI00824,2024-06-19,Bronze,2678,1853,2024-11-26
CLI05449,2023-05-06,Bronze,232,88,2024-10-04
CLI02421,2023-01-21,Silver,22016,11810,2023-11-07
CLI00696,2025-02-26,Bronze,1221,405,2025-07-12
CLI01272,2023-06-16,Bronze,1989,1337,2023-07-26
CLI02624,2023-03-27,Bronze,309,238,2025-06-14
CLI05273,2023-12-31,Bronze,8399,3566,2024-07-17
CLI00187,2025-08-25,Bronze,1391,202,2025-09-07
CLI04310,2022-01-22,Bronze,4103,2890,
CLI05130,2023-08-24,Bronze,10056,7499,2024-10-09
CLI04004,2022-07-18,Bronze,1239,69,
CLI00547,2024-10-16,Bronze,5621,2934,2025-02-24
CLI00636,2024-03-01,Bronze,706,19,2024-10-10
CLI04597,2023-05-15,Bronze,6438,1221,2023-12-21
CLI02225,2024-10-04,Silver,19491,9569,2025-12-15
CLI03019,2025-10-07,Bronze,7372,592,2025-11-15
CLI00688,2023-04-19,Bronze,4326,3501,2023-11-07
CLI01818,2023-03-04,Bronze,8401,3814,2023-03-19
CLI05220,2023-09-17,Bronze,3104,2608,2025-05-05
CLI03124,2023-05-26,Bronze,1577,314,2023-08-05
CLI00768,2022-09-26,Bronze,166,130,2024-12-13
CLI05580,2023-07-18,Bronze,5263,3522,2025-03-14
CLI00256,2024-07-29,Bronze,2499,1803,2025-07-10
CLI03154,2025-03-09,Bronze,926,165,2025-11-13
CLI04016,2022-04-18,Bronze,354,86,2024-04-03
CLI05328,2025-09-09,Bronze,1188,60,2025-12-30
CLI01648,2024-10-02,Bronze,4433,1254,2025-03-01
CLI04699,2024-05-05,Bronze,3726,1047,2025-10-17
CLI00952,2022-03-28,Bronze,7904,2185,2025-06-20
CLI04937,2024-01-12,Bronze,7356,183,2024-03-15
CLI05841,2022-11-25,Bronze,1775,137,
CLI04451,2024-09-22,Bronze,11788,7511,2024-11-03
CLI01013,2023-06-07,Bronze,3829,2830,2024-08-25
CLI04601,2024-03-16,Bronze,1859,404,2025-09-12
CLI05508,2025-07-11,Bronze,3532,830,2025-12-14
CLI02355,2025-10-09,Silver,21241,2440,2025-10-20
CLI03707,2024-09-07,Bronze,9560,5286,2025-08-01
CLI05346,2024-11-07,Bronze,6405,3524,2025-02-15
CLI02029,2022-03-23,Bronze,9570,7366,2023-02-15
CLI03739,2024-04-29,Bronze,3601,2105,2024-06-29
CLI00361,2023-08-23,Bronze,9984,905,2025-01-04
CLI01062,2024-09-08,Bronze,490,426,2024-10-14
CLI01558,2023-06-06,Bronze,881,442,2024-03-24
CLI01877,2022-11-06,Bronze,544,197,2025-02-12
CLI05819,2024-06-23,Bronze,8875,1454,2024-11-22
CLI00585,2025-08-21,Bronze,3054,1380,2025-11-22
CLI02654,2025-09-27,Silver,29878,23985,2025-11-22
CLI04984,2024-01-02,Bronze,719,470,2024-04-07
CLI02721,2024-07-06,Bronze,692,436,2025-08-11
CLI05039,2024-12-31,Bronze,945,171,2025-08-04
CLI05761,2023-01-19,Bronze,348,94,2024-12-08
CLI05395,2025-09-14,Bronze,10141,6306,2025-11-02
CLI00379,2022-05-11,Bronze,1608,1052,2023-07-05
CLI00668,2024-08-24,Bronze,1237,233,2024-11-20
CLI04613,2025-03-24,Silver,15079,6721,2025-12-27
CLI01803,2023-07-11,Bronze,9567,2439,2024-02-10
CLI04287,2025-04-15,Bronze,2817,1280,2025-10-16
CLI03803,2023-06-29,Bronze,2535,881,2024-01-06
CLI02715,2023-05-07,Bronze,9775,1548,2024-07-09
CLI05055,2025-10-26,Bronze,2262,1985,2025-12-16
CLI02926,2025-12-10,Bronze,1957,818,2025-12-19
CLI02117,2025-01-19,Bronze,585,35,2025-05-03
CLI05450,2023-07-02,Bronze,2064,1639,2025-11-24
CLI01153,2023-10-28,Bronze,99,15,2024-02-10
CLI05417,2023-03-18,Bronze,663,278,2025-10-18
CLI04394,2025-04-24,Bronze,283,131,2025-08-24
CLI02645,2025-05-09,Bronze,2695,2404,2025-08-01
CLI04236,2024-12-24,Bronze,1732,666,2025-06-09
CLI00424,2024-04-11,Bronze,3649,1186,2025-05-25
CLI00140,2025-07-07,Bronze,4389,3629,2025-11-03
CLI03223,2023-03-02,Bronze,5600,2168,
CLI00415,2022-07-17,Silver,26687,17362,
CLI02587,2023-11-11,Bronze,4468,2421,2024-10-03
CLI03602,2023-02-14,Bronze,342,288,2025-12-27
CLI01424,2025-09-26,Bronze,2451,1185,2025-10-25
CLI02025,2025-09-17,Bronze,9667,7827,2025-11-06
CLI03324,2023-10-28,Bronze,4293,2898,2024-05-07
CLI02223,2025-04-13,Silver,12626,10192,2025-05-22
CLI03826,2025-10-17,Bronze,3515,1831,2025-11-01
CLI03629,2024-08-07,Bronze,351,135,2024-09-19
CLI05344,2024-02-10,Bronze,437,372,2025-12-03
CLI01075,2024-03-22,Bronze,362,291,2024-09-01
CLI03933,2025-11-10,Bronze,2958,950,2025-11-21
CLI02467,2024-06-23,Bronze,676,73,2025-11-05
CLI04201,2023-10-16,Bronze,552,438,2025-02-24
CLI05291,2022-10-09,Bronze,6092,2469,
CLI01896,2023-06-05,Bronze,5599,2974,2025-05-12
CLI05991,2025-04-06,Bronze,11086,394,2025-05-13
CLI05542,2022-10-07,Bronze,492,148,2024-10-04
CLI04321,2025-10-09,Bronze,7499,3877,2025-11-30
CLI00461,2024-03-13,Bronze,128,40,2025-03-22
CLI00157,2022-05-01,Bronze,3646,2548,2023-11-06
CLI04224,2025-08-27,Bronze,3950,2569,2025-09-02
CLI04684,2024-12-20,Bronze,387,250,2025-07-09
CLI03841,2022-09-14,Bronze,11814,2954,
CLI01719,2024-07-26,Bronze,8172,4240,2024-07-27
CLI00530,2022-03-20,Bronze,9862,7187,
CLI00493,2022-10-01,Bronze,3691,1782,2023-05-25
CLI02627,2022-12-15,Bronze,594,323,
CLI03431,2022-08-16,Bronze,10932,4978,
CLI01956,2024-04-21,Bronze,3461,518,2024-08-21
CLI00722,2025-04-05,Bronze,1457,730,2025-09-02
CLI02879,2022-09-30,Bronze,529,113,
CLI01125,2023-05-06,Bronze,1236,144,
CLI00088,2023-10-19,Bronze,4019,525,2025-05-31
CLI04228,2025-02-26,Bronze,2692,992,2025-11-05
CLI04726,2023-04-07,Bronze,3457,1019,2024-02-09
CLI00941,2022-12-04,Silver,12850,10486,2025-09-26
CLI03497,2024-01-08,Bronze,1321,274,2025-01-18
CLI04284,2023-07-31,Bronze,3873,369,2023-10-21
CLI02946,2023-04-10,Bronze,815,615,2024-02-19
CLI02764,2024-12-16,Bronze,51,32,2025-07-15
CLI00514,2024-12-25,Silver,12680,5611,2025-09-25
CLI04092,2025-09-07,Bronze,1472,756,2025-12-15
CLI02056,2024-09-26,Bronze,881,413,2025-01-12
CLI00669,2025-10-25,Bronze,3078,2240,2025-12-29
CLI00645,2022-12-27,Silver,12363,7441,
CLI05917,2022-10-30,Bronze,10304,6408,2025-12-30
CLI00215,2023-08-10,Bronze,6071,1554,2024-06-21
CLI01112,2022-03-17,Bronze,2702,552,2024-04-08
CLI02743,2023-08-17,Bronze,4702,1454,2024-10-29
CLI01298,2022-08-13,Bronze,8523,969,2025-01-12
CLI04176,2023-01-24,Bronze,3940,3107,2023-09-18
CLI05604,2022-10-24,Bronze,3300,655,
CLI03684,2025-01-28,Bronze,973,1281,2025-11-10
CLI02968,2025-09-06,Bronze,7393,2227,2025-12-03
CLI02943,2024-06-03,Bronze,3312,2837,2025-09-12
CLI05252,2025-11-28,Bronze,1246,416,2025-12-08
CLI05881,2025-10-20,Bronze,1543,834,2025-12-01
CLI00076,2025-08-11,Bronze,3119,1291,2025-12-25
CLI02144,2023-10-05,Bronze,2397,45,2024-07-03
CLI04500,2024-03-18,Bronze,150,62,2024-11-07
CLI02828,2023-10-02,Bronze,1995,831,2023-10-13
CLI01537,2023-11-12,Bronze,2916,1015,2025-09-01
CLI01382,2023-10-31,Bronze,1795,1211,2025-04-04
CLI05611,2022-08-01,Bronze,1834,891,2023-05-02
CLI03745,2023-12-28,Bronze,2557,2011,2025-06-29
CLI04632,2024-12-31,Bronze,8337,5281,2025-10-01
CLI01646,2023-04-06,Bronze,911,628,2025-04-18
CLI04247,2025-08-28,Silver,17102,9099,2025-12-12
CLI04700,2025-05-09,Bronze,4831,93,2025-10-30
CLI05589,2024-09-08,Bronze,1018,536,2025-04-24
CLI04059,2025-06-04,Silver,20778,17410,2025-12-07
CLI03228,2025-03-16,Bronze,925,244,2025-07-15
CLI05234,2023-10-24,Bronze,203,175,2025-11-04
CLI02209,2022-07-22,Bronze,9261,4783,2022-12-11
CLI02986,2023-02-11,Bronze,2630,263,2023-05-05
CLI03387,2022-07-02,Bronze,1568,1051,2023-03-16
CLI04054,2022-03-06,Bronze,812,606,2023-02-07
CLI01258,2023-02-25,Bronze,4782,3757,
CLI02899,2025-02-01,Bronze,1909,627,2025-10-08
CLI03846,2023-06-17,Bronze,2358,1585,2025-07-29
CLI03131,2023-06-20,Bronze,5790,5198,2025-10-13
CLI03338,2025-04-09,Bronze,1075,112,2025-04-20
CLI00790,2022-05-27,Bronze,9628,7048,2025-04-17
CLI04395,2022-11-15,Bronze,4337,3747,2024-01-19
CLI05404,2023-03-03,Bronze,4147,2340,
CLI05002,2024-05-10,Bronze,2873,638,2025-11-09
CLI04455,2025-06-11,Bronze,2365,2124,2025-11-16
CLI00295,2022-04-26,Bronze,1932,540,2023-10-14
CLI00910,2023-10-30,Bronze,3307,2749,2024-02-05
CLI04441,2024-11-13,Bronze,2083,1366,2025-09-09
CLI01633,2024-01-25,Bronze,5107,4465,2024-04-08
CLI04943,2022-07-16,Bronze,3248,2792,2022-10-03
CLI04867,2024-02-12,Bronze,1065,744,2025-07-19
CLI04354,2024-08-31,Bronze,874,135,2025-09-03
CLI03396,2023-04-30,Bronze,3085,551,
CLI02606,2023-04-28,Bronze,3071,1810,
CLI03399,2022-02-03,Silver,14256,10678,2022-08-17
CLI01872,2025-04-11,Bronze,763,330,2025-07-27
CLI03551,2023-04-03,Bronze,2302,222,2024-03-07
CLI01126,2023-05-20,Silver,22031,214,2024-10-06
CLI05622,2025-08-10,Bronze,377,172,2025-12-26
CLI02277,2023-11-03,Bronze,2824,1877,2024-01-29
CLI02414,2025-10-29,Bronze,11608,9714,2025-11-25
CLI04953,2022-05-26,Bronze,8356,251,2022-09-02
CLI04593,2025-08-07,Bronze,858,304,2025-12-18
CLI04022,2025-08-13,Bronze,4415,2038,2025-10-22
CLI03789,2025-12-20,Bronze,156,133,2025-12-26
CLI03614,2023-05-22,Silver,15318,11762,2025-02-02
CLI03774,2025-12-31,Bronze,5005,4474,2025-12-31
CLI01527,2025-02-04,Silver,14893,10869,2025-10-27
CLI02757,2022-06-22,Bronze,3681,1774,2023-01-17
CLI04773,2025-09-27,Bronze,1586,1380,2025-12-14
CLI02318,2024-10-23,Bronze,3124,1332,2025-02-07
CLI04099,2025-08-29,Bronze,9711,13693,2025-11-09
CLI01146,2023-06-08,Bronze,6385,5212,2025-04-07
CLI05329,2023-02-14,Bronze,7846,6662,2024-12-08
CLI05563,2024-01-31,Bronze,1384,748,2025-05-17
CLI05243,2025-03-30,Bronze,63,10,2025-05-13
CLI00003,2023-11-06,Bronze,9767,6432,2025-03-05
CLI01338,2024-08-26,Bronze,1457,16,2025-09-16
CLI03713,2025-10-28,Bronze,2346,1070,2025-12-26
CLI02109,2023-04-08,Bronze,4631,1294,2023-07-17
CLI01931,2022-01-23,Bronze,526,332,2022-06-30
CLI03404,2025-07-01,Bronze,6178,657,2025-09-03
CLI03236,2025-01-26,Bronze,170,124,2025-08-19
CLI00654,2023-06-25,Bronze,2269,561,2025-07-20
CLI02972,2025-04-01,Bronze,3493,3070,2025-05-15
CLI02563,2022-04-07,Bronze,122,103,2022-09-03
CLI02002,2024-05-22,Bronze,8872,897,2025-04-18
CLI05531,2024-10-31,Bronze,43,14,2025-07-21
CLI02382,2025-08-03,Bronze,4898,226,2025-12-13
CLI02504,2025-07-13,Bronze,395,198,2025-09-07
CLI00786,2023-10-14,Bronze,3562,3168,2025-12-27
CLI05999,2024-07-17,Bronze,2078,1395,2025-11-26
CLI02745,2025-10-22,Bronze,1069,184,2025-11-09
CLI00038,2023-06-25,Bronze,1200,965,2023-10-10
CLI01154,2024-02-28,Bronze,5348,655,2025-11-23
CLI02409,2024-04-29,Bronze,6812,9937,2024-12-06
CLI00745,2023-10-31,Bronze,7106,2842,2025-08-14
CLI05676,2023-10-14,Bronze,7457,3821,2024-09-10
CLI00260,2025-11-13,Bronze,588,186,2025-12-12
CLI00965,2023-10-30,Bronze,3758,501,2025-07-17
CLI00542,2022-06-17,Bronze,6241,2385,2024-03-07
CLI02324,2023-10-21,Bronze,9348,5437,2023-11-01
CLI00534,2024-08-25,Bronze,1779,443,2025-06-05
CLI01922,2024-12-19,Bronze,11433,4979,2025-03-19
CLI03027,2025-02-14,Bronze,459,30,2025-08-18
CLI00634,2024-06-09,Bronze,2058,1314,2024-07-17
CLI00557,2022-12-20,Bronze,1410,721,2023-02-08
CLI02634,2024-06-13,Silver,20363,10110,2025-12-28
CLI04812,2024-11-14,Bronze,2008,763,2025-10-20
CLI06018,2023-08-29,Bronze,6080,5463,2024-02-05
CLI02773,2025-03-02,Bronze,896,416,2025-04-20
CLI00591,2023-04-11,Bronze,7391,2836,2023-08-03
CLI02985,2022-03-25,Silver,23150,13960,2024-08-08
CLI01345,2022-02-06,Bronze,2155,1319,2023-02-14
CLI00887,2022-03-06,Bronze,2415,1467,
CLI03321,2025-10-30,Bronze,815,505,2025-12-03
CLI05459,2024-08-11,Bronze,2538,1837,2025-02-21
CLI03093,2022-04-09,Bronze,1146,543,2023-02-19
CLI04411,2025-07-19,Silver,25948,23050,2025-07-26
CLI05305,2023-04-18,Bronze,3684,2415,2024-10-26
CLI00496,2024-06-01,Bronze,460,212,2024-09-18
CLI02812,2025-01-17,Bronze,2750,1758,2025-11-04
CLI05317,2024-11-03,Bronze,3828,648,2025-05-13
CLI00363,2024-05-08,Bronze,123,42,2025-07-26
CLI03185,2025-08-09,Bronze,754,665,2025-10-29
CLI01151,2023-11-28,Bronze,2930,70,2024-01-19
CLI03304,2022-07-08,Bronze,334,71,2023-01-05
CLI02176,2023-08-13,Bronze,3458,2888,2025-10-28
CLI03049,2022-12-14,Bronze,2148,1083,
CLI03599,2024-07-29,Bronze,620,231,2025-02-12
CLI01033,2022-11-05,Bronze,8523,5826,2024-04-24
CLI05185,2025-04-18,Bronze,1449,16,2025-07-22
CLI05964,2022-06-12,Bronze,203,116,
CLI02702,2022-10-22,Bronze,3976,985,2023-06-11
CLI01545,2024-04-23,Bronze,3732,1022,2024-05-10
CLI05465,2022-06-30,Bronze,4258,2373,
CLI00663,2022-12-14,Silver,18949,748,
CLI00994,2025-08-15,Bronze,386,290,2025-11-20
CLI00649,2024-02-29,Silver,15603,12501,2024-07-29
CLI02873,2024-02-26,Bronze,7506,877,2024-10-18
CLI03033,2025-02-18,Bronze,2677,2335,2025-05-23
CLI01713,2022-09-21,Bronze,2509,2102,2025-10-28
CLI00071,2024-03-25,Bronze,456,289,2024-07-19
CLI04852,2025-07-08,Bronze,889,193,2025-08-26
CLI03458,2025-05-12,Bronze,5334,3326,2025-09-06
CLI05721,2022-10-09,Bronze,1623,1401,2025-06-30
CLI05540,2023-07-28,Bronze,2807,2411,2025-08-02
CLI00579,2022-02-06,Bronze,741,268,
CLI04589,2024-08-08,Bronze,8298,3481,2024-10-22
CLI02594,2022-12-14,Bronze,2240,846,2025-11-12
CLI01687,2024-01-25,Silver,19084,9137,2025-01-16
CLI04197,2024-07-20,Silver,18824,1428,2024-09-10
CLI01259,2023-07-10,Bronze,151,48,2023-11-01
CLI04933,2025-08-01,Bronze,725,405,2025-08-05
CLI03076,2023-01-18,Bronze,7268,4392,
CLI05711,2023-04-02,Bronze,762,438,2023-04-22
CLI01313,2024-03-16,Bronze,7880,6816,2025-05-11
CLI00362,2023-04-12,Bronze,2639,148,2025-09-17
CLI04161,2022-07-23,Bronze,6322,3327,
CLI05153,2022-04-15,Silver,12175,1552,2024-04-17
CLI03777,2022-09-15,Bronze,8489,6070,2024-03-15
CLI03638,2024-12-06,Bronze,5905,4088,2025-11-08
CLI04222,2022-12-13,Bronze,1544,1205,2023-04-29
CLI02882,2024-09-28,Bronze,295,99,2025-10-19
CLI02422,2024-04-11,Bronze,4670,1764,2025-06-12
CLI02102,2024-12-07,Bronze,3882,411,2025-02-01
CLI05216,2022-08-06,Silver,14075,4009,
CLI03673,2024-06-21,Bronze,2173,1032,2024-07-26
CLI05640,2023-12-14,Bronze,5201,3747,2025-11-06
CLI03603,2025-09-29,Bronze,2131,422,2025-11-05
CLI03899,2023-11-23,Bronze,4465,2927,2025-07-15
CLI03162,2024-12-09,Bronze,854,5,2025-06-26
CLI02153,2022-04-01,Bronze,699,509,2024-03-26
CLI02572,2025-03-30,Bronze,5534,2187,2025-07-06
CLI05321,2022-10-23,Bronze,2780,1054,2025-05-29
CLI03107,2024-12-21,Bronze,699,316,2025-10-09
CLI04497,2023-01-25,Bronze,1603,959,2023-05-12
CLI04555,2025-02-01,Bronze,4603,147,2025-04-13
CLI04952,2023-08-04,Bronze,2455,370,2025-06-18
CLI02780,2023-03-28,Bronze,3008,1124,2025-06-15
CLI02532,2022-11-13,Bronze,769,441,
CLI04646,2023-01-30,Bronze,2625,1277,
CLI00010,2025-10-20,Bronze,9405,604,2025-12-20
CLI04038,2023-10-10,Bronze,9917,6184,2024-12-15
CLI03166,2024-08-14,Bronze,2778,1598,2025-06-10
CLI02180,2023-05-09,Bronze,184,87,
CLI00406,2023-02-13,Bronze,6560,4330,2025-06-30
CLI00874,2025-01-22,Bronze,1143,23,2025-11-11
CLI03445,2024-03-07,Bronze,5288,6167,2025-09-08
CLI04764,2022-09-03,Bronze,5131,1051,2024-02-15
CLI01018,2024-09-28,Bronze,218,121,2024-12-17
CLI02839,2025-12-10,Bronze,2158,1058,2025-12-19
CLI04662,2022-10-21,Bronze,6796,1740,2023-08-30
CLI04636,2022-11-08,Bronze,5425,2513,2024-08-28
CLI04303,2023-04-10,Bronze,414,163,
CLI06033,2023-01-04,Bronze,33,1,
CLI03287,2024-09-24,Bronze,2641,915,2024-10-13
CLI04238,2022-10-02,Bronze,180,87,
CLI05998,2024-11-15,Bronze,10591,6568,2025-10-23
CLI05166,2023-01-28,Bronze,1984,1708,2023-12-11
CLI05236,2022-10-07,Bronze,2163,1615,2024-06-15
CLI05500,2024-02-11,Bronze,2879,117,2024-03-23
CLI02917,2023-04-09,Bronze,7721,561,
CLI00856,2023-10-19,Bronze,5417,1570,2023-12-12
CLI00446,2023-10-12,Bronze,10773,4170,2024-11-13
CLI02384,2022-03-10,Bronze,4045,1563,2023-05-19
CLI05902,2025-12-15,Bronze,818,90,2025-12-17
CLI01430,2024-02-22,Bronze,2948,2642,2025-04-07
CLI02020,2025-06-19,Bronze,605,188,2025-08-22
CLI00285,2023-03-21,Bronze,6492,3278,
CLI05349,2024-02-22,Bronze,4889,1062,2025-09-04
CLI02037,2022-05-04,Bronze,1648,1465,2022-12-08
CLI02992,2023-09-23,Bronze,2568,243,2025-08-21
CLI04582,2025-03-06,Bronze,3102,2068,2025-03-18
CLI05115,2025-04-05,Bronze,3332,526,2025-04-26
CLI02692,2023-07-16,Silver,15038,5752,2024-02-29
CLI02887,2022-04-08,Bronze,1045,169,
CLI01898,2023-03-19,Bronze,822,77,2024-01-24
CLI02336,2025-07-09,Bronze,8284,1776,2025-10-23
CLI05319,2025-04-20,Bronze,6433,1904,2025-10-09
CLI05804,2025-05-23,Bronze,6846,2891,2025-08-21
CLI03669,2025-08-06,Bronze,4934,236,2025-11-04
CLI04671,2024-05-14,Bronze,5748,5117,2025-11-18
CLI00499,2022-03-13,Bronze,2371,1052,
CLI05211,2023-08-26,Bronze,3156,1856,2025-04-08
CLI03209,2025-12-06,Bronze,3943,2522,2025-12-28
CLI05527,2024-12-13,Bronze,618,246,2025-10-01
CLI00380,2024-12-17,Silver,15925,2886,2025-12-02
CLI04326,2025-04-17,Bronze,7946,3955,2025-05-07
CLI03668,2023-08-26,Bronze,7125,1956,2024-11-18
CLI01053,2024-02-04,Bronze,1884,498,2024-11-23
CLI02562,2024-12-23,Bronze,4827,2287,2025-02-28
CLI01721,2024-03-24,Bronze,1955,83,2025-04-12
CLI02689,2024-10-10,Bronze,7506,1027,2025-01-01
CLI04251,2023-01-12,Bronze,108,65,2024-12-15
CLI00021,2024-04-18,Bronze,6178,3957,2025-05-16
CLI03091,2023-05-04,Bronze,1255,276,2024-01-11
CLI03029,2023-10-12,Silver,14888,281,2025-05-07
CLI04759,2023-11-23,Silver,16081,431,2025-09-11
CLI02021,2023-12-21,Bronze,3718,114,2025-05-25
CLI05858,2024-03-03,Bronze,21,3,2024-10-31
CLI03277,2024-10-21,Bronze,4119,2862,2025-01-17
CLI05019,2024-12-02,Bronze,2233,1321,2025-01-15
CLI00209,2025-12-06,Silver,12184,3514,2025-12-25
CLI05943,2024-08-08,Bronze,7497,389,2025-06-22
CLI03726,2024-08-04,Bronze,4444,3726,2025-08-09
CLI04212,2024-02-15,Bronze,7549,9245,2024-07-30
CLI06020,2024-09-01,Bronze,3769,2927,2025-04-06
CLI00151,2022-05-31,Bronze,1664,891,
CLI00023,2022-06-26,Bronze,2928,1530,2024-01-10
CLI05134,2025-07-23,Bronze,1609,973,2025-07-29
CLI05671,2023-10-30,Bronze,200,33,2023-12-07
CLI04656,2023-04-12,Bronze,457,36,2023-06-28
CLI01332,2023-05-03,Silver,21907,17674,
CLI02901,2025-09-11,Bronze,1187,123,2025-10-31
CLI00658,2023-06-17,Bronze,3037,16,2025-05-23
CLI03875,2024-08-04,Bronze,2316,1645,2025-11-16
CLI01383,2025-07-08,Bronze,1113,472,2025-08-30
CLI01808,2025-12-10,Bronze,618,69,2025-12-31
CLI02920,2022-02-20,Bronze,11242,6554,
CLI01963,2023-04-30,Bronze,43,11,2025-12-30
CLI03624,2025-08-31,Bronze,2852,15,2025-12-30
CLI03830,2022-07-26,Bronze,4460,805,
CLI04403,2024-08-01,Bronze,7466,4287,2025-02-06
CLI04962,2023-08-03,Bronze,657,393,2025-05-23
CLI00940,2022-03-26,Bronze,7692,2284,2024-12-15
CLI03420,2024-10-15,Bronze,3659,1529,2025-06-04
CLI02902,2023-03-28,Bronze,1225,677,
CLI04116,2024-02-15,Bronze,8289,3439,2025-09-18
CLI02104,2023-06-17,Bronze,844,418,2025-09-09
CLI01528,2024-04-03,Bronze,3095,559,2024-06-11
CLI00341,2025-08-10,Bronze,5681,2342,2025-11-22
CLI04437,2025-09-18,Bronze,2712,192,2025-11-04
CLI00421,2024-05-12,Bronze,4870,2338,2024-07-15
CLI00762,2022-11-13,Bronze,990,825,
CLI05034,2022-11-10,Bronze,1743,1483,
CLI03203,2023-05-11,Bronze,1820,869,
CLI03798,2024-01-07,Bronze,3206,1904,2024-09-23
CLI01869,2025-11-03,Bronze,11187,811,2025-12-09
CLI02589,2022-10-25,Bronze,5806,756,
CLI02776,2022-03-27,Silver,21091,11018,
CLI03083,2025-09-03,Bronze,1527,619,2025-11-02
CLI05011,2022-03-24,Bronze,868,210,2025-12-20
CLI00885,2025-05-06,Bronze,10311,7536,2025-10-13
CLI05081,2024-09-29,Bronze,1003,521,2025-01-29
CLI02588,2023-10-09,Bronze,414,82,2025-11-10
CLI03886,2022-09-05,Bronze,5035,2733,2023-08-17
CLI01287,2024-07-05,Bronze,9923,7728,2025-06-15
CLI03071,2023-10-19,Bronze,6438,3729,2025-03-02
CLI02954,2023-01-06,Bronze,6999,5084,2023-04-09
CLI00711,2022-10-17,Silver,18824,1698,
CLI05651,2025-09-04,Bronze,3852,2141,2025-09-19
CLI00099,2025-06-05,Silver,14171,8543,2025-10-09
CLI00891,2024-07-19,Bronze,1493,1024,2025-06-23
CLI04245,2025-04-23,Bronze,1766,201,2025-10-31
CLI01983,2022-11-14,Bronze,333,247,2025-06-19
CLI04225,2024-02-18,Bronze,2061,1595,2025-11-22
CLI03037,2024-05-12,Bronze,4900,1681,2025-01-20
CLI02514,2022-03-09,Bronze,5172,1719,
CLI01040,2025-09-09,Bronze,6408,1724,2025-09-24
CLI06009,2025-02-14,Bronze,2280,1109,2025-07-10
CLI05602,2025-08-12,Bronze,2317,576,2025-11-30
CLI05245,2023-12-15,Bronze,5891,729,2025-04-08
CLI01063,2025-07-18,Bronze,563,490,2025-07-26
CLI03388,2024-07-10,Bronze,8995,4097,2025-10-25
CLI04818,2024-02-17,Bronze,1492,426,2024-05-11
CLI01466,2025-03-20,Bronze,967,668,2025-07-01
CLI03369,2024-04-16,Bronze,2706,771,2024-11-30
CLI01992,2023-01-23,Bronze,8455,3780,2025-02-01
CLI05101,2023-01-09,Bronze,5700,157,
CLI01399,2025-04-01,Bronze,830,489,2025-04-04
CLI00671,2023-08-31,Bronze,734,83,2024-03-07
CLI05517,2025-08-01,Bronze,4455,2721,2025-12-30
CLI05516,2022-11-05,Bronze,1409,228,2023-04-02
CLI05276,2024-09-09,Bronze,3211,1786,2025-04-24
CLI02023,2024-02-23,Bronze,6341,3194,2025-06-26
CLI01197,2022-03-17,Bronze,2059,1546,2025-03-20
CLI00417,2025-07-14,Bronze,2037,1117,2025-12-27
CLI04193,2023-10-17,Bronze,877,439,2024-11-23
CLI03061,2025-08-09,Bronze,2914,1948,2025-10-05
CLI04669,2025-04-28,Bronze,1087,136,2025-08-29
CLI04350,2024-09-23,Bronze,2014,80,2025-07-14
CLI04125,2023-06-12,Bronze,10882,3236,2025-11-30
CLI02929,2025-08-03,Bronze,7831,4208,2025-10-20
CLI01012,2025-11-26,Bronze,755,107,2025-12-31
CLI05650,2025-04-04,Bronze,3380,4956,2025-12-29
CLI01237,2022-12-06,Bronze,10553,3563,
CLI01704,2024-10-31,Bronze,7918,4292,2024-11-23
CLI04623,2023-08-03,Bronze,5407,596,2025-11-06
CLI00899,2025-05-28,Bronze,4363,3272,2025-06-21
CLI00201,2022-04-10,Bronze,2176,2467,2025-01-25
CLI01728,2024-11-30,Bronze,4227,1959,2025-11-08
CLI02747,2023-11-09,Bronze,4135,3242,2024-02-17
CLI05040,2024-05-24,Bronze,7638,4642,2024-10-29
CLI00735,2024-09-24,Bronze,6705,2404,2025-08-04
CLI06045,2025-08-07,Bronze,7980,4689,2025-12-08
CLI01207,2023-07-11,Bronze,471,86,2024-04-02
CLI02750,2023-03-30,Silver,18117,11100,
CLI00600,2025-08-01,Bronze,5818,841,2025-09-16
CLI04088,2025-04-18,Bronze,8663,6919,2025-05-23
CLI00401,2023-10-26,Bronze,2019,1227,2025-11-20
CLI02367,2025-03-26,Silver,16426,6711,2025-08-17
CLI01777,2025-02-25,Bronze,7107,355,2025-09-14
CLI05310,2022-05-13,Bronze,1805,274,2023-10-02
CLI00515,2023-11-18,Bronze,164,106,2024-10-31
CLI05997,2023-07-03,Bronze,2046,5,2024-07-14
CLI04369,2023-12-06,Bronze,5249,902,2025-05-11
CLI03111,2023-10-29,Bronze,8329,3833,2023-12-28
CLI04926,2022-11-27,Bronze,2540,2264,2025-01-09
CLI00815,2022-09-13,Bronze,29,6,2025-11-26
CLI03175,2024-09-04,Bronze,2477,3239,2025-06-17
CLI00892,2023-10-18,Bronze,2100,1567,2025-01-07
CLI01506,2025-11-13,Bronze,6408,1127,2025-11-30
CLI05987,2023-12-25,Bronze,494,399,2025-01-12
CLI04518,2022-03-03,Bronze,918,247,2025-11-24
CLI05398,2025-09-21,Bronze,4034,878,2025-11-06
CLI04725,2025-09-29,Bronze,4826,3159,2025-11-24
CLI01036,2025-08-12,Bronze,293,187,2025-11-28
CLI03621,2022-05-19,Bronze,1311,797,2023-06-07
CLI00220,2023-04-13,Bronze,6524,3106,
CLI03461,2024-03-23,Bronze,1472,815,2025-05-02
CLI03689,2023-08-09,Bronze,1941,501,2024-07-31
CLI00134,2023-07-30,Silver,14159,2904,2025-09-17
CLI05862,2022-06-20,Bronze,1752,1463,
CLI05342,2023-05-24,Bronze,2226,1786,2023-10-22
CLI00822,2024-12-01,Bronze,9421,6567,2025-02-28
CLI05230,2022-12-28,Bronze,3307,1703,2023-06-09
CLI01510,2022-05-05,Bronze,10764,2297,2023-12-26
CLI01415,2024-05-24,Bronze,839,255,2025-08-04
CLI03695,2024-07-11,Bronze,3613,348,2025-10-27
CLI03259,2024-11-22,Bronze,2840,417,2025-07-27
CLI04717,2022-10-24,Bronze,6103,4069,2024-03-22
CLI03453,2022-11-27,Bronze,4770,2309,2024-01-12
CLI05840,2025-10-24,Bronze,6834,3001,2025-12-07
CLI05619,2025-12-26,Bronze,362,169,2025-12-28
CLI03316,2022-10-19,Silver,12146,92,2025-06-24
CLI05692,2024-05-12,Bronze,525,5,2025-04-06
CLI00601,2025-07-17,Bronze,1544,1149,2025-12-07
CLI05660,2022-12-20,Bronze,1243,1102,2022-12-27
CLI02375,2023-09-26,Bronze,7399,2207,2025-05-23
CLI05747,2023-01-20,Bronze,1271,1091,2024-01-08
CLI02982,2024-05-02,Bronze,1284,187,2024-05-25
CLI03087,2023-09-18,Bronze,7048,3223,2025-08-13
CLI00855,2024-11-08,Bronze,210,48,2025-08-13
CLI00488,2023-09-23,Bronze,1358,1060,2025-08-28
CLI04322,2025-07-23,Bronze,1106,407,2025-08-28
CLI00593,2024-07-01,Bronze,9582,2719,2025-01-25
CLI01609,2024-07-30,Bronze,10554,6083,2024-10-19
CLI05233,2025-04-05,Bronze,3211,1987,2025-10-17
CLI04749,2023-01-14,Bronze,7356,4028,
CLI05689,2023-06-07,Bronze,4412,272,2024-09-14
CLI00100,2024-09-29,Bronze,8175,3488,2024-11-11
CLI02997,2024-03-09,Bronze,269,228,2024-07-14
CLI04575,2024-11-20,Bronze,1715,551,2024-11-28
CLI02133,2023-03-30,Bronze,3978,2974,2024-02-14
CLI02979,2023-06-28,Bronze,689,592,2024-06-09
CLI00414,2025-06-21,Bronze,14,1,2025-11-20
CLI00358,2025-11-02,Bronze,3659,2139,2025-12-22
CLI03606,2025-10-30,Silver,13322,2529,2025-11-08
CLI03439,2025-10-14,Bronze,2044,824,2025-10-28
CLI04495,2023-01-10,Bronze,1128,518,
CLI03450,2024-02-16,Bronze,2127,1802,2024-04-28
CLI00016,2024-01-06,Bronze,1666,1376,2024-04-02
CLI01962,2022-04-01,Bronze,2535,752,2023-10-27
CLI00204,2025-02-09,Bronze,6748,2201,2025-09-26
CLI00037,2025-09-06,Bronze,3425,2213,2025-11-27
CLI00436,2022-06-23,Bronze,8088,6047,
CLI00590,2023-11-17,Bronze,1721,1125,2025-10-06
CLI01966,2024-09-13,Silver,18745,11929,2025-05-01
CLI04742,2024-09-04,Bronze,1740,910,2025-11-15
CLI03640,2024-01-30,Bronze,2884,1177,2025-04-20
CLI00013,2022-09-30,Bronze,5298,3043,
CLI05015,2025-06-05,Bronze,8304,1744,2025-10-01
CLI01449,2024-03-15,Bronze,6148,2450,2024-09-28
CLI02557,2024-07-26,Bronze,3696,1988,2024-12-16
CLI04891,2025-04-09,Bronze,6368,4328,2025-11-11
CLI01531,2023-04-28,Bronze,1253,631,
CLI00541,2022-06-17,Bronze,932,640,2022-10-31
CLI02484,2023-09-15,Bronze,2425,574,2024-08-19
CLI03481,2022-02-22,Bronze,562,6,2024-04-24
CLI04837,2023-09-15,Bronze,6857,3319,2023-12-08
CLI06049,2022-04-26,Bronze,7443,605,
CLI02339,2022-04-20,Bronze,7399,8972,2023-03-27
CLI01496,2025-03-31,Bronze,968,855,2025-09-10
CLI03815,2023-04-20,Bronze,9778,8545,2025-06-26
CLI05833,2024-01-28,Bronze,180,114,2024-08-11
CLI03900,2024-11-03,Bronze,3000,2038,2025-03-02
CLI03060,2025-09-07,Bronze,1350,1668,2025-09-30
CLI03595,2025-02-05,Bronze,11860,7711,2025-09-17
CLI02202,2022-06-24,Bronze,1016,523,2022-10-07
CLI03251,2022-02-23,Bronze,2828,505,2022-10-19
CLI05924,2024-05-22,Bronze,8010,1168,2025-11-22
CLI01969,2024-06-13,Bronze,7502,1577,2025-06-01
CLI00706,2025-08-12,Bronze,2218,1531,2025-10-14
CLI04282,2022-06-06,Bronze,10473,9030,2025-08-25
CLI05235,2025-10-02,Bronze,7351,1289,2025-12-21
CLI01981,2024-05-11,Bronze,3235,2875,2025-06-05
CLI00440,2025-05-27,Bronze,7816,3040,2025-12-03
CLI05281,2024-01-30,Bronze,9395,4691,2024-03-11
CLI02118,2022-12-16,Silver,17398,4116,
CLI05726,2025-03-24,Bronze,3595,566,2025-06-09
CLI00925,2023-08-29,Bronze,1958,477,2023-10-25
CLI01689,2022-09-06,Bronze,2480,757,
CLI04167,2024-01-13,Bronze,4880,4004,2025-08-02
CLI05762,2025-01-23,Bronze,435,197,2025-12-26
CLI04323,2025-12-28,Bronze,670,5,2025-12-31
CLI05308,2024-05-14,Bronze,2782,27,2025-05-23
CLI01135,2025-09-15,Bronze,4166,1639,2025-11-06
CLI02470,2024-10-24,Bronze,8670,4099,2024-11-10
CLI01109,2022-12-02,Bronze,591,246,2024-05-28
CLI05781,2023-07-13,Bronze,5363,3552,2023-12-09
CLI02601,2024-04-26,Bronze,5677,2947,2025-11-30
CLI04489,2025-07-28,Bronze,1311,872,2025-11-24
CLI02524,2025-11-21,Bronze,6706,973,2025-12-15
CLI02769,2025-08-02,Bronze,51,41,2025-11-30
CLI00769,2023-03-14,Bronze,6722,4448,2025-08-15
CLI02883,2022-05-04,Bronze,1447,990,2025-05-23
CLI05848,2025-04-20,Bronze,4518,568,2025-05-16
CLI03022,2024-11-01,Bronze,838,214,2025-03-01
CLI03146,2023-03-24,Bronze,9376,1393,2024-08-08
CLI01920,2023-12-17,Bronze,644,332,2024-04-19
CLI02139,2024-10-02,Bronze,3373,169,2025-01-07
CLI03409,2024-09-24,Bronze,1678,1022,2025-09-21
CLI00796,2022-12-20,Bronze,2472,220,2025-10-02
CLI02520,2022-04-09,Bronze,3416,476,2024-08-30
CLI02884,2023-03-23,Bronze,5709,3901,2023-10-22
CLI00638,2023-05-26,Bronze,5148,566,2024-08-14
CLI03892,2022-03-11,Bronze,464,22,2025-04-27
CLI02347,2022-06-12,Bronze,6501,212,
CLI01326,2025-01-16,Bronze,3126,26,2025-01-22
CLI05146,2024-05-11,Silver,13292,8368,2024-06-05
CLI03757,2023-12-11,Bronze,205,177,2024-09-15
CLI02668,2024-11-29,Bronze,7215,5209,2025-09-19
CLI05892,2022-03-16,Bronze,2005,464,2023-12-17
CLI04640,2024-11-09,Bronze,2932,2267,2025-01-18
CLI03864,2022-10-20,Bronze,992,71,2023-12-17
CLI00439,2023-04-11,Bronze,91,57,2025-07-25
CLI03028,2022-08-28,Bronze,46,23,2023-03-01
CLI03390,2024-06-25,Bronze,1736,872,2024-12-09
CLI01570,2022-10-14,Bronze,11843,6842,
CLI05972,2023-12-01,Bronze,3808,304,2024-05-16
CLI01238,2023-11-25,Bronze,9506,613,2025-02-11
CLI05026,2023-10-24,Bronze,1119,340,2025-10-26
CLI02305,2023-10-30,Bronze,800,1165,2024-07-24
CLI05799,2025-09-05,Bronze,3152,644,2025-10-27
CLI03656,2022-04-10,Bronze,7716,3558,2024-12-31
CLI03422,2025-07-31,Bronze,1228,598,2025-10-24
CLI05995,2025-07-27,Bronze,2677,310,2025-11-18
CLI05284,2025-11-18,Bronze,2040,1809,2025-11-29
CLI03202,2022-06-04,Bronze,1564,174,2022-09-15
CLI02351,2023-02-27,Bronze,6919,2102,2024-11-29
CLI03250,2022-07-12,Bronze,4772,2870,2024-02-07
CLI05764,2024-12-07,Bronze,4708,1368,2025-03-02
CLI01540,2025-07-28,Bronze,2714,1800,2025-12-10
CLI04187,2025-06-26,Bronze,7086,1614,2025-08-28
CLI05766,2025-12-15,Bronze,10077,592,2025-12-16
CLI05510,2023-02-07,Bronze,471,375,2023-03-24
CLI00462,2024-12-04,Bronze,4470,1172,2025-08-23
CLI04791,2022-04-09,Silver,12159,9689,
CLI00814,2023-11-18,Bronze,6681,4154,2025-08-18
CLI03764,2022-10-15,Bronze,556,391,
CLI02843,2024-10-26,Bronze,11560,7056,2025-03-08
CLI01794,2024-06-30,Bronze,3794,876,2024-09-28
CLI01055,2025-02-23,Bronze,9429,4364,2025-09-30
CLI04286,2025-05-20,Bronze,431,30,2025-06-01
CLI02219,2022-05-28,Bronze,873,711,
CLI01807,2024-04-15,Bronze,1485,642,2025-01-05
CLI05732,2024-09-09,Bronze,4070,3162,2025-12-08
CLI04091,2022-10-10,Bronze,4644,516,2023-10-27
CLI01181,2025-05-14,Bronze,1399,14,2025-06-10
CLI00178,2023-02-15,Bronze,9869,5386,2023-10-12
CLI02158,2025-09-12,Bronze,8638,2803,2025-09-25
CLI00737,2023-10-05,Bronze,5650,1535,2024-01-08
CLI05387,2022-08-31,Bronze,166,134,
CLI03558,2023-12-05,Bronze,2790,2506,2025-11-04
CLI02698,2022-07-21,Bronze,6997,3896,
CLI02856,2024-09-29,Bronze,10960,5135,2025-04-05
CLI00690,2022-12-19,Bronze,11350,7897,
CLI02893,2022-03-27,Bronze,2495,1357,2022-03-28
CLI01534,2023-05-06,Bronze,54,9,2023-10-19
CLI00192,2025-05-16,Bronze,863,221,2025-06-29
CLI02274,2023-08-16,Bronze,2034,177,2024-01-26
CLI00653,2024-06-07,Bronze,5251,2830,2024-12-22
CLI05744,2022-06-14,Bronze,1946,162,2024-06-22
CLI05515,2024-03-26,Bronze,7992,2487,2025-01-24
CLI02088,2022-03-03,Bronze,1461,238,
CLI01459,2025-03-29,Bronze,4103,2123,2025-10-18
CLI03062,2025-02-20,Bronze,1329,713,2025-05-16
CLI05496,2025-11-16,Bronze,2552,3539,2025-11-20
CLI00896,2025-10-06,Bronze,7706,4034,2025-12-05
CLI01733,2022-12-11,Bronze,4275,1048,2025-03-22
CLI05232,2023-10-01,Bronze,8427,5174,2024-03-26
CLI02356,2022-04-24,Bronze,3052,2685,2025-08-30
CLI00128,2023-03-18,Bronze,4227,3139,
CLI04039,2025-07-17,Bronze,560,123,2025-11-13
CLI02583,2023-03-25,Bronze,2561,1131,2024-11-16
CLI00820,2025-07-10,Bronze,11834,7216,2025-07-27
CLI03215,2024-12-26,Bronze,2845,1273,2025-06-12
CLI05494,2024-03-05,Bronze,6142,5354,2024-04-25
CLI05618,2023-11-30,Bronze,2126,1098,2025-06-07
CLI00031,2025-07-05,Bronze,5849,822,2025-10-09
CLI02388,2025-03-22,Bronze,468,341,2025-09-24
CLI05608,2023-09-22,Bronze,447,346,2024-07-22
CLI05605,2023-12-01,Bronze,376,187,2024-10-03
CLI05626,2025-11-12,Bronze,2308,1952,2025-11-22
CLI03449,2023-12-31,Bronze,6591,5605,2024-06-12
CLI05064,2023-09-01,Bronze,61,42,2023-10-27
CLI04524,2023-12-30,Silver,19259,15312,2024-02-10
CLI04882,2023-08-16,Bronze,868,358,2024-06-18
CLI00928,2025-11-30,Bronze,9053,117,2025-12-02
CLI04363,2025-09-12,Bronze,838,104,2025-12-11
CLI05827,2023-09-23,Bronze,10187,14217,2024-09-24
CLI00451,2024-09-01,Bronze,6508,3658,2025-03-18
CLI02482,2023-01-12,Bronze,985,789,
CLI01120,2023-06-05,Bronze,2636,1677,2023-07-20
CLI05541,2022-10-01,Bronze,2150,322,2024-06-09
CLI01782,2025-07-13,Silver,16501,7407,2025-12-05
CLI04329,2022-12-01,Bronze,2268,2683,
CLI00325,2022-03-10,Bronze,1343,1111,
CLI05763,2024-03-27,Bronze,1914,31,2024-06-30
CLI02709,2023-08-10,Bronze,3937,2067,2025-06-15
CLI00457,2024-03-01,Bronze,5660,4987,2025-04-16
CLI01354,2025-07-01,Bronze,4402,33,2025-11-05
CLI05084,2024-11-02,Silver,12051,5133,2025-01-20
CLI04504,2025-02-16,Bronze,4133,2499,2025-03-25
CLI02538,2025-07-28,Bronze,7857,3842,2025-12-12
CLI05324,2023-03-27,Bronze,3240,1515,
CLI04345,2023-09-30,Bronze,796,354,2024-04-15
CLI03471,2023-02-25,Bronze,1799,525,
CLI05539,2022-03-04,Bronze,4262,3736,2023-10-13
CLI05627,2024-12-03,Bronze,4024,2702,2025-09-09
CLI01882,2023-06-12,Bronze,213,35,2023-10-18
CLI01737,2025-12-12,Bronze,191,112,2025-12-16
CLI00410,2022-05-20,Bronze,3510,1220,2024-01-12
CLI05428,2025-10-01,Bronze,10610,2368,2025-10-28
CLI02821,2022-05-20,Bronze,6150,4325,2024-08-04
CLI00137,2023-09-17,Bronze,2551,2131,2024-03-30
CLI02129,2024-08-20,Bronze,4942,3924,2024-12-16
CLI02568,2025-03-13,Bronze,557,355,2025-07-25
CLI05347,2022-02-06,Bronze,3130,530,2023-05-16
CLI02585,2025-01-27,Bronze,4349,94,2025-09-22
CLI00802,2023-10-09,Bronze,7837,5722,2025-07-05
CLI04659,2023-05-04,Bronze,6596,4284,2025-10-08
CLI02579,2025-01-22,Bronze,8002,4384,2025-03-17
CLI00533,2023-04-16,Bronze,2819,1288,
CLI02281,2024-03-28,Bronze,5589,4647,2025-12-11
CLI03470,2022-04-28,Bronze,10320,5570,2023-01-10
CLI03577,2024-05-09,Bronze,5547,4294,2024-05-18
CLI04997,2025-12-18,Bronze,1763,274,2025-12-21
CLI03360,2025-11-12,Bronze,2152,1082,2025-11-24
CLI02632,2025-11-15,Bronze,3810,1682,2025-11-26
CLI00540,2023-09-10,Bronze,10772,3880,2025-12-01
CLI02906,2024-06-11,Bronze,3125,411,2025-08-03
CLI04399,2023-01-21,Bronze,11468,8861,
CLI03311,2022-10-13,Bronze,686,467,
CLI05513,2022-07-23,Bronze,806,141,2024-01-29
CLI03680,2023-05-08,Bronze,584,238,2023-11-02
CLI00035,2022-03-31,Bronze,7166,740,2024-01-21
CLI03528,2024-04-16,Bronze,7399,3369,2025-03-07
CLI03649,2025-07-22,Bronze,2402,408,2025-09-17
CLI00744,2023-03-27,Bronze,3177,250,2024-12-29
CLI03262,2024-11-17,Bronze,9306,1910,2025-02-11
CLI00904,2023-01-19,Bronze,255,39,
CLI02922,2025-03-14,Bronze,365,245,2025-06-22
CLI00263,2023-04-23,Bronze,2577,523,2025-01-14
CLI01917,2024-03-23,Bronze,5929,503,2025-03-21
CLI02863,2024-05-26,Bronze,5732,3406,2025-12-23
CLI04169,2025-05-02,Bronze,5250,476,2025-10-02
CLI02297,2023-08-20,Bronze,6035,3505,2024-01-24
CLI05958,2025-08-16,Bronze,2875,2019,2025-09-12
CLI02841,2023-12-16,Bronze,3164,2033,2025-12-06
CLI03878,2023-10-22,Bronze,583,312,2025-06-29
CLI04969,2024-01-04,Bronze,6398,2548,2024-10-16
CLI02573,2024-03-10,Bronze,2404,122,2025-03-19
CLI02170,2025-08-23,Bronze,626,260,2025-12-03
CLI04846,2024-12-27,Bronze,5658,4474,2025-12-30
CLI00498,2024-10-20,Bronze,262,48,2025-05-09
CLI01860,2024-07-05,Bronze,2630,1362,2024-09-28
CLI04359,2024-06-29,Bronze,1784,308,2025-12-04
CLI04474,2022-08-10,Bronze,6613,885,2023-04-30
CLI05948,2022-06-24,Bronze,410,350,
CLI05031,2022-02-20,Bronze,9507,6816,
CLI00998,2022-09-09,Bronze,5689,1020,
CLI02686,2022-05-11,Bronze,685,387,
CLI01663,2025-02-27,Bronze,6371,4688,2025-12-30
CLI03358,2023-02-19,Bronze,516,373,
CLI04864,2025-05-23,Bronze,276,155,2025-10-19
CLI02909,2025-03-05,Bronze,4954,248,2025-12-23
CLI02082,2024-11-28,Bronze,2407,1922,2025-03-19
CLI03855,2024-07-23,Bronze,2612,1746,2025-05-26
CLI03407,2022-05-09,Bronze,320,7,2023-02-27
CLI00199,2023-10-04,Bronze,5821,189,2025-07-28
CLI04701,2023-06-28,Bronze,4825,1795,2025-12-21
CLI02064,2024-01-23,Silver,12035,1064,2024-12-31
CLI04298,2024-10-21,Bronze,86,6,2024-11-20
CLI05112,2025-01-11,Bronze,2485,1189,2025-08-24
CLI01845,2024-04-25,Bronze,2789,2145,2024-10-05
CLI00548,2024-01-03,Bronze,3215,384,2024-03-02
CLI04114,2025-07-11,Bronze,3717,1224,2025-12-16
CLI00565,2022-07-25,Bronze,1417,884,
CLI00695,2025-03-28,Bronze,373,226,2025-12-18
CLI04628,2025-05-25,Bronze,2540,1203,2025-12-05
CLI02653,2025-05-27,Bronze,8204,2024,2025-11-17
CLI04433,2025-01-19,Bronze,1490,718,2025-02-18
CLI05461,2023-04-02,Bronze,4753,526,
CLI01051,2024-06-14,Silver,13645,1729,2024-07-08
CLI03034,2025-01-29,Bronze,4063,2755,2025-04-15
CLI00705,2022-04-19,Bronze,1815,177,2022-06-21
CLI01333,2024-05-07,Bronze,6440,1011,2024-10-05
CLI03622,2024-03-29,Bronze,922,100,2024-09-24
CLI05062,2025-09-30,Silver,24311,16387,2025-11-19
CLI03805,2024-12-17,Bronze,6439,2180,2025-10-20
CLI01117,2024-10-07,Bronze,1424,394,2025-03-18
CLI01400,2024-12-20,Bronze,3772,2303,2025-08-19
CLI04430,2025-09-28,Bronze,106,76,2025-11-18
CLI01439,2022-10-19,Bronze,222,5,2023-05-21
CLI03158,2024-09-25,Bronze,2051,1488,2024-09-27
CLI00241,2022-04-05,Bronze,2150,496,2023-02-28
CLI01159,2023-10-27,Bronze,5243,2485,2024-04-06
CLI04604,2022-01-31,Bronze,1004,606,
CLI00456,2025-06-04,Bronze,3839,2541,2025-11-07
CLI04883,2022-12-22,Bronze,8558,3988,2023-11-30
CLI04367,2025-04-29,Bronze,386,188,2025-04-30
CLI02927,2023-02-12,Bronze,2177,339,2023-10-02
CLI00106,2023-12-16,Bronze,3079,683,2025-08-26
CLI01894,2022-12-15,Bronze,7033,3028,
CLI00728,2025-05-30,Bronze,984,681,2025-11-09
CLI04351,2025-10-14,Silver,12056,4334,2025-10-27
CLI04289,2022-09-12,Bronze,3174,2814,2022-11-14
CLI03613,2025-12-01,Bronze,375,199,2025-12-28
CLI00823,2025-06-28,Bronze,1151,777,2025-08-09
CLI05770,2024-10-20,Bronze,8500,3171,2024-12-19
CLI03546,2024-02-27,Bronze,1256,975,2025-02-10
CLI00197,2024-12-26,Bronze,2467,1397,2025-12-03
CLI05296,2022-11-23,Bronze,786,292,
CLI03220,2024-04-29,Bronze,5894,1537,2024-11-21
CLI04374,2023-06-14,Bronze,3921,871,2024-12-27
CLI03535,2023-07-26,Silver,13319,4331,2024-04-29
CLI05104,2025-02-23,Bronze,332,74,2025-10-22
CLI04720,2025-04-11,Bronze,4341,521,2025-07-18
CLI03977,2024-02-20,Bronze,879,678,2024-07-28
CLI03654,2025-04-25,Bronze,4341,2875,2025-11-29
CLI05250,2024-01-08,Bronze,6903,5803,2024-07-30
CLI03911,2023-09-01,Bronze,3366,2428,2025-02-07
CLI02700,2023-10-03,Bronze,7329,226,2024-09-22
CLI02984,2025-08-05,Bronze,0,0,2025-12-28
CLI01365,2024-04-14,Bronze,9662,1788,2024-11-11
CLI02457,2025-01-01,Bronze,323,91,2025-07-02
CLI02307,2024-02-29,Bronze,2691,20,2025-08-07
CLI00024,2025-06-06,Bronze,4153,1148,2025-10-30
CLI00637,2024-08-06,Bronze,519,341,2025-04-18
CLI05567,2024-05-17,Silver,22025,1038,2024-07-09
CLI00431,2023-07-30,Bronze,3481,3006,2024-10-19
CLI00721,2024-01-28,Silver,15811,3502,2024-10-09
CLI03332,2022-05-16,Bronze,9536,3860,2024-10-22
CLI01679,2024-04-04,Bronze,1783,1131,2025-11-29
CLI03327,2024-03-01,Bronze,4396,564,2024-03-08
CLI02316,2024-12-06,Bronze,1127,912,2025-07-24
CLI05971,2022-03-06,Bronze,5744,2148,
CLI01306,2023-01-10,Bronze,1960,1432,2024-05-19
CLI03678,2025-04-02,Bronze,4237,523,2025-12-20
CLI01211,2024-08-27,Bronze,3239,1410,2025-08-07
CLI02148,2022-04-17,Bronze,3656,1073,
CLI02781,2023-08-18,Bronze,8138,6351,2023-09-12
CLI04986,2024-01-04,Bronze,2531,1780,2025-05-13
CLI02328,2024-06-10,Bronze,2791,1224,2024-10-16
CLI00620,2022-04-13,Bronze,482,371,2024-09-16
CLI05836,2025-01-06,Bronze,6675,164,2025-08-19
CLI03182,2023-12-19,Bronze,1487,219,2024-10-22
CLI05616,2024-03-09,Bronze,6213,1874,2025-10-01
CLI05292,2025-06-14,Bronze,266,167,2025-11-30
CLI02832,2024-08-01,Bronze,3655,1211,2025-10-16
CLI04841,2023-11-04,Bronze,7630,663,2025-04-07
CLI04754,2025-03-12,Bronze,8335,5851,2025-08-21
CLI05035,2023-07-07,Bronze,3132,2459,2023-10-28
CLI01933,2025-02-21,Bronze,1004,546,2025-08-27
CLI03118,2022-10-13,Bronze,4388,716,
CLI03303,2022-09-06,Bronze,8278,2867,2025-02-11
CLI03339,2023-01-23,Bronze,230,0,2024-07-03
CLI02509,2024-10-31,Bronze,894,358,2024-12-12
CLI05585,2022-04-28,Bronze,1894,362,2023-09-09
CLI02652,2024-04-02,Bronze,6132,1872,2024-10-21
CLI05225,2024-01-10,Bronze,2395,788,2024-06-26
CLI05544,2023-08-20,Bronze,1663,298,2025-11-19
CLI00718,2024-04-05,Bronze,4715,3694,2025-05-13
CLI05826,2024-07-30,Bronze,2247,1036,2024-11-01
CLI02408,2023-11-21,Bronze,10587,6845,2025-09-06
CLI04427,2024-03-13,Bronze,3712,1279,2025-09-03
CLI05989,2022-11-29,Bronze,3514,2584,2023-03-14
CLI00528,2024-11-10,Bronze,6661,4889,2025-03-07
CLI02054,2025-04-03,Bronze,2804,2252,2025-07-20
CLI01658,2024-05-13,Bronze,2830,2484,2024-08-03
CLI02319,2025-02-28,Bronze,6896,6191,2025-03-10
CLI01948,2023-10-24,Bronze,6099,562,2023-11-09
CLI04542,2023-06-30,Bronze,4561,2594,2023-07-09
CLI04815,2025-08-25,Bronze,864,515,2025-12-10
CLI05106,2024-01-02,Bronze,4059,2870,2024-06-08
CLI04531,2025-02-28,Silver,13608,7374,2025-04-22
CLI00525,2024-10-12,Bronze,926,117,2025-12-20
CLI04959,2023-11-12,Bronze,10257,2079,2025-11-05
CLI00911,2023-01-10,Bronze,4830,452,2024-12-18
CLI02542,2024-01-23,Bronze,1759,1047,2024-12-30
CLI05925,2025-08-07,Bronze,4861,3716,2025-08-30
CLI00504,2022-10-13,Bronze,835,440,2024-06-05
CLI00559,2022-07-16,Bronze,2084,854,2025-10-14
CLI00125,2024-03-17,Bronze,1549,903,2025-05-04
CLI01471,2023-12-20,Bronze,1251,231,2025-10-31
CLI04663,2025-05-28,Bronze,5456,2858,2025-11-04
CLI01285,2025-09-08,Bronze,2918,1589,2025-12-21
CLI03320,2025-06-19,Bronze,1180,465,2025-12-23
CLI01095,2024-06-03,Bronze,727,59,2024-07-22
CLI04370,2022-01-09,Bronze,2607,2267,2023-09-16
CLI01775,2023-01-24,Bronze,9803,3241,2024-05-24
CLI01184,2022-03-13,Bronze,5934,3295,2024-01-11
CLI00225,2022-09-10,Bronze,5960,1175,2023-02-03
CLI03112,2023-12-27,Silver,17359,302,2024-07-01
CLI01952,2024-04-19,Bronze,6261,3963,2024-06-25
CLI01041,2024-11-20,Bronze,3399,638,2025-12-30
CLI00429,2025-05-07,Bronze,6778,2411,2025-09-10
CLI05926,2023-05-07,Bronze,2080,1847,2025-10-12
CLI01372,2024-07-29,Silver,14905,592,2025-05-08
CLI03781,2025-10-27,Bronze,566,16,2025-12-25
CLI00685,2023-02-24,Bronze,8508,6173,
CLI00828,2023-10-08,Bronze,17,1,2023-10-16
CLI00633,2022-12-17,Bronze,970,758,
CLI02526,2023-04-12,Bronze,2842,271,2025-07-09
CLI01672,2025-06-26,Bronze,2077,251,2025-08-02
CLI01461,2022-07-29,Bronze,2234,1050,2025-05-18
CLI01398,2025-03-30,Bronze,3358,614,2025-08-15
CLI01278,2022-10-26,Bronze,1731,496,
CLI05863,2022-11-14,Bronze,2683,1673,
CLI00746,2022-05-28,Bronze,1466,265,
CLI01749,2024-11-19,Bronze,64,8,2024-12-08
CLI00168,2022-05-23,Bronze,3624,816,2024-08-16
CLI05383,2023-10-13,Bronze,1337,256,2024-09-20
CLI00142,2025-07-09,Bronze,4814,2115,2025-08-30
CLI00805,2024-12-24,Bronze,5703,3900,2025-10-28
CLI02009,2022-06-12,Bronze,1490,1276,2023-09-16
CLI04290,2022-03-28,Bronze,2577,2292,2022-09-28
CLI06039,2025-06-02,Bronze,10036,4425,2025-10-10
CLI04653,2024-02-28,Bronze,1366,296,2024-05-01
CLI02249,2023-10-19,Silver,12673,8557,2024-07-21
CLI00455,2023-07-26,Bronze,1665,1190,2023-07-30
CLI06013,2025-07-18,Bronze,1295,583,2025-12-06
CLI03340,2023-02-17,Bronze,5564,1749,2023-03-19
CLI03926,2024-07-23,Bronze,3919,1305,2025-12-11
CLI03241,2023-11-24,Bronze,938,499,2024-09-09
CLI00441,2023-08-03,Bronze,11364,3025,2024-08-20
CLI03675,2024-04-11,Bronze,1987,642,2024-12-20
CLI04113,2024-07-18,Bronze,446,75,2025-07-29
CLI01828,2024-06-26,Bronze,5513,636,2025-09-23
CLI04340,2024-09-04,Bronze,1475,868,2025-06-14
CLI03139,2023-12-15,Silver,18822,2119,2025-04-15
CLI02980,2025-10-24,Bronze,3045,192,2025-12-15
CLI05059,2024-04-10,Bronze,6539,3184,2024-11-09
CLI00985,2024-11-17,Bronze,1761,1285,2025-08-10
CLI03636,2022-08-01,Bronze,135,65,2024-10-10
CLI01746,2024-12-28,Bronze,9060,944,2025-04-02
CLI03354,2022-11-29,Bronze,463,383,
CLI04521,2022-09-19,Bronze,8636,7003,
CLI02685,2025-08-25,Bronze,645,194,2025-09-04
CLI01843,2024-02-09,Bronze,11917,2070,2025-08-20
CLI02958,2025-09-01,Bronze,8544,5157,2025-11-10
CLI03747,2025-11-17,Bronze,5013,3475,2025-12-17
CLI04436,2023-04-01,Bronze,570,405,
CLI00377,2022-06-14,Bronze,1626,1053,2022-11-09
CLI05663,2024-05-06,Bronze,6875,4497,2025-07-12
CLI00206,2023-08-04,Bronze,10092,5381,2024-02-12
CLI02212,2024-10-02,Bronze,263,142,2025-06-22
CLI02195,2025-05-04,Silver,13164,10378,2025-11-18
CLI01377,2024-05-31,Bronze,5222,3856,2024-06-24
CLI03373,2024-02-11,Bronze,5291,643,2025-05-25
CLI03711,2023-08-20,Bronze,2252,495,2025-08-28
CLI05966,2023-05-20,Bronze,2502,1187,2024-05-20
CLI02897,2022-04-15,Bronze,2063,79,2024-07-04
CLI02418,2023-01-07,Bronze,7620,5766,2025-04-15
CLI00419,2024-06-26,Silver,12528,862,2024-12-10
CLI00284,2023-09-05,Bronze,7773,560,2024-09-07
CLI00872,2022-06-27,Silver,12724,3467,2025-03-09
CLI02146,2023-08-15,Bronze,6573,9321,2023-09-29
CLI03508,2025-11-11,Bronze,7967,4921,2025-12-14
CLI00355,2025-10-28,Bronze,1173,780,2025-12-26
CLI03915,2023-11-17,Bronze,1953,817,2024-04-15
CLI05379,2023-09-21,Silver,16980,13611,2025-11-01
CLI05263,2025-08-30,Bronze,860,759,2025-11-05
CLI02706,2023-09-18,Bronze,8010,3659,2025-02-22
CLI02774,2024-06-18,Bronze,285,75,2025-11-02
CLI03985,2023-07-18,Bronze,1881,1294,2024-01-27
CLI05061,2024-03-21,Bronze,389,121,2025-04-11
CLI02756,2025-10-25,Bronze,4992,587,2025-12-02
CLI01597,2022-06-05,Bronze,3878,3024,
CLI02754,2024-09-12,Bronze,6898,684,2025-09-13
CLI01470,2023-07-25,Bronze,10276,73,2024-02-11
CLI05796,2025-09-17,Bronze,2656,1748,2025-11-28
CLI01602,2022-06-05,Silver,16107,11666,
CLI05612,2025-09-19,Bronze,6624,1533,2025-11-09
CLI02448,2024-04-06,Bronze,7485,4610,2025-04-22
CLI00459,2022-12-05,Bronze,197,20,
CLI02024,2025-04-06,Bronze,10090,8433,2025-08-22
CLI04968,2022-04-06,Bronze,4656,2507,
CLI01639,2023-06-18,Bronze,1122,594,2024-02-27
CLI02864,2023-04-21,Bronze,4303,1645,
CLI03350,2022-12-05,Bronze,5223,4068,
CLI04381,2025-01-07,Bronze,5750,2675,2025-12-30
CLI00376,2023-12-29,Bronze,4164,2925,2025-02-07
CLI03413,2022-12-18,Bronze,2977,1585,2024-02-18
CLI00884,2023-12-12,Bronze,4856,953,2025-04-08
CLI03996,2024-01-28,Bronze,1602,1147,2025-01-02
CLI00692,2022-08-07,Bronze,2168,1248,2024-12-28
CLI04866,2025-09-23,Bronze,116,46,2025-12-31
CLI05441,2023-05-05,Bronze,415,310,2024-02-08
CLI04795,2023-05-02,Bronze,11396,9252,
CLI05803,2023-03-13,Bronze,6097,5036,2024-09-28
CLI00318,2025-02-12,Bronze,5536,336,2025-08-04
CLI02740,2025-03-10,Bronze,7326,2082,2025-05-19
CLI04285,2024-07-08,Bronze,10592,7325,2024-09-09
CLI01903,2025-03-03,Bronze,10504,2669,2025-04-03
CLI03869,2024-05-27,Bronze,5,1,2024-07-31
CLI00509,2024-07-25,Bronze,1413,914,2025-08-04
CLI05904,2023-02-27,Bronze,4570,1542,
CLI05187,2022-06-11,Bronze,9897,7337,2023-07-11
CLI02595,2025-08-03,Bronze,425,152,2025-11-24
CLI05837,2024-02-16,Bronze,1762,1162,2024-12-30
CLI04218,2023-02-28,Bronze,7019,1061,2025-12-28
CLI02932,2025-01-09,Bronze,9340,8028,2025-09-26
CLI04234,2025-11-28,Bronze,891,144,2025-12-18
CLI05703,2024-12-12,Bronze,4682,857,2025-07-20
CLI00755,2024-10-06,Bronze,1744,1112,2024-12-22
CLI05258,2022-09-08,Bronze,667,492,2025-09-09
CLI01551,2023-06-08,Bronze,2571,906,2025-04-28
CLI05033,2022-03-30,Bronze,1153,40,
CLI00126,2024-07-10,Bronze,2032,631,2024-11-26
CLI02807,2024-02-19,Bronze,4171,2789,2025-05-21
CLI02175,2024-12-09,Bronze,832,123,2025-04-26
CLI03156,2023-10-30,Bronze,1079,676,2024-01-19
CLI01600,2023-05-11,Bronze,42,34,2024-11-11
CLI01503,2023-02-05,Bronze,7025,4800,
CLI03637,2025-09-17,Bronze,4270,365,2025-10-15
CLI03426,2023-01-01,Silver,12644,9722,2024-12-29
CLI02015,2024-04-19,Bronze,7072,1266,2025-12-13
CLI02778,2025-10-08,Bronze,3486,2591,2025-10-12
CLI03594,2024-12-04,Bronze,4188,2995,2025-01-31
CLI02748,2024-08-14,Bronze,3403,1325,2025-05-07
CLI03716,2024-04-26,Bronze,2280,297,2024-12-05
CLI01417,2022-01-29,Bronze,10377,8147,2022-07-17
CLI04887,2025-11-08,Bronze,5036,707,2025-12-14
CLI04434,2023-06-02,Bronze,4015,2477,2024-03-01
CLI02556,2024-10-05,Bronze,10048,8902,2025-04-22
CLI03100,2022-11-09,Bronze,5592,4083,2025-05-24
CLI02293,2024-10-15,Bronze,6683,2400,2025-02-25
CLI01169,2024-04-16,Bronze,2780,277,2025-07-29
CLI01416,2024-12-12,Bronze,4564,3408,2025-05-24
CLI02907,2025-06-28,Bronze,2532,942,2025-07-25
CLI05493,2025-03-06,Bronze,524,249,2025-04-05
CLI00301,2023-10-04,Bronze,2915,2208,2024-02-10
CLI02886,2024-03-24,Bronze,3394,2264,2025-11-22
CLI03531,2025-02-01,Bronze,46,13,2025-05-07
CLI02749,2023-09-26,Bronze,5748,3621,2024-10-18
CLI05728,2025-04-15,Bronze,679,48,2025-11-08
CLI05706,2025-07-09,Bronze,2596,1792,2025-08-03
CLI03936,2024-03-29,Silver,15746,4253,2025-06-08
CLI04942,2025-06-27,Bronze,2397,314,2025-11-23
CLI03953,2025-08-05,Bronze,5745,3125,2025-11-07
CLI04687,2023-04-04,Bronze,1848,955,2023-11-13
CLI00863,2023-12-05,Bronze,2811,2391,2024-12-24
CLI04424,2022-09-20,Bronze,4925,1803,
CLI01141,2024-06-19,Bronze,1373,345,2025-09-05
CLI04676,2025-10-02,Bronze,6052,3801,2025-10-31
CLI00936,2023-11-14,Bronze,5370,1283,2024-12-14
CLI02359,2023-10-09,Bronze,1220,264,2024-02-22
CLI03092,2024-02-23,Bronze,1226,645,2025-06-07
CLI03751,2025-03-31,Bronze,5245,6557,2025-12-13
CLI02746,2023-06-03,Bronze,6164,1557,2024-11-11
CLI00042,2023-01-07,Bronze,4234,2896,
CLI01934,2024-05-30,Bronze,1342,716,2025-02-16
CLI04277,2025-03-29,Bronze,2407,94,2025-10-29
CLI05950,2023-05-04,Bronze,8586,4747,2023-07-11
CLI03962,2022-04-08,Bronze,4191,394,
CLI03931,2024-10-06,Silver,13977,8156,2025-12-01
CLI00929,2023-04-24,Bronze,3174,1509,2025-03-15
CLI01914,2023-02-01,Bronze,5705,2107,2023-05-15
CLI00282,2023-05-27,Bronze,456,60,2025-07-29
CLI05443,2022-04-12,Bronze,7549,4968,2024-05-26
CLI01850,2022-03-18,Bronze,609,0,2023-01-15
CLI03485,2025-09-13,Bronze,2926,981,2025-12-29
CLI01579,2025-01-23,Silver,12456,1013,2025-07-02
CLI00340,2025-08-21,Bronze,1123,8,2025-11-15
CLI02510,2023-10-12,Bronze,2939,1525,2024-05-31
CLI00898,2024-09-20,Bronze,2643,781,2025-09-26
CLI03828,2025-11-17,Bronze,1700,759,2025-12-03
CLI00179,2025-12-16,Bronze,10975,2013,2025-12-30
CLI04713,2025-09-20,Bronze,7003,4939,2025-10-31
CLI03002,2022-04-27,Bronze,89,41,
CLI01068,2022-07-01,Bronze,2840,2406,
CLI00803,2022-06-26,Silver,17202,924,2022-12-06
CLI01919,2024-12-22,Bronze,892,267,2025-01-08
CLI03616,2022-12-01,Bronze,59,40,
CLI05741,2025-12-13,Bronze,3340,4493,2025-12-14
CLI00207,2023-08-27,Bronze,728,336,2024-12-09
CLI00452,2025-02-24,Bronze,1288,1089,2025-10-05
CLI03170,2022-12-12,Silver,17104,7992,2023-03-08
CLI00070,2024-05-15,Bronze,6828,3697,2024-11-07
CLI03968,2024-06-09,Silver,12334,6132,2024-09-07
CLI05053,2024-11-18,Bronze,2508,1679,2025-01-11
CLI03444,2022-05-01,Bronze,1320,558,2023-10-23
CLI03818,2023-11-09,Bronze,2737,3178,2025-08-26
CLI04435,2024-09-02,Bronze,1331,763,2025-05-31
CLI04668,2025-03-05,Bronze,1381,198,2025-12-09
CLI02167,2023-04-11,Bronze,10048,3347,
CLI06011,2024-02-12,Bronze,3474,228,2025-07-17
CLI00859,2024-11-14,Bronze,2963,1830,2025-05-04
CLI03077,2024-02-11,Bronze,2584,1030,2025-08-17
CLI02931,2025-05-22,Bronze,4455,105,2025-10-24
CLI04954,2023-07-05,Bronze,2755,2331,2025-12-17
CLI00297,2022-10-28,Bronze,5968,940,2024-11-04
CLI03056,2023-07-26,Bronze,799,38,2023-08-20
CLI04178,2022-09-18,Bronze,2414,1880,2025-11-02
CLI01359,2025-03-05,Bronze,6327,3036,2025-08-24
CLI04292,2022-03-23,Bronze,1696,346,2023-01-08
CLI02169,2023-10-16,Bronze,188,95,2024-06-06
CLI01001,2022-12-15,Silver,18080,1117,2023-07-26
CLI04973,2025-04-04,Bronze,5794,3707,2025-11-23
CLI03529,2023-03-01,Bronze,6434,4908,2023-12-28
CLI03466,2022-10-22,Bronze,58,14,
CLI05830,2022-07-02,Bronze,437,289,2024-01-06
CLI04741,2022-03-16,Bronze,4047,104,2023-10-29
CLI04130,2023-02-01,Bronze,217,167,2024-12-17
CLI02544,2024-05-13,Bronze,3991,2032,2025-07-03
CLI05436,2022-11-27,Bronze,5884,1787,2023-10-31
CLI02091,2024-12-31,Bronze,2177,506,2025-08-18
CLI01605,2022-06-30,Bronze,4354,1861,2022-07-16
CLI03224,2024-12-24,Bronze,1650,968,2025-03-08
CLI01256,2024-01-10,Bronze,1686,603,2025-11-30
CLI02155,2023-02-03,Bronze,201,51,2023-10-16
CLI03958,2023-03-15,Bronze,3866,910,2023-11-20
CLI04466,2024-06-28,Bronze,282,6,2025-06-26
CLI02321,2025-09-01,Bronze,10172,9030,2025-09-29
CLI04432,2025-01-01,Bronze,842,498,2025-05-26
CLI03717,2023-11-02,Bronze,982,413,2025-08-20
CLI03480,2025-04-23,Bronze,4864,3511,2025-06-28
CLI03970,2024-02-11,Bronze,1959,414,2025-11-13
CLI02969,2025-07-01,Bronze,3467,1234,2025-09-03
CLI02666,2025-07-13,Bronze,901,613,2025-08-22
CLI01813,2025-07-16,Silver,13432,3711,2025-11-22
CLI03744,2025-10-05,Bronze,296,154,2025-12-22
CLI05584,2025-08-01,Bronze,166,83,2025-10-22
CLI03172,2022-01-27,Bronze,7466,5315,
CLI03053,2022-11-13,Bronze,11541,1366,2023-03-23
CLI03252,2024-10-05,Bronze,1488,1107,2025-08-14
CLI04026,2024-06-12,Bronze,1995,1147,2025-01-09
CLI05431,2023-01-30,Bronze,10011,5206,2024-04-24
CLI05360,2022-09-06,Bronze,1495,1101,
CLI00837,2022-12-18,Bronze,4349,3726,2023-09-14
CLI01771,2023-10-24,Bronze,441,210,2023-12-12
CLI01380,2023-12-30,Bronze,8107,4913,2024-11-15
CLI00546,2025-09-08,Bronze,2622,302,2025-10-16
CLI00516,2024-10-09,Bronze,2568,1718,2025-05-01
CLI02410,2023-01-10,Bronze,2547,94,2025-04-26
CLI03748,2023-03-06,Bronze,1777,1455,2025-01-21
CLI04339,2024-03-09,Bronze,2866,2569,2025-10-17
CLI03436,2023-10-14,Bronze,11814,8748,2024-09-07
CLI03355,2023-06-24,Bronze,6336,4761,2025-02-08
CLI01286,2024-06-16,Bronze,1514,1237,2024-07-21
CLI05497,2024-10-03,Bronze,1355,659,2025-05-10
CLI01980,2024-12-15,Bronze,11698,2639,2025-04-26
CLI03715,2022-08-11,Bronze,5853,4853,2025-06-03
CLI04186,2024-12-03,Silver,13804,6266,2025-10-02
CLI00269,2023-03-25,Bronze,5672,3330,
CLI04154,2025-07-20,Bronze,9869,2518,2025-12-06
CLI00018,2023-06-10,Bronze,1356,912,2024-12-20
CLI02622,2025-01-07,Bronze,4086,638,2025-09-02
CLI01152,2022-02-24,Bronze,364,251,
CLI00779,2025-09-13,Bronze,5528,412,2025-10-12
CLI03800,2022-06-28,Bronze,5872,2853,
CLI04470,2024-03-13,Bronze,1592,797,2025-08-25
CLI00253,2022-01-21,Bronze,1356,65,
CLI00644,2025-01-31,Bronze,47,70,2025-10-10
CLI01505,2024-05-07,Bronze,1880,854,2025-10-24
CLI03382,2022-03-01,Bronze,3714,2349,
CLI05834,2024-05-13,Bronze,444,66,2025-08-07
CLI04198,2023-05-07,Silver,15296,3527,2025-12-25
CLI02271,2024-10-06,Bronze,5345,1530,2025-05-20
CLI01203,2023-01-20,Bronze,965,464,
CLI02161,2025-03-07,Bronze,4001,1640,2025-11-25
CLI02912,2023-01-26,Bronze,3380,1983,2024-08-23
CLI05367,2023-06-25,Bronze,830,727,2024-06-16
CLI01512,2024-03-22,Bronze,3418,2675,2025-08-27
CLI05519,2022-06-17,Bronze,2362,743,2023-02-17
CLI02342,2024-06-30,Bronze,470,20,2025-07-25
CLI05099,2023-10-31,Bronze,2663,874,2024-11-05
CLI04964,2025-04-21,Bronze,2712,1266,2025-12-02
CLI03254,2023-11-14,Bronze,10572,4400,2024-10-11
CLI04802,2024-08-13,Bronze,8859,3517,2025-12-26
CLI00903,2023-10-07,Silver,15441,4443,2024-06-27
CLI02741,2024-12-03,Bronze,4499,2193,2025-09-28
CLI06040,2023-09-20,Bronze,2725,1596,2025-08-22
CLI05498,2024-11-12,Bronze,3977,1444,2025-01-03
CLI01390,2022-10-13,Bronze,39,29,2025-08-01
CLI00848,2023-04-05,Bronze,1215,566,
CLI05755,2025-02-19,Bronze,10853,9394,2025-05-22
CLI03475,2025-02-06,Bronze,336,139,2025-04-03
CLI04831,2024-11-04,Bronze,111,57,2025-11-23
CLI05279,2022-03-15,Bronze,872,346,2023-11-07
CLI01606,2022-06-21,Bronze,7137,4427,2024-08-07
CLI05267,2025-08-16,Bronze,3784,1337,2025-09-12
CLI04491,2025-10-13,Bronze,11209,5509,2025-11-12
CLI03099,2023-01-19,Bronze,10206,5485,2024-08-14
CLI00443,2023-08-26,Bronze,3433,1359,2025-02-25
CLI05685,2023-07-07,Bronze,2992,1216,2024-02-09
CLI02672,2025-11-25,Bronze,736,978,2025-11-30
CLI04834,2025-03-20,Bronze,7413,189,2025-08-07
CLI05749,2024-03-30,Bronze,5479,641,2025-09-08
CLI05778,2022-06-15,Bronze,115,35,
CLI00908,2024-09-02,Bronze,5023,4489,2024-09-09
CLI05221,2023-02-22,Bronze,437,200,2024-04-12
CLI00235,2023-01-07,Bronze,1799,1355,2024-06-15
CLI05089,2024-12-26,Bronze,1817,899,2025-04-11
CLI02229,2022-11-29,Bronze,3865,1844,2024-07-05
CLI03840,2022-06-08,Bronze,383,274,2025-11-29
CLI02327,2022-07-20,Bronze,779,551,2022-12-02
CLI03347,2024-03-23,Bronze,1951,929,2024-03-31
CLI02474,2023-01-28,Bronze,3960,2294,2024-07-31
CLI03447,2025-10-05,Bronze,5395,186,2025-12-04
CLI05613,2022-06-22,Bronze,1377,999,2022-09-12
CLI05435,2022-02-14,Bronze,0,0,2025-09-15
CLI03907,2025-11-21,Bronze,3620,2029,2025-11-30
CLI05800,2024-11-27,Bronze,482,66,2025-05-03
CLI03536,2024-03-16,Bronze,2758,1906,2024-10-20
CLI04081,2023-02-03,Bronze,3898,2876,2023-04-30
CLI02062,2024-10-07,Bronze,8194,5948,2025-04-23
CLI03838,2024-09-20,Bronze,6879,975,2024-11-12
CLI00058,2023-12-12,Bronze,922,797,2024-03-06
CLI02193,2024-04-28,Bronze,1073,38,2025-08-28
CLI01473,2025-10-12,Bronze,9638,4827,2025-12-26
CLI04680,2023-09-19,Bronze,5790,950,2023-10-21
CLI04540,2024-09-01,Bronze,8628,108,2025-11-21
CLI04393,2025-09-02,Bronze,3507,72,2025-12-14
CLI05137,2023-02-02,Bronze,1007,546,2024-06-25
CLI02787,2022-11-28,Bronze,1597,1266,
CLI01475,2024-01-29,Silver,14502,3565,2025-01-25
CLI01569,2025-04-14,Bronze,10402,6347,2025-07-08
CLI00466,2023-09-09,Bronze,6031,906,2024-09-16
CLI01590,2023-07-01,Bronze,5943,3184,2023-09-28
CLI01009,2023-04-10,Bronze,1441,624,2024-08-17
CLI03802,2022-09-18,Bronze,2421,2160,2023-04-25
CLI01580,2022-08-26,Bronze,1295,597,
CLI01305,2025-03-28,Bronze,3534,1497,2025-04-16
CLI04047,2023-04-10,Bronze,72,37,
CLI05336,2022-04-17,Bronze,7136,377,2023-12-01
CLI00347,2024-11-04,Bronze,513,290,2025-05-06
CLI00503,2023-10-04,Bronze,5142,3721,2025-03-18
CLI01233,2022-10-11,Bronze,3554,409,2025-07-14
CLI01644,2024-04-20,Bronze,9135,275,2025-04-15
CLI00834,2025-04-08,Bronze,1416,1066,2025-08-14
CLI03710,2024-06-11,Bronze,2144,624,2025-01-23
CLI02141,2023-09-26,Bronze,105,92,2025-07-14
CLI04147,2023-05-03,Bronze,1544,356,2025-01-25
CLI01363,2022-11-13,Bronze,754,149,2023-08-08
CLI01165,2025-05-24,Bronze,2933,2617,2025-07-01
CLI01765,2025-07-22,Bronze,7971,1624,2025-08-20
CLI04013,2023-07-04,Bronze,839,651,2024-01-28
CLI01426,2022-08-18,Bronze,3866,1350,2025-09-25
CLI00543,2025-01-04,Bronze,686,591,2025-03-08
CLI01492,2024-11-24,Bronze,428,232,2025-07-14
CLI03133,2023-07-20,Bronze,7381,6509,2024-03-07
CLI01667,2023-07-14,Bronze,7656,4811,2025-09-04
CLI01946,2023-12-18,Bronze,8368,1044,2025-05-26
CLI03492,2025-07-23,Bronze,4317,3022,2025-08-02
CLI03790,2025-12-13,Bronze,190,6,2025-12-24
CLI00566,2022-08-21,Bronze,3286,343,2025-07-05
CLI00264,2025-10-02,Bronze,7329,1111,2025-11-23
CLI03740,2023-11-23,Bronze,8088,5823,2025-05-15
CLI01325,2023-08-12,Bronze,2690,1928,2024-03-05
CLI00382,2024-05-10,Bronze,5757,4171,2025-07-05
CLI04727,2022-01-20,Bronze,7555,4721,
CLI00614,2022-11-03,Bronze,3414,677,
CLI05072,2025-04-02,Bronze,4573,2235,2025-08-12
CLI00216,2025-04-07,Bronze,3070,874,2025-08-10
CLI01978,2025-12-25,Bronze,3194,65,2025-12-27
CLI01103,2023-11-30,Bronze,4695,1026,2024-02-11
CLI01979,2023-06-03,Bronze,6734,5094,2023-10-31
CLI06024,2023-07-26,Bronze,5523,1673,2024-04-24
CLI02866,2022-03-15,Bronze,896,434,2023-05-04
CLI01113,2022-12-27,Bronze,1409,333,
CLI04830,2025-05-18,Bronze,4941,3272,2025-10-27
CLI04735,2025-03-06,Bronze,5568,1348,2025-06-13
CLI04842,2025-10-31,Bronze,7033,4221,2025-12-11
CLI05479,2024-01-12,Bronze,11282,5937,2025-05-17
CLI01694,2025-11-10,Bronze,563,15,2025-11-20
CLI01618,2024-10-23,Bronze,1432,1011,2024-11-22
CLI05634,2023-03-31,Bronze,1801,979,2024-06-06
CLI03896,2025-09-07,Bronze,2019,1022,2025-10-17
CLI03191,2024-01-21,Bronze,4821,2087,2025-07-15
CLI00115,2024-12-15,Bronze,8854,728,2025-09-01
CLI04207,2022-02-02,Bronze,952,1209,
CLI04203,2022-10-10,Bronze,2892,1119,
CLI02289,2025-01-27,Bronze,3973,2142,2025-10-06
CLI00821,2024-10-18,Bronze,425,225,2025-01-12
CLI02250,2022-03-08,Bronze,3301,3697,2025-08-21
CLI04637,2024-07-11,Bronze,775,359,2025-08-19
CLI00587,2023-06-07,Bronze,279,209,2025-11-22
CLI01348,2025-04-14,Bronze,283,52,2025-10-18
CLI01099,2025-11-06,Bronze,2339,111,2025-11-21
CLI01364,2023-07-18,Bronze,2928,1729,2025-10-17
CLI00394,2025-04-20,Bronze,794,291,2025-11-22
CLI01516,2022-04-25,Bronze,5860,1513,2025-06-17
CLI04184,2024-08-13,Bronze,2921,255,2024-12-04
CLI05401,2025-08-27,Bronze,1871,772,2025-09-08
CLI04666,2023-06-02,Bronze,4297,2856,2024-07-12
CLI02446,2025-07-30,Bronze,1522,928,2025-11-22
CLI01852,2022-10-05,Bronze,1789,253,2023-03-04
CLI01523,2025-05-28,Bronze,284,134,2025-09-13
CLI02329,2024-08-17,Bronze,1891,93,2025-02-20
CLI00218,2023-08-18,Bronze,3983,1163,2025-04-14
CLI04392,2025-09-25,Bronze,10556,4129,2025-11-20
CLI01710,2025-12-16,Bronze,3473,3046,2025-12-25
CLI00984,2023-01-25,Bronze,856,284,2024-10-14
CLI00190,2023-05-26,Bronze,4777,2308,
CLI04756,2023-10-30,Bronze,6015,2801,2024-03-09
CLI05058,2022-10-21,Bronze,3586,304,2023-03-22
CLI01622,2022-07-08,Bronze,6479,837,2023-03-11
CLI00554,2023-11-14,Bronze,313,34,2024-11-03
CLI05181,2022-06-08,Silver,22681,5563,
CLI04037,2024-09-19,Bronze,11912,4131,2025-09-22
CLI04614,2022-09-14,Bronze,1646,1024,2025-12-10
CLI01381,2023-12-22,Bronze,931,753,2025-11-04
CLI04487,2025-10-25,Bronze,2894,285,2025-10-26
CLI01254,2023-04-11,Silver,13963,11773,
CLI03580,2023-03-27,Bronze,1173,826,
CLI04150,2022-03-07,Bronze,11668,9004,2025-06-16
CLI04121,2024-12-19,Bronze,6062,1866,2025-01-19
CLI04134,2024-10-16,Bronze,2835,2064,2025-03-20
CLI02788,2024-01-09,Bronze,220,0,2024-08-25
CLI03295,2025-08-30,Silver,14957,11662,2025-11-01
CLI04216,2023-08-16,Bronze,6932,2039,2023-10-17
CLI00405,2022-10-18,Bronze,1408,363,2024-10-06
CLI01784,2022-07-29,Bronze,2787,2110,2025-10-28
CLI00667,2023-10-21,Bronze,2969,2090,2025-12-20
CLI02680,2025-01-09,Silver,12376,5262,2025-06-11
CLI01414,2023-09-29,Bronze,2722,874,2025-08-09
CLI03618,2024-11-18,Bronze,5931,755,2025-10-13
CLI00529,2023-10-17,Bronze,2558,287,2025-07-28
CLI01387,2024-09-11,Silver,14257,8001,2025-05-02
CLI05121,2023-12-06,Bronze,3296,1481,2025-02-06
CLI03198,2022-10-11,Bronze,680,355,2024-09-30
CLI02061,2023-10-01,Bronze,4079,3124,2024-08-06
CLI00486,2022-09-23,Silver,13993,161,2025-10-07
CLI03126,2023-12-18,Silver,12869,5365,2024-11-20
CLI04559,2022-10-17,Bronze,4840,4218,2023-12-20
CLI04871,2025-06-01,Bronze,4580,1533,2025-10-20
CLI04828,2022-07-03,Bronze,4661,55,2024-02-15
CLI03610,2024-03-14,Bronze,4885,271,2024-03-22
CLI02782,2022-08-18,Bronze,4751,85,2025-05-28
CLI05955,2024-08-28,Bronze,5712,2066,2025-10-28
CLI02918,2024-07-19,Bronze,3906,625,2025-09-20
CLI05080,2025-11-16,Bronze,7611,6841,2025-11-26
CLI02688,2024-11-26,Bronze,6069,3061,2025-06-29
CLI05343,2024-01-17,Bronze,796,413,2024-10-13
CLI05631,2025-10-23,Bronze,1539,757,2025-10-30
CLI01598,2025-04-09,Bronze,6727,1759,2025-04-10
CLI04002,2024-04-01,Bronze,8882,6935,2025-04-29
CLI00599,2023-06-03,Bronze,3040,2602,2024-11-06
CLI00159,2023-08-26,Bronze,4009,3267,2025-11-11
CLI03760,2022-11-11,Bronze,3010,3839,2023-02-27
CLI01468,2023-05-30,Bronze,6477,962,2025-09-10
CLI05708,2024-08-22,Bronze,4431,2393,2024-12-16
CLI03682,2022-01-16,Bronze,5813,1465,
CLI03342,2023-05-20,Bronze,5122,2684,
CLI04353,2022-08-27,Bronze,11143,3608,2024-03-04
CLI04175,2022-05-17,Bronze,8528,4553,2025-08-03
CLI03366,2023-07-01,Bronze,402,536,2025-01-17
CLI04053,2025-06-18,Bronze,4732,2033,2025-08-18
CLI01124,2024-04-17,Silver,17511,13856,2025-12-01
CLI05424,2024-11-05,Bronze,9956,3681,2025-07-01
CLI00227,2024-05-02,Bronze,1975,244,2025-09-28
CLI04868,2024-09-14,Bronze,2113,749,2025-04-14
CLI01029,2022-04-21,Bronze,10725,8900,
CLI03560,2025-10-13,Bronze,8244,5078,2025-12-02
CLI00556,2022-11-22,Bronze,1837,765,2024-02-02
CLI04062,2024-01-03,Bronze,2523,1816,2024-06-12
CLI03524,2022-11-27,Bronze,631,538,2023-04-09
CLI03620,2025-04-19,Bronze,2225,470,2025-12-21
CLI02921,2024-04-20,Bronze,1021,161,2025-03-22
CLI05899,2025-02-09,Bronze,1369,12,2025-06-08
CLI05117,2022-01-20,Bronze,1282,223,2023-03-14
CLI02346,2022-05-01,Bronze,7158,6380,
CLI03367,2023-11-26,Bronze,5423,3287,2025-01-08
CLI04479,2023-06-24,Bronze,2308,429,2024-07-10
CLI03831,2025-07-25,Bronze,6910,2883,2025-11-04
CLI00708,2024-05-15,Bronze,2572,2015,2025-02-21
CLI05376,2025-11-14,Bronze,1662,1156,2025-11-28
CLI06043,2023-08-04,Bronze,305,248,2024-09-09
CLI05105,2023-05-09,Bronze,1002,110,2024-10-22
CLI05603,2024-10-15,Bronze,3620,1931,2024-11-26
CLI03346,2025-03-03,Bronze,4122,1177,2025-09-22
CLI01172,2025-10-09,Bronze,3992,3326,2025-12-09
CLI01456,2023-07-27,Bronze,7892,0,2023-10-11
CLI02777,2025-01-24,Bronze,2103,1834,2025-11-01
CLI04568,2023-11-23,Bronze,437,5,2025-10-31
CLI05751,2023-08-26,Bronze,5843,561,2024-12-18
CLI02677,2022-07-10,Bronze,2264,217,2022-12-30
CLI04266,2022-06-25,Bronze,4964,948,2022-10-10
CLI00327,2024-07-18,Bronze,10014,3101,2024-11-21
CLI04471,2022-09-06,Bronze,2970,1597,2022-11-03
CLI00477,2024-08-07,Bronze,301,6,2025-12-11
CLI03767,2023-10-22,Bronze,7262,1984,2023-12-06
CLI04897,2025-01-30,Bronze,11451,510,2025-04-26
CLI04131,2023-04-14,Bronze,1582,918,
CLI02513,2022-12-31,Bronze,2691,1228,
CLI03778,2024-05-07,Bronze,874,134,2024-10-11
CLI00104,2023-12-17,Bronze,420,281,2024-06-18
CLI06017,2025-03-15,Bronze,302,181,2025-03-22
CLI01420,2023-01-31,Bronze,821,476,2024-06-05
CLI03686,2023-11-01,Bronze,3388,1701,2024-09-29
CLI05043,2024-10-26,Bronze,1413,215,2025-02-01
CLI00524,2023-02-06,Bronze,994,620,2024-12-14
CLI00993,2025-09-28,Bronze,7086,6091,2025-10-09
CLI05372,2023-01-14,Bronze,535,135,2024-09-26
CLI01831,2023-05-29,Bronze,1333,982,2025-10-24
CLI03165,2024-04-11,Bronze,2693,851,2024-08-06
CLI02607,2023-04-26,Bronze,7906,4046,2023-11-03
CLI00731,2025-04-11,Bronze,3227,185,2025-06-05
CLI00067,2023-09-21,Bronze,84,66,2025-08-17
CLI03294,2025-01-28,Bronze,3256,435,2025-04-21
CLI04073,2025-10-05,Silver,14063,3007,2025-11-11
CLI03256,2023-04-03,Bronze,3000,446,2025-11-25
CLI04239,2022-11-20,Bronze,1128,546,2025-05-12
CLI05933,2022-03-08,Silver,14887,21146,2022-05-27
CLI01940,2022-10-06,Bronze,117,95,2025-07-25
CLI02667,2023-12-14,Bronze,185,92,2025-06-17
CLI01397,2024-08-17,Bronze,4431,601,2025-11-06
CLI02869,2023-02-28,Bronze,2228,571,2023-03-25
CLI00752,2025-06-24,Bronze,5351,2063,2025-10-05
CLI00886,2022-07-06,Bronze,2851,1575,
CLI00489,2024-05-02,Bronze,1266,46,2025-03-22
CLI03183,2023-05-27,Silver,17680,7472,
CLI01017,2024-10-11,Bronze,1074,130,2024-12-22
CLI02107,2024-05-11,Bronze,1615,476,2024-11-03
CLI04357,2024-10-09,Bronze,374,166,2025-05-19
CLI02725,2024-01-26,Bronze,419,376,2025-05-31
CLI05702,2022-10-24,Bronze,9524,8010,2023-06-15
CLI03650,2025-12-07,Bronze,3869,198,2025-12-10
CLI02320,2024-12-29,Bronze,5136,3413,2025-10-13
CLI02004,2022-08-09,Bronze,11895,7952,2023-02-26
CLI05280,2024-12-26,Bronze,6777,1303,2025-02-05
CLI03351,2025-03-02,Bronze,10066,2912,2025-05-13
CLI00703,2023-10-30,Bronze,3007,1943,2024-02-24
CLI00618,2023-05-23,Bronze,9091,4641,2024-09-10
CLI01725,2023-12-07,Bronze,1283,958,2024-04-03
CLI00011,2024-04-26,Bronze,7864,1784,2025-05-21
CLI03424,2023-08-31,Bronze,342,135,2023-10-28
CLI02201,2022-04-28,Bronze,2419,1562,
CLI02098,2022-08-29,Bronze,429,152,
CLI00979,2022-04-17,Bronze,1504,733,2023-11-17
CLI02273,2024-01-12,Bronze,4431,1510,2025-03-06
CLI05283,2023-09-05,Bronze,1690,46,2024-10-31
CLI00775,2024-09-21,Bronze,1026,495,2025-06-22
CLI00760,2025-01-21,Bronze,3,0,2025-03-04
CLI03080,2024-02-17,Bronze,8981,2375,2024-07-11
CLI01612,2023-01-19,Bronze,6263,3584,
CLI00937,2022-07-16,Bronze,164,60,
CLI02221,2024-09-02,Bronze,745,263,2024-12-22
CLI04075,2023-05-01,Bronze,2842,400,
CLI02076,2025-09-27,Bronze,3457,756,2025-10-13
CLI04661,2024-01-01,Bronze,4896,1447,2025-10-11
CLI00111,2022-12-14,Silver,13060,8056,
CLI04950,2023-03-21,Bronze,4693,3057,2024-01-03
CLI05155,2023-07-25,Bronze,28,4,2024-06-06
CLI04208,2023-01-29,Bronze,1942,370,2024-06-23
CLI02993,2022-02-16,Bronze,7277,6421,
CLI00491,2022-12-20,Bronze,847,547,2025-03-07
CLI01191,2025-09-18,Bronze,1979,55,2025-11-23
CLI01090,2023-05-27,Bronze,4946,2460,2023-11-20
CLI04410,2025-04-20,Bronze,3724,662,2025-09-13
CLI01480,2023-08-22,Bronze,4134,2948,2025-01-04
CLI04145,2023-11-24,Bronze,364,0,2025-09-23
CLI03500,2025-10-13,Bronze,442,212,2025-10-15
CLI01907,2022-05-16,Bronze,5125,3734,
CLI05323,2023-05-22,Bronze,3780,2997,2025-12-19
CLI03048,2023-06-24,Bronze,1976,1619,2025-09-17
CLI01299,2025-06-23,Bronze,4158,2193,2025-10-10
CLI02073,2025-05-04,Bronze,1902,124,2025-11-28
CLI02744,2024-03-06,Bronze,646,36,2025-04-12
CLI05919,2025-03-29,Bronze,309,243,2025-09-08
CLI00072,2025-11-19,Bronze,4800,4091,2025-12-25
CLI02609,2025-01-25,Bronze,1553,590,2025-09-24
CLI04627,2024-12-29,Bronze,2238,7,2025-02-21
CLI01853,2025-12-04,Bronze,6973,3675,2025-12-09
CLI02728,2022-09-26,Bronze,2709,1799,2025-04-16
CLI01943,2024-06-10,Bronze,704,114,2024-06-12
CLI01255,2022-10-30,Bronze,709,19,2023-06-30
CLI03482,2022-02-25,Bronze,3074,1363,2023-03-08
CLI03088,2023-08-31,Bronze,9567,7368,2025-08-13
CLI00185,2024-09-07,Bronze,2090,665,2024-12-29
CLI04862,2023-11-04,Bronze,6984,689,2024-11-12
CLI00825,2022-04-23,Bronze,4707,4175,
CLI00387,2025-02-15,Bronze,2143,1162,2025-10-03
CLI01720,2022-07-03,Bronze,1569,1169,
CLI00348,2025-07-18,Bronze,506,131,2025-10-09
CLI04693,2024-11-30,Bronze,1002,565,2025-09-12
CLI05380,2024-12-21,Bronze,21,2,2025-05-12
CLI02770,2024-10-24,Bronze,4733,478,2025-05-25
CLI03556,2025-08-04,Bronze,1398,995,2025-09-11
CLI00469,2022-09-04,Bronze,4784,4204,
CLI01419,2022-09-23,Bronze,4329,3376,2023-04-29
CLI04206,2024-02-22,Bronze,4965,6535,2025-07-15
CLI00537,2023-05-21,Bronze,1752,1464,
CLI03562,2025-01-17,Bronze,9851,804,2025-06-09
CLI00342,2024-05-06,Bronze,2225,504,2024-09-16
CLI04948,2025-05-07,Bronze,2136,1230,2025-10-20
CLI01300,2025-05-11,Bronze,2444,1417,2025-08-24
CLI01118,2025-07-01,Bronze,10191,5259,2025-12-01
CLI01996,2025-03-10,Bronze,3434,975,2025-10-30
CLI03578,2024-09-16,Bronze,5706,3190,2025-02-14
CLI01620,2022-02-25,Bronze,4648,621,
CLI04445,2025-07-21,Bronze,1792,758,2025-12-09
CLI03641,2025-11-08,Bronze,4633,2678,2025-11-22
CLI02491,2022-09-26,Bronze,136,57,2024-12-12
CLI04133,2022-10-18,Bronze,1337,1137,2025-11-14
CLI03788,2024-01-24,Bronze,4257,1599,2025-09-12
CLI03264,2022-11-25,Bronze,4909,849,
CLI05774,2022-02-25,Bronze,2016,1342,
CLI01928,2024-11-27,Bronze,2055,1461,2025-06-25
CLI04994,2025-10-21,Bronze,1868,56,2025-11-29
CLI00720,2024-05-11,Bronze,341,41,2025-02-22
CLI05920,2025-03-17,Bronze,948,354,2025-04-13
CLI01084,2022-03-06,Bronze,1959,357,2023-03-17
CLI03454,2024-01-31,Bronze,1923,1184,2024-03-03
CLI02766,2024-02-09,Bronze,11898,4491,2025-07-02
CLI03181,2022-12-24,Bronze,10558,4122,2025-01-12
CLI03810,2024-09-20,Bronze,827,353,2025-06-26
CLI04024,2022-09-19,Bronze,1096,736,2024-05-06
CLI00750,2023-06-20,Bronze,1860,671,2024-05-22
CLI00689,2022-04-19,Bronze,1075,264,2022-06-03
CLI03312,2023-03-26,Bronze,1959,384,
CLI05087,2023-06-10,Bronze,3288,3872,2025-01-18
CLI04472,2023-10-30,Bronze,1485,192,2025-06-15
CLI03017,2022-02-19,Bronze,429,332,
CLI03097,2025-05-17,Bronze,3939,2524,2025-07-20
CLI01559,2023-03-20,Bronze,2031,682,
CLI01082,2025-09-21,Bronze,234,126,2025-10-21
CLI00921,2024-11-04,Bronze,5440,4324,2025-10-04
CLI04996,2022-02-25,Bronze,6576,3585,2025-07-27
CLI01854,2022-07-22,Bronze,304,116,
CLI04226,2023-12-09,Bronze,5755,2208,2025-01-05
CLI05975,2025-12-01,Bronze,10766,8308,2025-12-10
CLI02783,2023-06-03,Bronze,823,403,2023-06-06
CLI00849,2023-01-10,Bronze,813,537,
CLI01604,2024-08-28,Bronze,3929,2769,2025-10-14
CLI04821,2025-04-03,Bronze,912,734,2025-05-19
CLI03041,2022-10-05,Bronze,651,497,2023-09-07
CLI05116,2025-12-20,Bronze,3473,1060,2025-12-27
CLI03263,2022-07-09,Bronze,6412,2221,
CLI05807,2023-11-24,Bronze,4124,397,2025-01-12
CLI05320,2024-07-17,Bronze,4348,3689,2025-01-26
CLI04509,2025-08-15,Bronze,2360,19,2025-08-19
CLI05423,2023-02-21,Silver,20366,10993,2024-11-05
CLI05846,2024-01-06,Bronze,2258,248,2024-06-19
CLI05452,2022-12-04,Bronze,484,385,2025-06-26
CLI02660,2023-05-24,Bronze,453,386,2024-11-09
CLI01295,2022-11-03,Bronze,5142,1870,2022-12-14
CLI02190,2022-07-08,Bronze,5656,1146,
CLI01532,2025-02-06,Bronze,399,132,2025-06-04
CLI03655,2024-11-08,Bronze,976,216,2025-10-12
CLI05850,2025-11-16,Bronze,1186,1065,2025-12-02
CLI01388,2023-10-24,Bronze,154,2,2024-08-20
CLI03446,2023-03-08,Bronze,6129,5348,2025-07-08
CLI02722,2024-09-25,Bronze,2876,377,2025-06-03
CLI02348,2024-01-03,Bronze,10313,4629,2024-06-03
CLI01252,2024-09-25,Bronze,1565,638,2025-04-28
CLI01893,2022-09-13,Bronze,1143,187,
CLI00569,2022-02-26,Bronze,2144,1751,
CLI05586,2025-09-05,Bronze,6520,1633,2025-12-25
CLI02911,2023-09-15,Bronze,4343,2270,2025-11-19
CLI04332,2023-11-08,Bronze,2973,2575,2025-11-09
CLI00437,2025-12-31,Bronze,895,725,2025-12-31
CLI01560,2023-10-24,Bronze,1096,920,2024-06-10
CLI05419,2024-05-09,Bronze,1609,556,2024-12-20
CLI00656,2025-11-07,Bronze,8454,5548,2025-11-30
CLI04692,2023-05-21,Bronze,1950,1213,
CLI00781,2025-12-19,Bronze,3973,768,2025-12-30
CLI04563,2025-09-07,Bronze,6701,2426,2025-09-12
CLI05509,2025-07-04,Silver,12565,9811,2025-08-26
CLI02043,2023-02-08,Bronze,3664,434,2025-08-17
CLI02533,2022-08-19,Bronze,3888,1175,2023-11-25
CLI01198,2024-05-07,Bronze,507,42,2024-07-27
CLI04513,2022-11-21,Bronze,5196,2243,2024-08-01
CLI04368,2025-12-20,Bronze,370,466,2025-12-31
CLI05294,2022-09-28,Bronze,7722,3642,
CLI01988,2024-12-22,Silver,19395,8095,2025-03-08
CLI00846,2025-06-23,Bronze,3695,1364,2025-11-16
CLI00603,2022-06-08,Bronze,1488,24,2022-09-08
CLI02878,2023-08-12,Bronze,6704,3542,2024-06-29
CLI00612,2022-06-01,Bronze,471,236,2024-03-06
CLI05945,2022-01-29,Bronze,7318,5849,2023-10-23
CLI04273,2024-01-21,Bronze,3582,2971,2024-11-13
CLI00109,2022-05-27,Bronze,1249,1100,2022-10-09
CLI06034,2024-05-01,Bronze,2677,2243,2025-05-11
CLI05206,2023-04-25,Bronze,5454,2436,2023-09-12
CLI03018,2023-10-19,Bronze,6191,3444,2024-01-29
CLI02472,2023-02-08,Bronze,7527,6138,2023-03-20
CLI01734,2024-06-30,Bronze,1844,295,2025-09-30
CLI05127,2023-04-25,Bronze,1609,260,2023-11-30
CLI00829,2024-08-20,Bronze,5077,1684,2025-10-28
CLI00152,2024-01-16,Bronze,1476,91,2025-02-08
CLI04658,2022-09-28,Bronze,1846,1397,2024-04-18
CLI01418,2024-01-19,Bronze,2384,594,2025-12-02
CLI04405,2022-12-04,Bronze,3873,2253,2025-12-31
CLI05266,2025-03-12,Bronze,9248,7131,2025-07-17
CLI02085,2024-08-23,Bronze,507,76,2025-01-13
CLI02074,2023-09-23,Bronze,4406,2738,2024-12-21
CLI00783,2023-06-02,Bronze,702,587,2024-04-01
CLI00398,2022-07-23,Bronze,5228,1453,2023-09-09
CLI03054,2025-05-04,Bronze,5284,4028,2025-11-23
CLI00167,2025-05-24,Bronze,9445,1750,2025-10-18
CLI05572,2023-03-17,Bronze,5701,306,
CLI05653,2023-03-21,Bronze,4535,481,2024-02-08
CLI01226,2023-03-25,Bronze,7881,1043,2023-04-29
CLI01797,2024-02-11,Bronze,8633,4442,2025-02-23
CLI04757,2022-10-15,Bronze,810,554,
CLI01643,2022-12-24,Bronze,7352,3628,
CLI05526,2024-11-02,Bronze,6861,4022,2025-10-20
CLI00143,2022-01-21,Bronze,466,342,2024-06-11
CLI01241,2024-12-03,Bronze,4120,3553,2025-05-04
CLI01987,2025-07-04,Silver,13164,6738,2025-12-14
CLI04025,2025-10-13,Bronze,3684,3219,2025-10-25
CLI02453,2025-01-23,Bronze,1722,726,2025-08-15
CLI04750,2023-06-03,Bronze,1178,783,2024-09-22
CLI03759,2022-12-18,Silver,19305,1816,
CLI02462,2025-07-11,Bronze,5079,4513,2025-11-04
CLI03676,2024-06-19,Bronze,8780,34,2024-12-07
CLI02224,2025-03-25,Bronze,5964,2768,2025-10-12
CLI00238,2025-07-03,Bronze,732,74,2025-11-27
CLI00990,2022-04-29,Bronze,788,10,
CLI05068,2022-06-09,Bronze,146,115,2025-11-23
CLI01759,2023-09-05,Bronze,3980,2664,2023-10-18
CLI04301,2025-02-08,Bronze,1574,1201,2025-08-11
CLI01022,2024-08-14,Bronze,2651,1522,2025-08-20
CLI04990,2024-09-04,Bronze,6246,2508,2025-11-15
CLI03095,2023-06-17,Bronze,2809,1839,2025-10-22
CLI00867,2024-10-12,Bronze,1210,6,2025-06-15
CLI03021,2023-06-11,Bronze,942,488,2025-11-12
CLI05503,2023-10-26,Bronze,8457,7162,2024-08-23
CLI03374,2025-03-27,Bronze,5704,3503,2025-09-25
CLI05293,2024-01-02,Bronze,1618,1026,2024-01-25
CLI04371,2023-03-13,Silver,15728,10494,
CLI01698,2025-07-20,Bronze,2879,79,2025-12-30
CLI03505,2023-08-16,Bronze,4519,2520,2024-11-17
CLI02218,2024-07-19,Bronze,10100,8075,2025-05-28
CLI05265,2023-04-24,Bronze,427,126,2024-12-08
CLI00328,2025-02-24,Bronze,871,357,2025-07-28
CLI05606,2024-05-02,Bronze,4783,2698,2025-05-01
CLI05415,2023-08-10,Bronze,6371,477,2025-10-10
CLI01583,2023-06-11,Silver,14714,3430,2024-08-09
CLI00804,2024-12-10,Bronze,1375,584,2024-12-24
CLI05652,2022-02-18,Bronze,1071,236,2024-11-30
CLI05368,2023-01-14,Silver,14991,2751,2023-03-15
CLI01227,2025-11-30,Bronze,2466,1046,2025-12-23
CLI01204,2023-04-13,Bronze,507,386,
CLI02888,2024-08-01,Bronze,4394,2286,2024-12-07
CLI02904,2025-11-30,Bronze,671,529,2025-12-04
CLI01035,2023-11-15,Bronze,3145,1189,2025-05-03
CLI04520,2023-11-12,Bronze,1055,880,2025-05-27
CLI04110,2023-05-09,Bronze,1958,215,2025-09-21
CLI02393,2024-09-19,Bronze,9393,4303,2025-12-13
CLI05677,2023-10-16,Bronze,1034,640,2024-03-16
CLI04517,2022-07-09,Bronze,2726,1084,
CLI00402,2023-04-14,Bronze,4538,916,
CLI05691,2025-12-12,Bronze,5273,2228,2025-12-22
CLI01347,2025-01-02,Bronze,11061,2775,2025-04-09
CLI02392,2025-04-10,Bronze,489,125,2025-08-29
CLI01268,2022-04-21,Bronze,1690,885,2023-04-09
CLI00806,2025-01-08,Bronze,3547,1709,2025-10-11
CLI01444,2022-04-08,Bronze,679,264,2024-06-02
CLI00960,2023-03-14,Bronze,2778,1439,2023-06-20
CLI05817,2023-09-20,Bronze,254,173,2025-09-19
CLI00186,2022-03-04,Bronze,1647,1465,
CLI04708,2023-01-30,Bronze,4239,3759,2023-10-10
CLI02086,2023-08-26,Bronze,2168,697,2024-01-06
CLI03227,2025-10-30,Bronze,6024,2709,2025-11-26
CLI00097,2022-09-08,Bronze,6019,4108,2025-09-21
CLI03987,2023-10-28,Bronze,9266,6037,2024-04-18
CLI05717,2022-11-07,Silver,12684,7852,2025-10-16
CLI02120,2024-07-28,Bronze,1806,1402,2025-11-02
CLI02790,2024-12-19,Bronze,6335,5062,2025-04-17
CLI02928,2022-05-29,Bronze,286,231,2024-07-26
CLI04252,2024-12-07,Bronze,3229,794,2025-11-28
CLI00670,2023-08-05,Bronze,7871,1978,2024-12-18
CLI01753,2025-08-01,Bronze,4498,1484,2025-09-29
CLI00470,2023-09-15,Bronze,3827,3405,2025-05-20
CLI03642,2022-07-29,Bronze,388,326,2024-02-15
CLI04074,2025-12-23,Bronze,3670,2543,2025-12-28
CLI01660,2024-01-15,Bronze,7679,3285,2025-09-25
CLI03239,2025-08-28,Bronze,788,186,2025-09-10
CLI01477,2023-08-27,Bronze,1957,1401,2024-07-28
CLI05791,2023-04-30,Bronze,3851,397,2023-06-06
CLI05262,2024-11-23,Bronze,302,77,2025-04-20
CLI05897,2023-11-20,Bronze,2082,1151,2025-03-04
CLI01378,2025-03-03,Bronze,2334,1178,2025-07-10
CLI04835,2025-05-18,Bronze,5013,3440,2025-07-07
CLI03042,2024-02-26,Bronze,3686,2500,2025-05-23
CLI04248,2022-05-07,Silver,13946,253,
CLI03999,2023-06-11,Bronze,5065,146,2025-07-07
CLI03211,2023-04-14,Bronze,4011,1249,
CLI01222,2023-12-25,Bronze,916,728,2024-09-25
CLI02127,2024-02-21,Bronze,2554,673,2025-01-29
CLI05553,2022-11-10,Bronze,2096,161,2024-03-08
CLI06048,2023-01-02,Bronze,6249,3663,2023-11-22
CLI02423,2022-08-13,Silver,12098,4079,
CLI03901,2022-12-04,Bronze,4077,1446,
CLI05593,2022-12-13,Bronze,2340,452,2025-05-27
CLI05144,2022-09-29,Bronze,1328,397,2024-06-12
CLI00944,2025-03-28,Silver,18944,15141,2025-09-24
CLI04865,2024-11-09,Bronze,1152,184,2025-08-17
CLI03724,2022-11-16,Silver,18641,9195,
CLI00242,2025-10-19,Bronze,1088,584,2025-11-09
CLI01790,2024-08-12,Bronze,366,187,2025-12-31
CLI01927,2023-08-31,Bronze,4724,3302,2023-09-30
CLI03078,2023-01-09,Bronze,2410,916,2024-12-09
CLI02604,2023-07-04,Bronze,4317,3782,2025-12-19
CLI00527,2022-11-13,Bronze,1437,1215,2025-03-07
CLI05877,2022-03-05,Bronze,7604,828,2024-02-12
CLI03664,2024-08-07,Bronze,299,80,2025-10-25
CLI03694,2024-01-30,Bronze,3519,2707,2025-12-02
CLI03785,2025-07-22,Bronze,7722,4291,2025-12-26
CLI02961,2023-03-21,Bronze,4568,2682,
CLI02253,2024-12-27,Bronze,2374,72,2025-10-16
CLI04938,2025-02-28,Silver,14189,3814,2025-09-16
CLI05151,2023-12-27,Bronze,3240,2292,2025-05-18
CLI02137,2022-09-16,Bronze,2015,1728,
CLI05962,2024-06-07,Bronze,3739,2244,2024-10-09
CLI00430,2025-10-25,Bronze,2065,67,2025-11-17
CLI05934,2024-01-19,Bronze,2036,1487,2025-05-30
CLI02067,2023-12-04,Bronze,2450,1333,2025-05-28
CLI02326,2023-01-06,Bronze,155,15,2024-01-16
CLI01929,2025-10-31,Silver,12339,7003,2025-12-25
CLI03030,2023-04-10,Bronze,3107,1448,2024-04-06
CLI03336,2023-03-25,Bronze,1215,351,2023-10-30
CLI02808,2025-11-12,Bronze,3324,436,2025-12-01
CLI05016,2023-07-30,Bronze,401,68,2025-11-20
CLI01479,2024-04-24,Bronze,4598,3346,2024-08-29
CLI00339,2023-09-14,Bronze,1267,129,2025-09-13
CLI02075,2024-09-22,Bronze,3188,133,2025-11-19
CLI02012,2025-09-20,Bronze,7031,5323,2025-11-08
CLI02675,2023-01-31,Bronze,1661,85,2024-06-07
CLI00254,2025-08-12,Bronze,1952,1303,2025-12-26
CLI03222,2022-12-27,Bronze,6209,15,2023-08-13
CLI00321,2024-02-13,Bronze,1579,773,2025-12-24
CLI02049,2024-07-05,Bronze,7356,805,2024-10-04
CLI03859,2024-11-29,Bronze,362,312,2025-07-23
CLI00947,2024-10-10,Bronze,1514,752,2025-01-15
CLI03645,2025-11-06,Bronze,2359,1375,2025-12-04
CLI02456,2022-12-03,Bronze,3374,269,
CLI01085,2024-02-14,Bronze,3550,1854,2024-04-26
CLI04315,2023-03-28,Bronze,2171,1074,2025-03-30
CLI05394,2024-06-04,Bronze,6001,2074,2024-06-14
CLI01192,2023-10-04,Bronze,1154,757,2025-07-17
CLI00621,2024-08-13,Bronze,5607,294,2025-11-12
CLI02099,2023-04-28,Bronze,7288,1578,
CLI00751,2023-04-08,Bronze,11599,8059,2024-09-24
CLI02994,2023-09-18,Bronze,7973,5090,2025-05-20
CLI04152,2023-05-09,Bronze,110,92,2025-02-15
CLI02804,2025-06-29,Bronze,7584,5469,2025-10-18
CLI01798,2024-03-28,Bronze,1046,1396,2025-08-09
CLI01865,2024-12-15,Bronze,2946,453,2025-07-15
CLI03567,2022-10-12,Bronze,726,578,2023-11-14
CLI01959,2023-02-27,Bronze,4576,771,2024-08-08
CLI02296,2025-04-05,Bronze,1442,109,2025-05-31
CLI05174,2024-12-18,Bronze,4094,5000,2025-09-15
CLI01778,2024-07-17,Bronze,165,11,2024-12-17
CLI05207,2024-06-07,Bronze,49,8,2025-04-19
CLI00578,2023-06-24,Bronze,7634,3314,2025-03-12
CLI01668,2024-05-04,Bronze,762,280,2025-07-28
CLI01396,2025-08-15,Bronze,525,219,2025-11-23
CLI05036,2023-02-23,Bronze,483,220,2024-04-07
CLI02184,2022-08-18,Bronze,3845,590,2025-12-01
CLI02755,2025-05-06,Bronze,1036,767,2025-07-22
CLI01806,2023-02-19,Bronze,1446,1122,2023-06-30
CLI02855,2023-10-26,Bronze,3158,2051,2025-05-26
CLI05248,2023-01-19,Bronze,2314,1175,
CLI00271,2023-02-15,Bronze,6275,5279,2025-05-30
CLI00171,2025-01-14,Bronze,5443,1591,2025-06-13
CLI02042,2023-02-21,Bronze,11636,630,
CLI00345,2024-01-22,Bronze,2536,1854,2024-05-13
CLI01234,2023-12-01,Bronze,2161,717,2023-12-02
CLI01816,2024-12-16,Bronze,643,480,2025-09-03
CLI05885,2022-12-15,Bronze,2667,396,
CLI05701,2023-11-26,Bronze,1913,2839,2025-08-23
CLI04992,2023-06-28,Bronze,1310,1056,2024-10-23
CLI05483,2024-09-30,Bronze,3720,2769,2025-03-22
CLI02723,2023-05-13,Bronze,5791,4111,2023-06-18
CLI05217,2025-12-07,Bronze,219,95,2025-12-25
CLI04879,2022-08-19,Bronze,4490,5536,2022-09-03
CLI04581,2024-09-23,Bronze,3046,929,2024-11-07
CLI01497,2022-05-19,Bronze,4729,1515,2022-05-31
CLI04077,2022-04-12,Bronze,91,39,2024-08-10
CLI01276,2024-05-21,Bronze,3453,2521,2025-09-19
CLI01310,2023-09-09,Bronze,11378,5815,2024-02-04
CLI01787,2022-08-14,Bronze,4699,966,2022-12-27
CLI04048,2024-11-09,Bronze,6348,7234,2025-06-03
CLI04190,2025-01-11,Bronze,3638,2928,2025-10-24
CLI02950,2023-10-24,Bronze,3029,718,2024-01-18
CLI05866,2025-10-30,Bronze,5726,529,2025-12-16
CLI01891,2024-09-25,Bronze,5741,7234,2024-12-06
CLI00678,2022-06-15,Bronze,77,26,2022-11-19
CLI04529,2022-08-05,Bronze,842,105,2022-10-02
CLI02171,2024-07-19,Bronze,1646,718,2024-10-30
CLI03574,2024-09-27,Bronze,6140,3466,2025-03-29
CLI02302,2024-05-24,Bronze,11210,9071,2024-12-18
CLI03561,2025-12-04,Bronze,2413,2021,2025-12-18
CLI04168,2022-12-04,Bronze,3632,2164,
CLI02734,2025-07-06,Bronze,75,27,2025-09-27
CLI03644,2024-12-09,Bronze,920,798,2025-01-28
CLI03565,2022-07-18,Bronze,960,643,
CLI00296,2024-02-10,Bronze,10214,5231,2024-04-18
CLI01071,2025-12-27,Bronze,9476,8224,2025-12-30
CLI00054,2024-09-17,Bronze,9,4,2025-09-18
CLI05624,2024-04-26,Bronze,518,331,2024-07-02
CLI03401,2024-10-17,Bronze,7553,3631,2024-10-19
CLI03568,2023-05-25,Silver,13044,7085,
CLI05427,2022-05-29,Bronze,2194,119,2024-06-20
CLI04205,2025-10-13,Bronze,7607,2088,2025-11-11
CLI05891,2022-07-06,Bronze,4268,2453,2024-08-06
CLI03343,2024-08-03,Bronze,6247,3265,2024-09-20
CLI02007,2025-09-05,Bronze,2197,683,2025-09-12
CLI00302,2024-11-17,Bronze,1546,670,2024-12-04
CLI00366,2025-10-20,Bronze,6147,2450,2025-12-07
CLI03718,2025-12-17,Bronze,2109,1240,2025-12-29
CLI00103,2025-02-25,Bronze,10006,3022,2025-08-17
CLI05403,2022-07-02,Bronze,2148,1631,
CLI04819,2022-05-08,Bronze,3861,2283,2025-06-13
CLI02796,2023-06-21,Bronze,7716,5779,2024-02-25
CLI04276,2022-05-11,Bronze,3839,896,2023-11-18
CLI02732,2024-02-26,Bronze,358,251,2025-01-21
CLI03796,2022-02-07,Bronze,20,3,2023-11-11
CLI03960,2024-11-04,Bronze,2363,986,2025-03-07
CLI04408,2024-09-09,Bronze,2782,1983,2025-01-04
CLI03006,2023-07-03,Bronze,11266,644,2024-09-10
CLI05828,2025-03-26,Bronze,1258,573,2025-10-07
CLI01488,2024-03-29,Bronze,6983,574,2025-04-24
CLI04191,2025-03-26,Bronze,2288,284,2025-11-04
CLI04955,2023-07-08,Bronze,1119,448,2023-08-26
CLI00375,2023-02-26,Bronze,1182,455,2025-01-05
CLI01214,2025-05-18,Bronze,3523,121,2025-12-11
CLI00545,2023-09-25,Bronze,367,199,2025-12-01
CLI01352,2023-05-23,Bronze,4821,3047,2023-07-11
CLI00292,2025-03-05,Bronze,3580,2764,2025-08-29
CLI04907,2025-08-16,Bronze,1170,823,2025-08-20
CLI00390,2025-04-02,Bronze,2087,783,2025-04-06
CLI02870,2023-07-26,Bronze,4406,2991,2023-11-14
CLI05285,2024-04-16,Bronze,3151,2601,2024-12-22
CLI03687,2023-06-11,Bronze,4284,2270,2023-10-05
CLI01871,2023-10-31,Bronze,234,106,2024-10-26
CLI04449,2024-07-12,Bronze,7823,5023,2025-12-29
CLI00248,2023-06-11,Bronze,1241,116,2025-04-06
CLI03993,2023-09-29,Silver,17287,12588,2024-09-03
CLI03232,2025-05-16,Bronze,4410,3100,2025-09-02
CLI02165,2022-04-24,Bronze,541,173,2023-05-20
CLI06044,2024-10-26,Bronze,3263,1303,2024-12-02
CLI01297,2023-08-08,Bronze,1576,577,2023-12-16
CLI05625,2024-09-29,Bronze,2256,1371,2025-06-16
CLI03065,2025-02-19,Bronze,3128,948,2025-03-27
CLI05467,2022-05-11,Bronze,2639,3659,2023-12-21
CLI00411,2025-05-04,Bronze,2339,1841,2025-12-20
CLI02006,2025-11-16,Bronze,4661,3872,2025-12-04
CLI05203,2022-05-16,Bronze,291,62,2023-03-09
CLI01895,2025-11-18,Bronze,828,17,2025-12-20
CLI01185,2024-12-10,Bronze,2035,1421,2025-10-14
CLI04935,2022-05-01,Bronze,6369,1076,
CLI03005,2024-11-12,Bronze,9793,1050,2024-12-19
CLI01899,2023-09-12,Bronze,279,5,2025-01-01
CLI00833,2025-06-10,Bronze,2251,777,2025-06-16
CLI02228,2024-02-13,Bronze,2472,919,2024-08-24
CLI01804,2024-09-08,Bronze,963,721,2024-12-27
CLI00691,2022-12-24,Bronze,3924,525,2025-02-10
CLI04960,2025-02-13,Bronze,6891,5622,2025-11-15
CLI02519,2025-04-19,Bronze,1749,320,2025-05-17
CLI02753,2025-02-27,Bronze,4246,3175,2025-08-02
CLI04380,2022-02-20,Bronze,936,724,
CLI01513,2025-04-24,Bronze,3394,1461,2025-11-08
CLI05298,2024-10-30,Bronze,6074,1451,2025-04-13
CLI05981,2024-03-23,Bronze,10598,5733,2025-06-06
CLI04045,2024-05-16,Bronze,8321,6122,2024-07-18
CLI01076,2023-04-01,Bronze,3911,1965,2024-07-06
CLI05855,2024-06-14,Bronze,7687,3724,2025-08-10
CLI03491,2024-03-29,Bronze,2023,134,2025-10-19
CLI04057,2025-10-12,Bronze,293,65,2025-12-20
CLI02358,2023-02-11,Bronze,3380,1398,
CLI02440,2022-09-20,Bronze,9395,5909,2024-09-20
CLI02112,2024-08-05,Bronze,1550,1344,2024-10-26
CLI00770,2025-12-06,Bronze,6876,1377,2025-12-17
CLI04068,2024-10-24,Bronze,1055,395,2024-10-29
CLI04560,2024-08-31,Bronze,1015,433,2025-06-27
CLI02868,2024-10-27,Bronze,263,152,2025-07-11
CLI05680,2025-02-19,Bronze,353,186,2025-08-20
CLI02967,2025-11-24,Bronze,4123,2490,2025-12-19
CLI02603,2025-07-18,Bronze,3093,2092,2025-07-28
CLI01947,2023-07-01,Bronze,2396,684,2025-09-30
CLI00555,2025-02-13,Bronze,1453,194,2025-11-16
CLI05845,2022-10-21,Bronze,7514,1318,
CLI00753,2022-06-07,Bronze,1111,190,
CLI03116,2023-07-23,Bronze,5482,1378,2025-09-04
CLI01362,2022-12-19,Bronze,482,157,2023-04-25
CLI03701,2025-11-03,Bronze,769,448,2025-12-25
CLI02683,2024-03-25,Bronze,4857,268,2024-12-02
CLI01042,2024-02-24,Bronze,4242,768,2024-12-19
CLI03285,2025-02-03,Bronze,502,440,2025-04-21
CLI04847,2024-12-21,Bronze,496,164,2025-12-19
CLI05696,2022-06-02,Bronze,11683,9328,
CLI00364,2022-09-18,Bronze,5396,891,2024-10-07
CLI04649,2023-09-02,Bronze,4514,2036,2024-10-18
CLI02765,2022-09-23,Bronze,2098,1008,2023-04-18
CLI01136,2023-10-16,Bronze,6325,2813,2024-12-12
CLI03213,2022-12-12,Bronze,963,606,2024-12-03
CLI04677,2024-05-05,Bronze,3399,4863,2025-02-16
CLI03412,2024-03-10,Bronze,4928,1329,2024-05-01
CLI02428,2022-02-02,Bronze,10275,2401,
CLI01680,2024-11-13,Bronze,5998,3003,2025-10-12
CLI00551,2024-09-25,Bronze,1050,368,2024-10-11
CLI03590,2022-11-20,Bronze,1033,39,2025-12-05
CLI02357,2022-09-01,Bronze,1872,10,2024-09-19
CLI02798,2022-10-08,Bronze,6377,3784,
CLI04097,2025-03-13,Bronze,1047,269,2025-03-18
CLI01623,2025-07-03,Bronze,2494,1819,2025-11-13
CLI02521,2025-04-02,Bronze,818,624,2025-04-15
CLI04511,2024-09-11,Bronze,118,92,2024-10-14
CLI04855,2024-07-19,Bronze,604,183,2025-09-06
CLI04036,2024-10-17,Bronze,3742,405,2025-02-21
CLI04718,2022-10-18,Bronze,506,97,2022-11-30
CLI03015,2023-08-21,Bronze,1104,150,2025-10-09
CLI04808,2022-11-04,Bronze,300,234,2025-07-15
CLI03121,2025-07-19,Bronze,2726,1297,2025-10-15
CLI00843,2025-04-30,Bronze,8354,7146,2025-08-07
CLI02496,2024-04-06,Bronze,2342,5,2025-08-26
CLI02069,2022-07-06,Silver,12887,8931,2025-02-13
CLI04848,2025-12-05,Bronze,7779,5101,2025-12-30
CLI00880,2022-12-17,Bronze,5389,3430,2025-05-03
CLI04148,2025-05-18,Bronze,7518,5911,2025-08-08
CLI03917,2022-01-17,Bronze,1438,1163,
CLI05448,2024-08-31,Bronze,3815,671,2024-12-20
CLI03982,2023-02-19,Bronze,9372,6827,2025-11-07
CLI00864,2025-05-29,Bronze,970,757,2025-11-09
CLI00759,2022-04-27,Bronze,10940,8284,
CLI03122,2023-08-05,Bronze,5278,3944,2025-12-30
CLI04383,2024-08-02,Bronze,8916,6557,2025-06-20
CLI02403,2023-03-25,Bronze,109,6,2024-11-15
CLI04596,2024-09-16,Silver,15875,1826,2025-04-05
CLI02060,2022-10-03,Bronze,618,291,2024-06-18
CLI04379,2022-11-01,Bronze,637,161,2024-06-30
CLI04060,2023-11-19,Bronze,8701,6999,2024-12-27
CLI03617,2025-11-23,Bronze,4078,3402,2025-12-30
CLI02578,2022-09-01,Bronze,1005,92,
CLI01912,2023-11-20,Bronze,5490,3798,2023-12-12
CLI02646,2022-12-05,Bronze,453,321,2025-07-23
CLI04771,2025-01-21,Bronze,3818,1803,2025-03-21
CLI01074,2024-10-14,Bronze,5747,3389,2025-01-16
CLI01754,2024-04-17,Bronze,416,318,2025-09-26
CLI01160,2022-11-25,Bronze,2918,2075,2023-10-02
CLI00059,2022-10-19,Bronze,2034,1506,2022-12-28
CLI01327,2023-05-22,Bronze,3752,1350,2025-09-03
CLI05142,2022-08-29,Bronze,9760,1192,
CLI02295,2024-01-31,Bronze,94,21,2024-10-20
CLI04611,2022-06-16,Bronze,2378,1303,
CLI04503,2023-08-12,Bronze,2865,238,2024-04-16
CLI01239,2023-03-08,Bronze,7,6,2023-08-27
CLI04859,2025-05-05,Bronze,2317,1119,2025-10-09
CLI04199,2025-01-28,Bronze,451,349,2025-06-11
CLI02399,2025-08-14,Bronze,2276,1341,2025-10-10
CLI03504,2024-05-15,Bronze,959,218,2024-07-29
CLI02694,2022-08-08,Bronze,1825,1181,2022-09-10
CLI04569,2024-11-19,Silver,15301,717,2025-07-23
CLI03134,2022-04-29,Bronze,1258,472,
CLI03989,2022-02-03,Bronze,3715,1355,
CLI02530,2025-03-24,Bronze,4804,789,2025-07-30
CLI05300,2022-10-13,Bronze,1146,950,2025-10-02
CLI01478,2025-10-31,Bronze,6709,2196,2025-11-25
CLI01514,2024-01-27,Bronze,2846,1976,2024-08-21
CLI02197,2025-09-24,Silver,12147,4810,2025-11-13
CLI05844,2023-07-28,Bronze,1271,566,2025-11-17
CLI03286,2023-09-28,Bronze,2605,691,2025-03-16
CLI00356,2022-09-16,Bronze,13,9,
CLI03069,2024-07-03,Bronze,4579,1914,2025-06-05
CLI03941,2024-05-07,Bronze,2380,1561,2025-01-29
CLI01069,2024-01-15,Bronze,3135,25,2025-09-10
CLI03414,2023-05-12,Bronze,634,272,
CLI02196,2023-09-10,Bronze,11377,7250,2024-04-17
CLI04910,2024-09-27,Bronze,2269,419,2024-10-21
CLI00077,2024-07-09,Bronze,2803,2048,2024-12-08
CLI00517,2023-12-17,Bronze,1100,209,2024-07-24
CLI03842,2024-03-01,Bronze,5,2,2025-09-22
CLI03290,2022-12-30,Bronze,9564,23,
CLI01800,2023-11-24,Bronze,6228,5276,2024-10-25
CLI04832,2023-12-29,Bronze,1476,673,2024-05-11
CLI01127,2025-12-16,Bronze,4415,1397,2025-12-29
CLI05739,2022-07-19,Bronze,4551,1047,2025-11-25
CLI02501,2023-04-22,Bronze,3801,875,2025-08-29
CLI05697,2024-08-23,Bronze,936,833,2025-10-13
CLI05175,2023-03-13,Bronze,1679,50,
CLI05847,2022-08-30,Bronze,1110,603,2023-03-27
CLI05869,2024-02-07,Bronze,1073,942,2025-07-16
CLI00193,2023-04-06,Bronze,1371,81,2024-11-29
CLI05338,2023-12-31,Bronze,7193,6428,2025-01-16
CLI03465,2022-12-22,Bronze,2204,1854,2024-09-30
CLI01039,2024-08-31,Silver,15995,12227,2025-08-05
CLI02179,2024-04-08,Bronze,3040,1685,2025-10-18
CLI01960,2024-02-18,Bronze,538,387,2024-07-26
CLI02996,2023-05-29,Silver,14987,10573,
CLI04279,2025-01-27,Bronze,1714,303,2025-08-25
CLI05492,2022-04-27,Bronze,454,125,2024-07-26
CLI02682,2025-09-25,Bronze,6269,285,2025-12-18
CLI05358,2022-10-22,Bronze,1528,223,2025-05-07
CLI02506,2022-11-20,Bronze,3512,2777,
CLI01304,2023-08-29,Bronze,6938,1480,2025-01-28
CLI00627,2025-11-27,Bronze,2029,600,2025-12-26
CLI01174,2023-04-24,Bronze,522,87,2024-05-04
CLI01433,2022-04-27,Bronze,6676,671,2023-12-26
CLI01100,2024-09-11,Bronze,1380,761,2024-12-13
CLI05813,2022-08-28,Bronze,1074,590,2023-09-09
CLI01909,2022-09-14,Bronze,1619,1379,2023-02-22
CLI05154,2023-06-03,Bronze,2921,268,2023-11-25
CLI05326,2022-11-15,Bronze,1274,1050,2024-02-10
CLI05218,2025-06-05,Bronze,516,414,2025-07-10
CLI05194,2022-12-19,Bronze,2771,1780,
CLI03871,2025-07-20,Bronze,2700,149,2025-09-06
CLI01406,2023-08-12,Bronze,351,274,2025-12-23
CLI01911,2024-01-23,Bronze,1542,277,2025-01-03
CLI02199,2023-06-07,Bronze,3768,2186,2024-06-12
CLI05363,2025-11-06,Bronze,3698,1815,2025-12-10
CLI00836,2022-11-25,Bronze,3029,1249,
CLI05930,2024-07-14,Bronze,2773,210,2025-06-11
CLI02814,2024-09-23,Bronze,3950,592,2025-09-21
CLI00310,2024-01-14,Bronze,8598,5410,2025-04-06
CLI01413,2024-04-29,Silver,12074,5966,2025-04-30
CLI00776,2023-08-10,Bronze,504,384,2024-02-07
CLI00485,2025-01-03,Bronze,4682,1537,2025-02-01
CLI05767,2024-12-07,Bronze,4987,637,2025-10-28
CLI00368,2022-02-22,Silver,16197,6768,2025-07-26
CLI00571,2025-08-15,Bronze,1705,1489,2025-12-23
CLI05229,2024-02-01,Bronze,9091,442,2025-06-28
CLI00650,2025-07-21,Bronze,2552,727,2025-08-23
CLI00041,2023-01-18,Bronze,878,446,2025-08-10
CLI00442,2023-01-26,Bronze,2834,1051,
CLI01594,2025-12-09,Bronze,8262,2857,2025-12-21
CLI02264,2022-06-13,Bronze,3323,2251,
CLI00897,2023-03-10,Bronze,1608,1255,2024-01-30
CLI01072,2023-09-15,Bronze,8740,2549,2024-01-29
CLI01542,2024-07-17,Bronze,4574,3064,2025-07-13
CLI01405,2023-04-03,Bronze,4703,2550,
CLI00352,2025-01-04,Bronze,2257,1846,2025-05-30
CLI03563,2023-07-01,Bronze,3815,867,2024-03-28
CLI05339,2024-09-06,Bronze,1461,126,2024-12-25
CLI05912,2023-01-19,Bronze,1036,756,2025-09-20
CLI05426,2022-01-13,Bronze,2079,1805,
CLI01270,2023-05-24,Bronze,2730,41,2024-12-16
CLI05959,2024-11-21,Bronze,7082,2749,2025-10-14
CLI05171,2022-03-19,Bronze,1812,355,2024-05-29
CLI02032,2024-05-21,Bronze,858,359,2025-10-06
CLI00946,2022-03-02,Bronze,257,208,
CLI01690,2025-06-29,Bronze,4236,3002,2025-10-27
CLI05103,2022-02-26,Bronze,2645,1871,
CLI00073,2023-01-30,Bronze,566,226,
CLI04833,2022-11-19,Bronze,10735,3888,2025-06-01
CLI05044,2023-01-16,Bronze,2305,1788,2023-11-26
CLI04307,2025-04-05,Silver,25193,16285,2025-09-10
CLI00995,2022-10-30,Bronze,4268,3756,2025-06-23
CLI00763,2024-08-11,Bronze,728,111,2024-09-06
CLI04100,2022-11-12,Bronze,877,699,
CLI02138,2023-01-13,Bronze,2557,1122,
CLI02836,2024-05-09,Bronze,6071,117,2024-08-24
CLI00174,2022-03-08,Silver,12073,4130,
CLI02066,2024-02-02,Bronze,8720,1266,2025-03-10
CLI02857,2023-09-18,Bronze,2745,2152,2025-10-16
CLI01735,2022-11-15,Bronze,1541,525,2024-09-10
CLI05433,2022-09-17,Bronze,4078,1118,2024-04-29
CLI03737,2022-06-28,Bronze,1866,1032,
CLI04839,2024-11-21,Bronze,5629,4502,2025-04-12
CLI02853,2024-03-23,Bronze,3718,2948,2024-10-01
CLI02512,2024-02-03,Bronze,1903,1221,2024-06-03
CLI02959,2022-11-14,Bronze,1643,542,2023-02-20
CLI03188,2024-07-05,Bronze,5822,6791,2025-11-24
CLI03176,2022-04-19,Bronze,303,265,2023-07-05
CLI01781,2022-02-16,Bronze,3113,2656,2023-01-20
CLI02352,2024-04-18,Bronze,1057,165,2024-12-05
CLI01776,2024-10-16,Bronze,7565,2862,2025-04-19
CLI01535,2024-10-20,Bronze,887,467,2024-12-01
CLI00839,2022-05-28,Bronze,3602,2373,2024-03-30
CLI03106,2024-07-05,Bronze,3184,2725,2024-12-30
CLI03766,2025-08-18,Silver,15454,5594,2025-09-01
CLI03335,2024-12-05,Bronze,3402,1872,2025-04-16
CLI04584,2024-10-14,Bronze,3688,2602,2025-05-06
CLI00865,2025-06-12,Silver,21465,13078,2025-12-27
CLI05562,2022-03-05,Bronze,1540,1232,2022-03-30
CLI05969,2025-11-11,Bronze,1171,713,2025-12-06
CLI00117,2023-04-20,Bronze,2115,866,2025-06-03
CLI05486,2023-07-05,Bronze,1052,78,2024-04-10
CLI03677,2025-05-16,Bronze,5685,3726,2025-12-22
CLI01904,2023-12-21,Bronze,6796,1302,2025-11-18
CLI00299,2025-12-20,Bronze,5354,3652,2025-12-25
CLI00372,2024-04-24,Silver,20128,16460,2025-02-22
CLI01900,2025-01-03,Silver,15857,13114,2025-06-02
CLI01294,2023-11-09,Bronze,8107,1081,2024-12-22
CLI00267,2023-07-07,Bronze,21,6,2025-08-03
CLI00161,2023-08-02,Bronze,4368,2378,2024-04-04
CLI01785,2022-03-06,Bronze,4357,1014,
CLI04909,2023-04-26,Bronze,2987,1970,2023-06-29
CLI05473,2023-04-19,Bronze,8638,6803,2025-12-30
CLI01030,2022-07-04,Bronze,523,82,2023-09-19
CLI00520,2023-08-31,Bronze,930,129,2024-11-06
CLI04934,2023-04-14,Silver,13153,6153,2025-09-03
CLI02447,2023-01-11,Bronze,1500,21,2025-07-05
CLI03115,2025-04-15,Bronze,976,321,2025-05-09
CLI03930,2022-12-22,Bronze,132,83,2024-11-06
CLI01915,2022-04-03,Bronze,2578,1079,2023-12-02
CLI04755,2023-02-12,Bronze,6221,826,2023-12-14
CLI05769,2025-11-06,Bronze,1166,1047,2025-12-03
CLI04456,2024-02-11,Silver,12646,3286,2024-09-10
CLI01610,2024-01-14,Bronze,7032,8940,2024-09-16
CLI04214,2025-03-06,Silver,17169,14310,2025-07-12
CLI02924,2024-11-26,Bronze,11532,4610,2025-04-15
CLI05472,2024-03-10,Bronze,3000,438,2025-06-20
CLI00396,2023-10-23,Bronze,2272,992,2025-10-10
CLI00095,2023-04-18,Bronze,957,114,2023-12-08
CLI04998,2024-01-14,Bronze,8367,1610,2025-05-07
CLI04889,2022-05-26,Bronze,398,79,2025-06-16
CLI01786,2023-04-01,Bronze,108,9,2025-10-04
CLI01984,2024-08-29,Bronze,3146,2824,2025-08-04
CLI01937,2024-05-07,Bronze,6004,2279,2024-09-15
CLI03365,2024-07-29,Bronze,585,69,2025-10-25
CLI00902,2022-08-11,Bronze,4988,1130,
CLI04185,2023-03-21,Bronze,851,179,
CLI03957,2024-06-26,Bronze,1334,260,2025-06-23
CLI01034,2025-12-28,Bronze,2668,988,2025-12-29
CLI04358,2023-04-08,Bronze,2957,1961,2023-10-18
CLI04904,2023-03-16,Bronze,2713,787,2023-04-04
CLI05682,2023-04-09,Bronze,1260,661,
CLI04320,2023-09-25,Bronze,10287,3343,2025-07-22
CLI04352,2024-05-02,Bronze,2371,1353,2025-02-02
CLI00882,2022-07-15,Bronze,278,64,2024-08-23
CLI05131,2023-07-26,Bronze,761,485,2024-04-10
CLI02805,2024-07-15,Bronze,7899,4016,2025-03-19
CLI01432,2024-08-24,Bronze,5308,3630,2024-11-27
CLI05092,2025-04-09,Bronze,1847,356,2025-09-14
CLI03651,2025-10-28,Silver,14521,4374,2025-12-08
CLI05952,2024-01-20,Bronze,2035,2288,2025-07-12
CLI04237,2025-05-29,Bronze,3724,1047,2025-11-22
CLI04283,2024-11-29,Bronze,284,115,2025-11-24
CLI00113,2025-09-22,Bronze,1468,247,2025-10-04
CLI02366,2025-08-23,Bronze,5750,279,2025-12-03
CLI01322,2023-04-05,Bronze,11723,8435,
CLI02577,2022-03-13,Bronze,6465,3375,
CLI00948,2022-06-19,Bronze,506,62,2023-12-24
CLI05180,2023-09-01,Bronze,1240,508,2024-07-01
CLI01588,2024-01-21,Bronze,447,359,2025-06-03
CLI05318,2023-03-10,Silver,18177,12115,2023-09-30
CLI01178,2024-04-19,Bronze,4634,34,2024-09-15
CLI02642,2022-04-14,Bronze,2255,859,2025-01-08
CLI04610,2022-08-31,Bronze,4189,2096,
CLI02593,2024-10-27,Bronze,972,388,2025-11-27
CLI05674,2025-04-18,Bronze,2153,1751,2025-12-24
CLI00631,2023-11-19,Bronze,448,62,2025-07-29
CLI05199,2023-07-20,Bronze,885,571,2024-01-10
CLI04707,2023-11-12,Bronze,1324,905,2025-08-25
CLI03261,2025-03-17,Bronze,2161,658,2025-12-19
CLI04576,2025-05-08,Bronze,3054,2122,2025-07-11
CLI00334,2023-05-12,Bronze,3477,560,
CLI03433,2023-01-03,Bronze,534,165,
CLI03592,2024-09-18,Bronze,2972,1391,2025-02-14
CLI03478,2024-05-24,Bronze,6780,4560,2024-06-07
CLI02684,2022-05-05,Bronze,5514,2549,2023-10-02
CLI03381,2023-08-10,Bronze,1219,920,2025-10-03
CLI01615,2022-05-08,Bronze,10651,483,
CLI05775,2024-11-13,Bronze,11720,5181,2024-12-17
CLI04447,2022-06-22,Bronze,899,269,
CLI02157,2022-05-19,Bronze,3970,2636,2025-09-05
CLI04644,2024-04-13,Bronze,1436,499,2024-11-04
CLI04317,2024-06-17,Bronze,1984,1509,2025-08-02
CLI01743,2023-05-25,Bronze,1535,376,2024-08-22
CLI04884,2022-03-30,Bronze,4907,4217,2022-06-29
CLI04522,2024-03-02,Bronze,3176,2258,2025-12-08
CLI03361,2022-11-15,Bronze,873,40,2023-10-13
CLI01878,2025-11-03,Bronze,1290,354,2025-12-08
CLI00385,2025-09-13,Bronze,6605,7548,2025-11-30
CLI02090,2023-12-26,Bronze,1312,461,2025-10-18
CLI05385,2023-03-02,Bronze,4077,628,2024-10-21
CLI02163,2023-03-28,Bronze,7966,1112,2024-08-18
CLI05967,2024-07-30,Bronze,511,137,2024-11-24
CLI01924,2024-05-18,Bronze,747,286,2025-04-12
CLI05183,2022-10-14,Silver,13044,640,2024-06-27
CLI02842,2024-06-27,Bronze,1371,206,2025-07-09
CLI00288,2024-12-30,Silver,25694,16255,2025-02-02
CLI02213,2023-01-13,Bronze,3215,492,2024-11-13
CLI05239,2025-11-10,Silver,14277,8881,2025-12-30
CLI05710,2022-12-21,Bronze,2076,1062,2024-01-12
CLI04443,2025-04-19,Bronze,3059,1861,2025-06-10
CLI02370,2022-07-02,Bronze,2531,1135,
CLI03476,2025-07-09,Bronze,11224,8385,2025-08-18
CLI00028,2023-12-21,Bronze,779,354,2025-11-30
CLI05780,2025-09-28,Bronze,3178,2565,2025-11-20
CLI01110,2022-04-08,Silver,15773,3290,2023-10-10
CLI03817,2022-12-08,Bronze,10132,5653,2023-07-02
CLI03180,2025-11-03,Bronze,2049,1701,2025-12-22
CLI03569,2023-08-22,Bronze,6858,1241,2025-05-25
CLI03159,2025-05-16,Bronze,573,271,2025-09-05
CLI01225,2023-11-10,Bronze,7132,1869,2025-09-23
CLI04765,2023-07-13,Bronze,8130,3534,2025-04-22
CLI05615,2022-04-05,Bronze,1034,897,2025-05-21
CLI03782,2025-01-16,Bronze,8137,1871,2025-10-22
CLI04085,2022-04-23,Bronze,4153,1968,2024-02-05
CLI02177,2023-03-16,Bronze,8606,4388,2024-08-22
CLI00526,2025-05-16,Silver,16250,7903,2025-09-04
CLI06037,2024-05-25,Bronze,610,370,2024-10-03
CLI05299,2025-02-12,Bronze,329,276,2025-03-25
CLI05609,2022-06-01,Silver,19355,9639,2025-11-16
CLI03880,2023-09-19,Bronze,46,32,2025-06-30
CLI00507,2025-01-19,Bronze,6924,4916,2025-10-15
CLI05776,2023-10-14,Bronze,1094,660,2023-12-07
CLI05909,2025-02-06,Bronze,7885,6778,2025-12-09
CLI02063,2025-11-07,Bronze,348,219,2025-12-19
CLI01224,2023-09-19,Bronze,3926,1,2024-11-10
CLI02445,2024-10-13,Bronze,3,1,2025-02-15
CLI03509,2022-06-18,Bronze,244,13,2025-07-13
CLI04486,2025-12-31,Bronze,299,23,2025-12-31
CLI03313,2024-03-22,Bronze,3006,2181,2024-04-17
CLI04049,2023-05-20,Bronze,620,421,2024-07-14
CLI01696,2023-03-14,Bronze,2988,478,2023-04-29
CLI01450,2024-04-20,Bronze,1461,7,2024-08-13
CLI05549,2025-10-30,Bronze,530,101,2025-12-26
CLI03068,2023-11-07,Bronze,1982,1292,2025-09-17
CLI01627,2023-09-04,Bronze,1949,1590,2025-03-19
CLI01265,2025-08-04,Bronze,537,146,2025-11-20
CLI05332,2022-08-28,Bronze,2447,1578,2025-12-03
CLI04467,2022-02-15,Bronze,9314,4410,2025-08-25
CLI00878,2023-12-31,Silver,16161,8844,2024-11-24
CLI04523,2025-02-15,Silver,14624,8807,2025-09-27
CLI05842,2022-07-22,Silver,17778,1818,2024-01-07
CLI06003,2024-08-28,Bronze,2412,2137,2025-03-24
CLI03479,2023-09-20,Bronze,4894,3688,2025-12-11
CLI00014,2025-01-28,Bronze,5500,3542,2025-06-15
CLI00482,2025-07-21,Bronze,1533,1231,2025-09-05
CLI05968,2023-05-29,Bronze,3611,2273,2024-01-06
CLI05063,2022-03-27,Bronze,867,411,2023-06-25
CLI05361,2022-04-25,Bronze,6286,1638,2024-04-11
CLI03218,2024-05-10,Bronze,631,239,2025-02-10
CLI05275,2024-04-16,Bronze,4960,3234,2025-07-28
CLI02425,2024-05-17,Bronze,953,753,2025-11-06
CLI02553,2023-09-02,Bronze,7745,4613,2024-01-19
CLI01288,2025-08-30,Bronze,4466,3268,2025-12-28
CLI05545,2024-02-24,Bronze,243,121,2025-04-12
CLI00858,2023-01-14,Bronze,838,681,2024-02-02
CLI02552,2024-03-28,Silver,14243,4113,2024-06-04
CLI03130,2025-01-17,Bronze,6839,2916,2025-02-09
CLI00047,2025-01-15,Silver,12131,6136,2025-02-09
CLI02919,2025-02-12,Bronze,4434,51,2025-09-25
CLI05277,2024-05-06,Bronze,1769,1194,2024-11-13
CLI02315,2022-06-23,Bronze,242,148,2024-09-06
CLI05756,2024-02-06,Bronze,1550,1319,2025-09-04
CLI02386,2022-11-16,Bronze,5220,2295,
CLI00900,2023-11-07,Bronze,969,206,2025-09-14
CLI01023,2024-06-28,Bronze,5226,3462,2024-09-23
CLI00233,2022-07-12,Bronze,1539,1132,2025-09-08
CLI00942,2025-12-27,Bronze,3086,385,2025-12-31
CLI05630,2025-05-12,Bronze,444,253,2025-05-26
CLI05713,2024-02-01,Bronze,2978,440,2024-10-07
CLI05882,2022-04-28,Bronze,356,22,2024-11-01
CLI05077,2022-12-08,Bronze,9705,6190,2024-06-07
CLI03238,2023-08-28,Silver,12444,6157,2025-05-08
CLI05914,2025-10-01,Bronze,11596,4273,2025-11-06
CLI05071,2022-10-30,Bronze,318,32,2025-06-16
CLI05122,2024-08-20,Bronze,1170,515,2025-02-02
CLI04876,2022-11-14,Bronze,6853,3786,2023-05-27
CLI01810,2025-06-05,Bronze,2447,2047,2025-12-23
CLI04402,2023-05-27,Bronze,878,87,2023-11-18
CLI02222,2024-09-12,Bronze,250,116,2025-03-02
CLI01166,2024-03-13,Bronze,7658,1560,2024-11-24
CLI00205,2025-12-28,Bronze,3698,1953,2025-12-31
CLI04957,2022-05-26,Bronze,443,336,2023-02-11
CLI00907,2022-04-21,Bronze,2086,967,
CLI03690,2024-02-23,Bronze,1184,812,2025-08-19
CLI03226,2024-08-06,Bronze,3543,1048,2024-11-07
CLI05364,2022-01-24,Silver,13196,1620,2025-10-29
CLI03510,2022-03-30,Bronze,2147,1277,2024-07-03
CLI01163,2023-10-07,Bronze,829,115,2025-01-20
CLI04670,2025-06-18,Bronze,660,458,2025-11-07
CLI02730,2024-07-17,Silver,14261,59,2024-12-17
CLI01601,2023-02-22,Silver,12820,9612,2024-02-29
CLI03038,2023-12-23,Bronze,3801,1770,2024-02-10
CLI00087,2025-06-14,Bronze,3313,1975,2025-11-04
CLI01870,2024-11-26,Bronze,569,199,2025-07-24
CLI04139,2025-01-30,Bronze,1825,696,2025-03-09
CLI02208,2022-04-01,Bronze,2290,373,2024-04-08
CLI03047,2023-04-14,Bronze,5212,994,2025-08-20
CLI05974,2022-06-04,Bronze,7922,3420,2025-12-19
CLI01964,2023-10-01,Bronze,7602,370,2024-05-24
CLI00622,2023-10-26,Bronze,5855,3949,2024-10-19
CLI04508,2022-06-23,Bronze,7801,1203,2024-11-10
CLI05005,2022-07-04,Bronze,2401,1497,2022-11-20
CLI05354,2022-04-01,Bronze,1231,800,
CLI00365,2024-04-27,Bronze,6402,5029,2024-11-24
CLI03981,2025-05-16,Silver,15734,13834,2025-07-06
CLI04450,2025-08-13,Bronze,7664,4296,2025-11-29
CLI04844,2024-06-15,Bronze,1455,689,2024-10-14
CLI01293,2024-12-14,Bronze,2561,1788,2025-01-04
CLI03976,2025-07-22,Bronze,3527,1306,2025-11-19
CLI03155,2024-06-17,Bronze,1919,1659,2025-06-08
CLI05136,2024-05-27,Bronze,802,243,2025-05-10
CLI04914,2024-04-15,Bronze,5214,3810,2024-06-16
CLI04165,2022-11-13,Bronze,3724,2906,2025-10-10
CLI04920,2024-09-08,Bronze,2,0,2024-09-24
CLI01000,2025-05-08,Bronze,1757,390,2025-08-02
CLI03173,2025-03-05,Bronze,137,72,2025-11-13
CLI01037,2024-08-27,Bronze,807,263,2025-03-10
CLI05420,2023-04-10,Silver,19185,9314,2023-12-12
CLI01654,2024-08-19,Bronze,2417,21,2025-09-28
CLI05444,2024-04-20,Silver,14059,11524,2025-12-26
CLI04086,2024-10-26,Bronze,693,972,2024-11-10
CLI04229,2023-03-24,Bronze,19,9,2024-08-31
CLI02695,2024-07-06,Bronze,3925,3188,2025-06-11
CLI01337,2025-05-02,Bronze,1297,322,2025-08-23
CLI00996,2025-08-19,Bronze,8138,1164,2025-11-04
CLI00221,2022-05-14,Bronze,7243,2055,2023-01-11
CLI02402,2025-08-15,Bronze,1091,254,2025-11-21
CLI05259,2025-05-17,Bronze,173,41,2025-07-15
CLI01057,2025-05-07,Bronze,1514,1176,2025-08-14
CLI04215,2023-08-20,Bronze,2180,1272,2024-01-17
CLI03822,2022-02-06,Bronze,8687,6083,
CLI00250,2022-03-23,Bronze,4170,3172,
CLI02008,2022-07-22,Silver,17067,15272,2023-11-24
CLI02166,2023-08-29,Silver,12910,8537,2025-12-13
CLI00040,2024-01-30,Bronze,370,289,2024-09-07
CLI01193,2025-12-02,Bronze,428,89,2025-12-28
CLI04072,2025-07-02,Bronze,3064,1101,2025-07-28
CLI05148,2024-03-17,Bronze,3207,297,2025-07-29
CLI00564,2023-09-23,Bronze,8123,6085,2024-10-28
CLI04552,2025-06-14,Bronze,1695,1005,2025-07-08
CLI03467,2025-09-26,Bronze,7534,3578,2025-12-01
CLI02539,2024-06-04,Bronze,113,27,2024-08-29
CLI03119,2025-05-06,Silver,13024,4109,2025-06-03
CLI05389,2024-03-14,Silver,15893,760,2025-06-08
CLI04697,2022-02-10,Bronze,7697,535,
CLI03397,2024-04-09,Bronze,4950,908,2025-05-17
CLI04602,2023-05-02,Bronze,1339,1102,2024-08-21
CLI00523,2024-10-24,Silver,15363,5617,2024-11-17
CLI00592,2025-10-14,Bronze,1960,273,2025-11-04
CLI04480,2024-01-18,Bronze,1914,1340,2025-03-17
CLI04797,2024-07-10,Bronze,1992,880,2025-02-08
CLI02203,2022-05-09,Bronze,3518,3067,
CLI02226,2025-10-30,Bronze,1475,481,2025-11-10
CLI02260,2025-09-24,Bronze,2482,469,2025-11-09
CLI04570,2024-06-23,Bronze,6028,4128,2024-12-01
CLI00519,2024-03-14,Silver,24361,9667,2024-07-20
CLI03775,2022-04-05,Bronze,127,83,
CLI04778,2024-02-06,Bronze,4369,2978,2025-12-01
CLI05102,2022-03-17,Silver,20992,15082,2025-05-02
CLI02658,2023-09-24,Silver,19765,666,2025-08-03
CLI00596,2024-11-09,Bronze,2586,871,2025-10-04
CLI04095,2023-12-17,Bronze,6835,3648,2024-06-07
CLI04058,2023-07-07,Bronze,3737,398,2025-11-21
CLI04063,2023-03-23,Bronze,7574,2549,2024-11-27
CLI05027,2023-12-27,Bronze,1598,201,2025-03-12
CLI02527,2023-04-22,Bronze,26,13,2023-10-31
CLI01887,2022-12-17,Bronze,182,93,2023-12-10
CLI03046,2023-01-21,Bronze,8649,5566,2025-11-21
CLI00577,2024-08-17,Bronze,1214,960,2025-11-09
CLI01651,2025-04-07,Bronze,2539,1919,2025-06-16
CLI05746,2022-10-11,Bronze,867,430,2022-11-13
CLI05635,2023-04-19,Bronze,6543,1826,2025-01-21
CLI01961,2024-08-29,Bronze,2954,1141,2025-02-15
CLI05693,2023-04-14,Bronze,5927,4605,
CLI00552,2022-12-01,Bronze,8141,5528,2023-03-18
CLI01636,2024-06-30,Bronze,6393,5239,2025-11-14
CLI05182,2023-02-11,Bronze,2922,742,
CLI01275,2023-09-02,Bronze,2425,1289,2024-06-09
CLI01817,2023-12-29,Silver,13704,9772,2024-12-15
CLI00756,2023-09-22,Bronze,4589,528,2025-09-07
CLI02803,2023-03-29,Bronze,7505,3175,2023-03-31
CLI02635,2025-06-06,Bronze,58,13,2025-10-01
CLI01328,2025-10-24,Bronze,7092,5826,2025-11-22
CLI00640,2022-05-08,Bronze,2935,954,2023-01-06
CLI05170,2025-02-10,Bronze,5769,1872,2025-11-26
CLI00044,2022-06-30,Bronze,6023,1338,2025-02-02
CLI00008,2023-07-08,Bronze,1950,421,2025-05-31
CLI00481,2023-10-26,Bronze,4513,1494,2025-05-29
CLI05730,2024-06-12,Bronze,2501,606,2025-03-11
CLI03105,2023-07-20,Bronze,9907,8492,2025-06-15
CLI05577,2022-09-01,Bronze,4366,1610,2025-06-18
CLI00472,2022-01-26,Bronze,1422,413,
CLI02238,2022-12-04,Bronze,10671,6620,2024-06-14
CLI04579,2023-04-26,Bronze,237,155,
CLI04278,2024-03-09,Bronze,4550,2046,2025-08-24
CLI00655,2024-09-17,Bronze,5326,693,2025-06-07
CLI05447,2024-04-07,Bronze,1406,157,2024-09-29
CLI00465,2024-04-04,Bronze,9219,4515,2024-10-19
CLI03903,2023-05-17,Bronze,3612,2489,2023-07-14
CLI01692,2025-03-04,Bronze,4909,3072,2025-12-05
CLI00698,2025-11-08,Bronze,746,274,2025-12-17
CLI02231,2023-07-25,Bronze,2147,1086,2023-11-11
CLI05986,2025-03-28,Bronze,1296,1088,2025-11-28
CLI02696,2022-12-25,Bronze,3059,204,
CLI00066,2022-08-05,Bronze,5785,1169,2022-12-19
CLI01349,2025-08-09,Bronze,5565,193,2025-12-04
CLI02416,2024-12-30,Bronze,372,326,2025-04-24
CLI02481,2025-01-26,Silver,13620,9605,2025-01-28
CLI02150,2023-09-04,Bronze,1158,27,2025-06-18
